,SLC5A9,EPHA10,B3GNT5,AHRR,PRSS21,PKIB,TNNC2,S100P,PI15,RHPN1,ZNF512B,GABBR2,C14orf72,UGT2B7,CHRNA9,SERPIND1,CDC42EP1,MAPK15,IGSF9B,PRAME,PSCA,ENTPD2,BMS1P2,WFDC13,B4GALT6,C17orf107,LINC00896,PRR22,B3GAT1,FLJ44635,CLDN18,MTSS1,KNDC1,HS3ST5,WDR69,TPSB2,NEIL3,NTRK1,OR7A5,HSFX2,ACHE,MIB2,SLC1A7,DBH,INSL4,KCNK5,RRM2,PPAN-P2RY11,LOC284798,TMEM213,WDR87,SQRDL,MAGED4B,RASSF10,YEATS4,CALML5,HHATL,SPDYE2,SEC14L4,OPN3,NR0B1,C19orf57,LOC283174,MCF2L2,USH1G,CYP1A1,APOBEC1,CCL20,SPTBN5,EEF1DP3,HAPLN1
TCGA-05-4249,2.0067498737858775,5.051028396655501,6.315057775627224,4.305202284195159,3.322240750660443,5.526090186245908,3.333788968543529,4.114243590100354,3.087727875299574,5.866181897013282,6.434129096205253,3.274673758118421,1.581758343327358,2.271383341850781,0.6759501557314238,4.278780548699908,8.1325419638212,4.435410991266187,5.051028396655501,1.1797928103242021,1.5132573539601313,5.390381374140978,4.523094246031326,1.3603609790933862,4.165509517470672,4.095607098221341,1.6458469843182642,3.9362315984609237,5.782491986326447,2.979272552515306,6.012729340212662,7.801775861730564,5.985574736174281,5.7834835855306554,3.5404809487645412,8.124467590098046,2.237609142865028,3.087727875299574,0.0,2.697602479904304,6.067911567269073,5.709459662220489,7.754125566449419,2.202643203363078,0.0,8.990452764319933,5.488210188838309,0.36540671086217885,1.9625143896505441,2.0897630907517075,4.1453164716377,7.695757990554761,5.817453363309721,4.135065751661695,5.7533025311195924,1.4397403368255166,1.1797928103242021,0.827590657109436,5.085470620711195,5.696949180791822,0.0,4.165509517470672,5.839367590280544,2.063947120721187,1.1797928103242021,0.27914574142949455,0.0,4.56746001139678,3.9362315984609237,0.7932639718947179,0.4970714675333277
TCGA-05-4382,2.862886360220562,4.5262806464938095,6.674435121216367,5.952216833590194,3.5057405633935907,4.216059118572141,5.4350137453157155,8.489104368225895,4.055518837717198,5.709781113459601,6.748646997195647,0.2145467040886915,2.71594561678213,2.4855730943311607,0.5411026146502628,1.1485763667055577,7.649778334323969,2.2633139785706415,0.39109569414086265,6.805652783541264,2.9161044797917715,4.260943158550819,4.1967687711476405,0.7868651844336971,4.6058889276314225,4.777197269385292,1.6691209145952741,2.71594561678213,2.8210276342512057,2.9289779660405952,1.069663966712217,6.5830440102487975,1.5237928743055242,2.1304197864444654,4.0001089715067195,5.656030271618688,2.6672976486152455,2.3582279144594316,0.39109569414086265,2.4449002947656173,4.445413320829161,6.04825122519609,4.373272175980479,1.7132211848975722,0.39109569414086265,5.807169043362014,6.37552724895571,0.0,3.1361896262492466,1.4136663079157414,4.708096741967793,7.569865765756624,5.240894800175821,2.287907908147895,6.236285437935018,3.0147306559633056,0.0,0.39109569414086265,3.6209806267994926,6.298844461954432,0.0,3.399722961906027,2.1584490983848124,2.4025028235331845,1.221714485802093,6.818032957974805,0.0,7.581036430236038,3.721298240369437,2.6189566579082557,4.947013685798931
TCGA-05-4384,3.933620100135556,5.81091941154312,7.006912594515323,2.9293413711504366,2.484548252237937,4.522008118165517,2.6699467302679016,9.269957427544652,4.0029033881530856,6.142604986418362,7.008731196322139,2.7894335481785544,3.161344164909997,0.47679302902178283,1.5401307058347578,3.259856526793769,7.0157213971076215,5.1189394729233095,3.8462143446713166,2.043762549222818,3.32785219543634,2.5342204863409212,4.04634583478398,1.8714790477779217,4.917159430904083,4.102930926992678,2.043762549222818,2.961461688276544,3.2118149554976174,2.6267172169354107,7.771147217818921,6.4431243906804525,6.4652376255451705,5.9410997688842695,3.3915207133599754,5.631021799618184,3.792608639876413,1.5401307058347578,0.0,3.4318171095961008,3.6283966972341957,6.286644068318195,3.578500813144058,2.826289428983392,1.2364883960026158,6.357935849650724,5.464619630203063,0.0,0.7982726686009449,3.1081945121758814,0.0,7.485323243689924,3.9857993511713365,3.2361222466766715,5.27744606842655,0.47679302902178283,0.0,0.47679302902178283,5.539347986156005,8.809516476757507,5.622225287403862,2.861835099753976,5.403289806914387,2.898852362365756,0.0,0.0,1.5401307058347578,4.736303706012613,4.213389024167929,0.2136587121029947,1.5401307058347578
TCGA-05-4389,3.744200625701898,5.336147690481127,6.22858989594261,3.775456153311528,1.851458172317939,5.822788465901163,4.777315136330485,9.291699136344002,3.5807177966968906,5.431610605816299,7.264527218216673,2.30860692531254,2.7994862193579344,1.103069009385051,0.696491581810335,4.095350722539666,7.0975902062526055,2.7788627493061346,0.696491581810335,7.081927049635638,2.596455478279652,3.5029955597231917,4.0091624202524,0.8511333526167272,5.216136123837615,4.661663934542556,2.274679323740337,2.896690640529326,2.8196989046011187,2.6918124122124936,4.577888399377689,5.8636396982890515,5.506558425272168,0.696491581810335,2.46285699982624,7.748800776880809,5.8890635366800215,3.542610134612479,0.5134820922271999,2.1654013242711767,6.1247709144162075,5.4389267758086275,2.0426997534517275,1.5457097295504505,0.2893806290873624,7.28623280974838,7.108358699454104,0.0,1.7401152360757166,6.635007794978691,0.5134820922271999,7.896147113450887,4.338342475147709,5.221587498689307,6.042951072825157,0.696491581810335,0.2893806290873624,0.8511333526167272,4.472520690092594,6.598879532176678,6.99046826444232,2.2395707430505354,2.30860692531254,2.596455478279652,1.2086617938120676,0.2893806290873624,3.112470318953751,6.042155284994821,2.9747078001077285,1.0714123687414552,2.6452665836644313
TCGA-05-4390,0.49390324457004137,0.8229905307086952,7.394529984228071,1.9996810858361707,5.684089841310465,4.559371243650684,4.7804167741100825,8.935808784944498,10.214630992101682,6.458955647595192,7.439524055867982,1.268270671508667,3.2295981348964764,3.9407095827318956,6.015547217623939,4.2014515519059366,6.671727835628657,5.220015226540688,3.0348952927353148,6.405530891632032,6.647168134501103,3.5870377402052287,4.258872638698361,1.4335118607290014,4.753253927679603,4.522876029037001,3.0945001051484655,2.159188051645008,1.268270671508667,3.123016694418037,0.8229905307086952,8.288536973236802,5.118323099513173,2.2967078558211695,3.325906145625196,5.739008038329923,4.862699704962945,1.0702128141464118,0.49390324457004137,2.4175820288541083,7.247650222880853,6.405530891632032,8.184605799006565,1.268270671508667,0.0,6.872536308166682,7.475548965139056,0.0,0.49390324457004137,0.0,0.49390324457004137,6.733656621295816,5.972518702668524,3.0651417249261588,6.236954546285097,1.0702128141464118,0.49390324457004137,0.8229905307086952,2.7529853250959566,7.331721514207668,0.0,2.3589748781813267,3.9407095827318956,2.7928875499375887,0.49390324457004137,0.0,2.6227391958426693,6.868559045529225,3.0348952927353148,0.8229905307086952,5.796899341817009
TCGA-05-4398,2.2720640279260933,6.517270897351701,6.899149354010261,5.118945455269406,3.114896577042812,4.877286741898261,5.752039163219489,7.336096717091273,4.2752818279938625,7.093155425385689,6.821274306757572,3.2750973555256824,2.046672968631067,0.0,1.1552761357856514,2.018177653075922,9.026240835512722,5.010488616672982,2.9697116545533224,4.071311322111382,2.4743764008148195,3.055236267701723,4.452321990892538,1.2215081574149964,3.676174081616382,5.108209575553648,4.55109829804026,3.665098925448533,3.233110036096024,4.342539686083091,4.591590396611569,7.512934261308604,4.029653140506943,1.3421595937553126,4.397559128501499,5.81948334410826,4.203172060942618,2.018177653075922,0.0,2.4743764008148195,7.073074783207026,6.368173464129414,2.4178583150348723,2.5450762661443647,1.1552761357856514,7.113720117523568,7.354906008577408,2.884968296569136,2.2720640279260933,2.8638509473921445,2.912290880219193,7.9489750087534246,6.957354639473421,2.4925275369193614,5.588008669144372,0.19679957597460782,0.19679957597460782,0.925210829248714,4.472317420187146,7.175267806831815,2.398286105504227,3.3840715685001697,4.203172060942618,2.775166646535753,3.755539941038818,0.19679957597460782,3.636864847011328,7.149869739261687,4.980773846062093,1.1260653154494105,2.1531565795021166
TCGA-05-4402,4.5774536058129796,5.562080651929235,6.750081065461231,3.8671553381991406,3.7148078881281994,6.666149851163579,3.022510514586596,7.413825614264266,3.6416672942405692,6.591548895684692,6.988938874057609,5.436874235287456,3.0457264744849195,3.1646012487680646,4.165948688081544,4.707519171537782,7.595171066442035,4.934517097666716,2.9866410735422106,7.152135722660113,7.264107170745134,2.9619893299890334,4.108041989345698,1.950428497356781,3.7663519385147324,4.675610010133954,1.227503766852301,2.532179790843644,1.8793429047832002,4.824546650733057,8.356827236721681,6.7896741989149305,3.0571377668814828,3.0571377668814828,4.888339591657979,7.2372244800623795,3.7206663548237957,2.219540383819634,0.21615921753976508,2.9494369945686874,4.265623427865673,6.119917126868862,4.929244455880742,0.6755431346115843,0.0,7.659204385988872,6.69670579867129,3.8531791720663238,1.4198500196481005,4.5555355153234105,2.551178043634025,7.34270151641247,5.50878491573981,4.601956026105927,5.8499614648280875,7.171779703083243,0.0,0.0,4.606784881665093,6.9293112701978,0.39372985188974347,3.3584951483781205,3.9401283246904275,2.473129234164864,1.15417313077333,0.39372985188974347,0.21615921753976508,6.504811988417482,4.258824567553057,1.3908589276174703,2.431382799383552
TCGA-05-4405,1.604586161703076,5.827783177532576,6.5745764132566125,3.4493841892454298,2.263241172251021,4.984400826791916,4.789772473271178,4.228123424223551,4.137159768974393,6.565286096572757,7.0194039824810455,5.207084363749947,2.0316027997646784,1.0945707995083898,0.0,7.027145910652224,8.688822792421222,4.188713390002697,5.13562783426314,4.5193998567618285,2.4511861162103132,3.7552709449423176,3.456307217116056,0.5083826421148506,3.510616649430696,5.132894223902872,3.264995760481754,2.787508122436926,6.9013568526410145,2.3923800921102605,5.196135128145269,6.748928349187599,7.080951997443533,3.989178472106848,3.100281460173405,6.900021449873071,3.0699859493781316,2.1918322872588627,0.0,3.510616649430696,6.49772627211367,6.019004322193996,4.947446972140498,2.0316027997646784,0.0,7.560070048300907,5.986240927732757,0.0,1.0945707995083898,3.72377592735764,5.07950193539429,7.133591202607051,5.160611558878386,3.338183031718645,5.389099126701477,0.0,0.0,1.2948641445140034,4.037086143381819,7.03717698841523,0.0,4.396649201928519,5.950645156751003,2.3923800921102605,4.467540119549708,2.3298889275213908,0.0,3.2130468694677576,5.7411521166595385,0.9644711863989083,2.9731645268363
TCGA-05-4415,2.2454219732606715,4.003285002385901,7.879079501979558,2.6931260546438023,5.410158338615427,5.443378287980548,0.3676940104211656,8.489456048944563,4.088774075831707,4.870092713769228,6.785918663661537,2.09323349394822,5.757500161162107,2.7227548886368256,2.530166781192865,2.2454219732606715,6.429898494272839,1.9136525655202417,0.8472835745708761,8.581586702040292,3.28757318602961,4.707528198641661,4.198904257308713,0.0,6.123711365019581,2.120799392603401,0.3676940104211656,2.1972245773362196,3.182672315374641,1.516357245418059,5.044856350280491,4.601831619170682,3.8918202981106265,0.0,8.001355025826703,5.471804178324816,6.437040997282752,1.6945875574757814,0.0,1.7730692230065752,2.8067244131693947,5.64936500687159,0.3676940104211656,1.6094379124341003,7.282300592451956,3.995137298641532,7.769847447627706,0.0,0.0,0.0,0.0,8.884748726451182,6.240396695567871,0.3676940104211656,6.0330862217988015,0.0,0.0,0.3676940104211656,5.158417164615466,8.919164202270125,3.936173031820856,1.41369063260165,1.2992920749980297,4.575031545672938,0.635994649055637,0.635994649055637,0.3676940104211656,7.243670217484454,3.622857166071818,0.3676940104211656,8.685360041341813
TCGA-05-4417,1.4295693446012123,4.933588649296238,6.640346311369912,3.774378020716082,1.8054979953385684,5.335121701070085,3.8447565000561736,8.157800271410457,5.864664732203498,5.710986463504703,6.266703271219297,2.9987975707266523,3.118078216630186,0.0,3.5820122484129566,2.6179504235457647,7.5874169372567355,4.14736544679933,2.2920598969375345,6.088323526902157,2.0780906296088797,2.9666123749801385,4.132899990019584,1.066811976118312,3.923150860549197,4.759795039091716,1.5711751403087681,2.8633316699179736,2.2920598969375345,2.9666123749801385,3.599534447236026,7.710568194429796,7.196431856749531,1.8054979953385684,1.2645503662115403,6.607435013275994,2.7880375226265777,2.0780906296088797,0.0,2.6179504235457647,7.681103616200377,5.606930106290171,3.4499304013417293,1.2645503662115403,2.898957021054588,6.203929282288043,6.481420914931655,0.0,1.2645503662115403,4.2963761494326835,2.5206598194938183,7.131018823096923,5.293445518344269,4.759083694835393,5.3974429855707795,1.066811976118312,0.0,0.0,4.703067924264551,7.143222579985179,1.066811976118312,2.5704878378782063,3.17277324590402,2.3579062645820072,0.0,1.2645503662115403,3.060212980520355,7.632435040755044,3.7296422468818022,1.9048500309477918,2.7481487339871946
TCGA-05-4420,1.4857776396048408,4.595932651035556,6.94385574460686,3.9101973399145735,5.109617511589186,3.8448869803629235,3.2054055061202105,7.716821536884781,6.466339106588314,6.614642486830369,6.436251324811616,2.1547345257152672,2.3971768329640843,1.3590516247260163,3.756750696810428,4.955411478302398,6.731297297779738,4.515845954593362,0.23348984336835407,8.338901105389782,4.196819919811243,4.29829577997302,4.369568098401746,0.7187174566714754,5.426710581316436,4.746027180748387,3.72555606840577,3.6115717528981452,1.98935270689815,4.888377260555904,2.3971768329640843,5.527808727818381,4.5100789822067675,0.4225843999155529,1.2890948977427583,4.294714757993288,4.622125626637505,2.4439110290844805,0.4225843999155529,2.466488064263982,3.9514821516924554,6.448185032218175,2.3227111973776355,0.7187174566714754,4.139848379884505,7.359849487684305,8.270018183899595,0.0,0.0,2.3227111973776355,0.23348984336835407,7.518846059082784,4.385809470719102,3.3445141490233823,6.429695284198082,0.23348984336835407,1.7911092578864687,0.9468975284670554,5.952318231187158,7.099424674936562,0.0,3.7988498280291614,0.5816009058150329,3.0190336749562565,3.257338558519894,0.8393232907175466,0.23348984336835407,6.125162488362512,4.500782530281857,0.9468975284670554,5.380565333157369
TCGA-05-4424,3.6169805785700726,4.407080157737989,7.470793774195062,3.6790361675313257,5.587128801030376,4.013450798058259,2.8991773193393553,7.66306002344924,3.152834308131742,5.7033023594193235,7.111006278957122,6.801280809775042,1.9050435106813932,1.2188220071761418,4.908336752474249,3.9960736704992192,6.801280809775042,1.8314768538914141,2.2086040295231517,7.61088744326018,7.0443644304441255,3.403704236873336,3.135989745308098,0.0,4.096074731282699,5.252870108636099,0.38974214764292814,2.6296849745590385,5.715938292426213,2.2596358374576164,7.502848519066694,6.87090144256489,5.061429797441567,1.350641276405403,2.2596358374576164,6.318717631928032,2.9990168733452074,1.5713621435818705,2.727807075717765,2.558474595201145,6.275712605075477,5.287529384963432,4.8503648153297085,1.350641276405403,0.669520249928789,6.383572511092499,6.949348176280474,0.0,2.6634711577042425,3.2498123184337846,3.089787120302832,6.882705127482347,3.982395724487418,3.855124557794055,5.85492864546316,8.33823158366629,0.0,0.0,4.776860430113385,6.080196318370362,0.0,2.6296849745590385,2.727807075717765,2.562893399273321,3.354992871805635,0.0,0.669520249928789,6.102869508243597,3.6669303247295897,0.6220270480568197,2.520876893577231
TCGA-05-4427,1.2592277410355326,6.0587539685473795,7.825856371164741,3.2858463861970546,2.841724083574572,3.322900648886979,7.847774256154945,1.7992976522663433,4.853154631581327,5.783563609661051,6.911787140095508,2.8118575111604813,1.5111192115653203,0.0,0.9217159885192197,3.7101197729264115,8.172410115241222,3.781595362613678,1.8794497823550436,0.40846061708796283,0.6976868606019772,1.616671685495979,3.2120324623861927,2.6825682770875185,2.5340459593482922,4.4840562339841465,1.2592277410355326,1.5111192115653203,1.8794497823550436,2.4931971881057344,5.058841160612929,5.3679413721612725,3.2858463861970546,0.9217159885192197,2.7810651952206107,5.179471891702962,3.9791637628101713,0.6976868606019772,0.0,3.34092353165143,3.3045432992250827,5.592504485234337,5.996725683029453,1.2592277410355326,0.0,7.692209181647837,7.09242407884444,0.0,0.9217159885192197,1.7992976522663433,0.6976868606019772,7.194421835972593,6.913707529141469,0.9217159885192197,5.3679413721612725,0.0,1.7992976522663433,0.0,4.788091562854014,6.240920861274689,0.0,2.953007428093994,2.573299017215672,2.716487837254318,0.40846061708796283,0.40846061708796283,0.0,6.185928749348318,3.3760265714201765,1.2578073669543415,1.7121569424384746
TCGA-05-4432,3.4338936517221264,4.759280865015328,7.0830941803482075,4.878032993541522,3.853321283653854,3.912696778392155,3.7836576742709953,8.5733580006835,4.174884069547175,5.1887926370186,7.343393887097849,2.3253148047446923,2.4816095536687053,1.1049256507247018,4.428200283512539,3.5887524419769314,6.726575070602209,3.193069692544781,2.8421322754070735,7.955632012434126,3.496998350100942,3.1569067997464897,3.818716217493529,0.45546089442940413,4.676858089278874,5.042779747422823,0.8928992724167844,2.4816095536687053,2.637591970786955,2.5514587672790374,7.123189187226294,7.021958581699801,3.815926116249136,4.548098121361119,3.9522585880425436,5.560735475719722,3.7503155113334836,1.9540342022456296,1.004521365268514,2.8913490579606242,6.328424164939675,6.597207091543877,2.7273232764457953,1.5580604039743287,2.5514587672790374,6.285293936032941,7.140706576727413,0.0,1.9540342022456296,1.5580604039743287,1.4954177881382447,6.974001715801042,6.440025861754748,4.435062534841641,6.200647095565563,1.6726943620691153,0.2534011384749067,1.5580604039743287,3.815926116249136,7.0184734169163985,0.76718729326841,4.802823606779028,3.47044044407097,3.254818092865172,1.9540342022456296,1.1961926170069737,0.2534011384749067,7.994615447883229,3.010290782308413,0.45546089442940413,4.134148438635963
TCGA-05-5425,4.986083004993416,3.893388455663707,6.857751678897037,4.1008086250791,6.350594225718788,6.002110180736597,2.052494201600793,9.684286220454542,5.4359335301247755,5.453036456228373,5.43750958144192,1.1824631208380536,2.856625366596283,4.5163138353535235,0.44826913709972943,4.062625110791654,7.063895407115549,2.36230577696998,0.0,5.857881724589537,4.888746340684376,3.253737049244029,3.959173731214478,0.992065884937714,3.296507011776853,4.852756562600863,1.3423685965514858,3.6895567247144174,2.36230577696998,4.884482328095674,7.020378358264893,5.448180295667832,5.992266725277025,0.44826913709972943,1.1824631208380536,5.578124764979788,3.5854032730930605,2.1881389836012266,0.44826913709972943,2.1226087839554295,6.133055251061486,5.514122054158539,1.8955337274445094,1.7092651476925063,6.640798284055466,6.759092844480235,7.57360320260426,0.0,2.249627256129268,2.052494201600793,0.0,7.766726172223357,4.732252075205875,4.445893055002296,6.204109177120796,0.0,0.0,0.0,2.5984882792923987,7.90286458496859,0.0,2.5105906407191307,1.4801716967112342,2.756554610161825,0.0,0.44826913709972943,0.0,5.588756883752254,3.296507011776853,0.0,2.1881389836012266
TCGA-05-5428,2.076462107570836,4.784119396141188,6.86171134048073,4.600553545684694,1.0094531523482915,6.32006840910033,7.8797644996126355,10.091646206947377,4.195730188463639,6.398521720540653,6.151868491600917,3.0472187992711657,3.0877962811469324,0.0,1.285396097014798,2.6447837594172747,7.134181436643999,3.817129738703484,2.076462107570836,4.208778291504953,2.274216482193589,1.285396097014798,3.436725387721301,2.360127322056396,2.76155937195447,4.448206386380447,2.866113217749384,1.9606861584467294,6.039239910827284,6.65669824614361,5.261891942930184,5.553924235775407,1.9606861584467294,0.6270073780554003,2.76155937195447,8.036967898509916,6.432755188185579,2.580852990835209,0.0,1.501429449612092,2.580852990835209,5.547148157598222,8.569409859363178,1.0094531523482915,0.0,6.924523896557374,7.521837606945728,0.0,2.6447837594172747,5.919447464443613,3.0049248916727813,7.719445206544708,5.80101807238048,2.180225350172635,6.556573789781222,0.0,0.0,0.0,3.604225296697985,7.936077426501325,6.774961899673066,3.7163341024278935,3.0049248916727813,1.0094531523482915,1.501429449612092,2.76155937195447,0.0,4.945385408888138,4.182511105083983,3.03848520261964,5.547148157598222
TCGA-38-4625,1.9335194142658867,5.5971507810235215,6.9334815035530175,2.7500746723574423,2.118890594146327,3.993130991644805,0.24810929733195775,3.7602694502006093,5.772913558813563,6.306070886497623,6.500170425800993,1.9335194142658867,1.5392085625369787,0.24810929733195775,0.6123708705326575,4.45815515343348,8.876122791706013,4.424990334105997,0.989429663230897,0.6123708705326575,1.803193846853718,5.188837265929216,4.3302332152446485,0.6123708705326575,6.017970149385246,3.771675291522339,1.8919365741937266,4.858656698030617,1.2625718466288718,4.344258565921647,6.654143499523976,5.630021109094141,5.329302335795804,0.8788380548235037,3.720143112940881,6.716740041419449,6.162025552253977,2.5067007568236703,0.0,2.6945528536835557,3.2275778521621015,5.5971507810235215,2.3847547678375594,1.2625718466288718,0.44673500230638125,6.374598834731133,7.76285547894294,4.238188018946299,0.24810929733195775,2.5945753717833577,0.24810929733195775,8.229159056997915,3.930057403661677,5.120577298687676,6.320867210221546,0.0,0.0,0.24810929733195775,4.505926480003358,7.2780974001109655,0.0,4.642350357112375,1.5392085625369787,2.088661407788779,0.24810929733195775,0.8788380548235037,0.0,4.533531316935111,2.8841412775899706,0.6123708705326575,3.557485774950961
TCGA-38-4626,4.254947240215485,5.201437455359801,6.92483852583819,4.428441360675106,2.2375771283517794,4.008592392098634,2.8100049236252036,4.798720134455222,6.662948771031668,5.535261253668616,6.643214046638654,3.8533594594448926,2.7394713457769537,2.2375771283517794,1.5303297679203398,8.29044816256036,7.960040866662207,3.8191969376610952,2.796286938142582,2.961389245131445,3.533861731847327,2.3297624209988377,4.733361093574335,0.6444295137625153,4.392715554089492,4.152336702489638,2.261429709572553,3.399783048631218,2.796286938142582,2.8500531088985173,9.117896081584904,7.039248345631012,6.827268389341062,1.1105737970673533,3.2271137993866117,7.78282810464001,2.796286938142582,2.7823843381549134,0.0,2.7247499803246233,5.7995985870611015,6.022820277595819,4.408538323448799,2.3297624209988377,0.0,7.133990047557377,6.00679887306461,2.7344908784326902,0.857559316810332,5.357618760343116,0.0,7.938563275237535,5.882157364707641,2.4730955053613055,5.329903239107223,0.0,0.37328620974392923,0.20391995634645052,6.0803312851835996,6.331179733962985,0.37328620974392923,3.3612951029625027,3.8485505824725723,3.22917460985566,0.9491837751761806,2.10892752573622,0.0,5.7781289897848565,5.033570265378752,1.4272443474488448,1.3123248409197161
TCGA-38-4627,1.0382251386530146,4.268470123416518,6.849444789993689,3.1146258034944014,5.1310046120690815,6.926096053978995,3.2922378045530047,5.998137235125932,5.775842637192619,4.789980310394131,6.376070269747684,3.9871378990376933,3.0476461253559544,4.8908677906856015,5.5719562939976806,5.939365665163997,7.840293305834159,3.6238874968564105,3.5533231556077096,0.5479479830677406,4.384126927513917,2.994291235757587,2.7968056119358606,0.31100789775527765,5.31197862516585,5.3519434378944135,0.31100789775527765,1.7479468962714018,4.3611093864184935,3.521486903086583,4.7402428901814355,6.756287995624059,3.7601646961107393,4.007240453660304,4.7808447000602525,7.835254955263614,3.222022867730069,2.23976243225902,0.31100789775527765,3.012392714447098,5.171159902924579,5.820109636227211,3.9242855126253375,1.1597073880279205,0.0,6.314677842599418,6.467436269305333,0.0,2.5395999907938727,4.558344790396152,2.480304409039088,7.487184898632762,7.224148707315568,2.7699602708860893,5.4322099439374885,0.0,0.7393148614049525,0.0,1.682316557846673,6.973627285632573,3.604230738386214,3.0648151409911852,2.814671921107375,2.5410349035656012,0.5479479830677406,0.5479479830677406,3.098297887109114,6.523626914928693,1.8675624326435556,0.8998767566059003,6.802735816270253
TCGA-38-4628,0.817221495661872,5.026449586390614,6.193633664829108,3.3044147850507106,6.680638846215222,4.13219895777307,5.654066882410268,7.844217197677046,3.4142188991806055,6.283697498583434,6.624082491927096,5.190570672897241,2.993895587879033,0.0,1.0634340603184973,3.140866714699549,7.526652938909309,2.6803637781972642,2.1500514384098257,6.748119248757554,4.594889520580471,3.6453088940791685,2.7418975290855916,1.0634340603184973,3.7766041183204107,4.9828049305768465,0.6669058693547183,1.9907605899073741,5.28777701166492,4.6044239075916265,4.638624304247036,6.788801683487828,3.084644758957973,2.221093002138644,2.928475394360089,7.269324227719178,3.6453088940791685,2.1125498621641583,0.2746728178581409,1.900464386136271,6.744032095249453,6.064993780396097,8.338793533911419,0.2746728178581409,0.0,7.655958665290161,7.047395474816051,0.0,4.822392239790102,2.5657259788899545,0.0,7.438265876064526,6.4141505212604635,4.4133121007129565,8.591491431182215,8.608827532687268,0.0,0.0,2.840177274798991,7.799716432361069,0.0,3.3044147850507106,2.4081875793745953,1.8218521095352243,3.393202171647391,0.2746728178581409,0.0,4.461889710830028,3.6857445454184488,0.9479056712434065,4.501227553547493
TCGA-38-4631,1.4204542127665953,5.170489676840192,7.596070805879901,2.716395283837709,1.210243104839295,5.101267884349469,6.057074369197713,11.270799125200117,4.729341660931282,5.858552962362865,5.617450866571328,0.9437113274501472,3.9956948122557163,4.2931653658708075,0.5793063641361857,4.1430696449086994,6.902244120407607,2.6068366305249144,1.9848698391340467,7.925334647656048,2.5472082959851874,5.711575364394487,3.769929346714099,0.0,5.669159973503716,4.5747862334036205,2.265122034260835,2.815121252958484,0.9437113274501472,3.525180416798057,0.5793063641361857,4.5944125293351314,1.210243104839295,0.9437113274501472,3.5480241642521877,5.835892023606579,5.379016781618983,1.4204542127665953,0.0,2.4160834067704693,5.840464316067964,5.514230843753527,2.265122034260835,0.0,3.3759240171346847,3.134328319144249,8.40676653115823,0.0,0.0,1.210243104839295,3.026212980807578,8.522654252639915,7.009327628590539,1.8707708760628772,7.320963663728073,0.0,2.1801462358014683,0.5793063641361857,0.9437113274501472,7.081338769832806,6.527577728400722,3.6751151593380804,2.1801462358014683,3.2004185322034235,0.9437113274501472,0.0,2.904970235256074,7.695448711264002,2.861051649387227,0.0,3.6751151593380804
TCGA-38-4632,2.0645816787728117,5.4464399136369535,6.254236420799238,3.074825299653469,6.374580087218374,5.67267357162896,1.1921026317554486,4.513398039954421,5.126716141110462,6.212209223420938,6.085134746515649,6.669305177850539,3.7974266369502567,0.9279425846146027,0.9279425846146027,3.910802260622309,8.242727397927073,4.470586811653362,0.0,0.5679807042670504,3.6092841463421363,2.2419217204268103,3.240480748620585,1.573479073579833,3.267063903058336,4.346592443588974,1.7206214413947154,2.7426963643747446,1.7206214413947154,3.3508930717524072,4.696682252994143,4.833436593041042,5.922636840551981,0.0,5.7985136990193755,6.972559389847634,4.802528127608159,2.7907601178398873,0.9279425846146027,0.5679807042670504,3.910802260622309,5.74859967769191,7.520841418367155,0.5679807042670504,3.143095686192214,6.590579855480169,7.64970690932376,0.0,0.9279425846146027,2.8804785365233303,0.5679807042670504,8.252539909145275,6.494419276493404,3.831153456015173,6.498238473823871,0.0,0.0,0.5679807042670504,4.24592766292309,7.644474269851068,0.5679807042670504,3.5228514337757737,2.39248978032163,0.0,0.0,1.1921026317554486,0.0,5.654094907941529,2.962800940718931,1.4008627252952872,0.5679807042670504
TCGA-38-7271,2.5168493397016602,4.8739752026701835,6.581439094626249,3.28900618250575,2.5763304997069536,5.073259484070596,1.5678864852758652,6.681490612049945,5.3093314878111375,5.500180078548826,6.543487295024309,0.923703191589609,3.8568780925457062,1.1872029734499627,1.1872029734499627,3.16880283823376,7.959824377143644,2.386089494393794,3.3169313237423745,2.956117882919898,3.445918962901122,3.200235162229539,3.4271055153699237,0.0,3.9038960711765367,4.7577367546306375,0.5649160026628633,2.386089494393794,4.400431226349986,3.2307095295737436,7.026009314811634,6.797334202480758,4.171016981464024,4.498011387722214,1.1872029734499627,8.190820185453155,2.5168493397016602,2.994856890518037,0.0,2.8738244928206553,6.266131666294768,5.8166705867345945,5.726841232907996,1.8429435909898246,0.0,6.91630859486018,6.185043336162886,0.0,0.0,2.9449967183378707,0.0,7.528208103147246,6.2563774840257595,3.66266637369798,5.6470710197387595,4.639629582039662,0.0,0.923703191589609,2.058434939897158,6.851757250458192,0.0,3.2307095295737436,3.5601536390401876,2.6492551545917045,0.923703191589609,0.5649160026628633,0.0,4.400431226349986,1.9564826342793882,0.8582801903706493,0.0
TCGA-38-A44F,4.567671828727968,5.541243937123053,6.785736786428168,3.66974760179791,4.9951154824382185,5.995668199368556,1.903271028370388,8.132362717331821,4.46805753114955,6.681146982363982,6.445214930045641,2.8651963899092667,3.0158485771388155,7.34680344360734,0.4515850437217175,4.808723087537297,8.605813772941453,6.598341439640388,3.0434361336230014,1.4872024795514294,10.030908438985746,5.602033946429258,5.021766445657975,0.0,3.913757500321804,4.242296066806538,3.1946569000700507,4.249407682791525,3.7262980636842977,3.146748044685762,9.268477195905728,6.53327126215364,6.197048832907232,2.8321362936573804,5.430086582450763,8.112027038616482,2.897198403238442,3.0964234045835095,0.0,3.698423761956857,4.987353019844398,6.323475059309259,3.9974462887309383,2.897198403238442,0.0,7.054415115222006,5.719173424011848,0.0,0.7615532132240057,3.36619177246334,0.4515850437217175,8.011255601723022,5.374379855959303,3.9250872947573474,5.543480693311101,0.0,3.146748044685762,0.0,4.48750651820708,6.372891370173473,0.7615532132240057,3.477933088770503,5.702167838499197,2.7258508257277168,0.4515850437217175,0.4515850437217175,4.663656051707141,6.760266360268356,5.368463572688812,1.4205266914156252,1.7167125949051438
TCGA-44-2655,4.046480469116463,5.7032756795906066,6.125903652636468,2.2003308589552892,0.0,5.091262446333407,3.158280452623993,8.967116554827781,4.212933199220493,5.936411562354716,6.442465322903158,3.735684315540051,4.286806200842267,1.0341804285087208,0.5748702729688921,7.313500347897618,7.134619898526763,4.30094672262314,2.1712227747972186,1.0341804285087208,1.821204996445812,2.773844183817984,3.7958666460162838,0.830645693745579,4.520671649169438,3.736857383748284,1.5315844732292363,2.5172528258272115,2.0114570901379647,4.471580505950604,7.852649016664093,5.668117299745394,4.757882689277928,1.412838916342003,3.124705794846021,5.972684297006086,3.980992943318791,1.0341804285087208,0.0,2.92368295015883,3.638433169333502,5.286022088453885,2.5379338567466174,1.412838916342003,3.8186415644107616,6.35549462560605,5.416127068515538,2.601563125187678,1.821204996445812,4.8766085407056075,0.5748702729688921,8.036246706927919,3.944364340598809,3.835556561958424,6.00449675775063,0.0,0.2303177550622101,0.2303177550622101,4.345572690482971,7.269407814133649,6.566066057529779,2.7409754986190578,3.6653062772215574,1.8622645301134086,0.4173278006506765,0.2303177550622101,0.2303177550622101,7.027766940517103,3.931445168200014,1.3375766943224607,3.242662661513709
TCGA-44-2656,2.3753521665449258,6.3054336920304275,7.10999383561645,4.800572482320576,3.551649802781715,5.208491122443703,2.600056592265526,6.9914528380037035,3.8798943639765704,5.66467775477544,6.933423025730715,3.5200731533982754,2.832448345637174,1.381432561702983,0.0,3.822303966026919,7.902247023650458,4.12660844030879,0.8564557981719693,5.007229500961423,2.6774741483033813,1.5672608335349143,3.8287457388713264,1.381432561702983,4.0727088558626034,5.097681114937133,1.235093492983726,2.7493328894867486,2.323651627105746,3.754873165947759,7.058672164298998,5.84076664956155,2.600056592265526,0.23980399220731702,3.364170260825079,7.480039059430776,4.470933401776268,3.1793904366915755,0.5949277730534854,2.4713738261303977,3.834091733770569,5.5629329410680715,3.7860900996160485,2.639514368014439,0.0,7.47251779973709,6.933491249524277,3.190603914226346,0.23980399220731702,3.0075916720664386,0.23980399220731702,7.784523172067657,5.21601126599896,3.2657555939658742,5.555626567994194,0.0,0.0,0.0,1.9785432775747431,6.974909127168527,0.0,3.559391305123785,2.296758149283533,1.900658716184045,0.5949277730534854,3.2016930427786803,3.3161731199596547,4.924111071155094,4.230354547263692,1.54556050604534,3.2016930427786803
TCGA-44-2657,3.2252991510673192,5.06712904265072,5.794588586966178,4.350408250448696,3.418716357658837,3.767734533759484,3.9513725564353206,7.233859669031195,3.9513725564353206,6.431546839654497,6.943209291633096,4.774490930604794,3.1982607876564337,0.0,0.5134820922271999,5.437466077456947,7.550487726474909,4.567489087020403,3.898372256465106,4.7040739013025465,6.4644948413785706,3.141895423544665,4.109773258729279,0.0,4.139078893562272,4.8413800006709105,3.599241904476902,3.277273026648986,5.28985667563017,4.574434651668845,7.692081390203301,7.293106111236755,3.9641960127547766,3.542610134612479,2.7994862193579344,8.057070187624008,3.326674964663673,3.4825807287384998,0.8511333526167272,3.617426416040159,5.767670784452186,6.6500358107280615,9.165546960140794,2.8779898620724347,0.0,7.522573282935286,6.264981770086358,2.3472142311372504,3.112470318953751,3.373754239831998,5.0755487449389,7.183195221414111,6.311892691425695,3.670078824650219,5.57881620121101,4.180973227097902,1.3041619715812716,0.5134820922271999,4.392790990554402,5.962957042059839,0.8511333526167272,4.31515873597504,4.5604959895897785,2.46285699982624,1.9516507828983796,0.0,0.0,4.250315013831278,3.720099497089904,1.7401152360757166,2.757798636142146
TCGA-44-2659,2.2512391656424575,5.7867225194534875,5.836607367768707,3.5552909169995557,2.467065098325002,4.047034552084023,2.7118363578896165,1.9292434567140944,2.5210456964038737,6.215627578575657,6.793320382048603,0.5030756703059293,2.410003489761316,1.451379607775825,0.5030756703059293,4.476842374080879,6.944366821978703,1.658189980639795,5.437352958237872,0.8362080234005973,0.28284539456025376,2.349487762680265,4.036987305084722,0.8362080234005973,3.4976160377886285,4.252916880752608,2.410003489761316,2.754342008881489,3.325255421086997,4.238776741464335,4.858416081118745,7.412625202722845,2.572268659743151,5.4872876051249415,1.658189980639795,6.963407559172014,3.0099950745049937,3.0417185103906887,0.28284539456025376,3.66989539170209,5.47229588343774,6.199163441364312,7.977659403513503,2.871987124770887,0.0,7.9302098038005155,5.354347922372963,0.0,1.3717135762423573,6.759873409043152,1.5938977877523677,7.161373717658125,4.395174817241584,4.893322148024468,5.036894159147414,0.0,0.6834503175810813,0.0,2.410003489761316,6.367430467864266,0.0,2.4389412422343715,6.990551116390539,2.774935965308129,0.9686934106672035,5.5514856309679415,0.0,3.3934205537059894,4.006227119221467,2.110298045232009,2.7333150076819503
TCGA-44-2662,1.3539777596433475,5.896301856426602,7.807082948177831,3.537946093161353,1.9088904404847966,8.076676905548243,3.2769937782028493,6.43159352736284,4.195034186230028,5.466239920136716,7.029503775130357,0.541277231221819,1.5994077783967429,4.695449550617813,0.8905215399801925,4.8806177207715296,7.252181512816498,2.960830221544726,0.0,5.326350734060742,1.7348892491504122,2.8632574654045926,3.8672787455386874,1.028010981484563,5.472291681854163,4.0917662412073,1.7963157403092669,3.03256552359934,2.300332557940752,4.312344239806027,0.8905215399801925,6.555410944403851,3.937179900466642,0.0,2.263677930678562,5.675077740927625,4.9890302434105305,1.028010981484563,0.0,2.6077509297856447,3.0665914024986507,5.70898889768357,2.144889805126356,1.7348892491504122,0.0,7.557843590081443,7.671314323782448,3.478809445404973,0.0,0.0,1.4426510647872144,8.35133929532945,4.978180970542646,0.7310689735585019,5.740631788519888,0.0,0.0,1.028010981484563,0.30682271597916455,7.417694510018138,1.7348892491504122,2.7997903796649264,1.4426510647872144,3.619028178589351,0.30682271597916455,0.0,2.6593290345523877,6.096112809173429,3.571918580389789,1.0986789531126528,2.8425461284135602
TCGA-44-2665,2.033580832464217,5.629468327403701,6.656777936738491,3.2452411839791684,3.8092724142857244,7.219846997163675,3.5597839227789834,2.554090614126661,5.095215384569319,6.391623938092615,6.46807132748729,2.590317164195868,3.2075802696062676,1.2154763837093514,4.258930603770887,7.680018584224001,8.035680384947419,5.230883992697988,4.050942854211565,0.8850477121342233,1.5675945631752892,3.1482816720142752,4.821796546474037,2.255378174828951,5.010341917732285,4.433726846259399,3.6123520189571465,3.70986275668769,1.4634174261664732,6.080923551212962,2.554090614126661,6.005488253658694,6.233506395366286,5.029149510047539,2.8126864545454664,7.217758862500599,3.7328245666201685,2.783794452867603,0.0,2.625269860640396,5.186793451662705,5.549725679310546,5.9889213158352,2.150610377371942,0.0,6.749862104750924,5.937757816408728,3.4068414240472404,1.9694871570117822,3.8605107396997003,1.4634174261664732,7.814726720854957,7.212545174534084,2.3039142093274765,5.66461189357962,0.0,3.50429834645656,0.38825112737347645,0.8850477121342233,6.946822134146038,0.0,4.114909970422368,4.924510796440134,2.4438328874657804,0.0,0.0,5.814029034137037,7.195239831928225,4.64382343046917,2.1922567022984607,6.6035602822228086
TCGA-44-2666,2.360127322056396,5.618311728467064,6.372121119240252,3.8910363174086617,1.558881188816948,4.7581058422588045,1.4670675711423733,6.166354390334462,3.754334742392065,5.772375266121813,7.065083761384927,4.069949405387379,2.8958787885510633,1.2534198955286897,0.34861252984868774,5.157110881323063,8.239561774817906,4.74005066818191,3.1578978906442874,1.2534198955286897,2.5398366566464614,4.586745488909875,4.038033436391092,0.9814040877625687,4.904348423578298,5.608207259733172,1.9818149310199618,3.537026964756081,3.6296892717471367,5.326783338858708,7.8401004459777335,6.0124062313148094,4.981680109640835,3.103235990913438,1.6429887359451822,8.342825518455133,3.4482463482868955,3.3059558661670496,0.0,2.9186568258736836,5.137708376659732,5.924969446449787,2.9812986075563876,2.1408893539937472,0.0,8.542367639124935,6.586763203992909,2.178890870647715,0.0,2.6339586390702516,1.558881188816948,8.182821946166154,6.1768979238308805,4.430751320509178,5.9047076831817,0.0,0.9814040877625687,1.1266488973619657,4.636465343968801,5.607763376962291,0.0,3.856370750878269,4.599409625775068,2.367192361768444,0.6065538979748498,1.7205498568712587,0.0,4.586745488909875,5.012679869194043,2.0875337115771724,0.8114634073779876
TCGA-44-2668,1.5147535367735085,5.482187723331842,8.13240679731643,5.552343115873847,1.5147535367735085,5.2830717403324705,0.43560626502015126,6.545621175195062,6.273327848297977,6.3567446105780165,6.769243504820943,1.7771533168386928,2.381950648374786,0.0,1.5730228597320515,3.2196395331687637,7.634738509072545,4.129381857585571,2.478033080844828,3.7808271689819968,3.303316233081419,3.23049209400794,3.771822566927612,0.8606511640034763,5.953329044900239,4.29135629912499,0.9699073253111687,2.9873573011718015,2.565687546471436,3.1162936682162417,3.23049209400794,7.548245077314868,5.832143440297156,0.7380249393380308,2.478033080844828,6.1879375810671835,4.380536775384494,2.684249190916258,0.43560626502015126,2.0914442204709864,4.370233619620503,5.625795707643102,6.387520527885928,2.247209794341241,0.0,6.70676820014271,7.3217439580311785,0.0,0.9699073253111687,0.7380249393380308,1.7299017958492382,8.206957350748171,6.174839715325101,2.606784991921358,5.414062772089923,0.0,0.0,0.43560626502015126,4.12055959258199,7.605317698015492,0.0,2.7902382980891405,2.606784991921358,3.854826002608358,0.5981769429687184,1.2402565164031827,2.2756454577380936,9.030616637916868,3.6407495719103817,1.4712097931506571,1.7299017958492382
TCGA-44-3396,1.569448904217737,5.591636023568179,7.477768256895928,2.341623097149362,2.3198649328933048,6.885918584372963,1.6149626230768004,7.684719573634996,4.774710408417313,6.747293056541076,6.772742790075816,2.481935573843046,2.7292179093232156,0.6392716075906274,0.8512614236536372,0.7508498906882346,8.108623268354595,5.134138236149678,2.5713289644255757,0.6392716075906274,2.6844130313360557,1.7402907208528624,4.475037582359587,0.20196077204630308,5.344952830064021,4.196967333675934,2.2033723079224536,3.142107085240952,3.0616370484417095,2.5882902125616054,2.758007937362248,6.135947934594322,1.5217426652949397,4.260060957706115,3.9515917349397855,7.37650812632622,4.132142789763304,2.341623097149362,0.20196077204630308,2.1526920034194283,3.4478233007799854,5.856858291310669,4.469774198944477,1.9518354170746899,0.0,6.557506783971891,7.406716801804624,0.0,0.0,0.0,0.8512614236536372,7.998765411010136,5.337384221711939,1.0260774374848614,5.74094979899764,0.8512614236536372,0.5136017667127425,0.8512614236536372,2.251607538229178,6.698814144191932,0.20196077204630308,4.315379224725996,3.4758997009661363,3.342833535698392,0.0,0.6392716075906274,0.0,8.966066387221254,4.518794970241346,1.0388268979320714,3.1800393578829045
TCGA-44-3398,4.357833834656393,5.508675532035848,6.994006367025358,3.6217402207207496,4.059741040084864,7.496097345175956,3.4871181641697557,5.4160248437944,5.466142692189946,5.050061114418751,5.692475457253214,2.7447677840373728,3.2845099955625248,1.1446367269793891,0.6186929946349977,4.1648542827117145,8.876608776365167,2.5642876000868786,2.3019448881066227,1.272453544696131,1.4875188351377437,4.400773557851692,4.2027728673979725,1.9452956745902563,5.4236099128937685,4.511376955034853,2.0047179954838996,3.0903604026327733,2.7168645734674195,4.096019824852394,8.169633717909042,7.766548245325424,5.316009926078955,6.849261385550865,4.578412367326949,7.251039972322065,3.235186086438376,3.5129832107116443,0.8262784931631282,2.3019448881066227,3.9829790153638998,4.918227564771101,3.6555139656272577,1.8821332425775579,0.0,7.145046281498403,6.96409780452017,0.0,0.0,3.7704202698322624,0.0,8.128039328699796,5.972610419843393,1.1446367269793891,6.456056685613903,0.3564849258864457,7.534126771144265,0.6186929946349977,4.341243701890707,6.912961702009506,0.0,2.9437650679287377,2.6585938150562596,2.6881535693877536,0.6186929946349977,0.6186929946349977,3.5001343101888294,7.098367374093826,4.987775999950173,2.709189551795636,5.093038291017394
TCGA-44-3918,2.390238763668917,4.934919876848477,7.549572322370581,3.7600995102495296,5.670198114049423,5.5794316683341,1.5715075663989666,7.600447355998173,4.907117523983915,7.042967757789144,6.7575845021570995,3.2791427356548497,3.425834708171434,0.9264786582616449,0.9264786582616449,9.088428072632952,8.056528220841862,5.310112529305358,1.5715075663989666,5.7012659775985375,3.2934042800351198,1.300109914856057,3.6789326482545555,0.7627665224400024,3.77770273028905,4.606397432612791,3.264674853381605,2.87813609543865,4.307121229270148,3.4860041079722146,5.600796914335778,6.567899524715499,4.560008580629376,3.9159970982501173,4.0508366722451665,7.022440187060281,3.9385325030681764,2.457783794882855,0.0,2.5210456964038737,6.7895233926073395,5.556125111985567,7.634196993686561,2.609025129624394,0.7627665224400024,7.3133803742916665,6.861556354649057,0.0,3.8035376124227946,1.9052071950685003,0.0,7.764911528230768,5.965433664433534,2.4899190666115367,6.091049667229275,0.7627665224400024,1.1903707139076503,0.5669034539856949,2.4899190666115367,7.458987450982524,0.3230974776727355,3.575327143804726,2.609025129624394,3.742180855903526,3.900684972161216,3.553735333170477,4.65146199376737,6.025969833166046,4.5387974503738295,1.1903707139076503,3.450339864712382
TCGA-44-3919,2.885392716349001,5.824704282911718,7.0944256990804275,4.261534150524747,1.082211867300329,6.439934864787119,2.1753083847002577,6.7788406412964335,4.2569380722720105,6.236211064919079,7.138255702029908,5.700062229785446,2.7902198759457235,2.057873106261744,1.5897248811240805,3.939764623609805,7.947321490942319,4.418252483077926,3.6309324941590866,3.1951813140085363,1.3678248448362293,4.2289089627768295,3.4297815991178267,0.6808721496843327,4.803824304069606,4.611508059171908,1.4473894604797015,3.540840476395503,5.738486593077906,3.3434658624522218,5.7663628298376075,7.103535855460248,4.635835172298885,5.333583153897582,4.293128478835981,8.188425200730514,4.036182115097618,2.7902198759457235,0.6808721496843327,3.0522354727877232,4.938329799068284,6.217579678900352,5.670246373436746,2.9033866949736593,0.0,7.897095708949789,7.047186731969084,4.79237148412133,1.18674525865931,3.420787568093719,0.28156339144360376,7.4604385208251385,6.729377136698742,3.9206040824493154,5.921666887580278,2.4896371101636467,1.4473894604797015,0.8332568885445905,4.170376159213129,6.21732041675895,0.0,4.160278983637394,5.2935510255703555,3.0825061223360293,3.6731056999978957,0.0,2.3130996210936545,5.6066068893978045,3.5869020980014716,0.8332568885445905,2.8670690123263287
TCGA-44-4112,3.2065926951543666,5.671803212129327,7.32823378654332,4.595039038788633,0.33761444119998996,5.124368659414019,1.6896713711442701,3.8282043444740363,5.109931458691679,6.29223003223175,6.459237565389831,2.656967410872894,2.5989642360488143,0.9579699588656436,0.33761444119998996,7.1681098330261115,7.481499362294301,3.736809724871452,3.657156561917988,6.13392068296925,0.33761444119998996,4.510417650671174,3.9300122247877036,2.948237020624998,4.492599293483582,4.036406432718178,1.8279145908176058,2.628386310557293,2.860250408565784,3.314404162692516,2.505117690404131,6.6767849280255405,4.510417650671174,4.243837267653683,2.1076523484048844,6.9368382398738015,3.966647545051904,2.3259988394030606,0.7906368018372024,2.057617622949802,6.618459905860382,5.506879118296595,2.7381137303165954,0.7906368018372024,0.33761444119998996,6.871562138103196,6.9675701612832945,0.0,0.0,2.057617622949802,0.0,7.83403594488564,6.369990019960194,0.7906368018372024,6.166471920357222,0.0,1.949347093133522,0.7906368018372024,0.33761444119998996,7.039072973183329,0.0,3.4633486806509755,5.228656414802301,1.7611799795956495,1.6126527393360428,9.343427916114537,2.7381137303165954,6.545609683996601,3.667262481888969,1.6777318730730888,4.403334256348651
TCGA-44-5643,2.184623291359977,2.184623291359977,7.929248914093933,4.493687635525003,5.145772064079364,3.85433456879799,0.7546185026480464,7.070528676100281,4.776986758136898,5.636349100806153,6.518968805936734,4.589699123903506,1.7060200102803444,0.0,0.0,1.8921777923465621,7.08526527877887,2.184623291359977,2.819865837565997,7.188699704381175,6.737935646441546,3.109440351168345,4.095893362211951,0.0,5.593245621888791,3.4080273376542967,0.7546185026480464,4.115481266561908,2.4106140452061453,2.6756027641029476,5.171682140611355,6.414396222714778,0.7546185026480464,1.3394385748346274,0.446862936804093,5.852323162147236,4.1426870071326025,1.803424500758558,3.2278514233983873,3.1584971727987274,3.581561468305317,5.733888052954812,1.477117215193491,1.3394385748346274,0.446862936804093,4.177848963621849,7.640334688785797,3.7404158439513933,1.5981140387026571,1.1797313399529017,0.0,7.035946186568381,6.600483916476168,4.818804669078458,6.613686186205505,8.37150361528176,0.0,1.1797313399529017,4.499966324725991,4.432190854396457,0.0,4.160422522814474,3.581561468305317,3.465295180696006,5.593245621888791,0.7546185026480464,0.0,5.3390945600647415,4.244665059111863,2.0889090827414387,2.636031327313401
TCGA-44-6145,2.9278762556041023,5.103597264468129,7.065015405180721,3.403152136550003,1.8999260442163428,5.226241175083157,0.8168681075497042,9.33889188556031,4.574919204245578,5.027892200131862,6.701720779564444,2.407611552861449,2.2868621325288094,3.6771711789817756,0.0,4.613242516878964,6.600796600860539,2.6125813420423314,2.1494921868602206,1.260390944230735,5.831474769548581,5.317040980546139,4.001781439133407,0.0,3.444327111312152,4.1282241136557785,1.5665930399417842,2.349058289351115,2.407611552861449,2.7427350015140557,6.217236640775879,6.449015968414478,3.978411688959239,0.8168681075497042,1.9902140746118377,7.687268211494047,4.373645359708452,2.6578790838558466,0.8168681075497042,3.7086306094972246,3.6771711789817756,6.070947867584438,3.2930737929721654,3.2440288192714783,6.057734381158059,6.856949234290224,7.012376521444861,4.358319068016425,0.0,3.783198233552373,0.8168681075497042,8.290345287451904,5.519218405309466,4.324688792973011,5.543535472180557,0.8168681075497042,0.8168681075497042,0.4896224161148877,4.299282051051982,7.792146591506448,0.0,3.0546990513178405,2.2868621325288094,2.46776049095303,0.0,0.0,0.0,4.6621552514707485,2.6578790838558466,1.6464060905340878,1.0630196527427216
TCGA-44-6146,3.268458056221965,6.089004058287307,6.891475479235996,3.268458056221965,4.71050270125391,3.537867593037021,0.3724597064941801,9.646851848489673,2.210765812902886,5.498114498746698,6.237066020829413,0.0,2.947093347947431,5.611531942685336,0.0,3.48395639682992,8.549710719105757,1.1805915814880241,1.926639951421873,0.6431688107537038,8.825899203881638,6.109263138198934,4.653169561376002,0.0,3.8313854542035926,4.937168142214383,1.6216431248724625,2.5441891949517257,2.923123945602361,4.973293348287154,11.24036449030067,6.792207493292161,4.457699809829475,2.821033588705584,1.0314391889630772,5.13711521677401,2.1600417862085033,0.8560310434614248,0.0,3.0376224973141754,3.811623496932643,5.731105770305091,4.081826537663128,2.3491346536470257,5.090997950580713,7.5660573594162575,5.800370625386493,3.203339762824217,0.8560310434614248,1.6216431248724625,0.0,7.917583711656481,4.186572724759438,1.9902960709493807,5.311801051706696,0.3724597064941801,0.0,1.3103847670195405,4.681668156960816,5.233960162304897,0.0,2.736987450996808,2.970506769001916,2.8985603618017173,0.0,0.0,2.3491346536470257,4.7658083479508875,2.793799671110921,3.683291369813168,3.550903915169605
TCGA-44-6148,2.9273356528456382,3.4679210137050633,6.904061465244314,4.551197515803277,3.5634352716720326,4.920455265865844,2.7032319452615434,6.320723329210893,4.242310441252224,6.004987695760448,6.484746679806799,4.280088035354242,2.5893342303972253,2.2587376932137695,0.9582384924819115,4.028491399544116,8.180556141214012,6.421461279238797,5.247544989091279,0.4289863031495102,7.52940108725331,4.7364703412528435,4.947638694697244,0.7282247071726413,4.632600511036114,4.871518810034721,2.2011501953386916,3.7561595262638794,4.24998128020466,4.722277437798444,8.575571527515018,6.210820936167614,6.947206734743064,2.7032319452615434,6.8668145274105425,8.707550706566954,1.302505060390182,2.364846022387559,0.0,3.5785036048922088,3.41651283243993,6.041316052617289,4.170490456401388,2.3131985702536566,0.4289863031495102,7.190148389500307,3.9695746752661507,4.344480518599911,1.4384360455228369,4.4075238015724,1.4384360455228369,7.055450883854862,6.176524019055915,4.703031653941832,5.714158457480972,1.6649672222265806,2.9556131569571633,0.4289863031495102,4.7364703412528435,5.268100397762402,0.4289863031495102,3.133897289346451,6.141839536550204,2.5180834944825574,2.772544971282722,1.7615064260570341,0.0,4.648114726313404,3.8516231083592136,1.4384360455228369,3.874130050413771
TCGA-44-6774,2.0156494085920564,4.0551081156117155,6.249451939337224,3.455341442085491,4.817673328400037,4.876051919761526,4.779375562179788,7.0118810326350225,6.724774304820332,4.802528127608159,6.582828140500443,5.6890410180011655,1.5512789982605681,0.0,5.56181176140831,2.417965244034119,7.917015271026822,4.022359719249094,4.654807610178981,0.6572090737543161,2.4975266811441026,1.7310890130279075,4.277492166633649,0.0,4.937892543449571,5.166304819892784,2.0156494085920564,2.5712219512399206,1.7310890130279075,2.331532057615684,3.296662451041124,7.276030676720519,3.107966610279958,2.7040756463467988,2.331532057615684,5.893090678999702,3.2616632466702575,2.236904586706245,0.0,2.7040756463467988,4.689575670587521,5.579503385256116,4.322135962200721,1.3318645741306072,1.5512789982605681,6.840562571940752,7.004310138396768,0.0,1.050366976040115,2.331532057615684,0.0,6.5627957267788135,6.8045358029955585,4.571870866727164,5.491562377916383,0.0,0.0,0.0,1.3318645741306072,6.187164956592035,0.6572090737543161,2.236904586706245,4.779375562179788,1.7310890130279075,2.5712219512399206,0.6572090737543161,0.0,5.716942171432848,3.3631839394639393,2.331532057615684,6.18264466737677
TCGA-44-6775,1.7997276388772319,5.179972923331915,7.3639008270542705,3.9011723494038755,2.871205927801602,6.204951624388879,0.9220342065012208,6.19160964992506,4.509249419813843,5.816158325207932,6.703234737920787,2.573764238146802,2.8422022344227784,2.2057106904309403,1.1049918956321487,0.6979356972917425,7.640243357780539,4.614620391799577,4.24351428623092,4.732410581722586,4.604569005315198,4.385182898428848,3.6325656834624773,0.6979356972917425,5.151156368547589,3.9324195739533674,1.8798924392192553,2.9534821764471606,6.360414345822312,2.7497741887043685,3.053614314401641,6.933647172147991,4.857585119601914,2.7815422693403344,4.366132235296037,6.584607673853042,4.0436177740062895,2.4936598947827497,0.0,3.166141492684246,3.341411990926117,6.058075918406484,3.2280416896924944,2.0877940620599813,0.0,6.089457488722977,7.089985164907779,0.0,1.259596708073933,4.617967944217952,0.0,7.675527440880663,5.339751973383043,4.936730378248283,5.733098528990254,2.8993865577673064,0.0,0.4086599990046836,2.926800114509716,6.786309418365165,0.0,4.520300513910322,5.151156368547589,3.3233871800913346,1.8798924392192553,0.6979356972917425,1.8798924392192553,6.0733094759587365,4.39145331359382,1.7125719513310345,5.363725821683278
TCGA-44-6776,3.7865368769866095,3.818595452369472,5.24289978951322,3.5277125513923786,3.6836935304264546,2.8216526584540365,0.5413936253324085,10.062442388190362,3.770116064186902,5.990731778698776,6.501601934093363,1.7965313987734532,1.5243156590172653,0.8906857031587604,0.0,2.5252725403086385,6.724909985061834,5.32661809619462,3.3428229346358123,0.5413936253324085,2.5252725403086385,4.326944593092061,3.932388219540721,0.5413936253324085,3.7534187565012025,4.599781694107194,1.909112782937557,2.8216526584540365,1.7965313987734532,2.863514303726282,8.438671493087963,5.829180884050535,4.068536035564496,0.0,1.909112782937557,6.905159913934075,2.5811709197580646,1.354184307201657,0.5413936253324085,2.7322744113263924,3.589089505110389,6.0849958729620734,3.3923449811961093,1.149051885426179,7.111397917479776,6.947466256551562,5.516830212677552,4.26278128035053,0.8906857031587604,2.5252725403086385,0.0,7.814343089394896,4.677769878402435,4.508647170996421,5.5254529391317835,0.0,0.0,0.0,4.508647170996421,7.887820490188245,3.2907163712109497,2.5252725403086385,4.258217824197482,2.0102924079845814,0.0,0.5413936253324085,0.0,4.030980462293001,3.3923449811961093,1.149051885426179,1.149051885426179
TCGA-44-6777,1.8342440808342102,5.645294942635763,6.951953966053807,2.8202592121888705,2.1849945388119147,5.572028549019911,6.410255470824061,2.6118990010728327,4.7688269678862225,4.444604641508582,6.199760415090831,2.6118990010728327,2.6497852929702344,0.7188636590645816,0.0,3.8108160739064223,8.106544672615918,1.4246011952744773,2.2424740892532617,2.059047489526449,1.5437894421975387,2.488799064503344,2.938108457313497,0.9470526935241959,4.582834593442267,5.356458908070665,0.7188636590645816,1.7464831243584196,5.087398784856396,2.488799064503344,4.5500263297988255,7.432542977764182,5.840574794673022,2.2968386135624654,3.787257650012852,7.505167689612126,3.0929315769311105,2.397413338504874,0.9470526935241959,2.8202592121888705,4.22439281240962,5.740959434100247,7.4721993917742004,1.6502535069338755,0.0,6.891795598099371,6.482822907337081,0.0,2.397413338504874,3.0030951012905582,1.4246011952744773,7.5300399842918235,5.327099167973489,3.34476811369544,5.165465742828271,0.0,1.7464831243584196,0.0,0.0,7.018240640157211,0.0,3.0687736056208066,2.938383841661756,3.0675504833444602,2.9101362581038606,0.7188636590645816,1.7464831243584196,6.964456921851441,4.298555347800842,2.103035990533465,5.180372442788482
TCGA-44-6778,4.9368093334556,2.616694857281105,6.863368605202072,4.63625209955112,1.5700939916910757,4.175714081599259,2.661999281773645,4.295037984698719,5.127012898151717,5.171205325725698,6.6784829852347505,2.519412740915101,2.466980261254545,1.2635898598944049,1.8043630427942736,3.6653830632649638,6.914442867131954,3.296399670563091,4.02897013625786,7.174395006004669,1.4285393427136366,4.497946825200068,4.882870102080278,0.8193392057977046,4.913771908692375,3.882478843079438,1.0659513464285486,2.9320733654434274,3.2726326821910954,2.411645754660647,8.258129673486378,7.37575064301254,5.174798537635086,2.2908363459594976,1.5700939916910757,7.128143036582548,3.946644697740304,2.466980261254545,0.0,2.786762793795663,4.073139652186894,6.291024546850182,2.705339864790154,3.4074378692516096,0.0,5.732502737719752,6.947302861784636,0.0,2.519412740915101,0.8193392057977046,2.224483001107046,7.298979464799959,6.062849887690335,2.2908363459594976,5.924512448968683,0.0,1.5700939916910757,0.8193392057977046,4.125741479919134,6.185856710134256,5.542995378003185,4.073139652186894,5.527979624849362,3.929458126509505,0.8193392057977046,0.8193392057977046,0.0,4.821055459620187,3.296399670563091,1.329512347020906,2.705339864790154
TCGA-44-6779,0.586118607801422,5.75764230600162,8.031034163642026,1.4321994149772717,4.765229092108058,6.040747447006081,0.586118607801422,9.326441994850027,4.619250590196096,4.595397589339264,6.084697571117108,0.0,1.9982043709192132,1.4321994149772717,2.9195745097042596,1.4321994149772717,7.364046572399391,1.606413343032052,0.953162534650006,0.953162534650006,9.029644293376457,4.642552672175421,3.9399571877182007,0.0,3.888105242564175,4.183491850971737,0.586118607801422,1.9982043709192132,2.3574235956976812,2.829642269470308,0.0,5.770150571099702,3.729193319558476,0.0,1.8838523578849768,7.351851182686688,4.53741262262236,2.3574235956976812,0.586118607801422,3.0409111630083347,2.9195745097042596,5.254762474395938,2.5614509374277863,1.4321994149772717,0.0,7.651695378762857,7.97177267221905,3.437002010226627,0.0,0.0,0.0,8.849558434444562,3.408666087975946,4.010856063512571,5.811542110123251,0.586118607801422,0.0,0.0,1.8838523578849768,8.747182059994545,2.497954488637258,2.1938522306953607,1.606413343032052,3.149105508392053,0.586118607801422,0.0,0.0,3.820574161063501,1.221095372882658,1.606413343032052,0.953162534650006
TCGA-44-7659,2.5023208060417876,5.319530762947235,6.353054393103652,4.1074368167461515,3.4306073055079453,4.571253461783515,1.9429199686327465,6.12283704850296,3.0171022992901833,6.416099729551703,6.873117249276525,2.7693146182059842,2.221505180943304,0.5581289688818571,1.3836659097661985,3.82522251529123,8.87315568162007,5.749883311538865,5.511963964218098,0.0,4.003903674814945,3.2155222077753454,4.555275912514248,1.1762521117253357,3.566138209328815,4.4613621692825545,3.8573091306781246,3.3288345525268235,5.186698418806421,4.119656495189132,5.505908605168236,7.454835683407299,5.4464873404111005,2.5023208060417876,4.846609347265135,7.032880185911038,1.3836659097661985,1.8296491687704646,0.9142085656698304,3.0530290111601,4.7923300194222955,6.425828045258795,3.9080993178238104,2.0446559786916123,0.0,7.970954529426491,5.190871344399189,0.0,0.0,4.523752950750883,0.5581289688818571,8.014884528484933,3.6923857996932026,3.522969487425392,5.278456437552346,0.0,2.299440152849967,1.5553829133113561,3.477852820551118,5.828589671916113,0.0,2.3717379516823622,6.7167303575493875,1.7018894647990122,0.0,4.403268177215193,0.0,5.386735670018953,3.6953609040635036,1.8296491687704646,1.5553829133113561
TCGA-44-7660,2.781325445682165,2.903792407855126,8.19503284929478,4.08528027205226,6.755225118736797,5.095821673456978,3.6378440212140966,7.517591500281197,3.6154643188163975,5.426112337320623,6.802302536849358,1.1323049296345793,2.443572371294937,3.2986144863243703,1.4735036351932673,0.610363219081024,7.691675087483929,3.5809294775831755,2.0979688462937194,7.363457123517013,6.752282058316496,4.242077549788656,5.677061973956591,0.0,5.5689969626192415,4.076755782555866,2.948866007505151,2.611319012142438,3.200781098278951,3.2670524675384676,2.2419110949586254,6.943537394621777,1.2594264325109028,0.3510793175815725,2.2856322013413832,2.5475527564382707,3.9810022768226165,1.5655069233281322,1.4735036351932673,4.0345007813033815,2.9706657160549366,5.779427835850111,4.011922637566278,2.0979688462937194,0.0,5.8076198308954545,6.897452385986241,4.065204072475684,3.200781098278951,3.73277432251756,0.0,6.956040553811632,5.791109357424204,2.781325445682165,6.520550432865481,8.59994115964741,0.0,1.9890380543472104,2.0979688462937194,6.100856923879179,5.85452162755162,3.111237160643835,3.415744392302679,4.214365092818676,3.3140259918711603,0.986674635427245,2.579944065122752,5.300055854501756,5.547923670147588,1.5575549705544203,3.415744392302679
TCGA-44-7661,3.087600171863266,5.534740354553416,7.693768746380336,2.397331477532047,0.94059302439712,5.987868087593577,1.0556351958129693,3.529423476046316,5.524831231967706,5.644382727374576,6.758587994720342,2.3082490226184844,2.1020588315452446,1.890321930384882,0.6610887568660565,5.383297097809072,8.421516744544318,3.893755159751881,3.600122008178215,0.94059302439712,1.0556351958129693,3.443413603795235,4.684600398432408,1.7912426690431746,5.394708779790577,3.817307848562556,1.9804633930952937,2.9171813692549318,2.397331477532047,3.1430136997026783,7.501529537967584,6.601875290995267,3.8280303402670457,1.6213664832993742,2.8651792981808084,6.456047259699235,5.182216041024147,2.1020588315452446,0.0,2.5301428871866753,3.5741922464331486,5.619777483048746,4.563730292274109,2.7720010495940333,0.6610887568660565,6.973683459096243,7.633350288407935,0.0,0.6610887568660565,2.425342403075119,0.27178132292010393,7.845451274812645,6.764292446754578,2.847226464754687,5.835830684575512,1.2523057211165738,0.4852616316347165,0.0,3.392223906863047,7.126368584209815,0.0,2.554712524031963,3.7649396266267883,3.0289349143817095,0.27178132292010393,0.27178132292010393,1.2523057211165738,7.255407641575007,5.040666476658032,1.8755949751402876,2.3082490226184844
TCGA-44-7662,1.448235762660074,5.561708027167658,7.291329180229485,4.680685738464237,4.371160309425912,5.499546542394619,5.986924255565763,7.275470059057454,4.031509478300084,6.569203681988802,7.27479136047052,3.8347747230422,2.6406703137708973,0.46492827137895315,3.1938205465225535,2.8831289251265804,8.67053211328571,4.652864511850753,3.93797336331056,0.25928259793008296,4.726289871055602,2.740994850648603,4.141665393482185,1.298473565730462,3.3611008183974533,4.791375856503346,1.9343146084435938,3.0504950423486794,2.50526467837588,2.8145880234624525,1.7969791562622153,5.682456687941449,0.9081779117636046,0.25928259793008296,2.962692419475791,7.082372231390539,4.43280173232069,2.8831289251265804,0.25928259793008296,2.8831289251265804,4.031509478300084,5.971192959867275,6.250652618965678,1.5154788195007165,0.0,6.476148947052814,7.242983885473012,2.5806485545675035,1.2142300187785844,0.46492827137895315,4.9014229251226835,7.093985852272807,6.9493865459530895,4.759803606420209,5.0293327357362925,0.0,0.0,2.0922590453904504,0.25928259793008296,7.663309022170297,2.26000113045275,3.7124885530861094,4.929634905770737,2.7226891929523513,0.9081779117636046,1.5784837371121954,0.0,3.9551284708431766,4.730418619422408,1.0869444838004276,4.561318606907472
TCGA-44-7667,0.0,1.2031524679420336,6.62861792951743,2.58916906275169,5.40897731537215,6.512539961834982,4.811004798179664,3.244052222854568,5.395471300138704,6.303872768173162,7.496147316165031,6.403493068816123,3.400050057070271,0.0,6.057937913973749,1.7907756521053226,6.134380206936525,4.275495990237878,2.158437547906334,7.764805430812019,0.692547000487913,5.078150630120646,4.606857761231641,0.5103655179335341,1.3853939558767265,4.365995063001069,0.846640501517054,2.5638564527664016,0.980091480924817,3.23098224552991,1.539508888607539,8.288353447557146,0.692547000487913,1.7336182196220506,0.846640501517054,4.627058871245729,5.1306913001526855,0.846640501517054,0.2873570196278354,1.7336182196220506,4.640006300823549,6.45296493858112,4.405546608772892,0.980091480924817,0.0,6.743266174669785,8.612830590405798,2.730874402632554,0.0,2.7069429216278302,1.2984189746178816,5.8129477430538925,5.873156686254945,2.4556494687208823,6.466513241085886,0.0,0.5103655179335341,0.980091480924817,4.247325987308812,6.152449675934666,0.0,4.996035906439636,3.244052222854568,2.6640356156827907,0.692547000487913,0.692547000487913,0.0,2.6138567308789127,3.6097631921570077,0.692547000487913,4.355537628283904
TCGA-44-7669,2.408799244201351,2.6523612952416213,8.305375262431943,4.230875202603082,0.0,5.5845596530052255,2.949395098345626,4.166414029464373,5.1101185725812055,4.474968102202124,6.859060710243316,4.352484532292894,1.5433408440591745,0.9295622740673951,2.159534248103414,3.9010874293802895,6.394296190690345,3.6798967299783625,2.630506590305325,3.9010874293802895,2.1235062728419365,1.8749203871499682,4.0432775580184686,0.0,5.773908481680299,4.27283378499583,0.9295622740673951,2.8301262308808814,2.1235062728419365,2.5619217018111935,7.081725392687033,6.899930747016574,3.7399479732414207,1.6664985437157127,2.086144029739508,6.027598771181363,4.76938717296988,2.047318579788993,0.4783437535207369,2.0069246108406587,2.7549910372706297,5.408726615874475,2.8656805341937175,1.7761380883250981,0.2675048750129634,4.891709105289217,8.325562841939488,0.0,0.6523772680167338,2.352060736454571,0.2675048750129634,6.654143499523976,3.727263278712122,3.3851255861500227,6.322601145925385,0.6523772680167338,0.4783437535207369,1.1463860634729504,2.6523612952416213,7.624907030608113,6.997897582834327,2.4882925777255216,3.632367301990127,4.035773975264308,0.9295622740673951,1.2393882095468904,0.0,4.827521423504605,4.061191006589684,2.1700931599441855,2.90001401049502
TCGA-44-7670,2.4956075239955346,5.870285125256265,7.583868196786288,4.260795003190604,2.8905328560302745,5.354347922372963,1.2450475668976555,6.962054052389516,3.951409089522284,5.047102219052916,6.938245685980136,2.7427543195239146,2.9885918412357295,2.013835784581842,1.3303322901998202,4.036816079915263,7.415235312497031,5.2847558231085,3.482242663513279,7.308696837918166,6.071871034759404,4.563377929248982,3.131394519297611,0.2693398782039163,5.995578572886858,5.487473845288378,1.0490368162248371,3.350384673528915,4.871610746445435,3.034236383854923,5.840173524560516,6.409923205561475,6.5789136550441585,1.1518370499054076,5.004476366780672,6.1585709380954565,0.8049568556119509,1.2450475668976555,0.9344056612993261,2.907556582650266,4.649789760564659,5.83476687645162,2.013835784581842,1.2450475668976555,3.3928392159744085,6.590019415135225,8.0333080583725,3.424142126157253,1.8816915767286622,2.855584756854605,4.54384782080536,6.904498983000363,7.523178727631273,4.8181017722258845,6.437511620931793,0.0,1.2450475668976555,0.0,4.35640878168059,6.851075926844393,6.858485199671854,5.029057884612254,4.110442623661503,3.3085410107233515,3.0920283308577137,2.2350447375233378,3.797489434537953,7.045166634805097,3.5195461831687793,0.8049568556119509,3.790533107840436
TCGA-44-7671,3.2040220517675513,5.235617154684105,6.2433665804929666,1.8494621793563442,1.7450695978986592,5.35709086432637,1.8494621793563442,9.867025829865936,4.093023690254685,5.755014100475618,6.777765037645405,2.7198997174593593,2.908522695105568,2.109837372156264,2.53829732646411,4.2619584901437815,7.228787501115457,5.494295249789477,2.9750192319564492,0.9460048618575464,3.491147768860417,3.896056211906067,2.747136289809412,0.0,3.6340245616009885,4.335690768749057,0.6654162068216343,2.655605366753962,1.8978447222003383,3.7062452913178467,0.6654162068216343,6.1483721374484155,4.390941776438318,1.2586598334756176,4.216532695986186,6.794944859352274,5.694338015828201,1.4964707617655733,0.27391270836578213,2.316241419441531,2.4872372651262826,5.875211590283732,3.390227431173512,1.1648992803397977,4.680407520172372,5.336075472150639,5.870778865347409,4.060042930525079,1.3443780180185991,2.6989219988753383,0.27391270836578213,7.957390886087527,4.31955530874857,3.964120076700491,5.343630062756954,0.27391270836578213,0.27391270836578213,0.0,5.260464916895175,7.647642905425897,6.278264355479242,2.8186489731081408,4.149255637873413,0.6654162068216343,0.0,0.0,0.0,4.406436280403638,2.346841184248583,1.4964707617655733,3.400790632284175
TCGA-44-7672,2.1758193332020888,5.646548763863861,6.48707957404883,3.4486183549491507,4.525808746198882,6.439583570744008,1.666800749822576,4.896054625385001,4.872422484528358,6.2099593095280055,6.632666905292631,1.8043630427942736,3.227212974055102,3.1796317514420704,1.206808779145144,4.113048547015873,7.743759606824543,4.437474349992036,3.791941329922259,1.5901939290673395,3.410665748204363,4.473749706674691,3.6236473591763207,1.666800749822576,4.073970071443164,4.939776396951569,1.3172925610216506,3.242584538954999,3.460952606054305,2.9216173782993815,4.685643570137968,6.431443796997966,4.823413751958109,3.8600178788007624,3.6193659113869514,7.540664013150319,3.783098129352918,2.0331357888033246,0.3296633946918825,3.163253172319421,7.211386977208632,5.689707214634965,5.9507805638970614,1.666800749822576,0.9407491707065289,6.35095901245786,7.067490337103296,3.8290239320087047,0.5771188544998229,2.542719479081068,0.7753721208156147,7.930623385840407,6.234334252206112,2.411645754660647,5.437283340050092,0.7753721208156147,0.0,0.5771188544998229,3.939071864278984,6.236506567123308,0.9407491707065289,2.602326656594421,4.63767609754435,2.4460618659644333,0.3296633946918825,1.08261839891376,4.49140556567523,8.33024414428504,2.58451817160353,0.5771188544998229,1.08261839891376
TCGA-44-8117,2.3272679494392654,6.615761256755818,6.758708717618488,3.121457023483156,1.6744575678080296,3.0691314231237588,7.311912865990358,3.378535871652384,5.154903012229565,5.923950938115433,8.514457452693224,6.392468050376166,2.0344964756366672,0.6244399825501544,0.25394430046692207,4.159115868763047,9.04849180596988,3.296403372176069,0.45622159177194993,0.7683474131228805,2.5756990640828956,2.408484463443548,3.8869349146465826,1.87058605310734,2.955467415471071,5.204517545577358,0.8941678147863844,2.3550826619517995,1.559785376529029,4.347844009017851,4.86469195284587,6.602116953635399,4.395305577960757,1.1063820259324704,0.45622159177194993,6.372922099587329,3.358627332406308,1.7272031701546795,0.0,3.965404517969708,5.2334747991930985,6.647757113094358,7.307792348574701,1.825049167092697,0.0,7.305913758574529,6.2782756153457,0.0,0.25394430046692207,0.45622159177194993,6.068395495198726,6.4580200508960335,4.557027712022068,3.4814677557254248,5.607367017591278,1.955888768051508,0.0,1.430239473626123,1.3585633873815797,7.820744567083217,0.0,4.86469195284587,1.87058605310734,2.7563322997202584,4.500145169599646,0.0,0.0,3.445252543858326,5.482058748246737,0.8858727606526222,3.121457023483156
TCGA-44-8119,1.598498292395715,2.7041024188541125,7.324931543018312,4.71380035051354,1.5438321553361065,6.432142346971889,4.148512304755735,8.545770930047945,5.801659055404283,5.389336534935179,7.008731196322139,0.23348984336835407,3.372279940371366,0.0,6.308406226561438,2.8358686391672583,6.605763306550211,4.2435200290337525,3.700202604595118,4.432239595711448,3.867454417851719,3.9313745506099274,4.623923243070261,0.42271546151469197,5.491953834283269,4.488476806440797,0.23348984336835407,2.2968889004491646,2.1550243186312787,4.2397370003754595,3.128167440542689,7.76458895716684,4.530444484617418,4.097394905192008,1.7465354388382077,4.8082987674630395,4.36431826289295,2.2968889004491646,0.0,3.483219667139545,6.3193608294163335,6.240535070828154,5.29891218960572,1.3592828118730407,2.059111275206585,6.680130451732842,7.273363204766816,0.0,0.7188636590645816,2.2700825622320715,0.23348984336835407,6.438049205462305,5.803676073921207,4.232126284385173,6.424068054917137,0.0,0.0,1.7465354388382077,2.2968889004491646,6.032613688109991,3.986581161947964,4.152655922275169,4.298619210184221,3.6621683682763706,1.7465354388382077,0.5817127001136401,0.0,7.595402361696485,3.441993775854725,0.796560802249027,6.014927135235649
TCGA-44-8120,2.5025582725212345,5.965005062017304,6.349731473170451,4.925854155547715,1.7994299755322747,4.372174511498182,0.8761768199375802,8.66419149674295,5.117772230983174,6.682478203322606,7.434009271025346,5.288676037948754,1.4070279275067974,0.0,0.44513443856637086,3.7817434626612267,7.26849495071057,3.8436563663881467,4.357917070827552,0.7520762480892328,2.3274045268105583,2.1803722602582765,4.859083456573235,0.24709442546999627,3.200662973208804,5.839204578758761,2.569148222185791,2.525256532881192,1.9695569187753879,3.520463761064478,6.2649247160162,7.355826389322055,3.433880747205868,0.8761768199375802,2.455563657591126,6.898321924473668,2.9264679366522093,1.8447471606471812,0.44513443856637086,2.895961660792501,3.288084673030511,5.970746400852184,3.695060313189017,2.148186048993626,0.0,6.555327019387248,5.5178664655516965,0.0,0.0,2.5025582725212345,0.0,6.991480428904226,6.805071178527719,5.977165298405268,4.985098658752202,0.8761768199375802,0.7520762480892328,0.0,2.8644953893875806,7.413602531195044,0.0,3.486723489518807,4.95788831203764,2.1803722602582765,0.6103089022509408,3.0264554461968314,0.0,4.544079580618183,4.682325652666793,1.6273171225213372,2.590399656668477
TCGA-44-A479,2.601637280008146,2.952887401061675,7.441173751400762,4.839657156762725,1.8095666428779207,6.151067479214828,3.4365484378539537,4.488279002513295,5.027374410100532,5.6926777110352065,7.516068709800226,1.8095666428779207,2.3653814724837225,0.7585134839911981,6.398405232682716,5.346412050832152,6.923392379761536,3.3205005712211504,2.859832363920546,8.73325250869505,2.601637280008146,3.885126516084485,4.568713648977476,0.7585134839911981,4.9738814025019416,4.4013622411681155,2.720531978604266,3.278622885269641,3.5405157474108773,2.7572212451086595,3.1412990742218683,7.488634811136287,2.310612784681275,2.826780935698208,2.601637280008146,4.462431968898154,3.8250567183310427,0.7585134839911981,1.4827856613086519,3.1655383372775265,6.117863690604397,5.7339009907788645,2.2526697961001116,2.5586449107498184,2.4666747881931963,6.864708937435256,7.017183510255767,0.0,1.4827856613086519,2.2526697961001116,2.642857243645676,7.343322730906745,5.977319982741759,4.760274696488493,5.946427954466467,0.0,0.0,1.712048650917595,4.8530297642527005,6.480407992810163,0.0,3.278622885269641,4.2519108308505,3.974310244330481,1.1848205654813269,0.0,1.4827856613086519,5.78750762457829,4.842571609049001,0.0,2.1256092225248433
TCGA-44-A47A,2.323553706930195,5.666866037950938,6.168478292359926,5.056818889511848,2.884152458082248,5.221641484750119,1.9658808294566696,4.7636429407500565,3.534127343463413,7.053663511549553,7.046142363629917,2.4190695080297773,2.7626267663190425,0.9303119732364092,0.0,8.698742783655547,9.37545642602447,2.4636149143203783,4.9394256817394595,3.5921537729601023,1.1141903186314281,4.494644129644979,4.355671108959566,1.8915293865726364,3.9546437013147644,3.872926604547774,3.3182540824484623,4.741561235892406,6.032025707614003,3.7362805587486174,4.150031523636354,8.069971276987387,4.793755418278014,4.98595318145076,0.4133009938759393,7.049671421141053,3.772232062632479,2.884152458082248,0.4133009938759393,2.8252345390563662,7.848902512455151,6.562097988608524,3.872926604547774,2.3724469201629623,0.0,7.3398038937399885,6.8383344587953445,0.0,0.7048286853337833,3.912166995061141,0.9303119732364092,7.376013636126141,4.573317224173746,4.550228137723799,5.6543996348892795,0.7048286853337833,0.4133009938759393,0.0,3.548953373268796,5.920634274346979,0.0,3.6602484713147834,6.107715298304799,2.3724469201629623,2.660679029686192,1.1141903186314281,0.0,4.839324891422064,6.202181203414065,1.6519225240402555,0.4133009938759393
TCGA-44-A47B,2.66964195780589,6.494579520063973,7.405209908089655,3.476552195233576,3.665237164740968,4.702931903770587,7.145826850880583,7.562146038588494,4.202162555805995,6.7589373547045355,6.6944556172128555,4.5110067484234815,2.5010834305945395,0.6395881634653823,4.161127437910755,8.28575785809602,7.466725144068589,5.666264045128994,3.687903978492257,1.4194389597121926,2.424802725718295,4.540102458178701,4.419401896028015,1.9837012693990002,4.26072303409495,4.355094704181656,2.424802725718295,3.5434807801744683,5.458589273380231,2.891343507816459,5.27253791356055,8.472984217551659,7.046847431881004,4.530497285061386,1.4194389597121926,7.191361556655478,3.113324179835208,2.3843678244093875,0.0,3.0303462380700386,7.033118401938809,6.738460504028219,2.099881220917292,2.153284300096075,0.0,6.984132816579849,6.415735053418493,4.385341135641712,1.026507437133154,0.0,0.0,6.761013584711991,4.321230435638918,1.9837012693990002,5.908677869857625,0.0,6.8320700636340606,0.8516455383806237,5.795480076344844,5.162016427983573,0.0,3.926101437597684,5.521428917350235,1.9201233666508444,2.5371432491235093,0.370045162876904,0.0,6.335706520993556,4.192263457579307,1.026507437133154,3.9693121884952043
TCGA-44-A47G,2.839692310153925,6.678362240237976,7.540950736278627,3.333724782546752,2.935801785770777,6.356756755543799,2.5713060339926863,4.644313973105718,5.275437609741194,6.964645879185437,6.994694153343515,3.1040843101477713,3.1040843101477713,0.4545092082870869,0.7657933705447992,4.029555342995723,8.094912490379512,5.753061408247285,3.225481956253137,1.4933983560340915,3.9101572660183033,3.333724782546752,4.998198273992572,1.9100905028542678,4.76409516497565,4.520299425334544,2.4298078781340067,3.270196118891258,4.089132670546445,2.526328464380223,6.0467786223116695,6.271353204640088,5.5447515725589875,0.4545092082870869,4.019270739169147,7.596502795197395,4.1362060163170185,1.821059338272917,0.0,2.872762057710094,4.687625365924284,6.336588534876037,5.477320924868045,2.526328464380223,0.0,7.34743500086804,7.17071167579697,4.450056709487495,0.7657933705447992,2.8054853941929103,0.7657933705447992,7.611416987641691,4.378770087876677,2.26494552916509,5.412739204146298,0.0,1.002872016387274,0.0,3.7062477482750285,6.841523591914455,0.4545092082870869,3.617614360226659,5.066719427399744,3.6020462430699935,2.067432217554105,0.7657933705447992,1.9100905028542678,6.370635302190854,5.286563560410518,0.5249651873197099,1.1943769106524889
TCGA-44-A4SS,5.246292225478652,6.22784016719091,7.305980911878832,2.8687678425877166,1.692086452743989,6.125488318494185,4.51389445683205,8.51929498110802,4.5319336801511145,6.922732557495679,6.984910745660839,2.230842014581144,2.9589074878728194,4.589817941033419,0.44070354353418334,0.0,7.68522062977066,3.6404111131538595,1.3268627773504642,1.3268627773504642,6.647484721180379,3.412918421112852,3.353920571794226,0.44070354353418334,4.957445465582136,4.156365855297818,1.3268627773504642,3.188886610012435,3.1179454814896896,2.6597209307049243,4.819902461496089,6.450369311187454,2.169487891809062,0.978889873630675,0.0,6.289312892442307,4.572801940955362,2.5790494818403182,0.0,3.4310021083543596,5.586667965486181,6.144676929729207,2.987231241959101,3.296973257104344,0.7455973055608643,6.514754171493679,7.2042831120779205,0.0,0.0,4.5785068578127515,0.44070354353418334,7.1968438618342585,5.066467273054734,3.6830902288403258,5.603136752795671,0.978889873630675,0.44070354353418334,0.978889873630675,5.754421721868188,7.040247381731983,1.3268627773504642,2.8997278528201895,2.6977372044937664,3.1421589139298707,0.0,0.0,0.44070354353418334,5.384985768061635,4.641550330080842,0.21809080767755828,2.8997278528201895
TCGA-44-A4SU,2.468048682721216,5.827582924860153,6.41344584232726,3.1783621161563254,3.0754533910614144,5.91111637611861,4.591720138263687,7.294418059327685,3.767193745859953,7.505299736951289,7.814916463068527,5.903455399783772,2.910876752853505,2.4274452488756335,2.68215786913626,5.353529721376217,8.10451311792933,6.486886135572705,5.444765601418185,3.8504624457584904,4.049078680467369,3.2716618046463957,4.673165226473899,1.455540533856705,3.3404985904285707,5.17573721812291,4.853942496936115,4.669514938353706,6.3156798303808666,2.910876752853505,0.6622239479064352,7.062876915849437,3.216733531796167,2.6495096560882745,2.7444271309442585,6.813989505967458,2.68215786913626,2.580822706617827,0.0,3.52246175782182,6.429480739866028,7.006649935956352,8.838676510513318,2.831111135964346,0.0,8.781343552171373,6.250808871528008,2.6361459528105353,1.2082735428776281,1.6536078961785745,1.81887191588459,6.674186321484343,6.886793099665287,4.88280949831525,5.043483179749697,3.627642144642747,1.0571650987539363,1.3395171695609618,2.68215786913626,7.295619733669221,1.7396588314826833,4.007276820007617,6.596519312021055,2.2946738817227095,2.2946738817227095,0.384922206876835,0.6622239479064352,5.144245016986217,5.32717203745214,0.384922206876835,3.990055694366817
TCGA-49-4486,4.585855859453687,4.60599084915194,6.6520523782838925,1.3843925538302944,0.2870568770578626,4.328234167321957,2.077226590485532,10.66791066308714,2.454421668775281,6.983419182903127,6.052474976843911,2.4825872954974235,4.595974030673045,0.0,0.8458682675776092,4.297052726089644,6.781926714684447,6.164989190939866,2.157247133490032,0.2870568770578626,1.2021912182435053,2.077226590485532,3.5065988964795047,1.2974358246356397,3.5336573672016995,4.061396004579183,1.2021912182435053,2.887980011059761,3.727229596122409,4.482379759248667,5.681056177599724,5.9323671959197934,5.1830019089153,2.6367045640316613,1.73252242594577,4.166752041738367,4.436218848132309,0.0,0.0,2.924343677466338,2.118037059439199,6.097044538679208,1.6719243294455408,0.9792655310355435,2.8502439668053854,6.156567884145784,5.045197738445367,0.0,0.0,2.26640854167488,0.0,8.101365577522486,5.3092375239970275,3.293396854559054,6.26087126289183,0.0,0.0,1.3843925538302944,5.726492635682493,9.097814244533446,4.314988993335215,2.3003024898364934,3.789260844475307,1.9437363595144608,0.0,0.2870568770578626,0.0,3.7029376726649668,2.7056874119130216,0.8458682675776092,1.464389018729256
TCGA-49-4487,2.9721616562913873,2.9721616562913873,7.262937108780533,3.4969165687206996,3.389246250542401,3.744325986854533,0.6111233450813547,7.5018829085189305,6.021314569076868,5.044521290095393,6.461740014402407,3.2359806988509634,1.9311155321438394,0.0,6.065307305524221,1.4747172414697873,6.985669569335532,1.2605610556541271,0.0,5.044521290095393,1.4747172414697873,4.28509025832842,4.958155330983518,0.6111233450813547,3.639379287952732,3.6289250763837435,0.6111233450813547,3.0548970067219625,2.6127793538576833,3.639379287952732,5.6432607642108765,6.3969113217147555,3.821012369324604,1.2605610556541271,3.0548970067219625,5.526293223444215,3.661269277068513,1.4747172414697873,0.0,2.4808986283904613,4.425578100795112,5.774480114421838,3.014387183651157,0.6111233450813547,0.0,6.708119492261593,7.362899045320849,0.0,0.0,3.0548970067219625,0.6111233450813547,7.064323035325001,6.289440950644007,3.4969165687206996,6.049532963436707,1.8008513459062732,0.0,0.0,3.892232458059004,6.930875924972851,0.0,3.9903719718391226,2.549007575194524,3.014387183651157,2.046362927160537,0.6111233450813547,0.0,7.0476215637395265,3.5221132825452717,0.5642905584349411,2.4078005981383557
TCGA-49-4488,0.9032460183533465,5.0628165274826005,6.577398107182563,1.5409663336219381,0.9032460183533465,4.901965605456406,8.38556170710808,7.881503268926744,3.958270893130501,6.636858213491172,6.2505542251956605,0.550315531452403,3.388402542361368,0.550315531452403,0.550315531452403,3.6676072975883964,7.685248203553509,4.918191003704976,3.686173295768205,4.421088681394156,3.548332078366727,4.774153178342865,2.9288870941244984,1.369961706498993,2.653847415087894,5.178784676138085,0.0,2.1208353726704474,5.991946930742286,4.690154509893088,3.5896915155118694,4.912809285580488,3.5269926777064633,0.0,3.9721863443994176,6.054148224085212,5.552315966991313,1.16358821413046,0.0,2.0287138767674526,7.273418705207365,5.960278271249399,7.564233288435048,1.16358821413046,0.9032460183533465,7.7618258668710425,6.956878720941689,0.0,0.0,1.369961706498993,4.447207917945606,7.255958438479048,3.6278494376361885,0.550315531452403,5.941170753053515,0.550315531452403,0.9032460183533465,0.0,4.863039749017383,6.207565356432716,6.496619623667638,3.5896915155118694,4.58356854143033,2.7978909051019993,0.550315531452403,0.550315531452403,0.0,8.517868963031157,2.841636592214288,1.5409663336219381,1.16358821413046
TCGA-49-4490,3.028073608724654,4.549728298074207,6.056573218179185,3.028073608724654,7.126914904994037,5.3766432166493,4.154443555724096,8.532901172569284,3.827144624710971,6.801976898253083,6.712759340475127,4.467264669387804,3.337401695665343,3.8864877379038085,1.3371566365583423,2.6465222547443186,9.169848531282486,3.370119426091294,4.06216738502678,7.55467002160038,6.069644752169068,5.015762129388053,2.948892206708173,0.6606756404129825,4.365560559890458,4.86370404689443,2.5778579891082423,3.6967186471920246,6.290157031892315,5.491022328721679,2.828088469586026,6.99361182274182,3.1555355189173433,3.624516917490182,3.1555355189173433,6.5006994062786205,1.889551415385929,0.6606756404129825,0.0,3.2685722449303487,7.303574010038496,6.476501482812289,4.688113298801767,1.889551415385929,0.0,7.16236648912303,6.309072466082799,0.0,0.6606756404129825,4.961739124308427,2.02187863427869,7.2551674556416845,4.507696266987553,3.6491688209694524,5.070129865881896,6.919634441512215,1.889551415385929,0.0,2.5778579891082423,7.0216998460236155,0.0,3.028073608724654,5.3414103803507516,2.7107798056730763,2.5778579891082423,0.0,1.889551415385929,7.037308770237436,4.990609441887249,1.6652888051741062,3.546693576379651
TCGA-49-4501,2.596552372087841,5.897186834126307,6.23618953485577,2.6539459421090092,4.720532516322286,4.687026632457924,5.83813852715528,6.899740244234808,4.259138402147839,6.098941321908962,6.724824736794213,2.5563742344226426,3.730186930768667,1.7031832321196114,0.42422143659060785,8.195474385738368,7.930252968181275,2.690456332701162,3.6979853691424505,5.25345074520793,3.6018798952362907,4.56551729946135,3.6185991470945402,0.7211513769695427,4.27763786893635,4.754348524188791,0.9498028744066033,1.7501732939071255,5.608969837723558,3.3112763211005305,6.162708304361418,7.050963450196334,4.523410087776616,3.1884042461729485,1.8791902027198986,7.90922137006299,2.3008636120957053,2.4708246285786886,0.23443951105606128,2.899942478752779,6.529827513867061,6.14360391989835,6.251562784535937,0.9498028744066033,0.0,8.268616440845037,6.375471057557577,2.3249237176152735,2.725680536038346,4.175483591792034,1.6538757618646687,7.728332149583566,5.608056875243765,2.885297795984324,7.500778210679503,0.5836670799411242,0.42422143659060785,0.9498028744066033,0.8419981272923,5.491756064955823,0.0,3.0972097600024293,4.989336748471966,1.795054036177485,2.5145139945406583,0.23443951105606128,0.23443951105606128,4.092956933243505,3.2517262910136386,1.1357796130095488,3.1884042461729485
TCGA-49-4505,2.7822791183227347,6.122391927232957,7.1848338322997245,4.898093499109842,6.301675307186533,5.61548299569204,6.229685855588538,6.892928909551247,5.001446539836667,6.041658487427231,6.989860473650979,3.0410401912585323,2.9124104454367266,2.480379752164273,0.44551880756533757,4.411489558532833,8.592873783497627,3.0543643232812423,4.722268542860998,6.675859790953572,4.976595801872731,2.5036057272204846,3.2046065005759212,1.5365660989981897,4.000152923284301,5.862687548704064,0.7526417523455851,3.2891814343374874,5.7800086779639,3.4617561189553117,5.18705055411945,6.489252042677566,5.2883932853503435,3.388706359317366,3.623970197595829,9.2558394120474,2.0815143918407664,4.074420727580607,0.0,3.388706359317366,4.404653700857138,6.2777218550646925,9.116056065783537,2.045871831490402,0.0,7.732044750534699,5.405928846882924,0.0,0.24740680344988902,4.272865851582798,1.0867421160976223,7.358053526203218,6.351573089494976,2.0815143918407664,5.687429490493429,0.0,1.0867421160976223,0.44551880756533757,0.0,6.891834208687212,0.24740680344988902,4.387354914147048,6.327577790727489,2.4566100506328867,3.6088834120182116,0.24740680344988902,3.546148734276689,6.3108941655299295,4.539229081690468,1.7267764048513337,3.6534802297620708
TCGA-49-4506,0.7856807819628782,4.985379022680091,7.425387683961049,1.2201807431701444,1.0952399420272512,8.183436464459032,0.5855062890425538,10.818655654497064,5.466362498423183,6.175767473026406,6.478730815904546,0.9523911974988778,4.652721487846314,2.851677128558745,2.619954600190555,2.851677128558745,7.33562094403256,4.257664504157072,0.0,2.099672998584082,4.920754349286816,5.922918004572872,4.572723437641655,0.0,4.268869134713831,3.690398300083206,2.6762842983385586,4.394350384362713,2.9183489432663485,4.573791999670624,1.6053696482581463,5.551761192717834,5.783665169528372,0.7856807819628782,4.252014755574926,4.328341007254077,6.367217591230621,2.192703260458917,0.0,1.6822607734718618,2.4289710174576973,5.968735692581968,1.6822607734718618,2.23616747412433,6.000785967367047,5.033198812505007,8.150563145184382,0.0,0.3350426438116185,3.2608657770602765,0.5855062890425538,9.743723647998916,4.130224766184726,0.0,6.580539270994732,1.0952399420272512,0.0,0.0,2.099672998584082,8.891882890850617,3.7837531750475804,2.590549625550215,2.0496908460279286,3.164812381368567,1.2201807431701444,0.0,1.5220701082954968,9.307321881603121,4.031012424222794,0.7856807819628782,4.072536826037998
TCGA-49-4507,0.8686119498906868,4.843462414498463,8.18235521865807,3.047484712518536,6.035856960091577,6.8846227737911025,1.414177002106143,10.193186340050355,3.600807514926985,6.64900268457537,6.028374901128079,0.7118217208247538,3.872086035824445,2.5463622987547208,4.401766760016855,4.006616564885071,6.939050436962847,4.376002274602192,0.0,6.411972607194676,9.868119408698337,4.48704971840796,4.559490579015652,0.2970629342575329,5.444018160719591,4.048461169296787,3.7081574340028087,4.371642909919142,3.4258086901344287,3.2544321400006635,1.7041479121663927,5.941365276432421,4.479233877552003,0.0,4.781624564503999,7.911609901848612,5.207287015198365,2.301924875098166,0.0,1.7041479121663927,3.1264008221483315,5.889107848803548,1.4949245256453396,1.765175903245033,5.897692184256807,5.891978410118946,7.4318919168078,0.0,0.8686119498906868,1.414177002106143,0.0,8.528603841622493,4.417497537606776,4.525238055534002,5.86780710335312,1.5696362305511637,0.2970629342575329,0.0,2.266698814429637,9.086518262767676,6.333437697351245,3.655922283955828,1.1234349740994554,3.600807514926985,0.7118217208247538,0.2970629342575329,0.2970629342575329,7.983143293190289,4.721885985684052,1.6364692514851307,0.8686119498906868
TCGA-49-4510,2.938097864093158,4.672856871452043,6.781723692373412,3.3371636219999625,2.358823639441235,4.663863532327309,4.493589252472746,9.461246939315345,4.8451157889391805,7.05617528410041,6.845530878201446,2.2301649264639662,3.136828108507449,0.49384221872557726,3.6876962544091563,1.5751362807370792,7.801853570229664,6.231158383759807,4.442320613598685,3.325751591952532,6.062575174565935,3.2038474626099065,4.029676254884888,0.6718724702810903,3.216729523209775,4.417323795367429,2.1214947779108355,3.6796747202342504,3.3596042565637925,3.8961374961979227,4.201294314374362,6.789264492929517,5.618896110952947,0.9541258701771764,3.835970991002017,5.907696994136896,1.506762677070727,1.2681581381001925,0.9541258701771764,3.474754487831353,3.6385593702139207,6.451264735345877,8.031703875463414,2.2301649264639662,0.49384221872557726,6.5381036436631055,4.582344654316863,0.0,0.0,4.721877087263967,0.27710129290759383,7.280580108640549,5.791323155984015,3.3923449811961093,8.182634722373097,0.0,1.0701099281953976,1.6992786164338898,5.642934911323486,6.945715582768533,0.6718724702810903,3.4446431311250745,6.580621106609221,3.480966205679141,1.4333687685058194,1.9553511564487853,0.0,6.61970380497667,2.8220334340509217,0.5885641403675054,1.174028927952864
TCGA-49-4512,1.853246464191894,5.287114852040043,6.152456060699765,3.043788835369672,4.947993639436075,4.51851692668485,6.463461500861736,4.813922681006933,4.183052693354367,7.3582064996243846,7.1924604247814665,5.536869592144754,3.148045552107197,4.466914508625996,0.9311005235276348,9.245997049184217,8.559085333124678,4.9534368794562855,4.775773349827848,2.246543702110421,4.403140901394857,3.802487118359839,4.057962350043878,1.1957087509074735,3.6548908296820155,3.9737369161069345,1.853246464191894,3.6143202263135445,5.05646234241202,3.2424556233886563,4.742834277237624,6.7356517399822815,4.807661949571429,1.4047725823656638,3.3558861589521523,7.877560237147762,3.043788835369672,1.853246464191894,0.0,3.836214819499008,7.180709426029305,6.451402057547384,8.134426513716278,1.5775756592853172,1.4047725823656638,7.602556091538738,6.170290417771066,3.2016971120954216,0.0,4.551495110041009,1.853246464191894,7.6986913829035375,5.007410098740561,3.6938819208867275,5.400873954873129,0.9311005235276348,0.0,0.0,1.4047725823656638,6.1476346151690695,0.0,3.6938819208867275,6.501098961665917,2.246543702110421,2.587628687722783,0.9311005235276348,0.5701882731594976,3.9607903121934926,4.1330555300927125,0.9311005235276348,4.762729336089456
TCGA-49-4514,3.81498773851631,3.428786608021448,6.299364601760621,2.3930106350834635,7.062208770100286,2.6395429259799714,3.6504036634370003,10.169820853025854,2.523854889926445,6.7947142323031775,6.558443162779972,3.2676088445477744,2.3930106350834635,2.6395429259799714,0.5682073460040963,2.2424316101742017,7.666165717994111,3.9113587848825127,0.0,6.932916074640636,7.830691878077395,5.136321829468315,2.9944614664205456,0.5682073460040963,4.546937077223311,4.612080256365078,0.5682073460040963,3.6504036634370003,3.630325655412493,3.6893893241081366,5.154152495492452,5.385824453986271,5.051885996708063,0.5682073460040963,3.630325655412493,6.289474354434598,7.062208770100286,0.9282983509984322,0.0,3.2676088445477744,4.77766023820209,6.212774418257838,1.8493520480639996,0.5682073460040963,5.4794423744294445,6.807482907845455,7.202661196523238,0.0,1.5739143563650537,4.67609452432479,0.0,7.70310700034615,2.8835876869253636,5.056767961994426,5.908764770885556,0.0,0.0,0.0,4.784077587848925,6.642489408925786,4.97033399732273,3.0753702839640202,1.721086615933009,2.9633433703519874,0.5682073460040963,0.0,3.4532931872847414,7.543951083091944,4.105586138267182,2.4605712650508273,2.157686480488728
TCGA-49-6742,4.253499840984216,5.691379204472365,7.110459360258869,3.701862310921658,6.649070038598503,7.670162628635179,2.2974217860371655,9.609485551339528,4.87331769521131,5.63973449984777,5.716112809335863,3.085568407159424,3.901392703447,4.401055678517798,0.5571556213485969,7.060527866819534,7.604381401001511,2.8130106367386967,1.7000644136472818,7.6522607518172245,5.221387724918939,5.00160127663305,2.7779368952328825,0.0,4.7776349908835645,3.9163536147885925,1.3819850895317922,3.7380076563801476,1.7000644136472818,5.295107219535144,6.830531843423603,5.737897225825478,4.264043735296076,1.5536291756055218,1.3819850895317922,6.683250802028586,4.939511582552707,0.9128448014698552,0.0,2.7672117924269566,5.780413214335228,6.184080847385459,2.2974217860371655,1.5536291756055218,7.192264824287328,5.6370798357262695,7.7503564127104205,0.0,0.0,3.498493467037899,1.9409981046942926,8.558440695394502,3.560574380460995,4.363787559392933,6.224758409278026,0.5571556213485969,0.0,0.0,3.3788529266572644,7.925858640202048,4.1052350450532735,2.2974217860371655,1.7000644136472818,2.5002631331086906,1.3819850895317922,1.1746778672689115,5.668469582680585,4.31515873597504,3.271627655075064,0.0,2.5596584622511087
TCGA-49-6743,2.270216847961316,5.510755822245802,7.819334931126173,4.456521674764287,4.602687105694285,2.6011848500436323,5.323083147193268,8.398279016262716,5.078437234483979,4.691127674498962,6.9329745821149835,1.5682408475837621,2.472488192281191,1.448235762660074,5.260283149230103,5.8529493272512365,7.514189219923272,2.376458037530941,2.3247476784950143,8.309908225369805,3.8411261797129717,4.43101677884598,3.761502395583788,0.4334693045177617,5.274275667067755,4.717954080066155,0.9661469942255847,2.9952721677215344,2.212540028113994,4.231555427277861,5.27704776376929,5.873001905571828,4.575113990066817,0.4334693045177617,3.6905455653794066,6.626271291985916,4.876890545379608,1.5682408475837621,0.0,2.212540028113994,4.645284730324466,5.999090396267423,2.9103377705370423,1.1538577628940883,4.93317092631252,5.749638178775961,7.838126415064297,1.5100373785257233,0.0,1.5682408475837621,2.7845543477544914,8.163821357626334,6.878192576732988,1.3118401751949431,5.15955517425618,0.4334693045177617,0.4334693045177617,0.4334693045177617,5.668707821372711,7.558026273280578,0.0,4.885132537924653,3.545032178115778,4.099063410922041,4.540988934355503,0.7348647739118138,0.0,7.967803438898244,1.5682408475837621,2.701441746621242,2.1513318781247417
TCGA-49-6744,3.384837620893582,4.287610180377912,6.940793458058934,4.335411852644034,2.6910735768950933,5.219322859320416,3.543995290533836,6.289117989795562,4.885563258102995,5.222073268346892,6.602522761167408,3.514127177899681,2.5424520257854724,1.719636704732176,2.9616531199011153,6.207418313752809,7.8698182924623055,2.156113189093788,3.2755661291619695,7.745470226724121,0.9272306719124894,2.6195176677406415,3.655935202700798,0.41157970910801833,4.704753043074588,4.628144249547913,3.061828955128842,2.987654737924573,2.987654737924573,4.45470188454244,7.339998628122906,6.462266295272064,5.967456137897086,3.130879235443415,1.8069107729953988,8.211143461606271,3.085381003003531,2.5424520257854724,0.0,3.4515704194100914,4.608038069675574,5.920746974893695,5.78173068270369,1.8871908538079962,0.0,6.919881458779978,6.37076191349091,0.0,2.789624043682515,4.215095042508203,0.41157970910801833,7.818522785892489,6.338594078203183,1.5182432522491733,5.3746671097685494,0.7022555729239363,0.0,0.0,4.7758998152460475,6.3942477287308845,0.0,3.498850269726775,3.8464129770983932,2.820432009691483,0.41157970910801833,1.6239914934416115,1.9615022438151495,6.209466905107319,3.8889897653174272,1.3337634591065965,1.8069107729953988
TCGA-49-6745,2.1818176082967025,5.866023198791786,7.635917224698982,3.003928591778477,2.0642771411600633,6.467313558769236,2.1247733516779195,4.157308406706899,4.6367754365145295,4.861794933974529,6.648536263030677,4.471484495746018,2.8739939259542746,0.6845099871642818,0.3997152761275574,4.567797444283284,8.678411976091903,2.469014367119139,2.382135371752055,3.2414197893030954,2.382135371752055,1.7773224214302854,2.9488240873525555,0.3997152761275574,5.000046092541988,3.503925435430612,1.4906093303845298,2.586635579211777,2.382135371752055,3.3154797129255567,6.965995884818814,5.843486444336483,5.082627219477516,2.2869840267653947,2.7563322997202584,6.827485128778843,4.266479690849666,2.0642771411600633,0.6845099871642818,2.7246188465417505,2.953961912809948,4.761926040826721,2.7870708481881823,1.0870793728543855,0.6845099871642818,6.890423955497621,7.629013612503114,2.4656813558028676,1.0870793728543855,2.953961912809948,0.0,7.623984018985404,6.004844633185128,3.279135203520883,6.330946535592893,0.0,1.0870793728543855,0.6845099871642818,4.2455781342818195,6.953693761923302,0.0,4.03474139770715,2.90136664751827,3.2974725645568026,0.3997152761275574,0.0,3.999350499114294,3.566655321368562,2.2869840267653947,0.3997152761275574,1.9998841328964083
TCGA-49-6761,2.2823109545539557,5.492979135426596,7.310155695717456,5.2006218440745835,4.938702390662056,6.095590300760867,8.307590053543327,7.194902208270354,4.989895027353568,6.421214054417468,6.889943588455403,5.565715095697111,2.544149925828639,0.0,1.1630883078524745,5.75902794888218,8.98796277724232,4.901237007974266,2.7035199550156785,0.0,0.5500271059651276,3.666894547377161,3.066111516916526,2.0280824556543786,5.417792303465287,5.309272143271559,1.9266108236529125,3.103011447409436,2.2823109545539557,4.9594963737573305,5.606944795485166,7.831053401644922,5.125070509829739,4.088691949600292,6.445954712430967,6.009385503210015,3.773445761021145,2.3544657148710346,0.0,3.4360560307295263,6.9037974571277925,5.913059664133704,6.148592219862689,1.5403878964572908,0.0,7.517145780272948,6.760794688400215,0.0,3.3626055373960453,1.5403878964572908,0.0,6.730617065424335,4.357847921264703,6.148669130449896,5.528551718608882,0.0,5.443490727706486,0.5500271059651276,3.0695216235244844,8.630030684679607,0.0,4.552389470148042,3.7036867825160473,2.120187533311945,4.648143464835958,0.5500271059651276,2.653164496817931,5.779631786939639,4.906673799352137,0.5500271059651276,1.5403878964572908
TCGA-49-AAQV,2.575432676487371,6.16055098821191,5.778036150480342,2.2881615723283213,6.168825905767064,6.2841602801326815,5.525285594453154,7.332983797931251,3.363232413064879,7.4879912870644665,7.532098855857136,3.396737450940062,3.500946181052402,1.1927702898179424,4.864352470244951,5.660767104222495,8.829352243455167,5.245000974446093,3.7983569832294513,6.851947599548422,5.753369146925644,3.490998474883542,4.3702184415629155,1.7784040141808966,4.541505949219204,4.528380930096033,4.111352438163099,4.920943965606056,4.10054364149825,2.4975760528886632,2.1061564981974104,5.642332512339978,6.153602529054451,2.0229505521215656,3.979391892298954,6.823807205284389,4.050408348551273,1.7214085331315323,0.9708167952287203,4.227910537581967,5.849526488708907,6.644552463028602,4.541505949219204,2.1453112077008063,0.0,6.902997980963031,7.254976678648811,4.83275187418691,0.9708167952287203,2.6476701327134813,2.9804968009112134,7.601067445931079,5.450690753640108,3.1626863532168237,5.973794344577144,4.450050870518097,0.8381562024699203,1.1927702898179424,3.1626863532168237,7.222923619109142,2.383316794026367,5.079850363117729,5.290653070724532,2.14798764671485,0.8381562024699203,0.0,4.9445809580248214,7.819013368328218,4.885812537648634,1.2327643219886781,2.7781544547751253
TCGA-49-AAR0,3.287688946867848,4.803791510195499,6.869356388040455,4.566334758602715,2.854220551206358,5.72490449261151,4.445982173410231,8.32095443815117,3.680628004344735,6.56732060225386,7.125395715900447,3.831170803535888,3.287688946867848,1.2467161518647685,5.267141407412862,5.478440675631617,7.21081845347222,5.910452411357521,2.9876950615214435,4.645582496599353,5.359887423652592,4.791516964031667,4.185175026095601,1.092963028269411,3.717435326404866,4.751640014886196,3.913677635772038,4.502488301813802,4.664448018938466,3.1054293726269444,7.46261692673774,6.4700592918128095,4.7665234363458495,2.072039211913074,3.729407005290004,7.206043407846142,4.631188748386645,2.8252463979357025,0.6889383357858906,3.752933482904042,5.3528671029681,6.9087547793152195,3.831170803535888,2.3902021198740817,0.0,6.684250412401427,6.648273157148484,0.0,3.764492364708087,4.466522872183641,2.9364227241506544,7.3487805624888525,6.33104623010052,5.187313177505057,6.083995869461871,3.2690022387153825,0.6889383357858906,2.3902021198740817,3.680628004344735,7.292554987713305,7.804120816049021,3.873275940086028,5.238604516441417,3.56130741209089,0.40266118077543017,1.4975002591932356,0.40266118077543017,5.241233655800095,4.133456295078271,0.5812654479118535,1.8646381146406275
TCGA-49-AAR2,3.748390514974975,5.1460981535705255,5.393713906259601,5.138870184986445,2.545939031596284,4.437036700799906,5.4875855727397225,8.526935579858801,3.9579882308317584,7.919534356606304,7.432667223048198,1.9722738384863057,3.9095619795867838,1.0494570578699642,0.8053144774306931,3.361811854927862,6.859798517436244,6.709493346785684,0.4816233579577778,7.132505538848593,3.9460997417580996,5.1056727094310075,5.995471508504959,0.0,2.0548542360444926,5.1280330703645856,4.3289198548098415,4.422288872559619,2.3302488969765194,3.3179606897583556,7.777147256842406,5.530186736930539,2.838265267457237,1.5501548902702613,2.3302488969765194,4.5672533424272865,4.74891548858714,2.131132257085191,0.0,3.248353070386028,4.780559436441175,6.861743800686877,2.9413922372953123,1.8822550471118822,5.153280033737312,6.108258204602275,6.734818744769884,0.0,2.3302488969765194,2.131132257085191,3.482884889755698,7.454592626443967,4.154942517016307,5.461651463706356,5.174509970819964,0.0,0.0,2.6817952019546913,3.4241812180525306,5.405066417744048,3.8050500794240403,4.037469049538316,2.838265267457237,1.7833239904069533,3.120354093548569,1.0494570578699642,1.0494570578699642,6.846073473543971,6.744239382089247,0.0,2.131132257085191
TCGA-49-AAR3,1.6781053976553488,6.082862538819652,7.2620814667513764,2.3591449944278384,5.4038208719823375,6.985771318966778,1.6781053976553488,5.909701193304893,4.99865042831312,6.878720829243788,7.5000650326118405,3.332329502363355,2.3591449944278384,1.0087605179404175,2.075508818652123,2.075508818652123,7.66588463225174,5.468325928595324,2.7038614404807553,2.438251704415579,4.880238032566918,3.5545506007449577,4.170465744602739,0.0,4.5817981760181,4.729650743092196,2.179252939422107,5.145935122116739,4.633913121520303,2.179252939422107,1.0087605179404175,5.863759008336236,3.5545506007449577,1.2845938062935514,3.1994564841083513,6.225261152604504,6.012898196505346,2.3591449944278384,0.6265264932180495,2.9135238891612727,4.448455555379732,6.004333880850656,2.5115485807344213,3.6266156771163685,0.0,5.8857845359724665,7.447844515794561,0.0,0.6265264932180495,4.4981438391592,0.0,8.126379229185213,5.615115181940035,3.42154561172406,6.017151786843958,0.0,0.0,2.814174425060599,2.814174425060599,7.215070846781037,5.973773987825063,5.088521832753327,4.7151629561694115,3.127277945940411,0.0,0.0,2.760541444329105,4.08366102930865,5.371967376710315,1.8288143771790661,1.0087605179404175
TCGA-49-AAR4,3.0822356048435897,6.143522324055398,6.761048325752282,4.83000830071837,1.7990825896078364,6.01358067267269,5.553931980209095,5.90454407507728,4.440988698736179,7.249698238160355,7.447028408116326,6.735161057882748,2.8560908239192906,1.061809982144005,3.837239112583801,1.6889143059358787,8.341696293569381,6.256089715343749,2.6108268590361634,3.9156225193978864,4.433529782040756,3.0822356048435897,4.960716493256002,1.061809982144005,4.783625946879085,4.916954452865298,3.592065644424576,3.7956172708570257,4.526397504822696,1.8983242594560847,2.4611943898282487,6.849057799034376,5.451167200642247,3.9029782244409086,4.585983289091037,7.7328995507279,3.6262058595858777,2.2188447240561477,0.48888671624723673,3.052892076281864,4.045084287568049,6.703958368665213,6.419390510996204,2.926087403848102,0.0,6.5710440137958726,7.040746525754151,4.849354813090744,1.9885864233357495,1.9885864233357495,1.4237346440937357,7.275345434661375,7.12425279424323,3.837239112583801,5.1319557693328095,2.9914983230219296,2.8191681111120483,0.0,4.28011018141861,7.2282215290796845,0.0,4.022759047022812,5.146738377088596,3.2665491751569173,1.2590574026294883,0.8158071932958327,2.071371566848687,5.694886354594184,6.441724547317106,0.481129012029154,1.565088871859909
TCGA-49-AAR9,0.3776827270957127,5.7795854380717016,8.067945460449684,3.249676574020913,0.0,6.831580248858402,3.0536567827568244,9.327118458395748,3.6177915323982064,6.48107930247158,7.537818879464265,0.8657550451662609,2.7230504658191053,2.3202776525249638,1.0422888202818212,0.0,6.8808608441592956,3.284659820080838,2.064822705293239,7.620033292607589,8.386808841653583,5.275995067543545,4.284417940307706,0.0,6.674220424600803,3.3300235622076304,0.3776827270957127,3.5542188527445577,0.3776827270957127,2.628278012390675,4.677221043732075,6.968379900798572,0.3776827270957127,0.8657550451662609,0.3776827270957127,3.334936489205435,4.8847167547911425,0.0,0.0,2.4471442061759894,2.225779639753493,5.978275452115878,0.8657550451662609,1.1922847645307448,2.121398891440343,3.7005016539417244,8.129177945020656,0.0,0.0,0.0,0.6512308374586538,8.804566716272104,4.463298970659951,1.7208540557122807,6.088253178917881,2.174944884645138,0.0,1.5414588126212394,0.6512308374586538,7.804365616089412,6.652539105928077,3.2317170226410843,1.7208540557122807,3.529364830695263,2.4471442061759894,0.0,3.5542188527445577,3.8180595184258763,3.6534854099148335,0.3776827270957127,1.3227153794770192
TCGA-49-AARE,1.7928921608239887,4.956538072375971,8.184000371624709,3.449863728642746,0.6472602977874691,3.478359019961278,2.2667713694548812,8.865507885652454,2.2667713694548812,6.992454819068279,6.596943771541019,3.25940721716772,2.829134448424975,1.0369850810971648,1.186562114066142,2.2184423248816176,7.33859569342153,6.105748133494653,1.4317934011911089,9.302919553269277,5.660526965985244,3.9681934869792124,3.8089044192118187,0.6472602977874691,3.7259295439372235,4.7400157147573445,1.5349944994109956,4.969271486154948,2.478553175815825,2.6847815741628556,4.326080426991552,6.181942334570235,3.8782035193505084,1.0369850810971648,4.211450331548373,6.635996423209645,4.0972004802032975,2.620653295260427,0.8609894160890657,2.312862103154985,5.140358611865395,6.431228017041155,3.045821593455043,1.997729733499382,0.3751433482217754,6.429761412643741,7.527541131657066,0.0,0.0,4.556183702549292,1.186562114066142,7.3468485680702855,4.598397301700663,2.745044077720037,5.38501786188564,1.3166762942390207,1.186562114066142,0.0,3.2238156040446078,5.9097907182125455,0.3751433482217754,4.677574564993549,2.745044077720037,3.8877610500916258,1.9340110634696301,0.8609894160890657,1.0369850810971648,4.556183702549292,4.764768855674778,1.6294365989407895,3.669543717807194
TCGA-49-AARN,3.4046746622417,6.060552080780994,6.232858541311029,2.8574984130667898,5.32533897224432,4.8213616272896616,2.298095027721181,7.475163484161736,2.9784182471203793,6.848053044136017,7.639517219912284,5.6640466955458875,3.2436425810513314,2.899452623965661,1.5542000061794847,7.767344433826986,8.687922820674194,5.10702973436255,3.738735716465366,3.871511379405272,4.275213675842071,5.6378242795916504,4.593988907830056,1.5542000061794847,3.8073267135692865,4.7680285578687815,3.2723445512866833,4.0683889440425185,5.4704496889536465,2.3703839185584807,8.489398472264748,6.418267051863503,5.640476970818049,4.934905494670872,2.7679153188821854,6.359342007884708,3.665091244927486,1.5542000061794847,0.0,3.5215194135601307,6.121347416960603,6.53749127776187,7.341665300579634,1.941629571871808,0.0,7.976406517851333,6.733170912782799,3.638958901295919,0.5574992639636625,1.5542000061794847,0.9132862228538563,7.529508493447529,7.423192254105538,2.3703839185584807,5.653639395710157,0.0,1.8283967199089712,1.8283967199089712,3.83993391703338,6.06305703665795,1.3825624060302124,4.165622820222731,5.510476812848654,2.4377975718010534,3.0516068080178576,0.0,4.315894844957747,5.6614558765652525,5.138166219874041,1.4407588718812967,2.1356682716371136
TCGA-49-AARO,2.65747945263302,5.804927115991265,7.0485514689475215,3.979021623045398,1.8227412068367834,5.114791084363777,4.091116022759475,6.099217448727008,4.275468179550785,6.870299487438035,7.381196742099395,5.653302884209506,3.052995959630401,1.3565307879142032,1.1957692469752477,4.877461932609031,7.98268944029567,6.110795273362046,2.5281816332693223,6.997166274582744,4.165407068314857,4.000359836948025,4.995805879850255,2.0691891652154846,4.583516426403257,4.661739537475985,1.8227412068367834,4.464800609040432,2.6971105810638245,2.0691891652154846,4.110211349677073,6.240203717813319,5.740358668507651,1.3565307879142032,5.229203059116611,6.103090891397243,3.250025593860417,2.4810826810635094,0.4552072000029785,3.4517764210303095,4.795120899946529,6.390213821067415,6.325270732972076,2.874665728074547,1.9935976647149287,7.098367374093826,6.715922634853454,4.631373851484728,0.7669086641219989,3.1511878159633726,2.324796581359265,7.624189206317271,6.102419882532643,4.961641109115994,5.178519803092441,1.0041550783152229,2.1394777551238953,2.1394777551238953,3.3559803263295036,7.148290710939241,1.8227412068367834,4.267419332284339,3.93492865649973,2.6971105810638245,0.7669086641219989,4.694910336486477,4.367321542839185,5.673312957840001,4.62777281119752,0.7669086641219989,2.997016448648085
TCGA-49-AARQ,2.8172214466968946,3.8515806170061975,6.783986363640955,4.016282114760649,1.3373666874964671,5.060960786981643,2.6334200413502216,3.3508895664427394,3.3703910348937764,8.14037676277564,7.924571657348064,2.747700309231759,2.8822219717557114,3.2472339065332263,5.79974092913357,2.2435779124140134,7.539138751713437,5.050214917192632,3.0007745399357564,0.9878296926564707,2.0466083845845957,4.669252353011962,4.850012604813758,0.0,4.725598608410317,4.578411340207397,1.5958662324040056,4.658654079260931,4.658654079260931,2.2435779124140134,3.3895194593819005,7.469545843233435,5.239840436789061,2.0466083845845957,3.2899939031692162,5.951022688660188,5.050214917192632,2.356182730342837,0.0,3.6969914626241573,7.620038197850558,7.664768879870496,5.089052065266536,2.2435779124140134,0.0,7.299182312786374,7.74888271281127,3.6084852263311116,0.7531127617273793,5.388966701470167,0.0,6.66817106762124,7.589006988129015,4.620669449435015,4.5034231339001005,1.5958662324040056,0.7531127617273793,0.0,3.4625715264376344,5.662276218304429,1.3373666874964671,5.465495674264431,5.245781194845207,2.9132035616643903,1.5958662324040056,2.1821334999033817,0.0,5.945156175741528,5.256791999719466,1.998285714718827,1.1777930865425508
TCGA-49-AARR,5.323536669680883,3.2776540372370127,7.36309567658395,3.0874450814771905,3.1329518564355254,5.981282889500843,2.3208964127652987,6.859784878714444,5.429652599378058,7.0400546629956215,6.732173757036074,2.3697856926542844,1.4015769846510475,1.6257442387084102,2.215315500851571,3.063895467620465,7.755317390166309,7.783132345467725,4.018161618289813,1.8087312962014428,6.859784878714444,4.852475477297432,5.392549692949756,0.4123083065901588,4.2172301134320485,4.683814993978062,2.0972569015498372,4.4145313362084995,4.139040642770953,2.460929822628771,7.797484352687925,7.280834926946146,7.400260097011883,1.4015769846510475,6.448403516633823,7.809776686564012,1.2673137336365992,3.17647341548335,0.0,3.6441331027015247,4.337549530872871,6.594680182042162,3.351814541895234,2.2695038943919217,0.0,6.107058521851227,5.070054483788876,4.087301484543368,0.4123083065901588,5.667823635801934,1.8087312962014428,7.141569693582872,5.12016510614611,5.144175020019389,5.282914346769543,2.03254645571486,4.036349916484758,0.4123083065901588,5.027492411162679,5.717573605005313,2.8523583156979484,3.2776540372370127,4.976016243700609,3.202120230648159,1.6257442387084102,0.7033450055363913,0.4123083065901588,4.027298009712657,5.003180912435423,0.0,4.363874120192401
TCGA-4B-A93V,0.6740662927471535,3.0767268357625386,6.103589383079067,3.864235138790683,0.8933495845725876,4.634661024755123,2.529433771838078,9.03019165285977,2.26797294407635,6.666543220915207,7.203807226103114,1.357534739448466,3.363973074363885,0.39278505495078986,0.6740662927471535,1.0730893314370238,5.683545753154764,6.125916765642166,1.357534739448466,2.7969886090633165,1.8392948782674472,1.7597526730929685,4.121199063887625,0.0,3.746549126128038,5.742349127805018,4.15926113688843,3.363973074363885,1.7597526730929685,3.1617423518936967,0.39278505495078986,6.666512673466745,1.8392948782674472,3.6881066555820574,3.987521866989434,3.7118950515440243,4.456145678194887,1.357534739448466,0.0,2.9838064426849633,7.1999919634235985,6.768341475999427,2.4072243486063694,1.5787312516549383,4.259288216364357,5.645181844852005,5.998239048269103,2.7296290277996453,1.5787312516549383,1.474236554765253,0.0,7.061531603032729,6.644233645020882,4.57697748021172,5.332288749118818,2.8540189284303663,0.39278505495078986,1.474236554765253,4.48910143011412,7.949871287492578,5.094553559009727,4.917569260976709,2.8540189284303663,2.6721328259154102,0.0,0.0,0.39278505495078986,9.003453954431242,3.5928310018535545,1.2140221401789375,2.4496421006876887
TCGA-50-5044,2.323553706930195,3.4565122453554715,7.627651492834634,3.066693872491335,2.217930935578094,7.1032727192034875,2.323553706930195,4.100416093118729,6.282806787963463,5.416793495293238,6.148536669648486,3.9348309162541284,1.4037904087366417,3.0178508444323167,1.4037904087366417,3.5190781903163812,7.495186325103837,2.794417481817473,2.4190695080297773,0.7048286853337833,4.793755418278014,4.242438364716795,3.9665377055122106,0.0,5.883990688802749,3.2968992644221866,1.6281026376632557,2.794417481817473,3.1132663893435057,5.264895010384672,6.29042589370916,6.167405373603933,4.818869278474302,0.0,3.872926604547774,7.439030379615537,4.36677593163326,2.217930935578094,0.7048286853337833,2.660679029686192,3.0178508444323167,6.136899497933186,0.7048286853337833,1.8111862088938662,0.0,5.524432498340406,7.91121770832724,0.0,0.0,1.1141903186314281,1.4037904087366417,7.8384655478340814,6.97613329481742,1.6281026376632557,5.512109327728075,0.0,0.0,0.0,2.660679029686192,7.517085973448972,0.7048286853337833,3.1577618333299338,4.2276173797522985,3.1577618333299338,0.7048286853337833,0.0,0.0,5.407655959155071,3.711572507942863,0.7048286853337833,2.217930935578094
TCGA-50-5045,1.5700939916910757,4.79340754321135,6.745218702269828,4.592244001671954,3.5507919840272306,7.0892181338637785,6.275622291404749,4.583637002142338,5.675413863855744,5.609460806113591,6.3594441024676405,3.8251418017837806,3.223333872988522,1.5700939916910757,3.1535732786044166,6.151186819603593,8.021114955065473,4.483719808847984,3.2063456490749664,2.448873517563,2.616694857281105,3.13534637891484,4.069098546532477,1.1362612544528667,5.032292409915458,5.245607279509915,1.9940470386628875,2.6471247006930176,4.666547465662995,3.654497614704771,6.189216441557294,6.509475295928499,5.293154059591156,3.879030695439346,4.235625639981649,7.336455026785429,3.501009533577549,1.8043630427942736,0.6130211360806604,2.760351653794022,4.682334910083141,6.044761208415275,7.244763086445394,1.654430398352929,0.6130211360806604,6.862926308913862,6.869540299908744,0.0,1.376521764471063,2.5853023611762946,0.9902844117824814,8.027208871021895,6.109458671594662,3.2400383114502125,6.370471025802306,0.3527673191077153,0.9902844117824814,0.9902844117824814,2.786762793795663,7.7567516960049225,0.0,2.9320733654434274,4.253822455787074,2.484764973085664,1.2635898598944049,1.5700939916910757,0.0,7.135751039267266,3.9812617133615085,1.8043630427942736,4.70555836001936
TCGA-50-5049,1.5904997114138495,4.652006060825123,6.060185715020193,2.8439205229646083,3.572295074781941,5.0649088098758295,1.173132080774258,6.8335219143517225,5.324184898406466,5.814915298442044,7.133104396246609,5.632859169652302,2.9068518783101145,0.0,0.0,2.2375664566195974,7.829121110723041,3.324521499864238,3.2186958086662565,5.553947468896546,4.5687561703717074,4.305451968885184,3.8149612925850147,0.9836128751383112,3.6621863418577743,4.549768463555997,0.0,2.4019416207341657,5.24793944255483,3.1961188377455847,4.9005971888873185,6.6930807639259715,3.363903876915859,0.0,3.125153982987084,5.953058901696724,3.240778206919908,2.741414052687549,1.173132080774258,2.35009825166273,5.16857877216221,5.808235578740644,4.290275862655055,1.698236025592899,0.0,6.486365036376845,6.6376210060302485,3.7882903055690873,0.4434029474485566,0.9836128751383112,0.4434029474485566,7.796387002862318,6.30611834032597,3.7313784416949627,9.828198113494413,3.9252392843907624,0.4434029474485566,0.0,2.1107585061857863,5.789446277408721,0.0,2.7047714986936042,3.3830266221451804,1.3324187881505727,2.4512378296489237,0.0,0.0,4.5512418439625355,3.3042348374553714,1.3324187881505727,3.7834802914853025
TCGA-50-5051,2.535195690081168,3.051138597825496,6.823169684673927,4.225220766284595,1.9736225876218492,5.5012459655717985,2.650992958614856,8.595858335299708,5.7216715074919415,7.157525181764057,6.426718204526595,3.621828445989326,4.02528204545283,1.4105966536428554,5.442651449436491,4.583171990194394,7.668037606526919,6.0748217557493485,2.168585019127055,5.435924815755652,2.8487682080410894,2.594769514643244,5.023722613642748,0.0,3.5125270464488247,3.121862595698202,2.8028693512803087,4.723317599695173,1.583709763861369,5.139532632725665,5.373248571181468,6.0748217557493485,8.010306466658887,1.731230676153233,1.9736225876218492,6.029258762527764,5.267208463520796,2.33166805388571,0.935779584458002,3.4652263980242095,6.241797104622625,5.947708565152939,2.754762016524166,1.731230676153233,4.500678181953722,6.630390466756378,6.425802137851866,4.048932186895385,1.583709763861369,2.1703557095304657,0.935779584458002,6.741530668392033,4.329050345898079,4.039020347562842,5.869904073407434,0.935779584458002,0.5735750454191003,0.0,3.389799336709786,7.060004151519799,7.558292409068802,3.249870488970424,3.5576910288821515,3.7014081413160627,0.0,0.0,1.2011087067112858,6.327011355652694,4.178857264567089,0.696641069814201,3.7927258240314465
TCGA-50-5055,0.9787395711466436,4.713710640277542,6.42800833745341,2.4678706917304805,3.0008690576591435,6.095128374203482,3.8609738917523746,6.44398339203291,5.328599208304374,5.2958392986724965,6.155774871100085,4.451058172079963,3.457290969516828,1.4637876679848876,0.0,0.9787395711466436,7.790671216971087,4.9154597718918565,2.394872527084019,5.866918380451618,4.785581586260788,3.9607179269669044,3.034986639987148,0.9787395711466436,4.909355330538887,4.454347296253507,0.9787395711466436,2.868540741475648,5.062449452810428,3.7103253383666908,4.706236494722894,6.515282898643545,5.287478841367042,1.2503887236339033,5.171897767917417,7.498770061235682,3.4307658925944344,2.137132452606931,0.0,2.230616369476954,5.803823868836426,5.474545395453431,5.417219775472336,1.9189793192387747,0.0,6.041289889581138,6.5967745552576424,0.0,0.604643781968542,2.914625249696869,0.0,7.663755185525144,5.076129608318056,3.9285634548582067,7.390551730026625,0.0,2.137132452606931,0.604643781968542,3.689791538038904,6.305490307399324,0.9787395711466436,1.9189793192387747,3.625537550077798,2.4678706917304805,0.0,0.0,2.8202294164979214,7.128375649751908,3.457290969516828,1.1291414937029325,3.0802618233567363
TCGA-50-5066,0.6265264932180495,2.814174425060599,7.152370651947479,3.579153869835283,3.693832169147894,5.223965518505161,5.407732152533904,8.485719036056452,5.453516068436846,5.083135784466956,5.366489901651086,1.0087605179404175,3.6266156771163685,2.273238668198815,2.7038614404807553,4.417411876802996,7.040641463504671,2.273238668198815,1.2845938062935514,4.642340722040714,4.5361898144230155,1.8288143771790661,4.627117570470916,0.6265264932180495,5.1150253389996365,4.930870325627393,1.8288143771790661,2.438251704415579,3.7152706233398893,4.43821436922375,5.705953449716902,6.829085378577355,3.0038889175042627,0.0,6.200833665000352,6.2935486604948,5.995698073077453,2.075508818652123,0.0,2.075508818652123,4.1406984276911825,5.00450990548266,3.362962315932154,2.179252939422107,0.6265264932180495,5.649329808741311,7.879995249494029,0.0,2.179252939422107,1.5005824075214134,1.8288143771790661,8.527444467079983,6.660809437373012,2.5115485807344213,6.940445096804795,0.0,0.6265264932180495,0.0,2.814174425060599,7.13931134565379,6.146389213044985,2.8650824395345316,1.6781053976553488,2.5115485807344213,0.0,0.6265264932180495,0.0,4.790304450076237,2.3591449944278384,1.5005824075214134,2.7038614404807553
TCGA-50-5068,1.4862075670894859,4.665079257741984,6.487445024935537,2.686567763714731,2.847603426045227,6.748355010812568,4.035653798462881,5.295197504836758,4.771912683651531,5.724440944764746,5.426213536086085,4.299750392852309,3.6314674787182084,0.6179386029621904,0.6179386029621904,3.4036144581777603,7.807648300246561,4.793399258996508,1.4862075670894859,0.6179386029621904,3.6757536868950083,2.686567763714731,4.427886318701475,1.8132763126903046,4.065432267616117,3.9524948586560926,2.6265581102468087,2.342363343002458,2.342363343002458,4.065432267616117,8.16489721720806,5.6339142201332955,4.136212409647496,1.8132763126903046,4.968409536984385,7.1765679385576755,3.6757536868950083,2.162828650603762,0.6179386029621904,1.9438365721084045,5.797117978798504,5.042870124229614,3.9892562317407503,1.6630545058711141,0.0,6.644906297058118,6.955087237629344,0.0,1.8132763126903046,0.9970224329064764,0.0,8.461769272469947,3.8333347134527616,3.028523709278907,7.009056567112136,0.0,0.0,0.0,4.0204252902121045,6.85031047119418,0.6179386029621904,3.6085692106558933,1.6630545058711141,2.4213365484694385,0.0,0.0,0.0,8.147227457784748,1.8132763126903046,1.8132763126903046,1.6630545058711141
TCGA-50-5072,1.3274462853106852,5.3891356547139,7.623319313826082,3.4640751495120896,5.303304908059076,7.686332169689252,2.180666015697689,9.189107542428163,5.231873030498371,5.24414097265198,5.825182664220266,2.070451249841703,4.387582422662504,2.6984576728967062,2.8953648273079007,4.541597598186672,7.725828809757018,2.3702250497043855,2.3260965204549677,7.218887729355562,6.56852163317763,4.894580763713542,3.9616261723545896,0.0,5.258661358667751,3.9012026762361494,1.1967971205768404,3.3246690468951217,4.205450541050991,4.0651697529124995,6.834546748363422,5.788843339522131,4.8771343771978195,1.640355015068822,3.718069256244478,6.3293910828662385,6.536901720441489,1.4429818307496876,0.6543023967363781,2.0104263485151863,3.586400892744662,6.078939566598814,3.4640751495120896,1.046476534247581,6.167960836596608,5.624782556422051,8.042082141474241,0.0,0.6543023967363781,2.945170290640375,1.4429818307496876,8.420587572893384,4.340440024993278,2.4530375141136056,6.784093874520877,0.6543023967363781,0.3797369595354331,0.0,4.184567581917255,8.06580874437366,5.49129032851713,2.787631263772549,2.9691726692186413,3.804195003584169,2.0104263485151863,1.946567076088635,3.706790587781037,5.670384244568817,3.6953832584526025,1.273321612459923,2.565656799473109
TCGA-50-5930,3.040743879383339,5.2792568638092945,7.240972222882677,5.529437023987866,5.750729671763368,3.570360522752716,3.5322636550420397,10.35456635660465,5.491850834305838,5.30596802547856,6.4838028282116,2.033436869423207,2.6588949703040647,1.2963970055154292,1.6062729090909438,3.160267419121428,6.676890747464922,2.3317943195780324,1.2963970055154292,6.4187433308937205,7.780783540796677,3.5322636550420397,3.143225124860039,0.0,4.17047964506462,5.565052832609001,0.8450524842730983,2.4531063372382023,2.561288819706806,4.84548545581062,4.944823073258613,6.171629613680774,3.4514214379516677,0.0,3.040743879383339,5.84344586145028,2.4531063372382023,1.6062729090909438,1.2963970055154292,2.4531063372382023,3.8879331611364574,6.344593712196216,2.8294769606967587,1.2963970055154292,7.509740663284069,5.44708644866288,6.64112733795015,4.775748054824874,0.0,4.190784406745204,0.0,7.963313918172747,7.247415286401612,1.6062729090909438,5.33838387576112,0.8450524842730983,0.8450524842730983,1.6062729090909438,2.904970235256074,9.875617773092166,0.0,2.975157047880532,2.6588949703040647,3.280095093376653,2.1936961374850985,2.561288819706806,3.4514214379516677,5.754944427085441,3.8603464797221165,2.0351630595496246,2.4531063372382023
TCGA-50-5931,1.899387412328283,4.1900380019063075,7.19902092276527,4.9226343367243395,6.222887727499353,5.5178785086902185,2.4070351943505104,3.838473338931274,4.736242307081812,6.0070991866730425,7.089234814709164,2.7421424012699793,2.564556972796434,3.463680667249283,1.0626050733621075,0.0,8.146456992629007,4.768928846701461,2.348485371176803,8.763459343008428,3.3813041502615477,3.4025431423865102,3.5229753897420513,0.48937724296011986,5.32873502316952,4.498222856451229,2.927282111916262,3.6274348086700106,1.259965539025868,3.7080127398039355,2.612001748841829,6.287144550670825,2.348485371176803,2.4623457218758937,1.4246974324028356,4.758148750585172,4.404376260711236,1.6899482030813702,0.48937724296011986,3.443713939598479,2.8572802228959655,6.471112148402631,1.6899482030813702,1.259965539025868,0.48937724296011986,4.4858515969728705,7.526749871008449,0.0,1.0626050733621075,1.4246974324028356,0.8165145945102293,5.777559439652145,6.638037543899301,2.8572802228959655,6.262176564241056,3.6765563354249053,0.0,0.0,3.3596042565637925,5.103202320955107,3.2434201337791984,4.356967767520495,3.8109178672394894,4.257777740333887,1.5660919019304194,0.0,0.8165145945102293,4.4642815090859225,4.315667791087574,0.0,7.461071264769032
TCGA-50-5932,1.9196835032946329,4.680426070466858,5.590363651953612,1.9196835032946329,3.5576739259968946,3.4449207630858067,2.3168626814121773,7.845494342062161,3.458094279828379,6.039151722256228,6.753701594450683,3.3327686367401737,2.468633287303712,0.6050260971647659,0.34755346948917126,0.9792655310355435,6.988533101008282,4.7402778356664825,5.136739170891982,1.8567978654072772,1.3633839095367846,3.1546103331213797,4.515961852000233,1.250989969088992,4.277669781844638,4.0986718526478585,1.3633839095367846,1.4644121403838426,0.8095514884300478,5.689277788453319,5.646192202873151,5.349371632370536,3.8704903417757266,1.3633839095367846,0.6050260971647659,4.960947727381583,3.5091246005172954,0.0,0.0,2.660266530248404,4.022898684574082,5.170364669737353,3.1546103331213797,1.1243125235179232,2.6003758995941144,7.296006406355613,6.007957782835043,0.004191204618467972,0.34755346948917126,4.824835695922467,1.9788474264441334,7.686378074519367,4.62880858455349,3.48393491656338,5.808403717118925,0.0,0.9792655310355435,0.6050260971647659,1.1243125235179232,8.338511402622862,1.6402192680235357,2.0876205026030346,5.302891887454424,1.1243125235179232,0.34755346948917126,0.0,0.6050260971647659,3.8876729341637954,2.6889149510602817,0.918129041147795,1.7896739627370335
TCGA-50-5933,1.2673137336365992,5.386200030523565,6.931549927547854,4.895359113651053,4.071752949318703,5.7190191382316025,2.621518708949431,3.1764608956341727,3.0397587283029694,5.939157581234306,6.617100793283849,3.258208070263069,1.4015769846510475,0.0,0.0,0.9285354582905921,7.553732232565603,2.5837182681529884,2.621518708949431,5.663925292332715,1.2673137336365992,1.6257245619967815,4.353677313215486,0.7033450055363913,4.485994681296537,4.9479652484927845,1.4015769846510475,1.6257245619967815,2.2694935579938464,2.937000858490168,0.9285354582905921,7.439676811042861,3.2776389504692394,1.2673137336365992,3.921884223399988,6.334735051623029,4.716058395755734,1.963357062659034,0.0,2.46091275137335,2.2694935579938464,5.48406222382357,5.766456759184022,1.2673137336365992,0.0,7.46103676178452,6.804751982897987,0.0,0.0,0.0,0.4123083065901588,7.610654750984761,5.909888372608291,4.891536393068647,5.285490452293143,0.7033450055363913,1.1122192920743266,0.4123083065901588,2.759858029760963,6.753511428147928,0.0,2.5837182681529884,2.621518708949431,1.889022286848265,2.46091275137335,0.4123083065901588,0.0,3.65737330702659,4.122629090137691,1.4015769846510475,4.836393011890207
TCGA-50-5935,1.80715698340806,5.10361548886513,5.5995250540689385,2.789894362106976,2.293836939236336,4.727812507280445,4.989002993969142,7.433240917686876,3.899636609777097,5.508347309116862,6.37758202439337,3.790790527279735,2.572314475959045,0.8212325203231636,0.8212325203231636,6.083065583810786,7.672469348734575,4.315487446870089,4.357135658660787,6.151808863848439,1.068118716331768,2.665100945565781,4.408342319613314,1.5727324334256847,4.0208935537076815,4.886182565404937,1.4310765038917836,3.091456004198015,5.737881118019151,4.47258463163178,5.937966191780568,7.765225510633361,5.932916049902621,5.088028340670028,3.790790527279735,6.42323559983259,2.522483384143226,1.80715698340806,0.0,3.716207614984036,7.2302734662693755,5.305992834634131,7.202214335712942,1.6968075585710074,0.0,7.942472395075158,5.07617331556691,5.1094363434163155,2.079816471384909,5.638966581721296,3.226538392270212,7.474170753702941,6.400807128092598,5.330949112361386,5.33402711578206,0.0,0.4926209191111443,0.4926209191111443,2.4700383287550434,6.253107397572801,0.0,3.4518493037477898,5.533820225986432,2.079816471384909,1.80715698340806,0.8212325203231636,1.5727324334256847,7.119700360842162,3.776313241875573,1.5727324334256847,3.4518493037477898
TCGA-50-5936,0.5486992761940722,4.903584461768899,6.818643151506003,4.233852849241053,2.0253680703900288,7.998876244291804,1.6838029943894073,8.670888910621748,4.966641608410366,5.516677495517473,5.951795533483058,2.3516514095061,3.3074652893558287,2.70061596888307,0.5486992761940722,1.6838029943894073,7.3784774000507936,2.481977363615423,2.748545742342391,6.287021778931237,2.201758726970688,4.285479940700913,4.090535650853589,0.0,4.630915902406507,3.523258659980801,0.0,3.3338745434644244,1.811071780260428,2.5972601573827894,1.923956638839441,6.045130898567006,5.68897674206115,2.0253680703900288,0.9009740277622618,6.1185728558233565,4.390470881456545,1.5379419107290304,0.5486992761940722,2.3516514095061,3.6060058682832037,5.398293914628393,3.280339623888696,1.6838029943894073,6.731003780570483,6.258048741288089,7.045079469845356,3.684263818437348,0.0,2.117447575100607,0.9009740277622618,8.555536596770624,5.507885183167159,2.4189359925217526,6.274707405814573,0.0,2.70061596888307,1.160960913732645,2.3516514095061,7.870944863814173,4.212431255473553,2.4189359925217526,2.9588037313684903,2.654396227766577,2.70061596888307,0.9009740277622618,3.4091589375328475,4.693062008605027,2.0253680703900288,0.0,2.9960222315121188
TCGA-50-5939,2.4214075882250916,5.502188390038511,8.181281197829584,3.368970289365527,4.950481811276412,5.038516314243708,0.0,9.528263053021675,4.6340782911353,5.692168627593529,6.9367313872186545,1.630161683974076,2.4214075882250916,1.1158954047906693,1.4862754334832047,2.81747843237584,7.325833835362953,4.832369501560131,2.220213843035634,1.4862754334832047,6.788531330709601,6.542479165091803,3.275732415386295,0.0,5.46524605873451,4.317218743926241,0.8621301729147194,2.480379752164273,1.9680908987564605,2.7757400017387663,6.846910195365785,6.825601177217362,4.394955199449686,0.5212312964798715,2.1430264833049466,6.593404743231956,4.997779680326129,2.536067018674681,0.0,2.588816113178512,3.2700289094268125,6.235709881449991,3.345138363265508,1.755925016218839,1.9680908987564605,5.507751369998527,7.251536454402168,4.038623937796809,0.0,2.8960666224401637,0.5212312964798715,8.435655533527925,5.7033190339508115,2.2918678681528406,5.582559780150067,0.8621301729147194,0.0,0.0,4.848594681559232,7.839360148564892,5.3487157606317295,2.1430264833049466,2.9689261791334842,4.491522089674824,0.0,0.0,0.0,6.773778072711763,3.7223770908936444,1.2261549512595848,1.630161683974076
TCGA-50-5941,2.085833569075485,4.964996160212357,6.2166061010848646,4.29641291686709,3.0383989655731094,4.71757880530702,4.083170699826065,7.2839769351206325,4.646360112812954,6.230581836240159,7.257228351590125,5.9664108068188515,1.9123829115517936,0.8250960716892282,1.0726446969705279,6.880832080483707,8.31459953714222,3.5361157286872684,1.7024181072029745,5.148389425064984,2.4209368557833786,1.0726446969705279,3.1352159163378452,0.4953058121079539,3.8117782707089676,4.1649738717913545,1.5781948926941687,2.3000218105908807,2.9750039179035084,4.7118338521763095,6.958714517579264,6.674594219558418,4.2698764546566395,1.0726446969705279,2.085833569075485,7.573464456814587,3.797502890650841,3.0383989655731094,0.0,3.642298722350142,4.7002439742177655,5.938076955947945,7.466467801953705,2.002870924318426,0.4953058121079539,7.469038247827397,6.941509153087356,4.374143141439556,0.4953058121079539,3.603090057474835,2.4763198888506777,7.827515983531574,5.9377894711609,2.8347180937053302,5.599277148774891,0.8250960716892282,0.0,0.8250960716892282,3.6081410878594022,6.117716068151855,1.270911567576326,3.5727781285900466,3.0072061956276186,2.315955311932217,0.0,0.0,2.36230577696998,5.85161322573864,3.492615147357197,0.0,2.4763198888506777
TCGA-50-5942,1.7002288047157372,4.211954249521193,6.178775718379318,2.9391989584167795,5.0314570097885545,4.361270202650558,1.5760672542922636,3.533514287095576,2.000547132792154,5.52533341007612,6.879518342690714,3.966211903506025,2.9391989584167795,0.0,0.8235612192818783,6.430512711733185,8.271880715330965,5.42069870268631,5.0643024353451915,0.0,4.726316448540045,4.385452011366955,4.782110623829566,0.0,3.929198655828236,4.793821666476916,1.8106629996472874,2.7539218247582666,5.80562581228859,5.5942317106757455,7.804186101919551,7.587766560148942,5.160508266135183,2.2976027014697453,4.3774562061591205,8.19462149309731,1.2689737185433478,3.178686963210362,0.0,3.514668913908906,4.4321302216401275,6.2023492650262515,8.496857822238297,2.000547132792154,0.0,8.381210797540673,4.655939343039663,4.868126582802924,0.4942693214502735,4.817414556433301,0.8235612192818783,7.882186608862084,5.720895212932711,4.781406599126098,5.565282568911027,0.0,0.4942693214502735,0.4942693214502735,2.668997473838509,5.410323749426966,0.0,2.4738709801677357,5.895749035167684,2.550577342277646,1.0708641794653844,0.8235612192818783,0.0,2.668997473838509,3.404359044999734,1.0708641794653844,3.2049594396083534
TCGA-50-5944,2.860250408565784,5.58913451949529,6.308560993896371,3.1852900853875634,3.593777252680611,3.5596672915993546,1.9598834941214915,3.990037195511895,2.042297670396705,5.462950060470907,7.841540093158873,5.017432143096529,2.2552733354427947,1.6618216121136626,0.4761099476774964,6.950076948427606,8.736935765959693,3.5768690994271197,3.2102023185275734,2.6251612244231475,2.4307496096693177,2.042297670396705,3.875912809596085,0.4761099476774964,4.255936061789658,4.785965578786,1.2352970375679622,1.6618216121136626,3.106589156472956,2.483013191660357,4.718436369341888,6.783117931107002,3.882968995757391,1.0401000176004414,2.749601529593774,7.54803951284201,2.5799895310346925,1.8700467909589478,0.0,3.3262367383954126,3.9077719826206057,6.260806335019035,4.322585765071254,1.6618216121136626,0.0,7.556046297030796,6.355200999803094,0.0,1.7713526594503923,6.040942569886523,0.7973720516174779,7.295592593128715,4.4778344179258,4.023321058968724,5.575361809511044,0.0,0.0,0.4761099476774964,4.685209816733817,6.824393235069081,0.0,2.532672479982663,3.990037195511895,2.841928200318394,1.0401000176004414,0.0,0.0,2.5799895310346925,4.023321058968724,0.8612430300899179,2.8945740270930447
TCGA-50-5946,2.945080878368218,3.5488383477761443,6.756321737721577,1.5809972848022502,5.850517152361731,2.1279816745940585,1.645075290025232,7.318267628311815,5.458891656459304,7.188359865008646,7.572220023179759,1.5809972848022502,1.0749682927537119,0.27884312378457654,0.6754413534410131,2.165561896827378,7.1749080601814255,5.55667747121078,4.179442164668436,7.109797760388293,4.286715454869057,5.888664639183077,4.997550054547601,0.0,2.9783571973699012,4.725430151519367,3.491738632421631,1.8158502747526148,4.525560801083349,2.424156499259833,2.1279816745940585,5.292364684438612,2.2367443910536124,1.1791164283270694,2.8567000648584338,5.532796427525992,4.273359268518961,1.359642330122464,0.8270659981257324,2.718165534843303,4.325748568508298,6.123483546642415,5.569019848183792,1.359642330122464,0.0,7.584707018519776,8.113633267291968,2.1125377691690255,1.8158502747526148,1.645075290025232,1.4390054000325592,6.099233160968528,6.070837030231214,3.1299134550200107,5.925410211036548,4.1341180072063795,0.0,1.2734615528455469,2.8567000648584338,6.489207970834376,2.1279816745940585,3.9352882583618083,5.542920994359722,4.376337984943904,4.086643316945444,3.399469222588426,0.0,3.694883891346542,6.2863425416978105,1.0999114443997298,3.928984345185123
TCGA-50-6590,1.6766852613825896,4.451816188724986,7.092715019374092,5.868497158386936,6.068374661021416,2.969301025412389,2.6026896854443837,6.557919749974764,4.125028944353096,5.398655792598046,6.992987574344135,0.43405256496007694,2.4271097968950865,0.0,0.7357276280950636,0.0,7.8431739007644685,3.46505754776897,1.8617207605340158,6.481843556262467,4.248805194009287,2.4739805096544467,3.86859344750081,0.7357276280950636,4.96936180878048,4.84845356264279,2.3262137251237545,2.9410014988474864,1.5695113502279778,3.842720085881262,2.0177921762429585,6.855798606713391,4.672623205845156,0.43405256496007694,2.642159655279925,5.132723124886274,5.218711230230023,2.3262137251237545,1.7734766863829536,2.213994287545519,4.1929432682857675,6.14698000948143,2.152773319815763,1.7734766863829536,2.2716824882542292,6.077144413030063,7.236368140035882,0.0,1.3130244991921156,0.0,3.842720085881262,7.361610471238394,5.954779815633204,4.445460248751401,5.616454683976675,0.43405256496007694,0.0,0.9671359258797237,3.9318256327243257,6.670890520990765,0.0,4.1595625399767355,3.049685277775432,2.561597592722498,2.213994287545519,0.0,0.0,2.0177921762429585,3.049685277775432,1.154961115621756,4.013636911300573
TCGA-50-6591,2.2367871124036136,1.2206824178888833,7.189001686898683,3.7428608822304006,1.9421459304082167,3.66948764242147,2.560894995787338,3.1399494938143317,3.1399494938143317,4.988791785618132,8.151062251563543,3.1903734643954884,0.46837730750115153,1.2206824178888833,4.708773158070641,0.46837730750115153,6.78908097126078,1.6451138888865704,2.606002709831885,8.587614375711965,1.0267940008776375,1.754230657335641,4.088693625713251,1.0267940008776375,5.604363532101651,4.764444858570865,0.7860453629266759,2.100285293484426,4.003022087608942,2.606002709831885,0.7860453629266759,7.994888602363902,0.0,3.086851866921475,1.0267940008776375,3.327970559643142,5.239495805739694,1.0267940008776375,0.0,3.66948764242147,4.269554782180778,6.644599301192346,1.9421459304082167,1.383013986569748,0.0,6.362774623141161,8.056214316294803,0.0,1.9421459304082167,3.3089358832358498,0.0,4.545314018834726,7.867549846025005,3.086851866921475,5.757045161849395,0.46837730750115153,0.0,0.0,1.2206824178888833,7.354643800721822,1.5226156084781288,5.082000460576104,3.7569118645057635,2.840772933515848,0.0,0.46837730750115153,0.0,4.116342490499095,3.001510547130132,0.0,2.2367871124036136
TCGA-50-6592,1.8818895889908376,5.027577625493159,7.395598826356204,2.4598964867838324,7.13730228435283,5.663946105358895,5.047031509287547,9.812982808110288,5.918280763145377,5.765535870931683,5.732392606987984,3.25162564689117,2.164081358742965,0.9979075845464774,0.8261034078085708,2.0605517476245923,7.058371147289264,4.066822617510458,1.144445705011282,6.4166669208991785,4.324091595809361,4.9396261054932085,3.1446736944355735,1.2722574250625263,5.525596355142037,3.7091060111470493,0.9979075845464774,2.9434911617083004,2.3436406602340694,2.0605517476245923,2.8489361492273226,6.525287689066672,1.2722574250625263,0.0,0.6185852592330404,6.336586764543099,4.340961120921892,2.5640258542405996,0.8261034078085708,2.8489361492273226,4.431528450321226,5.577115089786285,2.3839162010924184,2.4598964867838324,1.8818895889908376,4.999109122257633,7.808717121454886,0.1904550566906768,0.0,3.5494248395087604,2.3436406602340694,8.556731161930387,6.153927725051668,3.361392231091926,5.937668122502313,0.3563448894767504,0.3563448894767504,0.8261034078085708,5.499677369837497,5.899294432135852,6.222711179605319,3.008964342322709,1.8818895889908376,3.0933942312141527,3.07041757901876,0.6185852592330404,2.164081358742965,3.5745790968866356,4.037043785307834,0.3563448894767504,3.473654468044022
TCGA-50-6593,2.7154626608176637,5.091551466342367,6.6531391202690005,6.089103830625056,4.480008243033366,5.650785976253849,5.556279648800407,7.85264124221637,5.134020386666901,6.510173515497037,6.75472180817774,3.8124037548994165,2.7969459127287903,1.2713603880276316,0.8254465645734295,4.1863933689200135,7.952463851530794,5.091551466342367,2.6267461427046577,2.579254245244505,4.779325153448985,2.4215230170655593,4.491932056580779,1.4367973432929972,3.6429218993159047,5.03692013435408,2.4215230170655593,3.0692615068421065,4.457958210907623,2.6720913622479427,6.087647073580015,5.984963460765622,5.616385568814418,0.0,4.105178990594704,7.1685721930741115,3.675951243775569,1.4367973432929972,0.8254465645734295,2.6267461427046577,3.4387339851908814,6.199171565847646,7.73666074579741,1.4367973432929972,0.0,7.47114109428248,6.631391578086663,0.0,0.4955495362134742,3.0078139947464906,1.0730551358038027,7.514728913292418,6.316601351208304,2.6720913622479427,5.160135175708087,0.0,0.0,0.8254465645734295,3.498680955509419,6.811602244075224,0.4955495362134742,4.105178990594704,4.083802523010732,3.7346268986653555,2.00342405525592,0.4955495362134742,2.1630011347787668,6.313537176652804,4.933819042477619,0.9860406500622593,3.3068464083388345
TCGA-50-6594,1.8921777923465621,5.692974275939598,7.332015971541293,3.323617749237881,1.135490516754544,4.8446279341528555,2.3179563476180327,2.6156497838298773,1.9930663259330903,4.984085958862719,6.47976384768347,1.3394385748346274,2.1686536203481834,0.5330957924117186,4.816524516727324,0.8790041470881385,7.922021725872149,3.508388221254704,1.5087553270680678,8.001053472826477,1.3394385748346274,1.135490516754544,4.0801594272300195,1.7799567571089034,5.74611372966964,6.100256169780242,4.061172055073691,3.1281192615973166,1.135490516754544,2.99643702515823,1.5087553270680678,5.400074899251106,4.9244962637743335,6.272637355190566,2.665859214384048,3.985587544234425,4.695476960519184,2.1686536203481834,0.0,2.2460888128363767,6.519832893567101,5.406413636614876,6.549489069651912,1.3394385748346274,0.0,7.925081587433596,7.900855188609909,4.406375285677224,4.608123819714264,0.0,4.011422992376374,7.207556121601462,7.200984437863035,0.5330957924117186,5.168481992367479,0.0,0.0,1.8921777923465621,2.6156497838298773,6.633596026326809,0.5330957924117186,3.998587782706969,1.7799567571089034,3.1584971727987274,4.096922902111901,0.5330957924117186,1.6535313499446118,4.649388008153524,5.817738939059142,0.8790041470881385,3.0310173676932517
TCGA-50-6595,0.826891050609541,4.198627998037631,7.662185687958981,2.674479629129462,0.49658470147564826,6.86475695965076,1.2732096460497289,7.218902381584899,6.43639232627474,4.281965939015717,6.441499816574669,3.539233197456468,2.5816249286644375,0.49658470147564826,1.5807297482973566,2.5317584285652335,7.847953925407769,2.799358444436327,2.165275142029439,0.826891050609541,5.028920430716365,4.2271855082098595,3.509480621996032,0.0,5.24398788866928,3.3684055588371646,0.0,2.5317584285652335,1.4387444861208096,3.1296073571100185,0.826891050609541,6.169966317799071,3.4204116005859597,0.0,4.977085404718071,6.1132484574697,4.467901532782628,1.5807297482973566,0.0,2.910354107603396,3.5758983084080493,5.128987056885589,2.5317584285652335,1.2732096460497289,0.49658470147564826,5.561312201395001,7.604610575972622,0.0,0.826891050609541,0.0,0.49658470147564826,8.05297121615145,5.804387701830166,4.075464109592129,5.874885786021802,1.4387444861208096,0.0,0.0,1.815589921647247,7.375925979439757,0.0,3.2611840743641483,2.2364559741931136,3.309790905814494,1.7050389590234893,0.826891050609541,0.0,5.011941107816964,2.4238642323738047,0.49658470147564826,4.649541075723588
TCGA-50-6597,2.344216359964998,4.084890008451162,5.425839489625153,3.813258466188252,1.56234630490025,4.882862526810504,4.01935876899874,5.311707319666796,0.6639758032596654,5.161471917069871,7.060484949653948,5.15060591034968,3.3767407412281645,2.8884309869290603,0.0,0.6639758032596654,7.64517768479199,2.430767203687352,1.0595248999600628,5.307049133471483,3.034597154175616,3.7488050081099793,3.2469772549790754,0.0,4.395844477053539,4.31907086033152,1.56234630490025,3.792232205561446,5.198601998132302,3.8540294193995637,2.652896834634182,6.712793368465584,4.98460612204142,0.0,1.3422118485497019,6.120930185744777,2.7171817149680426,1.0595248999600628,0.6639758032596654,3.034597154175616,5.409107117200747,5.75808124806358,9.270607282762832,1.56234630490025,0.0,7.572734439714162,5.7960364739432775,0.0,0.0,6.387683709558801,0.6639758032596654,7.142748346653496,3.5828631679300558,3.3767407412281645,8.076151681577876,0.0,0.0,0.0,2.8884309869290603,4.872024355728435,0.0,2.8345418729354943,3.6059135196398486,1.7426567562203232,2.93956395764058,0.0,1.0595248999600628,4.831596343649953,2.2494585402674674,0.0,1.895368451847075
TCGA-50-6673,4.3617933146429,4.092501197602349,6.623456809018978,2.999176335956546,6.065209774906496,5.3717815600922,3.6380150151231843,6.104791000269637,3.8379264178250043,6.25987587578846,6.469735470407554,3.5453294711637637,1.8883566992157244,0.9867864734858529,0.44526257798223046,4.728899949202838,8.818007161828152,3.709184406204281,3.6953509686190538,8.005954148871146,3.177845475310209,4.871809913010623,3.52323800757118,0.7522176541369336,5.752817053398402,4.646926144228418,1.9698219691016263,3.2883720363249997,4.1292756393101335,2.999176335956546,5.747464375742324,6.786720336603863,4.5620967004296995,1.3361320059268265,3.4250831647881137,6.5099309059699255,3.681320960536057,0.9867864734858529,0.0,2.8486639544963746,4.850098712174033,5.882832017579736,5.617705206705392,1.4736410985365924,0.44526257798223046,8.008940920402706,6.963275128886906,0.0,2.6714207942794195,3.349265286793788,0.0,8.133108876409946,3.776139133607281,3.3090857477184303,5.8462190977512405,1.9698219691016263,4.973819154304525,0.7522176541369336,5.366555286464085,6.915386090145037,0.0,4.054322594817016,3.8851141888709284,2.458237501804532,0.7522176541369336,3.3090857477184303,1.176622162303137,6.3549142405199035,4.302858960713321,1.176622162303137,1.4736410985365924
TCGA-50-7109,1.771828833739176,3.627315172205205,7.54441676055522,6.027584303414342,1.9603623538810715,4.955510105968948,3.4694757757486836,8.489667820351485,4.117559661062185,5.882135054359543,6.94826362431963,2.8252404685136137,2.4312685031187176,0.7976873598338692,4.989316317723689,3.6901885968125643,6.114884995981775,2.483530703608069,3.7776592664995268,1.9603623538810715,2.6256898096734447,2.668914284353612,4.153760610870858,0.7976873598338692,4.980973019835,4.977533422591139,2.750132201481577,3.107130525344046,2.53319668891575,5.893975745830389,4.997597334753751,6.6858172507329146,3.7636018803092455,2.3761236173288443,4.633777078997087,5.257448495929115,3.7348800166746208,1.771828833739176,0.7976873598338692,2.3761236173288443,5.927056684100932,5.7057971105804075,2.8842530768879877,1.5392729257169713,0.0,6.971471587195284,7.010212584400505,0.0,0.0,2.53319668891575,0.7976873598338692,6.6016159138655786,5.807869179361226,2.4312685031187176,5.843976207854254,0.0,1.9603623538810715,0.4763583948837433,3.4107945148348344,5.754757551751332,2.1896963109154277,3.6109584523630196,5.057582491203423,3.979246045019495,0.0,0.0,0.0,7.758371911860844,3.123909985771809,1.2357040024873895,2.53319668891575
TCGA-50-8457,2.035724736234563,4.834081074196363,6.1643206138278135,2.244235381605574,4.941113711437611,3.9938296948322343,3.5975368928909677,2.290218946406478,3.124512396753027,6.292910831679365,7.079866554472066,2.3762815519163825,2.3762815519163825,0.0,0.3673477859950363,8.14862205323096,8.465386080837227,4.984565066363071,5.34100801404829,1.020794880954773,2.882921853924128,2.907463743041545,4.585188882730312,1.020794880954773,3.0641943375208873,5.306786402806082,3.0641943375208873,3.7442739520574335,6.595814666383576,2.882921853924128,1.844699739938549,7.9614713123677685,5.43433317046548,5.388761179317581,2.7215125095514514,7.915716849010493,1.608377350236779,2.954806106941345,0.3673477859950363,3.547684485446894,5.657378960171293,6.711354675907256,7.060596530453584,2.455520749264759,0.0,7.4433710715553465,4.591553903738826,3.912049005090152,2.9776599484212443,3.71227122097126,2.0920615730359384,7.509948776410734,5.514947753179772,3.844103843023524,5.284132231555955,0.6353591567925511,1.608377350236779,0.6353591567925511,4.99963501223739,5.219052273120825,0.0,3.3189455690454275,5.9837271908193514,2.572230477959675,1.5153030416834243,0.3673477859950363,0.0,3.021862876131244,5.815782897260362,1.608377350236779,1.5153030416834243
TCGA-50-8459,2.779222917222793,4.387620957230191,6.82708087182849,4.517854762781095,2.453630957867825,6.307641142064258,2.3524698959230435,7.363349337225423,6.012038935343591,5.880421248314658,6.759120690842573,2.239911498465987,3.4408314709022294,3.9167299105495514,1.471783747135305,3.8942031710981344,7.9948953459751735,5.447051977345167,3.286044633764028,0.750944279286162,9.12516258565854,4.971423114239899,4.811623222356974,0.750944279286162,4.6860494667137145,4.718891651289789,1.7976587011590448,3.5100786920418785,3.927805799303328,3.574839716068842,7.598705046998581,6.783064691023096,5.668849356616085,1.3343429554877908,4.6911919067628505,7.49044006250333,2.6691707630412926,2.3524698959230435,0.985256936338878,2.9393735398846066,4.421803683428426,6.066697243664873,4.3155368777800485,2.239911498465987,0.0,5.917247338218914,5.847048415778646,0.0,0.4443652570657209,2.239911498465987,1.1749558552554433,7.4259179208821315,6.5834313519277305,2.996876618541436,5.4300296055154496,0.4443652570657209,0.750944279286162,0.0,2.968535778865519,6.722056826889867,0.0,2.968535778865519,4.605482137326213,2.3524698959230435,0.0,4.022325688433291,3.590395242395542,6.11110585510633,6.104842338352126,1.45495717814486,4.622125626637505
TCGA-50-8460,3.1217171376262347,6.151457413793861,6.168472009078168,2.331532057615684,0.8061186592191067,5.3161671078108315,4.4162396378435105,3.873032665736861,3.0362262142704806,6.839568511077802,7.110230708567892,4.678113909238429,2.802723814704891,0.0,0.48217920517586904,9.413942221950075,9.152478181131519,5.526687236833828,3.2253985058573944,1.7844998484987948,3.833611633069959,3.7642512701375743,3.0951476518521894,0.8061186592191067,3.296662451041124,4.636426575638645,2.683122060777359,4.555727809174225,5.057098944506295,2.875179154757495,7.269143099849374,8.04378537449294,6.723658146786732,3.3193327374920556,3.296662451041124,8.650264978438285,3.2253985058573944,4.132576004156648,0.0,2.9748865023723616,7.212766333555693,6.617686360277812,4.5226371299696355,1.883457070916698,0.0,7.8142380698652065,6.231337380376068,2.9544309975300362,0.0,7.414307785974951,0.48217920517586904,7.177912178768037,4.407897820766259,3.539717974171135,5.4391396161639625,0.48217920517586904,7.004872915261524,0.0,4.3384482406057225,6.369654377081063,0.48217920517586904,3.9827461125271153,4.502243373138357,2.942742804633285,0.8061186592191067,0.0,0.0,4.515885317483128,3.89834792630483,0.48217920517586904,0.8061186592191067
TCGA-53-7624,0.8404890184578732,4.827088987602483,6.849097035076821,5.061233346859347,4.202843148980414,6.157474625447688,1.6848607340799602,8.790762140604752,3.4576470258657186,5.6773460925831625,5.849042319309329,5.73004458664509,1.763171362375931,0.0,3.259361122712491,0.8404890184578732,6.647523638853937,3.429587216137388,2.136058142098732,5.888002228733236,5.269079062941318,4.371635331606757,4.909340575944674,0.0,4.266446015666448,4.162096664272919,0.3640874036541863,4.2158908782182625,2.2806972932360163,3.308734810236534,0.8404890184578732,5.085977742066306,3.712715602482535,1.966888555440505,5.766447366646393,3.370985566253916,4.719489451936621,0.8404890184578732,5.225165859912226,3.5245382770958837,4.054450956060423,6.174075645314109,1.6848607340799602,1.40467440840132,5.554338478771623,4.308677413057693,7.929292119969939,0.0,0.6303671124372374,0.6303671124372374,4.607700980823541,6.898169481678541,6.3241779424139555,1.014034312192812,6.362738406409889,0.3640874036541863,0.3640874036541863,0.0,4.22235218521598,8.88184186054427,1.1618687383031245,3.9069783022834117,2.519187296264833,4.531824999762276,1.8357923034809633,1.903494623634081,0.0,5.36802531563938,3.6462276615338207,0.5399377243094383,0.0
TCGA-53-7626,3.6595459015017893,4.796410188289292,7.320560052393687,2.8459960025377193,5.227009317103646,5.214707470683943,3.1063966985837146,7.7134853310848435,3.737040849220954,6.168182935431502,7.058285125783835,6.350255500718342,2.419781289827538,0.45050220658288553,0.7599643535972626,4.775039534842806,8.582836726800624,4.063753043579158,4.033976886558842,0.9959148904297671,1.9823660546371578,4.003286827941304,3.8468421447013323,0.6171296941360294,3.881934863110861,4.288700360626482,0.0,3.093580139797543,2.492957487977711,3.4838152323454423,7.729124155644212,6.946264200410244,4.576505244134293,5.955788145455422,2.9405366380860407,7.0791506956425385,3.226280343632567,3.63732559946772,0.0,2.894380379293523,6.611948288596809,6.270109028283065,8.36168258731099,2.8293352457089807,0.0,7.25399395401893,6.210778775916492,0.005683816468297671,1.1867147368896553,3.6943146566038756,0.45050220658288553,7.061737373171064,5.317820929521096,2.684979439267261,5.410725985866965,0.6171296941360294,0.9959148904297671,0.45050220658288553,4.9324358865008024,5.794549014410653,0.0,3.291866029695574,4.1834278191631515,2.8785128290502735,0.45050220658288553,0.25036953756780117,0.0,4.801098746188263,3.5146837926250516,1.0541029486821525,1.6616697662369353
TCGA-53-7813,2.7336204772137402,3.664246027272054,6.758356955466441,3.7879439413149427,4.087348479942863,3.492262199017867,2.85899574998052,8.573146212395358,4.671500850277367,5.776676615176194,6.216318634620639,2.3272484368634094,2.5902421651333216,0.0,2.221591933784514,5.102375472658972,5.625691195041131,4.154069956325044,2.1034265869302966,6.999011799253689,0.7069021457922811,0.7069021457922811,5.425997926382812,0.7069021457922811,4.216616765728724,3.2451671588222695,1.814612993357491,2.7336204772137402,3.492262199017867,2.916239831123429,5.73439250410004,8.48777673904247,5.532594706568676,1.9694173903811334,1.1169432453528332,4.469704352109398,3.8554251403337427,1.1169432453528332,0.0,2.221591933784514,7.864519784754783,4.570378928296537,2.221591933784514,2.664495308950111,0.0,6.939089203790078,6.453815531921224,0.0,0.7069021457922811,0.7069021457922811,1.406880994728279,7.096373635920114,6.071483408343348,3.6375598435906458,5.73439250410004,0.0,0.0,0.7069021457922811,4.231660036171456,6.231390483099366,0.0,3.35860994076925,4.28967008859573,3.3380232626378827,0.0,1.6313950797861425,0.0,6.388626949616057,3.3222082854117834,1.406880994728279,4.303662309394959
TCGA-53-A4EZ,2.0396996927588957,3.264976661750864,6.838863830923084,4.808682295353074,5.322019244620563,4.982112355163018,4.837162471521627,7.5054152640714085,3.066111516916526,7.204119551816752,7.575733358449092,0.0,2.8408663379923254,0.3317468036138815,0.7794624820118654,1.744178573598608,7.242282768665423,2.4185175284568117,3.8253970087154516,6.084241976752218,1.3228219381643171,0.3317468036138815,4.866818809830519,1.422481631881603,5.766084120853388,3.7310741061087147,3.6876161564894065,4.703874598860431,1.8730321893567914,3.0476081482086985,5.039792721299233,8.447107580249549,2.549671707764164,2.2259200080585604,3.3513101158967915,5.069903702553315,6.33714072577821,1.744178573598608,0.3317468036138815,3.1868648986264954,3.8424113711183856,6.300271901174711,2.3828462383467963,2.665601884837371,0.0,7.635134789837817,7.370539158442667,0.0,1.9317242895728113,6.992454819068279,1.3228219381643171,6.801942438818782,2.452615869089439,5.24414097265198,5.915727556516226,1.513125230292186,0.0,1.2121195294617044,3.583941071567612,5.817221272948166,8.373029475434517,2.718891224280085,5.478210978267324,2.9699630816600284,0.0,0.0,0.3317468036138815,7.0206553009975865,5.454936425989619,1.0994785799960676,3.378505183574529
TCGA-55-1592,2.951440725420866,4.894984982566124,6.856637758619112,3.8618175401924857,4.924917625359657,5.597514139647647,2.8931955450316917,7.416252193408029,4.454158906416233,5.739448801533011,7.305886895990078,1.5081579488767312,2.1802818566059075,1.234249795210208,5.52900042421987,4.635068736333954,7.260894981311616,4.819272992650152,1.1522162447529012,7.02313543002221,5.186357344194442,4.402484684388756,4.073725101408239,0.5943760184599247,3.058646037988949,4.808290605696833,2.951440725420866,3.32483096370262,3.610817907643891,3.071271007394175,7.8939339483188204,7.065852446885227,4.225250010069562,1.8996567645378513,0.5943760184599247,6.6767446129125325,3.45263166611014,1.4464012018520092,0.0,3.542711411423793,3.526925071112149,6.141807271581675,3.32483096370262,1.5663425023285147,0.23948922985029583,7.3851688864028855,7.075512962215613,0.0,0.7336171131136585,5.696546356991574,6.153383546683783,7.380118621912332,5.61375564666975,4.4666710459423395,5.567985660758693,3.6325286552416793,0.43262621617053704,0.9646617605995498,5.644548968123396,7.337711353335155,0.23948922985029583,4.2487166461090995,2.117158721246612,2.598971671075971,2.979338629067557,0.8557761040081638,0.0,5.454286392182079,4.586630380996079,1.1393062749956657,1.0628123845369222
TCGA-55-1595,2.843489771996034,5.484327943864161,6.1016454261242545,4.107905528594804,3.996547960497834,4.434614340948783,4.560298335192554,2.4580491956181176,4.49773195782418,6.994171478889021,7.092324308316571,3.7496734733465247,2.0818885453228875,0.7978674913303484,1.0407006500491165,2.0818885453228875,8.732783488591924,4.74087172214682,3.9909229065007463,6.029391154036126,0.0,3.845455761156033,4.649005236692118,0.9266370239282994,6.516796444275595,3.7170538032968268,2.2560803153382922,4.490912429227833,4.040444364039729,3.2936864072763763,5.926579299200965,8.038566893583615,6.010855324899914,2.9121549932986435,3.6437356339446576,4.420030261323926,4.252492954822335,1.662561530756373,0.2663562857370285,3.338001958165008,4.645908977047035,5.992731244507983,8.328265059182847,2.3180646638424323,0.6500308894863173,7.337438090181038,7.12467953048243,4.622990457558007,0.0,4.454539138315758,0.4764825953434447,7.68419526453818,5.870623716157048,2.0430887122140375,6.187386941756937,0.9266370239282994,5.240147853484208,1.4718296492261533,5.45995991213359,5.310522578986399,0.0,4.335778486841493,5.8609685430269804,2.0818885453228875,1.662561530756373,0.2663562857370285,1.5395303370187485,4.286643952241304,3.8712176774356704,2.988622055758846,2.6260010373969376
TCGA-55-1596,1.3763197799726865,5.709665137814357,7.385237126521278,4.436530208097129,4.126856927202385,3.4015706453239396,1.214408166047464,10.10773774304606,3.7341539216484763,6.5640120728112645,7.024702409811852,0.4650538995198219,3.0507080293501776,2.016594921803132,1.6379281828337278,0.7812038443802285,7.735756726782015,4.17351304171567,2.9629042833359676,7.470053181117089,3.5309294827769007,2.22882013892597,4.098864332653763,0.0,4.400860655767592,5.135168827122816,1.8450790426582717,3.9029701517218554,1.214408166047464,4.17351304171567,2.5977441430513695,5.7500392738345,5.175267988019126,0.7812038443802285,1.7468492682570607,5.998968819490919,3.9722108259784434,1.7468492682570607,0.0,2.552666539242693,4.497695214220486,5.505798906372578,2.2965871411904097,0.0,3.705451378107634,3.156936589325672,7.65047802948535,3.1478265547278492,0.4650538995198219,4.573831210177394,4.929851756520444,8.23422797707788,5.365097124237574,5.538923554612798,6.755657157880906,1.214408166047464,0.0,0.4650538995198219,4.942613379649346,8.118558701428872,0.0,4.757487758128182,2.552666539242693,3.0512663132567686,0.7812038443802285,0.7812038443802285,4.849699424622976,2.7968971146855823,3.592767703137259,1.0210830861588718,3.513442146406121
TCGA-55-5899,1.8154108895593362,5.463369833926612,6.642257309586228,4.65410319709727,5.286244785313768,6.057596329580367,0.9986077743633687,2.9294215162665695,4.258787805706194,6.122321742251637,6.976086598358404,0.76220671649144,3.0446605234272486,3.2637115137299033,1.3500452284447695,3.9150165203880105,6.836709229738966,2.520128995497761,4.012655360932681,5.42886305639468,1.1896710196150764,5.579873211932381,4.067064145820549,0.0,4.691485487440011,4.089042196159013,2.8984115740086547,3.219011815621039,5.361433000862112,1.904358721897078,9.899615064122255,7.359429445292034,1.8154108895593362,1.7177720026337593,0.0,4.336496961820985,4.972926504077621,1.9860370449075966,0.0,2.649339995620877,2.9294215162665695,5.731634319256002,1.9860370449075966,1.9860370449075966,0.0,5.660620939989319,8.216501526672678,0.0,2.1317493213031806,0.45203057725548523,4.563000408616437,7.121510901265622,4.513759692513274,3.903555255009275,5.815127050061169,0.76220671649144,0.0,0.0,3.6110557409833004,7.202899440665048,7.5119783453454865,4.082508120446145,3.93755234103889,2.7278005394496474,0.0,1.6095579052346765,0.0,2.0615448469397437,3.3674337515093464,0.76220671649144,5.463369833926612
TCGA-55-6543,2.874829376186329,5.37085660888831,6.2076660581221725,2.99333440095399,2.7757213105575764,4.920046617101063,2.294411782304884,3.913070456659519,2.542050711673108,5.769563972977468,7.04905516854479,7.321658023242409,3.7031866168103345,4.4314665876848105,1.6973205764096286,2.175183446459339,8.256537266904745,3.8439133152503135,6.127041658322623,0.0,3.047703088372731,4.167365753567243,3.7837850066131278,0.0,2.7403753998751297,5.778311548610303,0.4430177641607487,2.7403753998751297,6.13431735999157,2.4971892423016904,6.789425468871842,5.5198876809738175,4.067548739434938,3.195050236303847,3.171951918156477,7.268690136590886,2.175183446459339,1.4689106772971237,0.0,3.5867664373964114,4.0864535095993295,5.963476510567813,5.661142857037234,1.3316005546972436,0.0,7.862277773620839,5.649558574445755,0.0,0.0,0.9829021031726566,0.4430177641607487,7.5794336449264295,3.9054695785583027,4.5202482609362455,5.111951643124999,1.4689106772971237,4.20132576385863,1.4689106772971237,2.294411782304884,6.152072902621086,0.0,2.9649946768071236,7.29401038415761,2.4530977346066574,0.9829021031726566,0.4430177641607487,0.4430177641607487,4.8351781234033115,3.406092049872212,1.58962288506104,4.158690877389287
TCGA-55-6642,1.8313807431717912,4.649560207522552,5.696603433563167,3.696810420690135,3.2286835712992676,2.3822831258894395,3.6468223221253484,8.579747244799538,5.853101500821278,5.4841452689212575,6.696424185072926,2.692022440025013,2.4965222599602295,0.0,3.728799441948448,2.3822831258894395,7.486663760297969,2.105158020184472,5.188748006116156,5.450948320748496,1.4531349180386992,1.0871805277056898,4.0371020271970055,1.0871805277056898,4.501163198342244,4.766948841550716,1.7204782672230914,2.5490935466129883,1.931202520183039,2.777084849494272,2.5990460183073143,7.595819563484943,5.11281876829826,1.2868054626191483,2.817048093477321,6.319672370204134,3.3734218551056143,1.4531349180386992,0.0,2.817048093477321,5.279552400694958,5.508335150643319,3.4998383717901724,1.931202520183039,0.8375072310667812,7.240534992336951,6.986806726288641,3.7704225740673314,0.5039822612839827,1.4531349180386992,0.0,7.171495519437251,5.9683545565105,2.692022440025013,5.516271475970697,0.0,0.0,0.0,2.9959272545439624,6.650354078114163,0.0,2.181964284666838,5.592351720471282,1.2868054626191483,2.0219580750159416,0.5039822612839827,0.5039822612839827,5.481417786615896,4.115588960124874,0.8375072310667812,5.318830525670407
TCGA-55-6712,1.8527761710338295,6.150276489210205,7.421554477289961,3.630895405413662,2.537767880986601,4.111681734479513,5.743009598045347,4.601045691944424,4.687220108626409,5.350549220350872,6.667488457685959,1.7013422991035925,2.298838081707111,0.0,1.0269372519612188,1.522790105708428,7.8722455244355265,2.8409830813205765,1.7013422991035925,0.0,5.116843450405219,2.204564242639605,3.7296182451728797,0.6399046191642257,5.359021985164643,4.678764454790266,0.0,3.1139685398191967,3.1905874552852316,4.908521354454445,2.98676216212875,6.325206273562681,4.248665227600997,1.0269372519612188,3.4491236807440724,8.0691451642699,4.445568174615821,2.384975811162951,0.0,2.891976025925345,4.019471938822756,5.864576751127887,2.7872556352831777,0.0,0.0,6.690771467458181,6.618043147353877,0.0,0.0,0.0,0.0,7.916679885275385,4.1420452442324285,3.3598196772081774,5.830949490867366,0.0,0.0,0.0,1.0269372519612188,7.230881712367113,0.0,4.286349637600328,3.15301376156833,2.6062094098665787,0.6399046191642257,0.6399046191642257,4.391568466261,3.1905874552852316,3.030988407368894,1.9842788509984555,3.8629462001810855
TCGA-55-6968,0.0,4.176076611385205,7.320917355946704,4.51569176835467,3.0991549127415285,5.926349860018682,2.6508023715000855,4.611145299390933,3.9050950625554472,4.990187658827151,6.785123130358041,2.318320637380104,1.3511851840063227,0.0,5.672081947224396,0.0,5.926349860018682,3.820959794471144,4.611145299390933,3.742740075096474,2.5665327186679456,4.074369720097799,4.153672657636792,0.45260311456556823,4.966544072583289,3.8164345869190224,1.1907659768386543,2.609554954353111,2.6904156218904007,1.4894148698343699,4.034661788394234,6.9627357673076,0.9996019383350099,1.7190633204952837,0.45260311456556823,3.4076067974028943,4.708655945388094,1.905698087535721,0.0,2.1987456421525984,3.5651456225409137,5.321926465520209,3.4981728407855415,4.570500063175196,0.45260311456556823,5.604882526001319,8.07329074323796,0.0,2.72851927294155,1.7190633204952837,0.0,6.774957331606592,4.291290602487402,3.7012106119144037,6.269454174201272,5.755188262716101,2.425103565417247,0.7630463079396125,3.5970218074521134,6.777744538724445,6.853502873899731,5.412716906856533,5.619520043124194,3.3287449614027356,2.133136325182723,0.45260311456556823,0.0,2.8006354595570255,5.249484201454078,1.445883152531548,4.034661788394234
TCGA-55-6970,4.096126307304519,4.940019678099911,6.47234784009476,3.3543188890836673,4.349679047383674,5.036348523891036,0.2785404145344975,9.903732522528529,3.7015908212810222,6.295780629143692,6.634253522264158,2.4783770449081697,3.0557779042580044,1.4380088168065692,0.9578932217286685,2.9933694843648024,6.725027639747868,3.4505334285565294,1.8147758810305121,4.693693752376124,2.695505173599915,5.172714460245635,4.0218168792150175,0.2785404145344975,4.006736643700584,4.859005877656043,1.1782241343031583,2.8917818743256194,2.8917818743256194,2.695505173599915,7.633161496361812,6.1676590383799565,6.159545604254341,1.2725375841947448,1.0741146570677094,6.513206371758132,4.964982204159966,1.6440325571985994,0.0,2.4783770449081697,3.7924846801518957,5.624959300826657,1.7610424965659945,2.2006409570816805,7.026391284089959,5.886490068039554,7.379026854044724,0.0,0.2785404145344975,4.046831831786658,0.2785404145344975,8.106746696778092,4.3407214505196485,3.2725075829170764,5.5979514779691595,0.8263222597123616,0.0,0.8263222597123616,4.1276890698886834,8.228446552514619,0.0,2.778695040671542,2.504970680823742,2.918159845559,0.4962194713766285,0.4962194713766285,0.6748304487740475,5.091176339117569,3.1001553499529053,1.5115163258732724,2.695505173599915
TCGA-55-6971,2.7421810598183556,5.661375892005707,6.421209174365089,4.374654527344259,2.9137084380754,5.405753726150202,1.5835455804681504,6.81238359728661,5.121013201565865,5.986205743808791,7.38300760966354,3.657236556653861,2.7421810598183556,0.6770686103472546,3.705987277214102,5.290703454142352,7.305141171275728,2.9649121762141037,3.4343000587669477,5.240704143415667,2.0510935061643476,3.839420054008492,4.097453059168801,0.6770686103472546,4.410572788437653,4.8334763878589655,2.7421810598183556,3.3698305459126554,4.592829350153292,4.909414346738851,7.656918832612765,6.877309473469477,5.204149534016542,2.4551860011166955,2.802687427251281,6.349404690344436,3.3698305459126554,3.9934739518371263,0.0,3.0136262177278006,6.45830693489105,6.155863957392945,3.2645907892635595,3.8600263058143973,0.6770686103472546,6.756541615230914,6.698589827248407,3.174455698160584,0.6770686103472546,3.9000050785707447,0.6770686103472546,7.440622198824994,6.429114456340738,5.3429656315501335,6.190174002413529,0.0,1.3620528967468564,1.3620528967468564,5.324272596335877,6.2805961934197345,2.608944159454496,2.608944159454496,3.938446801581982,2.608944159454496,1.0770821701177464,1.0770821701177464,0.0,7.910260403671724,4.916456474063045,1.0770821701177464,3.5793435670456293
TCGA-55-6972,3.0158485771388155,4.943562007598019,5.791439198920032,1.4872024795514294,0.0,3.6251326195098645,4.5375955939814325,9.652407382528896,5.155451110774093,6.069598511212057,6.619930529685832,2.3157382102389583,4.320163198969284,0.7615532132240057,0.0,2.6877522511540173,5.101340949938045,5.087343216780859,2.762551012569195,4.561729139744112,1.4872024795514294,0.7615532132240057,5.193056845890544,1.903271028370388,3.7667058614534428,5.03258593954612,3.2177792238209952,2.3157382102389583,3.562369070705592,6.050949696442748,5.324657401879877,6.3487473062895985,4.630818439369286,0.0,1.188788098000733,1.4872024795514294,5.649343888142092,0.7615532132240057,0.0,2.196212954707439,1.7167125949051438,6.389819437421001,2.060424355843738,0.7615532132240057,1.188788098000733,6.602996221294699,5.425068953139554,0.0,2.196212954707439,3.913757500321804,4.273554337999148,6.976002539236773,7.110132698979209,4.7851723884914685,6.133497821098908,0.0,0.7615532132240057,2.060424355843738,5.036744788614045,9.335677029287467,1.188788098000733,3.121902262409683,4.500266232756443,1.4872024795514294,0.7615532132240057,0.0,0.0,4.320163198969284,2.422499189659383,1.188788098000733,0.0
TCGA-55-6975,1.256954173113836,4.848680911094468,7.42102192103734,3.7784778984238674,1.92681470022092,7.189462034733555,1.256954173113836,10.067844541766666,4.49815942052789,5.006392974838123,6.323335140963942,1.6469456207705027,4.389885671384149,1.256954173113836,3.7784778984238674,3.6987431475508257,7.82159500960525,1.92681470022092,0.0,5.18572520993717,7.362657960692633,4.730233323941764,3.608696528276959,0.0,4.1827094672237095,4.707636517532581,0.608786831941872,3.0500973451992817,1.256954173113836,4.5257621935069094,0.9844726079265248,6.212413692473656,3.5657820094686596,0.0,1.6469456207705027,6.377736642067498,5.521268899427887,1.256954173113836,1.7966309177650763,2.324395507257895,3.197456050694575,5.1904091638454215,2.6081046277754645,1.4708422896437532,6.322101936927819,3.197456050694575,7.952467369467875,0.0,0.0,2.7780736524703507,0.608786831941872,7.586204978781498,5.795996958644012,2.9673790942569487,5.98725068123275,1.6469456207705027,0.0,1.4708422896437532,1.256954173113836,8.284991236363584,5.5510041860025545,3.95377129080853,1.7966309177650763,3.231140307688183,0.0,0.608786831941872,1.6469456207705027,6.548794868209723,2.324395507257895,0.9844726079265248,3.325866610912815
TCGA-55-6978,1.6019700975865794,5.411637123243751,8.365681692551775,2.687146567921433,0.30770526365724726,6.205829680610609,1.3563504847468186,2.5838994344112685,5.515422724609913,5.2921986855398595,6.882537978767285,2.188923552296833,1.737532049941577,1.151046598516531,0.0,3.0003963796808675,8.063922384393663,3.911916999809749,1.151046598516531,1.0300835951481808,2.0598508919148317,2.5279821033611225,4.371301828992492,0.5426149462553981,5.579982624218736,3.4403091145183256,1.151046598516531,3.0356258372156675,3.3068354188246625,4.125247121411916,3.904686156454128,6.123279780473248,3.0181686842974904,1.151046598516531,3.453843593776984,6.994309051286712,4.75910941488975,2.8662896533522697,0.0,2.711377991194885,4.771387767033487,5.3739441846710285,2.75814110624278,3.1499886620796023,0.0,6.030718913541139,7.894862285599324,0.0,1.6720558404128056,0.0,0.30770526365724726,7.941163936487143,5.338071591204897,4.065269276400983,6.058894197401098,0.30770526365724726,0.0,0.30770526365724726,2.5838994344112685,5.889844250325133,2.2284971206403266,3.6018308037023883,2.303224888281385,3.6865667819480077,2.6368549060600586,0.0,2.687146567921433,4.4875380139512195,3.878879786834892,0.6497176226326093,2.4988013366457724
TCGA-55-6979,2.507572820286912,4.746322465743975,6.893817599208516,3.465935882802393,1.9936385252375404,6.657079932159451,4.165459846463474,7.066031721846544,5.040989896110003,5.4860409726309864,6.874182983440533,6.965505184523041,2.246681186048812,1.3399362371417411,4.782378693395223,4.085798145420259,8.702922269343532,2.5633943028367416,1.6540670505773052,4.389873269160182,5.627419654550186,2.803554301496661,4.239239684071326,1.1359401859340874,4.259357462521047,4.2302585309233836,2.385611038692424,3.9597173312908076,5.542807450761796,2.666470975510415,6.351252141719494,5.955220598990139,4.259357462521047,1.9936385252375404,3.2721852854261213,5.900790105645685,4.259357462521047,2.5633943028367416,0.5333891421747421,2.5633943028367416,5.279134547131263,5.9122968731474215,5.622333779044688,2.714284063476759,0.0,7.0827332710206585,6.897384689832821,0.0,2.385611038692424,2.246681186048812,5.468363892466379,7.646463606518414,7.3691469313793085,3.946188655560093,5.707771175867106,2.8453685806979623,0.0,0.0,3.9044685421906693,7.1761551386985865,0.0,3.799769901476076,2.759914998817286,2.9612443430953177,2.246681186048812,5.017935251123108,2.3185568625037445,5.483115021944759,4.60420472007583,0.8002960960769884,2.666470975510415
TCGA-55-6980,2.717789288522943,6.017064065408195,6.883711530833695,2.927640781416872,6.067480697531005,5.543778028253277,6.855233862340029,6.686081896440021,4.1827323526311355,6.036270594738538,6.86808470465649,4.260560731829912,2.593641466084776,2.8791591306820616,0.6335033276324303,4.169150505023343,7.969790024908998,3.2137708164581955,4.196130697386338,5.065016150388452,5.3497184051309725,3.101001785071066,3.8000786415060017,1.6902618533270204,4.640189779089131,4.768979782217109,1.9725798998957425,2.973875137198682,5.651857401791282,2.927640781416872,5.234104125834385,6.976208004616579,3.686466545389646,1.5121998755068466,2.088574707061058,7.226216282801499,2.286628460369784,1.8413429694168828,0.6335033276324303,3.5438132188173066,5.673354194528288,6.590012545045192,7.295158244271893,2.657640726557129,0.0,7.391766590944981,5.261995647248525,0.0,1.0182334133854625,5.394876765752794,2.8282067141277003,7.371954595750222,5.058517109333745,2.717789288522943,5.07058203914732,0.0,2.927640781416872,0.0,3.750823205496269,6.702283409641421,0.0,3.4913488234839796,5.830479734368748,2.593641466084776,0.0,0.0,3.4913488234839796,3.7915375715807995,4.321089620317978,1.2832367473024857,2.7745181097740392
TCGA-55-6981,2.081626652585173,5.855776544957668,6.335334354109631,0.0,6.0938067622762855,4.105104796038407,3.878846707933439,7.043037637770305,4.455366544085774,6.502473654039907,7.387634978898079,6.413085116805953,2.820753691015295,2.517978690848194,1.8346912366115675,4.8397599784265495,9.00395683370225,2.517978690848194,3.7636459593871185,4.6576297999604535,3.483664839559102,2.9663601038955023,4.523407917383385,0.6297813049381256,3.428313072486083,5.129277220059996,2.650272772182541,2.5863118535024934,1.6838029943894073,2.185455593736221,5.612423478634188,6.279376593113818,3.169979655080372,3.7220941866500077,2.517978690848194,7.029149563999111,3.399442509440881,2.185455593736221,0.0,2.9663601038955023,6.188192251916758,6.385371449090718,3.6787407305159694,1.96576879719126,0.0,7.85552529788291,7.239293936922006,0.0,0.0,2.081626652585173,0.0,7.029928662939813,7.429378399407464,4.214594182984394,5.514911517284087,0.0,1.0131996330421769,1.289673322515465,3.132437374633781,7.668121759179882,0.0,3.3074652893558287,4.3478983331544665,2.081626652585173,2.3654753815422596,0.0,0.0,7.608394325300377,3.982138446597915,0.6297813049381256,1.96576879719126
TCGA-55-6982,1.8765906936333887,6.519996484792786,5.9895827776899635,4.514626030624397,2.9186136199976778,6.697531654803239,2.12525107771113,7.688065908301548,3.253876106052822,5.859043965875411,6.213131008061144,3.980554170345021,2.967199045231685,1.7244437619431878,0.0,1.0451060211449685,7.85962162717018,3.7916165315650487,3.322669914320836,6.082143565072307,4.385531734627629,3.3870308417445774,4.036625402958525,0.653314280058222,5.232273713267161,4.8051188026322516,2.0086300532253496,2.229670254926527,1.8765906936333887,4.582888789079327,1.5448993912965292,6.484035055563219,4.030912983752927,1.0451060211449685,4.182523313121145,5.859043965875411,4.6107754471188365,1.5448993912965292,0.0,2.967199045231685,6.699804481098252,6.3755527894565605,6.588256376862629,2.0086300532253496,0.0,7.355909437576333,7.043997992651564,0.0,0.0,4.504482070979025,0.653314280058222,7.956220983959655,5.186843759518847,4.809636396633572,7.121373609071275,0.653314280058222,0.0,0.0,3.447501919537929,6.168982920395917,0.653314280058222,2.756834016045137,3.927524238113595,1.8765906936333887,1.3259072111047956,0.653314280058222,3.980554170345021,6.727783758688056,2.563740935305809,2.12525107771113,4.014406293539068
TCGA-55-6983,2.513453613432643,5.1894451364770875,6.7464121285733745,2.541767334125734,2.9853940174675584,4.803381496003264,1.433058665095775,8.450388638099291,4.740356458543159,5.930059777305228,6.261106113815081,3.2091850203351635,3.2091850203351635,0.8831061644831113,6.121637180410288,2.391428956620651,7.090318473246073,4.743452773788098,3.003149696331853,1.1402979101552164,5.708288971794063,6.074628532368718,3.7138305698748497,0.30350620779866627,4.171765374190629,4.448184157021429,1.659237091186584,3.1501857646721394,2.1337876714199493,5.606819930449417,6.307220095949844,7.318831283197545,5.779801714411914,2.787982133409613,4.149642078999974,6.866792649573259,2.6476347240801448,2.391428956620651,0.5360254247877329,2.720268585040082,6.253432579239655,5.803618759811212,2.6222017839761724,1.589378052056328,2.4843148080175395,6.817574521170603,6.553518788170005,1.3782873907179742,0.0,4.351512013282717,0.0,7.127725801560849,7.271126751043241,5.29266140169188,5.653881193424771,0.724548943699477,1.8981894128439016,0.724548943699477,4.225020423361185,6.821714703339626,0.30350620779866627,3.317659963484026,3.8819286798195565,2.174910799739635,0.30350620779866627,0.0,0.0,6.2486461741113795,3.9454307018440575,1.6759744362343447,2.871681511674685
TCGA-55-6984,1.869414713793659,5.675643597177515,7.315710617225214,1.869414713793659,5.3486491988790394,5.9434710655027025,1.869414713793659,9.564617443314914,4.852475477297432,5.508930742069012,6.3700379597478305,2.3165668905144647,2.805739367055461,4.101237418479272,0.649247538269927,1.869414713793659,8.579059395092004,3.6735424411036983,5.141768814120777,0.649247538269927,8.331961805171888,6.8819163095757965,4.346721943886358,0.0,5.322224304723421,3.6653881821248917,1.869414713793659,2.9591460869859474,1.5382211413431115,5.5014989978796605,9.913675478923619,6.493684245902095,5.650255107638392,1.5382211413431115,3.378829065800147,6.058828759716447,3.4962863248742577,1.3196736737779948,0.0,2.402864722784384,5.478862346162886,6.186979931304718,1.7174668646462,1.5382211413431115,2.748884995540546,7.628439802535171,7.3741524126337605,3.3838002588188543,0.0,1.5382211413431115,0.649247538269927,7.745379355987681,5.100524747669496,2.6244584251520835,6.835846732471429,0.649247538269927,0.0,1.039640466891539,2.6886091084445063,6.152332614682765,0.0,2.402864722784384,6.10475528526643,2.2221014547915963,0.0,0.649247538269927,4.31802396993962,7.437465461689668,4.131047685827742,1.430550452374428,0.649247538269927
TCGA-55-6985,1.700667048824716,5.748395673470865,7.246539127483002,4.029341933403219,2.5009440274856245,5.276971148528438,3.8869349146465826,6.640109793383969,5.265468708660964,6.121347416960603,6.96289665997834,7.8613533562268065,2.22018126673923,3.327396541825654,1.700667048824716,5.969469418035403,8.200505150548794,5.702137789569521,4.188523799721891,1.3825624060302124,4.285540513721708,3.645799704448253,3.959818389253355,0.5574992639636625,3.9887080825637864,5.174843795463284,0.9132862228538563,2.4377975718010534,6.27166495154947,4.497651788220888,5.133778751799582,6.572532861012113,6.378528046035594,5.097956067662273,5.4641495511491325,7.516601950282549,4.1539741793816205,3.152227346001222,0.0,3.7563278001019014,5.507451238993147,5.988362239925459,7.493111214275448,2.043347934031597,0.0,7.303890330493943,6.929418918618163,0.0,2.22018126673923,4.600233018208274,0.9132862228538563,7.144146688621852,6.49691072757946,4.401792496588341,5.546052061890223,0.0,1.700667048824716,0.0,4.029341933403219,6.633230271499504,0.0,3.152227346001222,5.230150939176335,2.8574984130667898,4.315894844957747,5.736427125651949,0.5574992639636625,5.060795947287872,3.83993391703338,1.700667048824716,4.042526568800576
TCGA-55-6986,2.832530758206315,5.528345166948386,6.353327758679574,3.0609955320060194,1.1569440878961597,5.0485538777955465,1.1569440878961597,7.120597958010709,3.3539764855472765,5.640214149393038,7.19486468749322,5.5341006982086824,3.2468527941471277,1.6790572543141573,0.0,5.31695264609221,8.92356588754177,3.2468527941471277,4.870307525004682,0.897515576547821,0.5462120724362476,3.7304459714083147,3.828800079550446,1.3627698160729336,4.9608496345857205,4.587100915560533,2.4136254477830366,3.188655764043382,4.965930772311776,5.313378377973341,7.927876156094443,5.779736836421131,5.231359922173155,4.029496659897772,2.4136254477830366,6.438188354367052,2.476639235369573,1.1569440878961597,0.0,2.591868382812798,5.471930279609535,6.0649612610528925,3.2747267176082064,0.897515576547821,0.0,7.205041087576613,6.402697986358977,0.0,0.897515576547821,2.5359086517540326,0.0,7.93388289262115,6.973018537434165,1.806188205880176,6.071691084037732,0.0,3.639268953560602,0.0,3.747723668415686,6.489920480729894,0.0,2.274278206778511,5.705178166891177,1.1569440878961597,0.897515576547821,0.5462120724362476,0.5462120724362476,4.29965538471547,3.2468527941471277,1.3171050417668921,0.0
TCGA-55-6987,2.944886247548076,3.233346616096654,6.31391211043248,3.456956854477282,5.081143461386862,5.250276671456479,0.7223661192291653,8.185804412104007,5.620658079011786,5.320029933453687,6.5221663248787625,2.7619384589910743,2.2852049291625094,3.39968957883191,6.497421839757092,4.001357182627416,7.31318038629028,3.6937401219052033,2.1711543496030354,5.153077698791353,3.0994794885418426,1.9463100690766402,3.7865459465410223,0.5342686754924574,3.7534187565012025,4.351789052113091,2.9813645503738435,3.2051095023713714,3.387831792113268,4.962487923290897,6.859590769050268,6.311990674783118,3.736728699567682,1.5109647356246407,2.5095504807007605,7.707134595228783,3.9483067175053925,2.8474004645463262,0.0,2.8474004645463262,4.711051565972539,5.451004118212301,2.537854824106096,2.826709889423371,7.231800620595222,6.421135970721466,6.936925656281916,3.5722754106730124,0.5342686754924574,3.161200100775785,0.0,7.529148637278692,6.569578189925524,3.326337331897157,5.757885484759733,1.137384183168648,0.0,0.7223661192291653,2.537854824106096,7.604261810598499,2.9070267350100303,2.5095504807007605,3.1760518276772727,2.9991165404571363,0.3023982562874615,0.5342686754924574,0.0,6.766052304021479,2.826709889423371,0.8806221025946948,1.429832663134374
TCGA-55-7227,2.1519831090905304,5.48111797524497,6.377444377559243,2.5981981320220253,1.1227519028545898,5.6155703770900525,0.8680244304646635,4.67035849596716,3.8418494371930323,6.207599596144944,6.542381178288241,5.769198735467574,2.8270177201662534,1.1227519028545898,0.0,4.67035849596716,8.178509711798247,2.1519831090905304,5.339104160448757,2.229261428575202,1.876207842305195,4.005597133712147,3.9602796939914344,1.1227519028545898,3.4020503511135933,3.8294671424235833,1.3255619209912703,2.5981981320220253,5.961025957967415,5.676572278944605,5.704582154826765,7.136236559240827,2.8671031309568105,4.726998362353084,3.4688186462596318,6.887824983536726,3.764826092028156,1.4941168436486365,0.8680244304646635,2.430652837036543,4.042663473353744,5.716023908300766,6.901131389383525,1.638316871984477,0.0,7.7164385282134145,6.426713351261035,3.8050033363584213,0.0,1.1227519028545898,0.525379204773502,8.108012187912278,4.287482411449904,2.367923294302181,5.329098722137472,0.0,1.638316871984477,0.525379204773502,2.905648910114781,6.272743035308271,0.8680244304646635,2.942763892781746,6.606339327075713,2.6483426586399257,1.4941168436486365,0.0,0.0,6.742384050249559,3.338136878828312,1.876207842305195,1.4941168436486365
TCGA-55-7281,2.60532325159981,6.159866761097848,7.434777034450196,2.470317409144692,1.8129010689814304,6.324833760041326,7.043797267421911,6.665015978970894,5.344948057876331,6.170641581736891,6.594398411756941,6.569033914969076,2.470317409144692,0.4509482227105763,0.0,1.1875994902079907,8.811753554100045,3.2387333526181075,2.4209368557833786,0.4509482227105763,3.623465883565611,3.9234099276519916,2.9780569818739826,0.4509482227105763,3.5277830417704714,3.9400602623569716,0.0,3.592577782944456,2.368990620190657,5.5725645942734445,3.1451087176903347,6.9668068995746975,4.8162978346237155,4.535902633922741,2.368990620190657,6.173019143196084,3.014220311666122,1.485868166015983,0.0,3.4937400992093237,6.006668380850255,6.389068839804297,8.15271358446039,1.485868166015983,0.0,7.169796414325958,6.202286498331049,0.209936723826928,0.0,1.6071553092765483,0.0,7.797780061220039,4.094297894466512,1.9018089743720128,5.467625447513429,7.323520491748978,5.748819573130922,1.9018089743720128,2.6861589942413935,6.698718014520326,0.0,2.86358278280595,3.9566540562737025,2.1291122704194168,0.4509482227105763,0.0,1.1875994902079907,6.51735216735063,4.318475625785549,1.0030187353839792,2.7963418692803113
TCGA-55-7283,3.557779389129789,4.6799714891608755,6.683981529134539,2.199455420487579,5.740679978426682,4.403076033447006,5.696227339696452,6.403587442880213,2.4001744915865593,6.480240861677001,6.6238460802828545,2.8645638013186483,2.304842543035261,0.9178095778434249,0.4063313994361222,4.258080584095709,7.9174853508215,4.9224668843659645,3.6267779610097826,6.372399571083976,2.4446313807861086,3.0228074115290346,3.188750582229581,0.4063313994361222,3.4524100061293086,4.698633206297795,1.7068005300008642,2.9727911262524236,4.556353821475433,5.25737557318552,7.858629063590698,6.678934392053629,6.254401724352679,1.388167605501571,3.6913189760590916,7.18257245235016,3.420146703820566,2.081626652585173,0.0,3.1378870031031765,5.874613264734657,5.4976107503153795,7.552872256529006,0.9178095778434249,0.0,7.6450246025769735,6.7203045906537495,0.0,0.0,3.0704407796368254,0.9178095778434249,7.825548880981039,5.29499184311946,2.946809850638757,5.298307366498037,0.0,2.1422754858512034,1.2545613504367474,4.445124665678534,6.0372000505481855,0.0,2.9727911262524236,4.485477453020002,1.7068005300008642,2.253531394102389,0.4063313994361222,0.4063313994361222,3.2795531511780824,5.029653299932018,0.4063313994361222,1.506031042722224
TCGA-55-7284,5.016690259074609,6.068499659574836,6.904830004535836,3.390240911487199,4.0502394062429286,5.195836035391053,1.4150275799427632,9.45830140613293,3.113728619791388,5.053183797342212,6.310688890319642,3.977053905327397,2.9319881035027073,5.501392895351872,0.27132400583896293,4.3604556447457385,7.950114626099448,3.8659727841844895,1.978695363572755,0.809462472941294,9.2786810308187,6.5327490533586285,4.351579025060062,1.0543120297715298,4.340350108478746,3.6575022996716084,2.13769865728145,2.9152377971816748,2.770079326337873,3.959375946811331,10.835372066932408,6.4953169141347695,4.584228430131261,2.395465049469074,3.1676456863810114,6.555612904555809,2.3064077772177116,1.1574156451440873,0.0,3.598125628345328,5.278634932028416,6.02198647762556,5.315366205647595,2.2086369851484053,4.548592427064855,8.13373122886352,5.750102924924706,0.0,1.6795794572764708,0.809462472941294,0.6601073264817452,8.055570345095811,4.385962628477496,3.8724772794639226,5.881870080918094,0.27132400583896293,0.27132400583896293,0.4844611143346622,4.340350108478746,6.727649665171994,0.0,2.9963071083048334,3.1935498117220433,2.730242128608707,0.0,0.4844611143346622,5.731076578480746,5.980320178675587,4.778333264997134,1.8632736041020515,1.7895236382864788
TCGA-55-7570,0.6267402483623467,2.9373030525805968,7.459384977107818,3.8448484797479785,2.840364186320294,2.7042697307875248,1.896794932061936,7.704947109828684,4.617276606649801,6.0175854075593085,7.031387839427412,1.829183697874054,3.0256696449059057,0.0,0.0,5.146365933270932,7.1616375187226184,3.516895281971035,4.493715583490364,6.506396727416765,1.3987415721716459,4.707762874744588,4.7068599727564555,0.0,6.168957799711962,4.2672104435785,1.0090157548563534,3.50387429969078,0.6267402483623467,3.9424493923742667,3.2685151522060396,5.9311809608822985,2.273629908538625,5.075430032407404,0.0,5.766816739968066,5.229079822273997,1.5009168519565883,1.0090157548563534,2.5802471321635005,2.7042697307875248,5.696193753007526,3.6499514981031007,4.07672524975855,0.3616525351515112,4.517778373005502,7.759580020421639,0.0,0.0,4.503409848571089,0.6267402483623467,7.840261821051145,5.955492750505045,2.1291122704194168,6.308367986235553,0.6267402483623467,0.3616525351515112,0.8360346681084928,5.283599589461087,6.3089068578223895,7.393509218319105,3.694257466644925,5.936950281483823,2.3599479303825213,0.3616525351515112,2.8145880234624525,1.0090157548563534,3.199872398126163,5.8716134369589525,0.0,1.5009168519565883
TCGA-55-7573,3.9860594035919394,5.664452422192262,6.506583441584057,3.3952832610092183,4.162791062253127,5.402573772901452,2.7857640452308017,3.8423834963447323,3.2816815956605923,6.020365365935619,6.833701766883901,4.631627094950452,2.361580152500618,0.0,0.5881199426922393,5.304100611303764,8.222333420810351,5.4688572916806235,5.458678720152007,2.197935435727625,4.462090495969832,3.971076511335144,4.369528861843901,0.5881199426922393,3.4727425488252512,4.508745185001489,2.002168952017505,3.5212386064299226,5.216819851154738,4.926601298486246,5.846658404116687,7.374672901403268,5.478933302931462,3.1535006871979263,5.036445980595972,7.169226837413831,1.224334099067805,2.002168952017505,0.0,3.118715100168372,4.769785915663114,6.313259961306344,5.066927406879851,2.4343411606613747,0.0,7.934237637880153,5.1948661381518315,4.561634094971164,1.224334099067805,4.684775875106005,1.4357033813774334,7.714048092381719,4.461074617002934,4.365161463825027,5.221150104149765,1.224334099067805,1.224334099067805,0.5881199426922393,5.33544454362932,5.9643990589738785,0.5881199426922393,3.4475814789696617,6.189882935302058,2.992888233102256,1.224334099067805,0.0,0.0,3.694647785256766,4.395240199738466,1.6100777077214397,1.887751234881781
TCGA-55-7574,3.3870004132608096,5.610482273490741,7.305053797757241,4.141816397460235,1.218289824920729,3.2114160699543466,6.460251811882307,5.379510181824969,6.288616637061137,6.21363162182406,6.846863433964763,4.116259336449649,2.67378306536744,0.5843362747017656,2.426526902188223,4.9180886256079495,7.468593176979608,3.3870004132608096,4.533478676450806,5.027931515004683,3.6033596913871544,3.932019731532992,4.714786632311414,1.8804874276040227,4.202991172751209,4.860440114287313,2.275409149488295,3.6247461841843345,3.900401739339922,3.145298173607954,6.914492532634802,6.896185607704701,6.646650221380809,1.218289824920729,5.5382197016772015,6.435101741829672,3.037123705913741,2.8259043453414296,0.0,2.7271009117930105,4.990847466690557,6.5447489052045436,3.773866074333005,3.4392860440312636,1.218289824920729,6.004005578602293,6.330485319166481,0.0,0.9507308051876933,3.6247461841843345,1.218289824920729,7.1171973928313745,5.703238993663824,2.67378306536744,5.5382197016772015,0.0,0.9507308051876933,1.218289824920729,3.6247461841843345,6.592089283515252,0.0,2.426526902188223,5.824134060612985,2.7777255063449338,0.0,0.5843362747017656,0.0,7.452611246129801,5.348173628899466,0.0,2.275409149488295
TCGA-55-7576,1.591314674174411,6.159942809456191,6.756956807554075,3.4515228745475426,1.0835324912330162,5.192356670818178,3.264686316122919,4.821659647871396,4.600038039022188,5.758879691614542,7.581225124396513,5.917524637753994,2.4641085271507173,0.6818334206596719,1.3693007847433196,2.2821680769997763,8.06509548990797,1.591314674174411,3.482039769506256,4.100758946005902,2.8827147398343116,4.964472674905105,3.7253969977636086,0.9972069041202668,4.856473503096157,4.771870361879089,1.162994547597378,2.670092157113261,4.877164851995165,2.5048563250956204,6.301246239101148,6.485720143093477,4.869693656153827,3.81723968680809,3.0109459563593717,6.361682370862087,3.4969529168265128,2.05959591345913,0.0,2.735594029663288,4.829505027434354,6.097091777194352,5.555220592807234,1.3693007847433196,0.0,7.5211068046818195,7.325254354245724,4.159236146025713,1.4864563880188717,1.8902313123699586,0.6818334206596719,7.341224583499899,6.05312392749471,3.1769031685905498,5.877253872963149,2.581685447614452,0.2186534860413449,1.0835324912330162,4.565042741878515,7.132689226579967,0.0,3.709542005686878,4.215347593309548,2.20439878108422,3.7390282187771495,3.2923158597157434,1.3693007847433196,4.423150583601316,3.7732987244960885,1.227327937523516,2.653023630914994
TCGA-55-7724,2.3997118037247684,1.7934247485471162,7.935798454546927,2.9976354613426346,5.495055338982475,5.339531284256364,1.0999447339018884,5.871292096572157,5.8041133629173896,2.5667938092601843,5.101365303947935,3.179972821239903,2.3043834749354253,2.199000776737475,1.6110366337977975,6.457198135190231,5.400156188315062,1.6110366337977975,3.137409771385109,4.978724862273409,6.182014656315245,2.64091987970573,4.792222203157692,0.6941466808930289,4.617098756853365,3.6655135860087373,0.0,0.0,2.946337176449521,2.946337176449521,8.17020546026695,7.407469397993409,3.7396248484316525,4.7811131091508665,3.9139850793016753,5.654483681156799,3.7631563405722623,0.0,2.48673830461697,2.5667938092601843,2.48673830461697,2.3043834749354253,2.3997118037247684,0.6941466808930289,0.0,4.432794603602172,6.985789817787479,3.014985730475878,0.0,4.729368157431538,1.3877932372436264,7.958129251184857,4.855734332878293,1.947622967058988,5.71572751442407,5.358579569757604,0.6941466808930289,0.0,4.096312624316799,6.7762116237836825,1.947622967058988,2.774468204905185,4.626951247049749,2.946337176449521,2.8350997988750226,0.6941466808930289,0.0,5.719022421155637,2.199000776737475,1.7934247485471162,2.199000776737475
TCGA-55-7725,2.684815691629296,3.854785764952048,5.918350696036727,1.4234215382011741,1.4234215382011741,3.8983154851702797,1.13166014271431,3.225243508072758,2.3469655486747776,3.4487868252550684,5.567695438201781,2.879574790970021,3.603166324944889,1.6489854952365999,0.0,4.810955958925918,7.5290250747008045,3.8983154851702797,4.352606835270995,1.13166014271431,0.0,1.988216755279759,4.932464721772108,2.2410713260051724,4.055650510358412,3.1825935103899776,1.13166014271431,2.3469655486747776,5.316800496239035,4.073684267234113,7.875214297430691,7.033859155777863,2.754036437938908,0.0,1.6489854952365999,7.119020562165869,3.1825935103899776,1.6489854952365999,0.0,2.1226087839554295,3.9602530127390145,3.3796774806952317,4.379291648005198,0.0,0.0,7.841107630117894,5.937934542622037,4.173611584514118,2.1226087839554295,6.010072834012555,0.0,8.17953064665929,4.653884156778691,2.1226087839554295,5.962563403561543,0.0,1.8329174073129513,2.442712186084871,1.6489854952365999,6.0493465879556325,0.0,1.4234215382011741,6.289372283792346,2.3469655486747776,1.13166014271431,0.0,0.0,4.693116958692045,3.4148306909931256,1.8004714098300765,0.7180348960677243
TCGA-55-7726,1.2979821383972128,1.5149513933281524,6.865274617968178,4.4036083157698735,3.6899214110881813,5.398402491770297,1.2979821383972128,7.63111153574657,6.071017134692288,2.8825019834060255,5.655138299829806,4.496817420234045,1.6931538654739329,0.0,2.4551087356281465,4.476842374080879,7.243798852311796,1.2979821383972128,2.375872728763865,1.2979821383972128,6.647929589604588,4.041305885892155,4.4710763495073875,0.0,4.808617024396995,3.7644135517243025,1.020506592664488,1.8443361064454786,1.6931538654739329,2.8315413588323173,2.1956455535563015,7.552326522424397,1.9756353729542468,0.0,1.5149513933281524,5.636584420092723,4.238776741464335,1.2979821383972128,1.020506592664488,3.318514803706326,2.2898138872116656,4.496817420234045,3.285861349648824,1.5149513933281524,0.0,5.7613278506536725,7.187059858023199,0.0,0.6351472362619566,4.172638048592008,1.5149513933281524,7.641386797062628,5.651186577864424,2.6609376289880173,5.71269596454514,6.90253065436912,0.0,0.0,1.6931538654739329,7.5400584386594325,0.0,3.1043848643810072,4.652196891415846,2.528524731610257,0.0,0.6351472362619566,0.0,6.4331297853573295,2.977237290917747,0.0,3.2171703714088364
TCGA-55-7727,3.9227908238294753,5.463246888232418,6.657987939056933,2.1209912713366306,3.3823678807248956,5.044250582580317,4.877294359523923,9.074667258933514,3.904472572514828,4.7267415922538785,5.933411615659365,4.529833305189211,2.8091797789522155,1.7204782672230914,0.0,7.7624003679752045,6.57962058822675,3.9227908238294753,3.136289551739671,0.0,0.6509701016607592,2.627851925773098,4.75619885454876,2.962620065437112,3.9227908238294753,4.69881534404908,1.541094829788646,1.541094829788646,3.904472572514828,2.627851925773098,7.488942437188488,7.289132591561211,4.089593292796614,5.090481059300974,3.8667954874914567,5.947123346606755,4.23250957801456,0.0,0.0,2.4061970808677535,5.760521911848802,3.6049487814234893,2.9140448807937753,1.322368985303636,0.0,6.810607612031834,7.188367418249554,0.0,0.0,4.499707442882995,2.0044485626384057,7.672622941049676,6.923795936976169,2.0044485626384057,5.490110591799806,0.0,0.0,0.6509701016607592,4.3921811526002426,6.633873542336726,0.0,2.8629891415989506,5.435641557411255,2.692022440025013,1.0420066631889888,1.0420066631889888,1.872509618913164,6.5151748063029675,1.872509618913164,0.6509701016607592,0.0
TCGA-55-7728,3.492189159667885,5.960329853802127,6.350164688948376,4.726263292864778,5.2773541660472345,5.3899343713329255,2.7842702270136193,9.157464773774377,1.880472175912991,6.705733337665032,6.831323377826753,3.3597814608025645,3.0087866926277003,4.473724616521206,0.3151026680277731,2.9328510450147354,8.536868359609459,4.16426078506673,2.6096947224119234,1.9875318237461328,10.398906094426343,6.589519149186717,5.099030712858047,1.3771274732950733,3.749249925989952,3.048746835709859,2.7374212834601073,4.761720840713141,3.434167833332064,2.8068935259317715,9.828623910320307,6.4939383916560525,5.537373636322296,2.8926026010475243,1.3771274732950733,7.007853975518259,2.5820711698462886,2.39806798515546,0.0,3.6190737523699585,6.6255276373732315,6.645468011550298,5.7704936339053905,2.328350300880072,0.0,7.244334652721107,5.998752922257163,0.0,0.7473038715119003,0.9089841033583822,0.9089841033583822,8.00453923059355,6.356735935512152,3.6484297861048955,5.1396791326951625,1.9875318237461328,0.0,0.7473038715119003,3.279417619725166,6.167686287792786,0.0,3.7227445051234764,3.7227445051234764,2.8290222206142155,0.5544022208825352,0.0,5.224934516045439,6.412853856097838,5.761793487892929,2.102938317591234,0.5544022208825352
TCGA-55-7815,0.0,4.5663295605923055,7.44507871425434,1.7934247485471162,0.0,6.601869859703148,0.6941466808930289,7.015918862372328,5.0324294011319255,2.48673830461697,5.301557112897865,3.467674647219639,4.236079918453479,1.6110366337977975,6.097822565094898,3.8521073822127927,4.797772052189602,0.0,1.7934247485471162,1.0999447339018884,0.6941466808930289,1.7934247485471162,4.226467254761073,1.7934247485471162,4.306040168485277,3.7396248484316525,1.0999447339018884,0.0,5.344327479477365,3.0464301407099255,3.2600216069636008,7.226754315939869,4.191627038195259,1.947622967058988,1.3877932372436264,4.3194634945192965,2.48673830461697,0.6941466808930289,0.0,2.081190012213953,5.8397255401917505,2.3997118037247684,3.0464301407099255,0.0,0.0,5.474264483031272,6.9017231220503445,0.0,0.0,2.081190012213953,0.0,7.930767200377428,4.3040110376891425,1.7934247485471162,5.8797309889090155,0.0,0.0,0.6941466808930289,5.1436557228676465,7.1971583696321515,0.0,1.3877932372436264,3.7631563405722623,4.080014035636102,1.0999447339018884,0.0,2.9976354613426346,9.339946571098142,0.0,1.3877932372436264,2.8350997988750226
TCGA-55-7816,3.2393096254816074,3.4780905192583225,5.175663738791765,3.094459336431655,3.272465879681089,2.8281416813600306,1.8857657690471763,4.252021873311542,6.306452278583342,4.938028758325163,6.689666431102658,2.0084287744334164,1.3889907226676332,0.3577443718967526,0.6206840088262295,4.938028758325163,7.369480990611747,4.339887366679756,5.57190685334262,2.2161553649956582,0.6206840088262295,5.0432831713615816,4.534771326563163,2.426800728380968,5.989662925161354,4.59320691052062,1.0007789283193465,2.7208677048128247,3.9297155649590643,5.782103701431397,2.748788992161153,7.324852471320009,6.394291177493103,1.7459249328842557,5.151052094468872,5.97227663083826,2.8281416813600306,1.948976870426098,0.0,3.2393096254816074,4.96839562848838,5.4649709864204965,5.5284484481115825,1.147561170399973,0.0,6.6853239739603065,5.535257308483025,5.0468579277536145,1.3889907226676332,2.787132447680622,0.3577443718967526,7.619719306999287,6.054122394637058,1.7459249328842557,5.568630722338637,0.3577443718967526,0.0,0.8286828133526378,2.0084287744334164,5.824553634013459,0.6206840088262295,2.8281416813600306,6.282627429505764,1.948976870426098,0.8286828133526378,0.0,1.0007789283193465,2.877747967644109,4.225214917424976,1.8857657690471763,1.0007789283193465
TCGA-55-7903,2.800076206024319,6.311870916042402,6.431860732304179,2.481701518839052,5.111523825320651,4.523752950750883,4.346829416398424,3.3810150822996574,4.340356624439918,6.741746738456249,7.2499113320716475,3.4143472091249665,2.299440152849967,0.4043311320669615,1.0962762288705619,5.456107131152659,8.468074373245996,3.292471951765772,5.149817358229593,1.8688439595341444,1.7888552560806652,4.0909086662862,4.264292660313973,2.3947175017553057,3.6209404913557433,4.542599860016392,1.8688439595341444,4.856349049524957,4.611661074518453,5.2435496221909705,6.350882226307252,6.265609150111004,5.0716990351719895,5.535821312055537,3.8677805845801685,6.954008895499572,4.539837749783338,2.1941197623827406,0.0,3.4143472091249665,7.4107825746750535,6.101307252727663,7.305053797757241,2.0763868809506074,0.0,7.825540892963065,7.849725453442906,2.469970661172019,0.4043311320669615,4.678671545618205,3.087709632949959,7.354701364433673,3.4573382409319695,1.8688439595341444,5.629522183210177,0.691395647521139,2.8299255923776796,0.691395647521139,3.957386352379657,5.203165674183914,0.0,3.9947709736593184,6.359540996159764,2.0763868809506074,2.67089508646401,0.4043311320669615,1.7888552560806652,6.767299395885801,5.299256925024703,1.6066339851013662,3.82522251529123
TCGA-55-7907,1.8676396795633732,4.061749053852167,6.184091157312166,3.962769350266058,0.0,3.7480583254542665,5.538605112695288,8.006180883559189,3.6099877504477376,5.5629022405592075,6.4068997878534555,0.9414515275326548,1.9816771026436375,1.4176476687778865,0.0,2.261815180450834,8.72133331598841,4.400991901677846,2.261815180450834,6.9515616159193465,3.544431549748063,3.7294646205926445,4.35014115281131,0.0,4.1761180788735475,5.490069317071078,1.9816771026436375,2.176863127261005,3.164377399531702,5.083148185260606,1.7389211222120537,7.695312234103243,4.1761180788735475,1.207646049692232,3.7842419052793623,6.058880175400579,3.317210517129118,0.577680210751232,0.0,2.4804048652779236,5.0927988281498795,5.1668124905794315,7.68666263744182,1.5911313654514576,0.0,6.593696376441598,6.544331901213956,4.5567863392605465,1.4176476687778865,3.164377399531702,0.9414515275326548,7.284553387074915,3.3166411701039884,2.261815180450834,5.99279116675888,0.0,0.577680210751232,1.5911313654514576,3.288454124958382,6.406267587370381,0.577680210751232,3.196867406602853,3.9477954725162747,1.425202525434872,2.943533306010397,6.637669480048512,1.8676396795633732,3.630919248336488,4.034454774515603,2.04332201487345,1.8676396795633732
TCGA-55-7910,1.0479854388237198,1.3291418296155821,7.113777086219285,5.3527345265826005,1.5483494330523775,3.686098089703553,3.104420745417435,7.692875258298649,4.529009184734693,5.798195282245522,7.54279653813505,1.728038391670202,2.494122387461311,0.0,6.510698719732466,3.875819495934586,6.991278077953407,3.5886501954549512,3.3596042565637925,6.707587012836791,0.6553933909480294,2.9227636520936953,4.8846940707384086,0.6553933909480294,4.46718431546316,3.7609838132321043,3.5361157286872684,4.267883217563039,2.233588650072145,5.795382750967783,3.7314766719923798,6.472803686017463,6.484183225096934,3.3912716171738984,3.01770900635736,5.017279836814924,3.3912716171738984,1.0479854388237198,0.0,2.8178428801966224,6.926174597005887,6.045706489955659,2.328184611294258,2.012433306641337,0.6553933909480294,5.980009184262131,7.4197342374019515,4.882028896606035,1.5483494330523775,3.2218354408808234,0.0,6.413883457218394,4.370501727325527,4.378316008808944,6.103220567854664,0.0,0.0,1.3291418296155821,4.241592904199619,7.717213300940988,0.0,2.871681511674685,4.920790816756014,3.686098089703553,0.0,0.0,0.0,9.359329180812187,4.366631231283315,0.6553933909480294,0.0
TCGA-55-7911,2.189326805209079,4.31756277741556,6.9762640333032815,2.616424558380014,5.460329917858015,4.967901751509355,2.855717049105636,4.473832955856075,3.925716815760032,6.048222880926591,6.823823518737605,4.115154851590924,2.9147499579204537,1.2928349675536104,2.1283031318697976,2.4486056700616685,7.08689678476946,3.1211791997671305,4.303366200386822,5.133601908800335,1.6542009309076158,4.09774543934485,4.55246009894997,2.792985535717481,4.582267919770779,3.30857026588689,1.8383408466166407,3.9152338451607993,1.9937883328712005,4.887518056849171,5.51924646777652,5.446750302617188,4.52093060039666,2.824843117122252,5.411976354441991,6.320843830965958,3.767896251105639,2.246839797878415,0.42435228382664664,2.246839797878415,4.960520252664408,5.267564301458421,1.8383408466166407,2.9430063745309116,0.0,7.449492188030268,8.060827343439861,5.484049766464073,0.0,0.9500349378383158,0.721345834918624,8.251238689753176,6.038751200619129,0.9500349378383158,5.484751289295447,0.0,6.744554940907673,0.0,2.0632994564172327,5.82262272903765,0.0,4.24447861476281,5.469278807542183,3.0232793448832904,2.3528028091546633,0.0,1.9937883328712005,7.960881937489115,4.398617000334436,0.721345834918624,1.6542009309076158
TCGA-55-7913,1.6685555169171893,4.7786359793380155,7.090743280319252,2.9927127192851066,0.7644906206280805,3.6380702530606137,2.232377197950549,8.370304413371192,4.409289113060382,6.3056692639371015,7.472625807979929,1.8644366563921682,3.5513916738707043,1.4914648587254302,6.9309443227548355,4.426591216967288,7.37917041158814,3.758797231077252,3.223067029486669,7.224527597318134,1.2761167060984213,5.879686259313392,4.128061374612309,0.7644906206280805,4.483275960961935,2.556591450336114,3.6074144855066455,3.0621986227363656,1.3531511425266365,3.8483225330296125,1.9079560619638796,4.718606008412851,7.236785607454295,1.7212297030375279,2.524015177161513,2.837322536806349,4.221706756078561,0.45355661557541815,0.0,2.524015177161513,6.0823262105556495,5.346678867425915,1.4914648587254302,2.1688251028145213,0.2523139286139896,4.518312978931848,7.050018438530106,3.0417185103906887,2.028174562735505,3.8483225330296125,0.0,7.482535503437331,7.042120074230199,5.720911596679379,5.9961784193342025,0.0,0.0,2.028174562735505,4.711276423526227,7.079571851130944,0.0,3.622859836694567,3.4473905256985296,1.9496602514803276,2.0652411922786946,0.45355661557541815,4.2004283162799725,7.045271222728774,4.444812448842581,1.4914648587254302,1.1015413281739896
TCGA-55-7914,2.6736864736742505,4.765944594693949,4.269205020784435,3.1565237117975826,4.70903458301838,4.17389484098011,2.0790039459487883,3.257615653184131,5.37246426651549,5.98595439405932,6.951906126717425,2.4844482113878397,2.014476262827477,1.3859192907898075,0.40533176588515196,3.349423269946091,9.120736182004745,2.564487712458339,4.336797808903991,6.455484685925164,1.3859192907898075,1.7913427157317126,4.894543327775786,0.40533176588515196,3.496022595404599,4.078994009717157,0.9160106926668362,3.349423269946091,2.4844482113878397,5.084009663896226,6.121994878549793,7.472568962990515,2.943965182732108,1.098278899766872,2.8327426450595286,6.968351665105831,3.7130841428107537,2.9173003512022655,0.0,2.6385929360869884,4.024860498691515,6.338977396953311,4.368954059685355,2.2508495955859917,0.0,8.430591185168424,6.545568027295217,0.0,0.0,2.4844482113878397,2.014476262827477,7.7503305770339335,5.478933302931462,0.692897149304736,5.420039301213062,0.0,0.0,1.252420052563563,1.252420052563563,6.3034830711713665,0.0,2.30213499171366,5.435406174062233,0.9160106926668362,0.40533176588515196,1.098278899766872,0.0,3.6104313077847943,5.5209647948135565,0.0,0.9160106926668362
TCGA-55-7994,1.262119063419393,6.144404494294183,7.1189476991765925,4.56746831880408,5.391179096799173,5.559415445125012,1.8026664380667294,8.525385542284134,2.9796079729120106,6.615979505424932,7.326334026235685,2.8231986581911324,2.6600986851690176,4.7957574871990785,0.27505265605163925,5.363383873276682,8.166792806907438,3.1561234409707035,4.75298656068231,5.331737635759224,4.705440769893177,4.854199783808498,4.572550915286927,3.329056703884473,2.2563840740933316,3.218715812066835,3.778320169536638,3.351488795872672,3.476443991036693,1.6924178407102746,3.5518390549780356,5.354447196020854,4.71965891247279,4.59981688259433,3.2463236627273315,5.419623079174738,5.22180342544779,2.1877689018986644,0.0,2.409787910571059,3.18273452544979,6.196032637848829,7.800339212191659,2.3809248129452603,0.27505265605163925,8.02371620598486,8.005080072517309,0.0,0.0,0.49054128046328366,0.27505265605163925,8.086819422380941,2.8950441585449243,3.56087561352957,5.554528121566442,0.0,1.7490607146949397,0.6677268032130341,0.27505265605163925,6.024275337453088,0.49054128046328366,4.430246398100498,5.163756873152342,3.271267116236382,0.27505265605163925,0.27505265605163925,0.0,4.071130522670344,5.4437977102649375,1.6658371492832198,1.9019582615261306
TCGA-55-7995,1.413909528152864,2.8730786457977198,7.025271612409976,3.7108781975924834,3.9976335684024606,6.320368933941329,1.1827083090212116,7.829761645452175,2.9499971878762006,5.705770497229153,7.228809262874969,1.3426297886336267,2.088475611309707,3.3072602587835878,0.8814922263314595,1.3426297886336267,6.281973245884873,3.3072602587835878,2.3078710974232832,7.1336310942613235,6.667755455601148,4.3704840243162675,4.438486123767268,0.0,4.671023467449403,4.049798628550641,1.413909528152864,4.1104803441315045,3.916522865853038,2.1562173804818854,3.9924262634801977,5.971169998838517,2.2196707661660495,0.9922883461006202,3.075102447435058,5.533662178816925,6.102243108611482,2.414537832121118,0.24912314027315746,3.6828110787123296,4.469192374748917,6.083067864980981,2.376913040951316,3.593557274237611,0.0,6.815591743296439,7.379513617824133,0.0,2.362626015079168,6.119677446588015,0.24912314027315746,7.83223637803999,6.471927350496455,4.033346433160519,5.762482107614979,4.268906927529421,0.0,1.9374458563574466,4.616584790803345,5.632619392822542,7.477779567193955,3.8220786040519696,2.8069780715894965,2.9202433483233374,0.6144826893762628,0.4483968754916767,2.8730786457977198,3.9819295926830094,4.202098212048702,0.6896410412306576,1.0920239665912534
TCGA-55-8085,5.375421915904886,4.98662944562941,5.849921143873281,2.6300165849631094,5.75650141898843,3.4427039418138814,4.037271438862462,7.989038279128425,5.287953850345557,6.7694904154250555,7.283104763185678,1.6439166308503428,2.8128665687383516,0.5282135733672177,1.0078484253545203,3.0693962185708243,7.044722014054908,4.644313973105718,3.5177055309220457,6.661144769905714,1.418640537159102,1.9827929666240312,5.019674318746926,0.5282135733672177,3.68813167459651,4.684618871111316,3.810860333150526,3.286463442782022,2.374207836667013,3.993343050804573,4.950340201312498,5.955394266127699,5.87759571594847,0.7148108201959716,2.7701921026399323,3.7139110336387686,5.9417752288206165,1.7089755077491335,0.0,2.235451206808414,3.6793870433993363,6.071084088336149,2.0641883002170216,2.7025618341990683,3.5970546931742318,6.925300458197886,7.24429894162388,0.0,1.418640537159102,5.455304021194503,0.7148108201959716,7.398094481718291,6.2060495785506085,5.298447358098769,5.711492674526099,0.0,0.0,0.7148108201959716,5.205543966395682,8.066220126797104,4.226858562478478,2.5243116408328627,4.683685574056457,1.8371151709488522,0.0,0.5282135733672177,0.0,8.837069909608262,4.857592888794734,1.0501220795076758,2.307234268808157
TCGA-55-8087,2.657703826665472,5.860039505995317,6.107396982570748,3.0723877124429535,3.8367648335867632,5.173700407741642,1.5019417846458525,7.257813379818563,2.2748027119815943,6.34061147651506,7.620719792612484,3.86642713406893,2.681884170230716,0.2993635772256188,0.8738841492236616,6.9920137034061165,8.54912974708452,4.855150391255861,4.161633983661498,1.3329726951874845,2.469809932308576,4.9259775088717,4.87402105915468,1.4210338949237873,3.7666249097387836,5.380348864497271,2.0323237283518827,3.499886694245929,6.762987277174483,5.600120515633956,7.982805482439576,7.320725486576075,6.950747716386216,2.5814584826644316,0.8738841492236616,7.014221183472556,1.5019417846458525,1.5019417846458525,0.0,3.022676009001537,5.947643267559132,6.44733438828332,4.481828982294315,1.772678581415263,0.0,8.997737323863829,4.376184603190248,0.017348638334613097,3.2631185221081402,2.0770386570635258,0.2993635772256188,7.4388716461903535,6.532603542725182,4.50759374014169,5.8016439426099415,4.743078237055167,0.2993635772256188,0.2993635772256188,5.646764051017167,5.5940122505096745,0.0,2.7947048478044896,5.614215106630064,2.3100571078327468,1.4210338949237873,0.0,0.0,3.0055439809379836,5.073484889801866,1.2364303138744703,1.0098539320523425
TCGA-55-8089,2.396057220979243,4.910652883065379,8.087259145700587,3.5095883010050106,3.1726391976464465,5.146941998644095,1.1246373464922599,8.653805832116543,6.755109799106181,5.194183875565218,6.321909728897063,2.8697778175944157,3.1899124053511816,0.34769474235795184,0.0,3.7317234031058257,7.07492089588689,4.266541425740421,1.556543336679576,2.9381296434175326,10.461066982787619,2.6607069895916893,4.8710896616577495,0.8098184873636383,6.367742833781162,3.544538418676313,0.6052444973840342,2.6607069895916893,3.2720525444963986,4.958506563109414,8.327177309074386,7.365376309307458,3.2068882602628306,0.34769474235795184,4.549244071378992,5.953824983279026,4.765850927052219,2.8930847410936065,0.34769474235795184,2.7172147447576127,3.6594557927404536,5.29296808461682,2.537111611813627,2.1861299253306057,2.4690736331516767,6.846696562960446,7.749171591210564,0.0,0.0,2.503671156724307,0.0,8.18902795592322,4.952561167001224,0.8098184873636383,6.112220935743764,0.0,0.0,0.0,2.7443114110377342,6.958904563000692,0.0,3.4970710390468027,2.275460525597388,3.740054866553683,4.758749273916392,1.1246373464922599,0.0,5.177899613068897,2.0378379918247607,1.7083778602890038,0.6052444973840342
TCGA-55-8090,3.885531175216046,6.016413224471947,6.481431636303868,3.853213110997463,1.4831034170479513,7.065100849705915,1.246313644815461,4.419669180098392,4.330019927973535,6.366444674203427,6.702817492422212,2.3609011698168816,3.2127128728327876,3.1483632277544498,0.0,4.054804731489554,8.824451394927626,5.244932412480552,4.449057749841254,0.6570535729117066,4.03309130535605,4.948625129525283,4.325320030517271,2.703787796615758,5.218451309937449,4.004027728223744,2.5943363749713337,3.521274081155662,4.122282310164485,4.288387433007654,6.702654228418432,7.446894269562663,5.522672183983161,3.8130023503164994,2.857262995328411,6.179132204671843,3.625508251395038,1.6146244391214004,0.0,3.548369482034305,7.3232301221196,6.073645735830902,3.271760452413242,2.055827409819998,0.0,7.356599110392247,7.111381602269921,4.050284692548183,0.2697981033532202,2.2691730766488036,0.2697981033532202,8.181160858023409,4.66864251394366,2.6828349519611465,5.756589955418066,0.48205571026987687,0.6570535729117066,1.5510245938834408,3.799230496352973,6.9425141297385915,0.0,4.321830670970429,5.699155118270711,2.0946872332704,0.0,0.6570535729117066,0.0,8.683553035149927,5.3759726111136406,1.6323337899110049,1.153068907797408
TCGA-55-8091,2.1403719990767427,6.145333044268313,6.765238495514341,3.002290719851237,1.9462101040643114,5.415887046112294,1.2881025333533556,3.9073480950429036,5.364563803366941,5.898526551448713,6.873413285498615,1.8911371232080219,2.409509385315553,2.3752219836377577,1.0562613481275793,6.6415254528487555,8.573278585331714,4.563385227967275,4.0799920559977005,0.31852645574676197,3.074178322630934,4.987366667156902,4.2487809155265195,1.0562613481275793,3.958767268644943,5.283020970922045,2.5937087364406244,2.8837275114737486,5.625712819234279,3.743940392010576,2.0952533731959235,6.238912342924513,5.913846189987027,2.7960793932755204,4.677834974395799,7.535040396242211,3.8207910981536917,2.442660029859579,0.31852645574676197,2.674465840495433,6.046532583185476,6.482111442860784,6.379386672997984,2.6482648103661717,0.0,7.341094923856281,6.385115137846525,0.0,0.31852645574676197,1.5584182648123845,1.1789011198969126,7.392296473890219,5.630082111726244,3.650993250107084,5.2254186629343,0.0,5.871404859344775,0.7539600199564577,3.845150028233806,6.196704786284503,0.0,3.8207910981536917,4.52754912708815,3.812953769215863,1.1789011198969126,0.0,0.0,5.8380744113271,4.532200488830434,1.749043320819323,4.904689421965567
TCGA-55-8092,2.246268677515142,5.420977379283924,5.687158390435515,2.9335642738423813,2.147415560979791,4.051741468597228,0.8478405702364259,9.457036373947984,5.4838878066671235,5.079576608698618,6.915475401997275,0.36804011501742856,3.0454172753320403,2.663464187095813,0.0,1.0222350770703446,6.525805016998896,2.885068833323783,3.2197794165062885,1.5170813663559484,6.401011313902393,5.254370703665603,4.61199385173612,0.0,2.909607775897869,4.704997421246498,4.188895362861946,2.457595403233186,1.2999736546533633,5.32611247847945,2.378341705393292,5.417033300253021,2.6319607799949556,0.36804011501742856,0.8478405702364259,4.182126475605634,3.3049397531700366,1.5170813663559484,0.0,3.510795904268816,3.497419266948827,6.131439510270862,3.201839527749991,2.6319607799949556,5.272794409316951,5.826280304109881,6.211314681072101,0.01321233147213491,0.0,0.36804011501742856,1.5170813663559484,7.618860248915859,4.794003826397269,4.285278922114278,5.658091004571515,0.36804011501742856,0.0,1.170715872424484,5.141295067566318,6.352916811457871,0.0,2.4187490408571155,4.195617234019552,2.292251888854254,2.0376946403984944,0.0,0.0,3.5498903380315934,3.5646079135643496,1.3484886463839918,2.9335642738423813
TCGA-55-8094,2.4620388295841535,4.180092502522733,6.817318405308518,3.835116042829747,4.033025741171792,6.866957242508219,5.119752743631787,10.77656593526739,4.706561836108285,6.435922778370224,5.878139061795859,1.0253603602607748,2.23478793492822,5.265380866301772,4.2419625216497705,2.5588306764533595,6.382952427285287,4.774229182548468,0.7848599884831448,4.717274908272146,4.224672286911586,6.563143001942813,4.448795869044621,1.9402369439592861,1.643317463867778,5.677212601113583,3.2820233790596314,4.450119768184654,1.643317463867778,4.074405425608948,4.874708654203583,7.160721675345424,2.5116053788617214,0.0,2.296617321214254,3.1116157283707815,3.782246838822531,0.0,0.0,2.354854910427727,6.741436196865681,6.413703189635261,2.803172484467226,1.0253603602607748,6.075148310393811,3.711970785337334,8.032337413011955,4.684119988966493,2.5588306764533595,2.9381614217320133,0.7848599884831448,6.784825772936189,2.912904858847031,4.477578830644477,5.782741518455002,0.0,0.46750049902761703,0.7848599884831448,2.728173038563551,7.529556822471534,1.0253603602607748,2.9692394164955056,1.5208689594161109,3.11954597701217,1.9402369439592861,4.392829324937813,0.0,5.566311905080141,3.236224463202814,0.7848599884831448,2.354854910427727
TCGA-55-8096,3.256094535350809,4.796302811060596,6.138074725822837,5.246924067160153,3.7415691480816204,4.303697458067086,4.78334147565896,5.137761215422261,4.649512377338827,7.169288428938856,6.772731344499531,3.53712298919874,3.128053559294427,0.8097739924916649,5.1541062914438145,3.792047317666116,7.837368866172085,6.370173206046097,5.767414334900974,7.1368331871178645,4.535900490474619,3.6884093436293166,4.110206428372829,2.1382291831629243,6.283219563849765,5.046883645437738,3.799053615566803,4.201706074550094,5.266429303683959,4.519047868213623,1.8407718309320087,7.217091205328748,3.664730193880933,1.2512761494418025,3.100353516016715,6.200077032001225,3.0573070320828424,2.174319810042023,0.27140023987749806,3.411606353198192,5.186010558946119,6.292494637079263,7.461358743353857,2.209164127500026,0.27140023987749806,7.040317452065108,6.459973309596944,0.0,1.680064115974397,5.177640146778317,1.935152492402353,7.120832332696083,5.504603628795809,4.684683522800364,4.919732719845086,0.27140023987749806,0.8097739924916649,1.1577927309041411,4.640527677269144,7.009273422172485,0.0,4.173295905343165,6.626786621049494,2.5804213541303014,2.64601166351114,1.6201800089660026,4.215614843695957,7.161575454144405,5.523450936461111,1.9063819600647527,3.734146753609329
TCGA-55-8097,4.489439417989075,5.261425140363629,6.005685449047919,3.58984886215098,4.000832098890111,4.4712981639273774,4.546223468203039,7.073574755676585,4.150263226408446,6.874596554790069,6.6504019388368825,4.0577877643603255,2.434358691603488,0.5881754781933227,0.0,4.502832873620269,8.278682162970906,4.773181504664252,5.885245329537843,3.8074577290392924,1.7585301053766131,4.3497887844859635,5.018722504278875,0.7889118025443247,4.3497887844859635,4.1706850404785385,2.56570291961609,3.955879112370515,6.519663378931318,5.325767150256136,7.370413244781498,7.801301299873158,5.694539893289268,3.6846580565396656,2.054828613414584,7.918057165474443,1.8252264820609627,1.6870653981133892,0.0,3.622461835244221,5.465487213741232,6.770912122803181,7.612885376756654,2.1524828737466515,0.33668649937959433,8.719769887486466,4.583728956917001,3.7395107794483113,3.798527266168408,3.825078535291112,2.833977757700001,7.799335198100299,4.683343455041936,3.46025214444347,5.5820478919111896,2.56570291961609,0.5881754781933227,0.0,5.909435284206251,5.262752363137831,0.0,2.8572342820562735,7.161505626889247,2.596008154387334,1.3356061467923674,0.7889118025443247,0.33668649937959433,3.2196555208262922,4.674341708182721,1.3324451716345131,1.6870653981133892
TCGA-55-8203,2.5750672294959576,5.059463552778178,6.231528143695417,3.704555933498944,3.531099278963335,4.72757364215406,4.349414337758901,8.776853804309413,3.988567293067932,6.183472373491358,6.988496204383396,2.4078636052896885,2.9335376699608733,4.0883130759903406,3.653508720270201,4.9709237938600275,6.793366351817321,2.69123630310183,3.6323382027312303,1.3430997625326166,0.592663641981623,4.993122842344958,4.439263170462231,1.6182192434414393,3.27630286929039,4.904770947833399,3.3915846604790953,2.7446199677021133,1.6182192434414393,5.292077941758017,5.224751555090948,8.083671142707525,6.040176136761946,4.081509207018816,2.3322798083290843,5.407261453537216,3.781169167808854,1.4434541638477636,0.3396101653121401,2.819704866972592,7.181226858964803,5.838106469755044,5.48737866020505,2.5750672294959576,1.1059188638505477,7.459287050558412,7.037554716516982,0.0,0.3396101653121401,0.0,0.7944394320418177,7.244120367006001,5.2649363690157065,5.449861795910284,5.769826112537077,0.9622578674262908,2.889543637321176,1.3430997625326166,2.996092208769539,6.910401773923042,0.0,2.6348413118318037,5.046542832434674,2.4781337655005715,0.0,3.3063920743882433,0.0,7.301930225731639,4.107188392633915,1.4434541638477636,2.4436157953701194
TCGA-55-8204,1.4395744305621747,2.6680611928858466,7.218323455220619,4.204500063539845,5.623118184951685,5.393100134567941,1.1461000177354652,7.064288831796903,5.412431457628876,4.836281906951478,6.343425145964132,3.8300404174028024,2.006575106192722,1.3035647135208945,1.1461000177354652,2.3661888023311852,8.179777309702008,5.634682454571901,1.559280814436165,0.9591203098495107,5.818003618746224,3.325898957611927,3.5657791819781,0.4295071025884023,4.9788900366359705,4.732560259255828,1.4395744305621747,3.0112758439297873,1.850782809677516,4.783835065278502,1.4395744305621747,7.234314255491625,5.897694930027291,2.2600637387128866,6.231486847506361,7.047178033404783,3.0875226296768568,2.4152975170224966,0.7289968334536425,2.4152975170224966,3.0373443558726647,5.663019506171653,2.2600637387128866,0.4295071025884023,0.4295071025884023,5.007998487441752,7.334753542302721,3.5769390047613445,0.0,1.4395744305621747,2.9287320582654632,8.143180237657837,7.297226497335952,5.175957623726626,6.256490650352568,5.330164809987156,0.9591203098495107,0.0,3.897585281268971,6.98738867212868,0.4295071025884023,2.83875092449345,3.2663165074682605,2.869653044454508,4.010682116750712,0.4295071025884023,0.0,6.155906376647899,3.7944751921048203,1.3035647135208945,1.559280814436165
TCGA-55-8205,2.0341433983025254,5.622713407122201,8.099985407163304,4.009421911415279,2.2559650723588196,5.2532886193717765,0.8179278974572511,6.471701573575464,4.858656698030617,5.350976228124157,6.635493697256233,2.0341433983025254,2.1136738719755703,0.8179278974572511,0.0,2.3201695757510485,7.07660313848422,2.995117084363919,2.2559650723588196,2.2885774423394376,2.4093566127172683,2.8037603009278618,4.656661460776229,1.1678895641528542,4.3991467456696105,3.279906952285331,2.3804993833474413,3.155671879454815,3.57824952388926,3.6710183907620464,6.051484280133721,6.114991057391431,3.8544680423847186,0.274976699954227,4.0321304486660425,6.168756811519342,4.704979321207582,1.347605506504779,0.0,2.5669166518375763,3.6465589415427977,5.464386735768822,2.1136738719755703,3.3620649312802677,0.0,6.826784891146387,8.019711473741827,0.0,0.0,1.347605506504779,0.0,8.106402929812521,4.606897692988275,5.258239886474773,5.929610419759296,0.0,0.0,0.8179278974572511,2.4093566127172683,5.697284743382427,0.490357575126127,3.010827761199326,2.859683429090715,3.6877913623567484,0.274976699954227,0.0,0.274976699954227,5.386374030368319,3.2652707417694824,0.490357575126127,2.4646784319410084
TCGA-55-8206,2.738993158227858,5.707306258829818,6.679646923398395,3.673598289581715,2.913692155717606,5.110758116957819,1.5138076814188501,4.162025017311732,3.020034566076956,5.882344194334903,8.637729765935877,4.454999409163054,3.0484527989626327,0.4641741709221777,0.25874232855407325,5.464196145425246,7.997209089865335,5.295633768918835,5.456662096182762,3.1419947805322432,0.4641741709221777,2.617352036254585,4.6014603129110085,1.3745506731627186,3.964300415415051,4.754985768559118,2.6386786865104335,3.0484527989626327,5.627703844081334,3.5372626446573134,7.015811158879938,7.276189807176695,3.7458904959840584,1.8430860963933957,1.2127442227130223,8.06397588027056,2.595553169875064,2.7764562337662704,0.0,3.4933510698326997,5.890546924943783,6.557048206108906,8.544582652045584,2.6386786865104335,0.25874232855407325,8.023100127631668,5.1388643206576905,0.0,0.6344581842112658,6.225466927357064,0.6344581842112658,7.509488678905767,4.763847746867648,4.4021490637691905,5.587608144339233,0.25874232855407325,2.659559991941776,0.6344581842112658,5.606228445971498,6.404289174066534,0.0,2.680021028380707,6.469898168909769,2.662655266611818,1.2127442227130223,0.25874232855407325,0.0,3.8886335933030503,4.459177472612272,1.258233691052373,1.5767700821697148
TCGA-55-8207,2.1962574431460133,5.609717186319513,6.78614116410435,2.563941157090608,5.929227375832243,4.39785200039552,1.5330750923280856,2.9142781536399753,4.791699544222223,6.6014991042881475,6.833176118913746,2.933793038011462,2.694836618295959,0.30983487709291424,0.0,5.962491348367232,8.250123875533623,3.0775288269559673,4.719846177555978,0.7370205150039152,2.6699952082329443,3.353623477548504,4.616555130854655,1.6787587301408116,3.6293231676739865,4.29027997299015,2.1120055325530984,2.9142781536399753,4.835924700303636,4.30911314115412,1.4514264560576728,7.284272065134409,4.333239408000135,5.38048704139155,2.9529291512286817,7.950949990615429,1.8058924596939676,2.874072984926662,1.5330750923280856,3.2465026649847943,4.970625469676559,6.06544197502689,8.321302387383293,1.6787587301408116,0.0,8.66926170503917,4.970625469676559,4.778038871508675,0.30983487709291424,3.3187392592216334,1.8638630529844293,7.321962067027056,7.228954329170521,3.0775288269559673,5.4700370886396055,0.30983487709291424,5.000423329019839,0.7370205150039152,3.5385825887949456,6.280865765980378,0.0,3.7643555970378966,5.356784368257729,1.918656402416406,2.445299195193221,0.8973117652763523,0.30983487709291424,4.318833874260665,5.620143586246813,1.479944072199644,3.173212965579347
TCGA-55-8208,3.0740442536129273,4.983058526326021,7.205293618457282,4.1248107196826584,3.526557564026151,5.852449575680548,3.706503238867486,8.121979358971819,5.201283201534827,5.532108035606006,6.195928720045679,0.4158773784554742,1.9725242593337584,2.5542616779105423,2.279050309860382,4.650736110258898,7.682556176535276,4.645793760824463,2.330501770988254,6.699799556475756,5.45137316149325,1.8176383697704703,4.439941706620314,1.4096201864233873,4.6556446452216225,4.2650011245225885,1.634286610403491,2.832483666141319,3.306967285024616,5.195586723076226,6.45173344725682,6.24552132282562,4.605371165790298,0.7087744364456444,4.801402866194716,6.290498195932485,5.057938639212122,2.224807318421947,0.4158773784554742,2.6313995118019684,4.46142798287424,5.700751218370809,3.306967285024616,2.667853011350797,0.0,6.882655908677061,7.2148207732286895,3.178116328394902,1.1193621795867068,4.731177090522216,0.7087744364456444,7.877552653979363,5.000712896186292,4.064675420560053,5.610588387680687,0.7087744364456444,0.7087744364456444,0.0,4.455455983757904,6.123369617987921,5.785036755770441,2.7698474684343966,4.227718025709807,2.891432306426819,0.4158773784554742,1.634286610403491,1.634286610403491,7.94173659779498,3.719090955922127,0.6908445314972697,1.9725242593337584
TCGA-55-8299,4.096525515546817,5.022458457561832,6.27010524423133,3.868750093194679,0.8185014817126468,3.9851916794365962,2.483363793530486,10.416712296111342,6.00230062418598,5.310581849368019,6.644220629881672,4.477417493041785,2.8110579511764393,0.3523455857775031,1.8030949788918005,4.453129112708668,7.890593762138418,3.333321742981002,2.101716600193513,1.9927255755975617,5.390727891869283,2.101716600193513,4.5987526375042815,0.3523455857775031,4.196698061333917,3.903424140932781,2.3313668944194976,2.6752308222868897,2.9078241309538853,3.0574621666859265,6.339558277524536,6.537124837062864,4.809261388476825,0.3523455857775031,0.3523455857775031,7.563055202765632,4.203033034085545,2.7317927690471144,0.9893553027311602,2.483363793530486,3.7955700847764615,5.379104412517694,3.3630142633544478,2.703908301934875,7.456211891420317,6.965505184523041,7.223405082767938,3.9611140767014468,0.0,1.3753850706118547,0.0,8.07564173290373,5.91065300228823,3.0374067046469317,5.293751960925105,0.6123166626453966,0.0,0.8185014817126468,3.6853105932993833,6.745777379571774,0.3523455857775031,2.6752308222868897,3.4604909219040123,2.3313668944194976,0.0,0.9893553027311602,0.0,5.790158927902181,4.516847039914566,0.6123166626453966,1.6531868193641153
TCGA-55-8301,2.30580988774966,6.076285819234492,6.071333393514678,3.6923683607947426,0.8286828133526378,5.216163264783262,5.1535401185264185,5.987504215336327,5.900721671273537,7.76062899393104,7.27532466241863,1.7459249328842557,1.147561170399973,0.6206840088262295,2.748788992161153,4.903517680089315,8.170400683522336,5.611988771461068,2.901657829913132,6.788354435379909,2.2161553649956582,2.6625855014413533,4.342352418703741,1.8182877942408784,3.7030264123397942,4.50012073305635,2.568251591388146,3.3202295239470394,2.8023841469694535,2.877747967644109,6.952881596598247,6.3001544027167435,2.261992238885788,3.971102905364062,2.534720099745711,6.779103390760645,3.8321417847148886,3.1137552804149817,0.0,2.6625855014413533,6.213597588028498,6.151427588103714,3.1512648552577307,2.853252390923271,0.6206840088262295,7.052582631348511,6.557709740466805,5.30570004737176,0.0,1.2755303841350356,1.147561170399973,7.628123580077336,4.6682388774550745,2.261992238885788,5.422197333642744,1.147561170399973,0.0,1.0007789283193465,4.305662465374313,6.666932619109044,0.0,3.803791706345299,4.169079361688052,2.0084287744334164,0.8286828133526378,2.9478279668969054,1.3889907226676332,4.763275891522928,4.802166867792742,0.5562386632924857,4.214594182984394
TCGA-55-8302,2.769596750753726,6.600307138565876,7.909030334761289,4.584075244012891,6.0499527708031815,5.983827962478416,3.710459911897259,6.275755877485654,3.7503037561009354,7.38486485110763,7.499185298799055,1.463880207024861,3.014676689554929,1.3267831816963447,1.5844277494299326,4.457633750407263,8.437459269396838,4.305412833243068,4.169535519164612,6.714081933751938,7.193836070066944,4.032091427598208,4.558991159828726,1.463880207024861,4.957347028620385,4.817252789942876,1.6919943810384799,3.9066727181328096,2.169396498750301,2.0341041597912297,6.60556446187768,5.195143347651913,3.516708208175816,2.169396498750301,1.5844277494299326,7.395463748471318,5.105466571366278,2.5360353472968944,0.44070354353418334,2.697642899187002,6.079544103390923,6.220055235795408,2.769596750753726,2.57895087709735,1.3267831816963447,7.551323484343016,7.298783339292532,0.0,0.0,0.44070354353418334,0.0,8.202000138503873,6.852164341890734,3.2968733656899283,5.707615120676377,6.717437033732348,0.0,0.44070354353418334,3.801071332786777,6.487732723538987,6.446758961829689,3.5648683140164272,4.824257521972369,3.015221126137838,2.4911951688728746,0.0,3.3756436484137913,3.939533108576344,4.061132428015987,0.0,0.44070354353418334
TCGA-55-8505,3.609451973815888,6.037383927852393,7.383815529810404,2.1587840042389788,2.717511963780497,6.193402847909817,1.841105034689187,9.64058914543986,5.229085180713406,5.687138054968087,6.8190093075439355,1.841105034689187,2.862183737925385,4.388905421478441,0.778682468666208,1.0180527808096929,8.044465856248905,2.2246127406550857,2.6364897504889897,6.644096977609925,6.252986148942714,5.23850897402582,3.4196265171305225,0.4632936677206369,4.72182369508057,5.372450338389264,2.0125001359259542,3.356754255417665,1.9304773885398778,3.560420887210133,6.836126078288323,6.680253494350943,2.755690498078473,0.0,0.4632936677206369,6.691290624101136,5.391903333478571,1.2110775060558676,0.778682468666208,2.958419738670011,7.320341637357922,6.5929527491084015,3.2931703510482095,1.9304773885398778,6.322003143021706,5.386520533074304,7.465328983283335,2.19749120845365,0.4632936677206369,4.544416493342376,0.0,8.054436837116887,5.226837476421015,3.956363283523947,5.84564655381888,0.0,0.0,1.511979426672128,5.359177254804799,8.101514097701045,5.064725672993128,3.5088582494800193,3.3770822689532896,3.729541435832826,3.640851874103279,0.778682468666208,4.667957174086856,4.611027995472251,3.943085530879964,0.0,3.9450263538400225
TCGA-55-8507,3.7013562936248166,4.09405618731272,7.1790106692171225,5.490349951637193,3.1666262839489496,3.314738579247798,5.159974416926292,8.164043455196419,5.020143282906183,6.004432597290232,7.584686691767228,2.2101298340222644,3.1666262839489496,0.0,3.687903978492257,5.561446722873479,7.340919856665695,4.9459901006027245,2.557599335181441,5.325669853169134,2.2101298340222644,1.7698716694700256,4.7260151956802945,0.0,4.220971339423092,5.305079452027159,1.7698716694700256,2.67608470509516,1.151995065233223,3.314738579247798,7.549793358716172,7.9716484404714665,5.48138031510985,2.2677865874513503,1.5660919019304194,7.304468870705169,3.4608552618246216,2.3740030216514945,0.0,3.1666262839489496,7.912811182382171,6.674719207643681,6.27329390076577,2.0140359781029136,2.42315535184365,7.469796694132398,6.960376191694347,0.0,0.0,2.5986742268631575,0.0,6.884682129353453,6.682152456137125,4.340652404366176,5.600201855523823,0.0,0.43249644715919483,0.7334730520315107,4.057303605007111,7.1414192956216676,0.0,2.557599335181441,3.526616374236797,3.372060323807277,4.368461290024927,3.3904633104313837,0.0,8.185383667435476,3.989545000311409,1.289205099687934,3.274609446395696
TCGA-55-8508,2.927640781416872,4.914704254931972,6.596068723790989,5.042431074635784,3.248702552379613,5.4495480731140304,5.763364985035634,8.616614907260276,4.622970810613598,6.231494713578615,7.145661326463384,1.5121998755068466,2.717789288522943,0.0,7.645909285428073,1.9725798998957425,6.805564179857729,4.5509505086525355,2.8282067141277003,6.77675325623147,4.321089620317978,3.315101948704053,4.214201002444426,1.8413429694168828,4.3670056321669595,4.828497720376378,3.177574548844246,3.708383017086996,2.372661377377239,3.5179250457950597,1.9725798998957425,7.09513071007877,3.315101948704053,2.8791591306820616,2.372661377377239,5.905492629693015,3.5936590202823213,1.5121998755068466,3.28245138250521,3.5179250457950597,6.830706834026406,6.984429241878213,2.7745181097740392,1.5121998755068466,0.0,6.854301758248049,6.527346619706935,0.0,0.0,4.1827323526311355,0.0,6.860809363140816,6.360754831960297,4.022108938693304,5.497774598788678,2.4518754089371333,0.0,2.286628460369784,2.927640781416872,6.944183635595689,0.0,3.4913488234839796,4.7062636105481435,3.215546288107334,0.0,0.6335033276324303,1.2954118646427175,8.354544841779331,2.996217155979505,0.7975972819164097,3.28245138250521
TCGA-55-8510,4.462215100954885,5.883369741127571,6.5928883575639485,6.250237756062267,5.499517921609794,4.309985371558869,5.581170297442843,5.079732160175582,2.828017516149189,6.678037665798759,7.253682674374105,2.7911589728245723,3.024504358647747,1.6646833866600788,0.7993073763883359,6.024621238110483,7.617179270603757,4.759323722954125,3.9934850131110533,6.633152630062098,4.510456128467566,2.6284224073399907,4.895314225310792,0.7993073763883359,3.5096241914315423,5.5824619394196455,3.8215642384667885,3.9112146788202016,5.521788864082006,3.4335935786375593,7.069899638337274,6.152281529114426,4.301729936414134,1.4011829736136412,1.8730321893567914,7.833457582743522,4.9144987729659615,2.752889714574902,0.0,3.024504358647747,4.754064216669527,6.569130727792781,4.058985051689009,3.237885981379593,0.0,7.346771210601383,6.563102069270701,0.0,2.37879585273947,2.433955402158945,0.47747564408443655,7.326445876803443,7.23414831930453,3.8864097691938433,5.138870184986445,0.0,1.2377943528014466,1.9629077254238845,3.9112146788202016,7.693714065964569,6.208018434197671,3.6138244952482665,5.319011752971572,2.9632039165458344,0.7993073763883359,5.923466716118281,2.863565663475658,5.087318518867214,5.250801140574648,1.042394608669881,1.6646833866600788
TCGA-55-8511,1.3123248409197161,5.872148774910856,6.9330038345685345,3.9519819075913265,4.998178023493903,3.4469957733527448,0.9665655077477776,8.969036668764282,3.1231795705466996,6.7195854543585,7.127814077334422,0.7352004167909448,1.5687617406145318,0.0,0.43372857338102383,3.6497331381931124,7.908842937760196,5.958543549015225,2.325363679883385,4.482063127842293,5.975236074902965,3.992870927291245,4.185750159358265,0.0,4.463468363261125,5.550367079996093,2.0867274349806357,3.5456901450218488,2.940097991752142,3.4469957733527448,3.8648202806098877,5.4756975682643425,5.089199986966919,0.0,2.6792391192480904,5.908197062091331,4.208287642083444,2.151936606654957,0.0,2.6018078152296438,5.6292528751686275,6.622624615583033,2.940097991752142,3.0989880758557606,0.7352004167909448,6.799535122891741,6.99808032636343,0.0,0.0,2.8181534521891085,2.3770708509205924,7.997932088829145,5.01128175176413,1.6759182969340127,4.975940324299369,1.3123248409197161,0.43372857338102383,0.0,1.3123248409197161,7.03435268700373,0.9665655077477776,4.902077078649076,3.731030964436249,2.3770708509205924,1.1542992500823634,0.0,0.0,6.653203616508247,4.160406921728014,1.647061196530542,1.448752594959501
TCGA-55-8512,2.953456097223694,4.84944880983226,7.327852809134613,5.5044734442997845,1.9285023661145497,4.609282717924214,1.1435537863715786,8.493162759535819,2.3627860956848026,6.9161995257648,7.5799035169460245,2.072945487936134,2.0033296399228,1.8476198187246768,2.3627860956848026,5.096690658696076,7.024106178509844,7.305483870607458,3.5762928933643705,0.0,6.34507479967387,4.526072864629389,4.6858004133458255,0.4282045950776538,4.369866752058107,4.887563296506261,1.9285023661145497,4.262905203766018,2.866118909706364,3.2829654952873577,8.19862570382768,7.1886846028612075,7.348014651290669,1.4367022636637363,6.565611388898657,6.421801113601274,1.8476198187246768,1.3008453992874078,0.956818283050223,3.465720277677655,3.814659318620811,6.658945140918677,3.957177998935003,2.4586910029695885,0.4282045950776538,6.38642635483684,4.656072403915211,0.0,0.956818283050223,4.335469475492033,1.3008453992874078,7.400308983320671,5.819913776580794,4.625129663727695,5.369656150895105,2.770417617095738,3.7285808209654885,0.4282045950776538,4.609282717924214,5.451240149961812,3.3222876430478334,3.3222876430478334,4.8368135116564,3.302819835629695,2.835223087873397,6.076556792074568,0.0,5.399080831943191,3.9641010917859036,1.7596322046426494,3.6057613973984686
TCGA-55-8513,5.623887533842383,4.873837620598438,6.769846318774648,2.0381767408019815,2.7143635631588023,5.340969685003014,0.9097493838307328,8.880573007379617,4.1001145504440135,6.475999582199626,6.562720891539853,1.6957990780821437,1.5495180422219046,3.515742588611316,1.5495180422219046,2.663965946749533,7.911324018963353,6.760435548339842,4.226941768630526,0.5549190612765021,10.359398596124667,5.078262789436842,4.903502839110404,1.378110968311871,4.4750079684565405,4.001218162899195,2.6109003301032905,3.696785617872534,3.266621634365275,3.3480813745109175,9.68705890570355,6.626332244488036,6.788407394588373,2.2148680125088145,5.571655809226003,6.736072133091651,1.5495180422219046,1.5495180422219046,0.5549190612765021,3.3480813745109175,4.759837875000208,6.570754102496895,3.9965939068784158,2.2927468558581423,3.7847962680603753,7.046325206842372,5.467659216893891,0.0,0.0,3.266621634365275,0.0,7.433022124537186,4.86317882462838,4.300006869743315,5.271048939393843,0.5549190612765021,2.76233634577543,1.936537793999093,5.554578428925065,6.3914714529617145,0.0,2.972770661916644,4.833333119102453,2.432366964943385,0.0,0.0,4.136329080749395,6.315229602682812,3.237921302854072,0.9097493838307328,1.5495180422219046
TCGA-55-8514,2.30580988774966,6.480984304279539,4.75775392451809,5.588940110982576,1.0768777965221035,3.665214126185945,3.789308329198237,6.304095906523522,3.464726018037725,7.595256551355257,7.486523623019261,4.595771153142247,2.5846086864065336,0.0,0.0,8.624460687630279,9.339076535846383,3.846022082168321,6.309976458352202,0.49786195737413197,4.110873864173311,4.211410303647439,4.739080256904939,0.8286828133526378,2.168127557345726,5.760061983854077,3.5968710673866258,3.818066109521965,4.48573215658475,3.444339881725658,5.7049651084024875,6.866631155492188,5.3981627015177525,3.6316263299067497,1.0768777965221035,6.05633192041775,1.2755303841350356,1.4412085919972826,0.0,3.3124244540528647,6.542332181285695,7.348523178792688,6.705623182860703,2.2393364063288987,0.49786195737413197,7.7097703172784735,4.706616049383322,0.0,1.2755303841350356,4.201800381197959,1.2755303841350356,7.9596043478404415,7.07656935241759,6.036483322809527,4.993502699089269,1.0768777965221035,1.4412085919972826,2.168127557345726,5.283858336770417,6.329997159696114,0.0,3.938131200973877,7.902809130975982,0.49786195737413197,0.8286828133526378,1.2755303841350356,0.0,6.368077403309117,6.272852477943457,0.2893057535678785,0.49786195737413197
TCGA-55-8614,3.0198247060723302,3.672412108576721,6.82717192518582,5.632948623892045,5.901561721178665,3.9736184499613176,2.2824742181944853,5.071517137730283,5.186849349124416,5.593960168145124,7.383156813289466,4.536989841454549,1.8957740795615161,0.0,1.0598368097167028,4.945613100452438,7.613112611313091,5.330605450617962,2.9886573048820275,6.191994323550605,3.589155799240897,2.7381654827845527,4.206479082416728,0.8141694088073951,3.996987121541937,4.819708820972978,1.8957740795615161,3.162550945894466,2.4584599997730168,3.1888082932458057,5.027171153403016,7.025538314638521,5.644131545314022,1.7965977458683042,3.239333139770458,7.465495022531959,3.4791363395435266,2.696652156149841,1.4214684361275447,2.6533335097126085,5.280687876278211,6.930035227339852,2.923258350230384,2.0687596933329755,0.0,6.627195780669163,6.402301865684501,0.0,0.0,0.8141694088073951,0.0,6.3780407103849885,7.504881527213013,7.104998288453094,5.290239830918619,1.7965977458683042,1.256897267633823,0.0,2.8163603622753604,6.518759307080835,0.0,3.0500452540966667,4.595795379489006,3.7192292056085563,4.17624247102226,0.0,0.0,5.067563681482148,4.23254731868391,0.6380043810627365,3.0500452540966667
TCGA-55-8615,2.003788145203643,4.990357754046864,6.917269871350722,2.701609504272223,6.279683975158379,5.008386099887628,4.4852655262782255,6.666991142984258,3.5768131716410623,7.654485879588891,7.164271708915718,3.3418966747501733,2.736864389618171,4.6566044704360765,6.256365974868306,2.701609504272223,7.145495774643315,5.759037411365798,2.2571796940383613,6.528576147531684,0.7273070322066499,5.625716423221008,4.9851465313290895,1.1439042778598165,5.033088001597189,5.120553408106537,3.449393718757535,4.314775103316646,1.1439042778598165,3.7418631938932307,1.7600623824848005,7.623602845062858,3.6349088948384063,2.9814609205164193,2.199599532673622,4.50909531388112,3.7791930810029832,4.479219132714256,0.42840007939066027,2.8666196750911794,7.734571967628225,6.633085511419344,3.937055072592416,1.437130050822386,0.7273070322066499,5.929232696891665,6.487097849765429,0.0,0.9571639250837349,2.736864389618171,0.42840007939066027,6.687194639078442,5.104289558174044,5.245812812565887,5.750567455184796,1.663566184472319,0.42840007939066027,0.0,4.941906673406272,7.519518853265704,0.42840007939066027,3.05968781229034,3.838473338931274,3.4662357778413777,0.0,0.7273070322066499,0.0,7.433294130404729,5.0398639447563855,2.1226087839554295,4.377134688593454
TCGA-55-8619,5.6654261877788485,5.305039720808845,6.479358743985196,3.689416809712553,5.925127075495537,4.5265446403326015,1.9204604642437888,8.397260346575154,3.4431515350486293,5.928231839691119,6.449104560870255,3.2140200546749402,2.74472279877004,2.3339480919361852,0.45894268188631065,6.275848060289864,8.460239697755185,5.082416275190842,4.667355941542065,1.5028544270313169,6.336425651125102,4.683648593859348,4.710475700133363,0.45894268188631065,4.5452694271196465,4.049955449203894,3.141199648083519,4.175389844073224,3.6598805201169133,3.5980544508505266,10.144404222105171,6.681050393639324,6.046582269040751,3.933537891462495,2.74472279877004,8.264605381300132,2.490375004379786,3.237159652312757,0.0,3.689416809712553,5.718460884434935,6.5282035014994495,4.741185989905534,2.5825323285724404,0.0,6.821252499907386,5.72418296241388,1.8331093244053567,1.831252581174852,3.941824496664936,0.7723279784343866,7.575158919921297,4.725926574623873,4.2018901887852635,4.87870262283543,2.214169093620475,1.010582211161074,0.7723279784343866,5.336364314184939,6.113350266347965,1.010582211161074,3.786423500615484,5.581294638763697,2.5375149125588736,0.0,0.45894268188631065,2.3339480919361852,6.888180945624913,4.5280547729372325,1.831252581174852,1.6247008391000128
TCGA-55-8620,2.353772381763199,6.019031074825787,7.175145354415906,5.326865949952452,3.820992654078475,5.970072357126164,1.6423503083898592,6.5224868381732515,4.566972868986283,6.501259640059449,6.488484306996323,1.024606875357614,3.5362613492934236,0.0,0.7842211274593168,2.4609468935927685,5.291539448268577,3.9775991130865997,4.522712063547569,1.6423503083898592,1.3804271828418437,6.065704296293015,3.4647635552230036,0.46706180632481487,4.836432689234052,3.1674730508037583,2.408799244201351,4.354104155425346,2.233727926584458,2.9049592851120796,6.021923429592638,8.119112749418834,2.5577310604337495,0.0,1.024606875357614,5.713174894130177,3.9886895587625535,1.5199507459325643,0.46706180632481487,3.820992654078475,3.4643912491580924,6.2332512302338055,5.650293789705215,3.4643912491580924,0.0,5.0095146664275525,7.44017016834927,0.0,0.0,1.2182602509340055,0.7842211274593168,6.462063311725525,6.7043444995831,6.460201749773993,6.17922752249469,0.46706180632481487,1.024606875357614,0.0,0.46706180632481487,6.025150742262779,8.059772464368875,3.5703464498013506,5.47201854104838,4.1796487884142195,1.024606875357614,1.024606875357614,0.46706180632481487,2.408799244201351,2.8020565009213314,1.6423503083898592,2.5577310604337495
TCGA-55-8621,4.545527394518457,4.992091074672651,6.5519542387925505,4.516685360369626,5.341606714646434,4.365326714001458,6.112610809659936,5.146825648546521,3.061342095643723,6.305187103850615,6.750942391957203,0.9582384924819115,2.4607676339346747,1.4384360455228369,1.1451141223195294,6.010259313742013,7.698160740564423,6.3841854584851765,3.133897289346451,4.24998128020466,4.0841309133704575,2.9273356528456382,4.198392216454384,1.4384360455228369,4.136835563175936,3.944170686638464,2.5893342303972253,3.0861167053925618,3.5481364056115194,3.3623144781114513,9.144262533363802,7.186098883354539,5.961788537997981,2.9556131569571633,5.2247407916393245,8.064400598900857,3.285154081787491,2.666693341344821,0.0,3.6915109885878756,5.233352087695677,6.22047485530015,4.992091074672651,3.2442238323964796,0.0,6.5295312407039585,6.165747631781599,4.833969712078458,0.0,4.128241836110854,0.7282247071726413,7.589689832327979,4.720318643077014,3.5481364056115194,5.272589217975305,0.0,2.2587376932137695,0.0,4.673454806724681,6.791389987850872,1.8495408371399658,3.285154081787491,4.480938275968738,2.5893342303972253,0.0,1.1451141223195294,0.0,5.359403058525875,4.648114726313404,2.07493138620195,3.99946595594319
TCGA-55-A48X,3.6667156414122144,5.170347622103423,6.691459478215307,2.974140847310515,4.359575227455436,4.8974068704295535,0.9027190518440603,7.133064483575529,5.004576979512292,6.622381207712042,7.316900274657823,6.3377385887014555,2.840772933515848,1.5912943081978108,0.6818334206596719,3.879698141161837,8.190648315087342,6.235929180125876,4.760771242082436,6.165571203817309,5.7809564560819,3.848940490465619,4.6393590297247895,1.0834986508580615,3.817206703645991,4.458430807824848,3.236240187894905,3.292282408249172,5.975012450509695,2.78201292461262,6.289036305009679,6.697508209402947,6.316778330532885,5.095393022415223,4.4717565007215,7.78192734268467,2.9488555276317476,2.974140847310515,0.0,3.5474397300498954,5.133572431926415,6.38170095156462,3.6285162043868406,2.6179577187422427,0.0,7.677340215640325,6.430133908280093,3.978355541358411,2.3772471973024683,2.9488555276317476,2.719583436915883,7.158490650753289,4.8793642022091595,3.4894921014816584,5.1072960765775495,4.152001648000824,1.3693007847433196,0.6818334206596719,3.679129578168341,7.033427116058758,0.0,3.022875539375832,5.555189654606288,2.8962709898271544,0.39797042634590396,0.6818334206596719,2.2821476642540572,4.726732736936482,4.880032940977613,0.572221712631065,0.6818334206596719
TCGA-55-A48Y,5.001150454885041,5.295959589174203,6.532989099623243,2.1226087839554295,1.2881576905513838,3.324521499864238,0.7180348960677243,9.002307083466325,6.025419014050293,5.495720456470023,6.5734524874123395,2.057668724834195,2.5300871322852077,0.7180348960677243,0.0,0.0,7.23756968708214,3.86584712104949,0.9460825166818914,6.039282810563457,1.2881576905513838,1.5425499668924687,3.7457157327405746,0.42212554900127164,3.8092724142857244,4.223069003278239,1.4234215382011741,1.745174372110329,2.2410713260051724,2.818774306958889,3.603166324944889,5.649284049319702,4.852819015273468,1.6489854952365999,1.13166014271431,5.885323171102497,3.3432468895051013,1.6489854952365999,0.0,2.9911015683692965,2.5300871322852077,5.600024378142479,2.571069055392274,2.1226087839554295,3.0672712343363067,6.737485210399996,6.61086023043101,0.0,0.7180348960677243,4.037285555205836,0.0,7.98404356435546,6.72115578484854,1.5425499668924687,5.527542388178114,0.0,0.0,0.0,3.7615907370655184,6.781772466857788,2.754036437938908,2.9643654378044912,1.745174372110329,1.6489854952365999,0.0,0.0,0.0,6.120971916700916,3.1380474753255627,1.8329174073129513,3.04252043505275
TCGA-55-A48Z,2.880254079707879,4.264911188629957,6.313868647053087,3.0302351444010562,6.041468260343076,5.780502746068885,3.2576348930182846,5.48591249359465,4.230562551046329,7.451688739515452,7.232458532003351,2.5283571866619434,2.6372342402257956,2.7037476249488295,5.888664639183077,0.3923798685595089,8.832090058934037,5.328798073801623,4.477079963312952,4.525069059941568,2.4485711038674034,5.831119723117396,4.799593223598718,1.224569234124586,4.514601945397727,4.044769089778828,2.671047293465826,4.391596942832522,5.432738987801442,3.053180089957422,1.3566595559902,6.684179134112826,3.180791745501924,2.982697691283531,2.9327871489523085,7.166335469788257,4.111976534697179,2.7037476249488295,0.0,4.514601945397727,6.447283675290324,6.821528321527771,6.008746844175723,2.4061610172154033,0.0,8.27770936195136,6.6487034224292145,3.823351341834264,1.3566595559902,1.0723367572558469,3.328988630486993,7.07021420667984,5.92511104655796,4.25813435050332,5.328798073801623,3.9218822430235383,0.0,0.0,2.2669268267847484,6.214176005083309,0.3923798685595089,4.540566596066926,5.875262136605234,2.5659872801718175,3.502432399142798,0.8926535621080008,2.361872350348916,4.403426025679772,4.420737602544493,1.8252264820609627,4.278327238592688
TCGA-55-A490,1.2412974903860898,5.97665289415277,5.125658970665038,5.63293073368425,3.581656093325913,2.9551446265722063,6.787420991649064,1.3742470832092144,5.0654012185849995,5.2872816969277725,6.959161067042037,4.173797865461734,2.6930313134563537,0.6851150088626811,1.5965755457171564,3.4501399151751704,8.349690096872312,4.061711171607398,4.505862426498781,6.440692919957169,0.0,4.181344550257988,3.5488067134459915,2.757500464818308,3.029191227297656,5.560516232722599,4.103198582775724,2.6930313134563537,2.0009663548033916,1.6915891647948154,1.4915773737744369,7.686905828662439,0.0,1.2412974903860898,3.223214399626957,5.311855313609181,4.267708059587614,1.932129922075331,0.40011750178156913,2.8180638740126813,4.72461406390433,6.5925951181016815,7.555423806263052,2.0009663548033916,3.223214399626957,7.21591622061524,6.8185622511948205,5.858901257149387,3.757030971761988,6.263200147730076,0.40011750178156913,6.378351477974939,7.102375891363108,2.788240590178004,5.0654012185849995,0.40011750178156913,0.0,0.0,3.935454335130688,5.957672472198121,0.9066443548223496,3.4021569211568554,5.639947705826873,1.8581868303836477,0.0,0.9066443548223496,0.0,5.730151729676269,3.8657968513736143,2.5500933982808145,2.9551446265722063
TCGA-55-A491,2.7614456178149602,5.362615233730768,6.5090611956596724,4.912596060476469,2.40317223420543,6.928136170423922,5.33237573925999,4.939482949768166,3.473006284408588,6.981163720807275,7.062140217083069,2.944381082753633,2.5783818136465957,1.1370313985720546,0.0,3.3873215561265075,9.213455514876328,2.1906138858964415,1.9203285700227626,7.970598756488768,3.2328378998842555,2.7614456178149602,3.8743605974863766,0.4248755016279877,4.827313236968718,5.025064030748377,2.9161261372359775,3.332147365685346,6.155049158564972,2.692185011912627,3.168146581900051,5.887322732976127,7.165709834960928,1.7517010719820696,0.4248755016279877,6.482688303424187,3.610861154276742,2.129576039922399,0.0,3.884534638355718,7.736555973872698,6.240102340841012,6.570246905756741,2.3541238572514023,0.0,8.013382902544151,7.35821287300913,0.0,4.207265426286086,2.129576039922399,7.371948309348024,7.687048045175851,7.367645439068375,6.052169165724587,5.921993882924848,0.0,0.0,0.4248755016279877,3.957950027095046,6.752718873682523,0.0,5.087176494024977,2.8262124241172386,2.3541238572514023,1.9203285700227626,0.7221232887964624,3.211734385383446,3.1901758936912885,4.912596060476469,1.1370313985720546,3.293601035062753
TCGA-55-A492,2.6286317429888113,4.834685395109149,5.121442947127298,1.9303322990919787,5.590008890396334,4.3445557896080205,1.6648536976673125,10.90116286060619,3.9386298822061363,7.272912149463259,6.768220760744149,2.4606481096412196,4.872292344474511,1.5579972387657044,0.0,5.436813290468617,6.823340527839774,5.906350460034109,1.9303322990919787,5.00281143403395,2.074805813275308,3.285026795310384,5.009120814517453,1.6648536976673125,3.0097485845210987,4.470379715343112,4.092978629760965,3.650484200175436,3.6078429194245563,3.433812995763301,5.027689048662084,5.369297595265084,4.947319136678766,0.0,2.0051758647836824,6.313823370690691,4.741020138673709,1.1450186614822655,0.0,2.7031113584053643,3.2014122199251807,6.705985424109991,3.343448205120986,2.2010284445623802,3.5166874200381204,6.280285345964683,4.808804666914075,0.0,1.5579972387657044,3.7807633162446312,0.7281281494551908,8.123474819460599,6.487699239068929,5.155998909071165,5.597981121102886,0.9581617759494612,0.9581617759494612,0.9581617759494612,3.8739970982098924,8.667211917898207,7.176185722310361,2.8681375099386144,5.3542155421768465,0.7281281494551908,0.0,0.0,0.4289211841445056,3.82846746832099,5.65017773901555,0.0,1.6648536976673125
TCGA-55-A494,3.1619329172168897,5.998365679421281,5.67033943853585,6.673036239461634,0.36707072012085273,3.833680850993968,5.907368008754746,8.381382632034693,6.206366227320189,7.675893969832434,7.118559006878333,2.6290214236720755,2.720676815498426,0.8460399266630878,0.6349352708115312,6.160622762688093,7.520651813584212,5.482578707410461,5.262773087023145,7.242082359256962,8.470642318162396,4.2254488451306855,5.194683137777002,0.8460399266630878,5.0194694907521695,4.377935778520338,3.871330169233262,3.6324889806264187,6.658918208087233,2.6290214236720755,0.6349352708115312,8.476108662436827,5.976099608689048,4.544630060601732,0.0,2.034940914278772,3.8526826835453782,1.6076563263516697,0.36707072012085273,2.8046262460277687,8.356698094939087,5.654935308862207,8.499092355251756,1.0202182212400976,0.0,8.25299324311166,7.488175992865034,0.0,3.8620509430921572,1.7712165679967256,1.6076563263516697,7.019752721435591,5.584011213789345,4.8296488456483795,5.548585692298882,0.0,0.0,1.1685424984939679,4.878063440966433,5.200252395789005,0.0,2.562893399273321,5.76505629746077,1.29765438595662,1.9117474795474956,8.243826825178411,3.3497005577919547,6.699051963793948,6.642864826386585,2.153922658492144,6.2188072695494565
TCGA-55-A4DF,3.143781520294698,2.127886408145639,7.704284519346196,2.896237852006957,2.9460429552666256,4.532618847804663,2.870373111389475,6.652169885959152,5.600394087148735,5.480722253203296,6.992932474889606,1.9473662313099778,0.38001053863569634,0.38001053863569634,4.206361375496394,2.4133300862987115,5.824506366936742,4.1641504364660635,2.816539816018649,4.272980167569037,1.8059088923324744,4.134985740396066,4.765058658866346,1.7269008968795585,5.278619633750236,4.063220185107508,1.3281089495099838,3.2387960923033314,2.2807586191012414,2.3269264243802037,5.48648430575751,6.255076110297982,3.5347691901366134,4.233544027596147,2.729935625190751,5.893121021358049,4.576386892961527,1.8791443875535434,0.0,4.192487090773449,3.5211942612529707,5.353543915538159,1.641110982888966,2.5303579126919176,0.0,6.7654875497437255,7.538957904496927,2.520740222796829,0.38001053863569634,4.697247874188999,2.896237852006957,7.4676110381221665,5.557071275363939,3.7189696685290747,6.1946808633627874,4.21322625339469,0.0,1.8059088923324744,3.696284469189593,6.495605377345251,4.178419131009008,4.8885505192126795,3.661258997066971,3.661258997066971,0.0,0.0,0.0,6.391027270363519,4.576386892961527,1.1502555218199482,1.0470733500774043
TCGA-55-A4DG,3.5928530178591918,6.619296905286503,6.2558306527076715,5.226429236413197,5.313225683281155,3.9543216691356,5.1437607710148106,5.026318336431441,3.0465299451408496,7.240642525770991,7.374904839244966,4.852889269868342,2.446555558404077,0.4235669434721467,0.4235669434721467,4.757942773825488,6.805610697770456,6.952566107515854,6.521018692112954,5.03665385649481,2.5749606156284384,3.0465299451408496,4.503413169919889,2.7908828593954222,2.8835485325480392,5.947384647205837,4.757942773825488,3.3837459880483998,6.33088600193527,2.3507750770914453,6.366855253409321,7.214577994961301,4.3635010915584465,5.781706015403895,1.1345262585157783,6.576887309080756,2.85360403370395,1.652382452759413,0.0,3.8589069982769084,3.5017362920407646,6.780170740147199,6.488794512768638,2.4912117309225947,0.0,7.8444876496274185,4.721058093690018,3.7470941154835646,2.8227351091803534,5.299122042709318,2.187331355963385,6.603691760314614,4.168414081255558,4.422190412617127,4.939590318483173,0.0,3.728383780891225,1.426620232591456,4.356762671393786,6.967862119714256,0.0,3.974344069824759,7.895856775018462,4.064962094432723,4.563688598984534,4.7350486648396295,0.0,3.4857100840071435,6.415278612066144,1.5480942821930483,1.1345262585157783
TCGA-55-A57B,4.171649679959555,6.740761647037123,7.0117548690006215,3.638217539311708,3.1447727757792836,5.844989748847531,2.24734718673943,2.24734718673943,3.48843873220584,6.918566625193787,7.433051693976581,6.42944363354593,2.905692679776941,1.3404859969629097,0.0,3.3122095072331588,7.928906801672456,3.530624948433908,5.678833829292236,1.4287550123086543,1.0163170459412794,4.547980595191558,5.1267695638774775,1.6546598131550134,5.004590393778364,4.636911071772154,1.893367954816152,4.1661953459845735,2.8663408707616473,2.760617350458561,6.242314700963528,6.297685581119545,5.730499053903678,5.222596556007896,1.9942920666381405,6.6436920721289905,3.4776088891162553,1.6546598131550134,0.5336824059089182,3.4991525452592684,3.590740025757782,6.928978465433662,3.5884042082920296,2.7380619751701816,0.0,7.225270387914476,6.040854531349382,3.3648860322029996,0.30202866615870255,2.0731593499707768,0.7216374509595729,7.113492210280829,4.162633852920794,3.839164099020758,5.370796155159808,0.0,1.0163170459412794,1.136453846094985,2.35332573469723,6.932808802046243,0.0,4.1607110990204825,6.964589195734155,2.6708328132853936,2.980024550680911,1.4287550123086543,0.30202866615870255,4.588229499429835,5.278293214717109,1.0924936076599325,2.12880297121756
TCGA-62-8394,3.2877412215639197,5.671352253835326,6.928596582353785,3.256194730731886,6.06510294474313,3.5462583030946666,4.008418051098092,5.807670907331352,3.3479970067941744,6.165193039046414,7.3506895672047765,2.5695158382761982,3.0815521076048698,1.556585508529872,4.023410522171674,2.138323469416058,8.971343061313801,3.418542743988126,3.042639714130148,5.98886617425919,3.615727947478126,6.04559755568791,4.259026733557482,0.6052444973840342,4.175000927722998,4.269378517727686,3.2236205508322793,3.390918063365219,5.536676570468608,1.7181667489246817,6.273572990708087,7.142629753172045,3.3183228904939606,1.2513619875797397,3.1726810896572277,6.040659391288174,4.278183023490066,1.7901081064788245,0.0,3.3183228904939606,6.774816853375062,6.48164297703185,3.155109272352831,0.8098184873636383,0.0,8.186180424731319,7.622277379549775,0.0,2.845949540343418,4.867911302514847,1.7901081064788245,7.07284589884773,7.104357710268334,4.522546985037159,5.521820853077794,8.165707616523337,0.8098184873636383,0.34769474235795184,4.946800525266927,6.43159513724494,0.0,4.206468653249028,3.6487317114015014,2.5371511582945887,3.2720942649730045,5.102466702713865,1.8572350511869664,7.26386206154776,4.4620362648772876,2.028069296807357,2.3173357649399535
TCGA-62-8395,4.67007738915409,6.3599509601941895,5.2541512449961045,2.13493537643196,1.7621246640983643,3.5102789655503983,2.081676542204401,7.398229204740209,2.988732834533746,7.3413088532539135,7.267225313014555,5.920255829589356,3.644987648374373,0.0,3.700694382158473,2.2336315064497163,7.695512394232014,5.759664889570483,3.132480985053189,0.3636704184511188,0.6297813049381256,3.031953299834131,4.184166984519132,1.4037167068117598,3.598076352157762,4.831580395958381,3.793757353331181,3.931868769048843,4.929331235698704,1.965796806434312,8.408487085507314,7.221543598518397,7.249669822207637,2.2336315064497163,2.0254076531873504,6.393517172648276,2.820795382870797,1.4037167068117598,1.2897008582086091,3.3994825788946064,5.484477380364304,6.551925691914292,5.1167775041513925,2.1855005633255433,0.3636704184511188,7.422110665798373,5.1878214651174135,0.0,1.9024059893151186,5.1141420926817425,1.8347231686601706,7.16280826569203,6.947437424120841,5.794981183632932,5.410828753672137,1.9024059893151186,0.0,0.0,6.177369260057019,6.8615029418038835,0.0,3.793757353331181,3.914519885626733,1.5988823984945837,0.8397552001960357,2.13493537643196,0.0,3.3391162830314545,4.299712390680752,1.9390293879630909,2.9435543774954107
TCGA-62-8397,2.5399313073067207,5.591557713134392,5.470150781227603,2.4176087695628277,0.9001206987115172,4.532285465357065,2.4176087695628277,2.918754032269941,1.922700008488651,7.2847729004421025,7.200835256495511,4.840613780665099,3.5431771526912463,5.563960863834249,0.0,4.3039664396894235,10.082194250259274,5.000214519268338,2.5399313073067207,0.0,0.0,3.5431771526912463,4.887269202145098,0.0,3.5431771526912463,4.678132502128508,3.454956134308245,4.108477552688013,5.2738248589353285,1.3660151202615096,2.5399313073067207,7.865333816869526,7.117302822029683,0.0,0.0,7.901647587546456,2.2782001830583565,2.4176087695628277,0.0,2.5399313073067207,4.874639915970205,6.9160210233991695,5.220042262409176,1.922700008488651,0.0,8.255236044065326,5.634189423097217,3.9068999047293755,0.0,9.245861944043261,1.3660151202615096,7.048707816665163,2.951330964255824,3.500040706491717,5.163201862738802,0.0,0.0,0.9001206987115172,5.196074209098356,5.445508168229351,0.0,3.454956134308245,3.924643036784248,1.3660151202615096,0.0,0.0,0.0,2.1161711738965603,4.759049400400519,1.485256953645938,2.74717475578626
TCGA-62-8398,1.7714206982325245,4.111730873884739,6.681410358750425,3.204598385570058,5.976267149444998,5.005649552583597,0.7542422799197561,9.522300336887486,4.755527967576648,7.041184166353176,6.817728815730166,1.1792701916855641,4.64285125295578,6.820067673401483,0.9168105967210062,1.1792701916855641,8.167513721989891,3.6707994921773954,1.7714206982325245,1.2884885698661737,4.987891947119317,5.297932292416509,5.169244590930459,0.31867188913852507,4.8301760022101075,3.3342488476640315,1.3869441499613877,4.048283171561425,2.22540162712337,2.0484538440533466,2.409985526603752,6.853905034170767,4.0677438804249215,2.340189115391412,0.9168105967210062,5.600216643883905,6.102308003934231,1.9466527304163723,0.5600157079567496,2.904986660247246,5.245912928753441,5.690383102693084,2.443138026800809,1.7714206982325245,4.929931256681293,6.025525336104728,7.611906690293151,3.2465026649847943,0.9168105967210062,7.47295544521146,0.0,8.30499452572655,5.191082873869373,3.7963405120872453,6.213475457226257,0.0,0.0,0.9168105967210062,2.1840154980810182,5.724277672527521,4.732665900498267,2.8413624030395424,1.9466527304163723,2.6762498885524124,3.892672995685186,0.0,2.1840154980810182,6.201378978209127,3.23755232812858,1.9150826852600538,4.222202600094435
TCGA-62-8399,3.5009914332656202,6.410232446098794,6.751995805740459,4.246136748703441,3.165175425199543,4.932097009765773,2.2322377331732253,4.196166825641648,5.099933498745625,6.312284567264126,8.069232814645131,1.7777957622106686,1.8397556674963105,0.0,2.7076434517242296,3.907808135329653,7.153825982939989,4.224234750367012,1.482490511972298,1.482490511972298,2.6558793287733007,3.0819925351937663,3.476270839965043,1.0616370525432144,2.9122365276667836,6.150794647690864,1.8980995049993814,2.732560683286708,1.953226178669753,2.3471185913548536,5.76187526664371,5.749908776432327,4.34897902862765,1.2940420014148037,2.482253132322437,7.657807230106184,2.54354498652017,2.870254080977064,0.0,2.8037724172200345,2.628956487435829,7.309593819034602,2.628956487435829,2.055136041651727,0.0,7.17547441128832,6.799888291413057,2.767852524139341,0.0,2.756865761774545,3.3404383758165914,6.943286502021793,6.819722653422932,4.921126255089551,5.770166167417099,0.0,0.0,1.1845758947152043,4.959005100859398,5.854690760744412,0.0,4.246136748703441,1.2940420014148037,2.4501426573516603,0.5632662597054253,3.3537458211629314,0.0,4.6998074121371625,5.294234041110401,2.0473573032069847,1.6410140958688444
TCGA-62-8402,2.7894950023061402,2.289307332381471,6.23716770606676,2.5890263960096935,2.0021149337323023,1.692675511004156,4.428060623125787,7.004990876706416,3.856744940271089,3.497222457382641,6.990136787987924,4.528687550397779,2.1841055648430667,3.2629386422444404,6.469129379250564,0.0,6.85841376284614,5.9829660368530835,3.674486368826298,6.9408418319699265,1.3752334137604656,1.3752334137604656,4.464726961593031,0.0,5.318026852251771,3.0808084459091103,2.625356761117679,3.121373243506962,2.9564091551574716,2.238089237612945,1.692675511004156,6.180689305218566,0.9074517832069507,0.0,0.40058656065705694,2.981709411190423,4.112608424527099,0.6857700362208962,0.0,3.3701297416972587,4.699388861227073,5.6739519354975245,4.21228610383427,1.492611918666996,0.0,6.3051304713126495,7.9545969663874345,0.0,1.3752334137604656,1.3752334137604656,0.0,7.266631797675709,3.709598328194469,5.985448989869799,6.008717357755446,0.0,0.0,0.40058656065705694,0.0,5.30004088044431,0.9074517832069507,2.848287392847335,4.128605882506628,3.299961680581279,0.0,0.40058656065705694,1.859324655390479,7.566962976112518,4.931187964705446,1.2422507655359134,2.127052439359217
TCGA-62-A46O,2.0397907360500436,5.38883882598418,7.262453270036648,2.7403753998751297,6.225466927357064,8.20182469605951,0.4430177641607487,10.64628405189597,4.348543529919833,6.0986561353287625,5.861404266056425,2.0397907360500436,2.4502203074860773,1.8831376865653369,2.665692305467247,2.7403753998751297,6.030002334813062,3.073817682351829,1.3316005546972436,8.22254558251059,7.9924849822748065,6.023275665349398,5.19708166546716,0.0,4.712840033086266,4.171931950371855,1.6973205764096286,3.4549814049409284,2.99333440095399,2.1097767414759088,2.236573487400131,5.584732386627879,3.0992676246117856,0.0,5.042431074635784,3.730290075359484,5.50639600982935,0.0,2.874829376186329,1.9645215909813398,2.6261529971351356,6.094891695014255,1.3316005546972436,0.9829021031726566,7.233902971884137,3.073817682351829,8.407835810032696,0.711379948821005,0.0,0.0,5.275749619830346,8.42790504272964,3.660384810454746,1.58962288506104,6.162897875026557,0.0,0.0,0.0,2.0397907360500436,9.340991370244964,1.4689106772971237,3.047703088372731,2.665692305467247,3.0992676246117856,0.7489602453791581,0.7489602453791581,0.0,4.857079992551723,3.0992676246117856,1.7490607146949397,4.6017864676647955
TCGA-62-A46P,2.1422754858512034,5.532915067907362,6.631863427904832,3.0587446306955157,0.9178095778434249,3.6723917762964295,0.0,9.351492651732066,2.5078253321705666,7.27767610756541,7.352998637098714,2.5078253321705666,3.483664839559102,0.0,0.0,2.0498711143707204,7.314386373730271,1.388167605501571,2.726917750826717,1.388167605501571,0.5607009132596392,3.221280930282045,4.032041762218692,0.9178095778434249,4.792056309279626,5.347574088529111,4.60011945248048,3.894272391312093,2.5672620657043876,3.3074652893558287,4.870015984286654,7.256678253898652,7.9971350790866405,1.5601216098781387,0.5607009132596392,5.9995715960018785,1.5601216098781387,1.8346912366115675,0.0,2.6764769712631042,7.199939700631335,6.969236004825158,3.221280930282045,2.226858889132455,3.996060799030943,6.627891894108174,5.288231676534231,0.0,0.0,0.0,0.0,8.03632434894005,6.845320144175741,5.684371970469705,5.918025197530205,1.388167605501571,0.5607009132596392,0.0,4.261620160810784,5.7395999675215945,0.0,2.726917750826717,5.192662363088489,2.4446313807861086,0.0,0.9178095778434249,0.0,5.511883197581136,3.3074652893558287,0.0,1.1803765904707493
TCGA-62-A46R,1.7051116625023828,5.975512994893912,6.258100444378318,4.227261391040967,3.0684668029668813,4.3179160219704364,5.485228375675798,4.086403112215951,4.580282029280215,6.786021449206365,7.157439490292253,0.0,2.708456785102399,0.40559843255339884,0.40559843255339884,3.31460409907706,8.033606529036996,4.23453394946157,3.3677164311765635,1.6097778546471984,4.559555474727219,1.946281508664226,4.709962540272808,1.5044106745663945,2.6030896054657107,4.653579325195778,2.5261285643295825,3.4344064714191904,5.127368890394846,2.2516811964655177,1.253077204832244,6.935808093424172,4.605600093564585,0.6933471605626116,2.918181458535432,7.2714395997417345,4.4071472044579965,2.833619144061197,0.0,2.9961421895269575,5.907155878146767,6.274253417348632,9.313230839575438,1.946281508664226,0.0,7.221536291754892,6.691275723839761,4.728882276674782,0.40559843255339884,6.206545684332147,0.6933471605626116,7.338348677117198,6.343143783252331,2.140454323446567,5.389505425711177,0.6933471605626116,1.6097778546471984,0.40559843255339884,3.135907174128435,6.90292965436185,0.6933471605626116,3.7017241072239955,5.8483156253885,1.946281508664226,0.6933471605626116,1.0989122436771077,0.0,3.2585118363885606,6.120576500883086,0.40559843255339884,2.86261222488737
TCGA-62-A46S,3.157706554757808,4.067231982204445,6.520836126536071,2.371457957280421,6.001640100121488,3.9804028890764354,1.6041238176103316,10.043253842727921,4.289975762550919,6.956554966915742,8.127531548132746,2.4118430039305676,3.157706554757808,0.6328662496750154,0.0,2.1407130130675003,7.469266412471994,6.089446155467466,2.1407130130675003,6.435376030185445,3.0168085991559073,3.9637725956968954,4.890379202957474,0.0,3.9209450850398775,4.565750333007791,2.773275986019917,2.6564059679498717,2.6564059679498717,2.371457957280421,6.70605027102541,7.686970057979475,4.501843156949758,1.0174022332425665,2.4880267771242437,5.728156337264203,2.0874097113290127,1.2944531574543106,0.0,3.264445570958155,8.961384018393352,6.062053477548271,3.696192647408161,2.1407130130675003,6.9694992740664885,6.818822420765631,5.589743670607889,3.308833523851964,0.36568423809631984,1.6475618705252104,0.36568423809631984,7.3518383545263095,4.504531836665595,4.800161145882709,5.156909320086638,0.0,0.36568423809631984,1.6041238176103316,4.778122992777946,6.4846963024729245,0.0,2.1913182805654587,3.4900656446824367,2.6953161325774504,0.0,1.408667211971616,0.0,4.271656368925074,3.7307600880776643,0.9307457528437395,3.230116412091419
TCGA-62-A46U,1.6312385423929532,5.694882991469168,6.769306673802007,2.1758079816267735,3.9346432281989445,4.431115563732448,3.031519213434476,3.2764992416886147,2.9048552527634004,6.424384303530104,6.5258533654240285,4.677053542661538,3.0114924273275476,0.5999347988377666,0.34429867287067695,3.12604975710115,8.537248727904661,0.34429867287067695,3.3655356611080696,2.1758079816267735,1.847383372976052,4.401326684718877,4.578694785174758,1.6312385423929532,3.407249033423923,3.770940892010547,2.0250117546905524,2.9271161168154136,5.720806736061982,2.1758079816267735,2.3068061716932657,6.0319728924454745,3.6797226583285183,2.834953006436331,2.8105225500188538,3.2608581059955326,5.025550178822885,1.2430300425794625,0.0,2.9048552527634004,7.753366002668551,6.043746227880742,6.130558875374079,3.3254136472284435,0.0,8.327537606263009,7.521247593314994,0.0,1.7803951391490052,5.620781228152795,0.5999347988377666,8.539743022083437,6.27914974455488,2.526400418617359,5.6525312846454066,0.0,1.6312385423929532,0.0,3.5586084549113632,6.254163370988846,0.0,4.892954753187106,4.300676927415045,3.6600349217209383,4.501921882483206,0.5999347988377666,1.3550874514951798,6.869820778302838,5.304672132186044,0.9423482661934447,6.18873834327129
TCGA-62-A46V,4.219470939794386,6.480984304279539,5.785565206071543,2.988637162678067,1.3807037628066456,4.393222476684614,3.9534835160535984,2.826182805282027,2.6671934837569022,6.681514436008448,6.958296290475855,4.12781479867252,3.1915087390605352,0.4029953942072367,0.4029953942072367,9.22036990761336,7.560137755047389,4.572456893569908,4.464252726259827,0.4029953942072367,1.603460080747564,3.6170692247416234,4.968729379012963,0.6894403186286189,4.441132456638693,6.1902395833065595,3.9342560102960347,3.4267579101874315,5.349148304065121,2.632119029468387,2.478058252959161,7.376520641892456,5.404207741805469,4.941342377600303,1.2474345117364718,7.270124976984715,4.514398292565975,2.391108659382078,0.4029953942072367,3.013316756310994,4.508948891244579,6.57179011377848,4.2692987688387065,2.5580564249223117,0.0,7.9900247483100735,6.812552993357026,0.0,0.0,5.982108414683957,3.231499806053572,7.82712127737322,6.420104042715104,1.0936332471209458,5.5474521990125645,0.0,2.0729077428288387,0.0,3.1708949331494662,5.946595311043578,0.0,4.771717988666005,6.339053336685457,1.9487489729220135,4.6321723246906625,0.4029953942072367,0.0,5.193823142218168,6.330296497413654,0.7866375236472842,4.930646473859654
TCGA-62-A46Y,2.835569389928551,6.069764968651355,6.798764849819176,2.8645638013186483,3.420146703820566,5.687775036510384,3.5859520870589057,4.830798647354434,2.892735628418102,6.399428197923743,6.994107271959236,3.8310905687297687,3.7037434357624783,3.665999697307093,1.1002775679871708,7.712484083912189,8.463231075733287,5.889988145171455,3.4681610846674515,1.2545613504367474,4.870015984286654,3.1378870031031765,4.775663733526951,1.1002775679871708,3.894272391312093,4.944880033030789,3.9440370435370093,3.809110601808299,4.507825237445229,3.4036177834583725,6.167914734430007,6.657290632391616,6.205034416627861,5.19544818937214,4.572019731478644,6.752431578101279,3.653096823974164,2.017073995602966,0.0,3.2410834010922858,4.9261081016907315,6.505289169379089,3.0911560832658296,2.892735628418102,0.0,8.135502225453083,7.035127744291076,0.0,0.4063313994361222,2.253531394102389,0.4063313994361222,7.78176044583905,6.677957134898757,2.946809850638757,5.462080271986804,0.6943963999603772,4.551076131024462,0.6943963999603772,2.9201408940030458,6.758792286472889,0.4063313994361222,4.153503011693751,5.391561777757266,3.2410834010922858,2.253531394102389,0.9178095778434249,1.6114359150967734,5.630114405730865,5.283558995572491,0.0,0.9178095778434249
TCGA-62-A470,3.4195839741744023,1.9681747292512493,6.484545155242257,3.1427504344787094,1.242164141699867,4.212164634229667,2.2639170271031306,8.72540988950553,5.0189076502802505,5.700543902805682,6.965467428371143,1.5464129120126497,3.2437830485743007,0.0,0.0,3.840881398490334,7.076037071242284,5.282254039347061,1.5464129120126497,7.791915304101907,3.378443804593401,1.242164141699867,5.498548419927223,0.0,3.378443804593401,3.5876160892148423,3.1427504344787094,4.075532044605522,1.242164141699867,3.378443804593401,7.881389963038494,6.890127824281853,4.907028794807486,2.1269451643238027,3.8140793610980195,5.794798599704679,5.530349298907651,0.8026740050871876,0.0,2.8337955274957216,6.00980532210484,6.486422949698906,1.9681747292512493,1.779366323798061,8.163963733538848,7.074988578354619,6.273927398087994,2.7413173293516793,0.0,3.6361588257802895,0.0,7.37050768151368,2.945343832820763,5.256906657102485,5.914740077986488,1.5464129120126497,0.8026740050871876,1.242164141699867,2.5889137499921744,6.596433306310496,4.705974337164701,1.779366323798061,3.0881291228199585,1.242164141699867,0.0,0.0,0.0,9.581972891547895,4.821514675979581,0.0,3.2437830485743007
TCGA-62-A471,2.0993789638123523,5.5697976459117235,7.150034568604823,3.1127772591406364,0.0,4.555114020777417,1.965446634496314,11.065966261532651,5.15252251270301,6.656046344322393,6.370308434055276,1.4034218447804812,3.220510488077995,2.418606578030768,2.418606578030768,0.929996378930267,7.881389963038494,4.181288020238623,1.5218299939125832,3.7235030783657903,6.607517377646564,3.934330336470618,5.047937501426906,0.41310253523737567,3.5336310887169153,4.479629638492616,1.5218299939125832,4.862823370725463,1.5218299939125832,2.8546467055728275,2.8836715840004814,6.462870317893672,3.472028562422747,0.0,0.929996378930267,6.429600116077072,7.037554716516982,2.4631466080054363,0.0,2.7939403942445065,7.164380026968575,6.867548720042548,1.4034218447804812,2.0993789638123523,6.5329818263405555,5.608045870612649,7.575246132728297,1.4796253108126098,0.0,4.881581481180939,4.020545516704606,8.12002358033218,4.322386762207609,4.9784219717316045,5.806513536327924,0.929996378930267,0.0,0.929996378930267,5.221128499461547,8.074593033645801,7.165168847413632,2.6237768903674303,2.1601686304957797,3.7600087085754565,2.5057871273673555,0.0,0.929996378930267,4.326517888794963,4.985440555461699,2.075282906530977,0.7045815581856084
TCGA-62-A472,2.4525384047552707,6.082810059814095,6.5940440344755205,4.334536624937258,0.0,5.44957816038862,3.836583685886197,3.5491517611522596,3.333168331264684,7.614341746408589,7.058276523226294,5.123892548280688,3.462229763470439,0.6756449054238033,1.7623821505173782,2.6750792507655103,7.580934418565814,6.9794804144340645,4.793233560286093,0.0,2.1658485694205747,3.4920521965061955,5.409800600055892,2.048569878012749,3.749640537207343,3.9675201512372844,1.7623821505173782,4.169863205577833,6.021501390409496,2.4525384047552707,5.933432810856534,6.904890178498781,5.559477059656818,4.948483256373829,3.897163142521122,6.794465632913093,3.603166324944889,2.85700454619407,0.0,3.010867161138261,6.263647755275259,6.087204180138613,2.7999606690356322,3.603166324944889,0.0,6.931637807445385,7.051396643181916,0.0,0.0,2.6750792507655103,0.0,7.501015823719498,5.115877802791534,1.7623821505173782,5.555754126163791,1.075173056934347,3.629116179981054,1.9156718302804083,4.5601163331063495,6.4026333581328245,0.0,4.7098814909542535,6.214678095972306,2.373919221598372,1.9156718302804083,0.6756449054238033,3.2981231393773682,5.088811645825925,3.877375658474911,1.075173056934347,3.2618012057196317
TCGA-64-1676,1.878380492261714,4.448860176485657,7.734589465058291,4.069158369507765,5.842561325259307,6.62924964064294,6.861787777349935,2.7876620467372586,3.7011340587809354,6.116862956502316,6.042749216458337,2.698491326953201,3.1723919990546388,0.8694925823255157,0.0,3.7011340587809354,7.984084466520895,1.6403937965545454,1.4961124271219772,0.0,5.893507116424966,2.154259083458049,3.406602746320706,1.4961124271219772,3.9295917669540192,4.429722152317308,1.3274728003115486,3.2559056783015436,2.650731774460896,6.3729391710758945,3.6484375956661417,5.747741942156656,3.4926121052313595,0.0,1.3274728003115486,6.837557038472599,4.735645664058436,1.878380492261714,0.0,1.878380492261714,6.092110466501826,4.71723020974138,8.55272055407804,0.8694925823255157,0.0,7.009237282927972,6.882608738382032,0.0,3.6116986888402276,4.96764428229116,0.0,7.5684670738988125,5.902636065638071,3.6484375956661417,6.521083465435789,0.0,0.526443034661067,0.0,0.0,7.106958534644607,0.0,3.6302381766691094,3.6302381766691094,2.2315615897406693,1.766441661243765,3.282263684248376,0.0,3.8142624258450026,4.0451893314239555,1.3274728003115486,2.4329991317159787
TCGA-64-1677,1.8672533852795878,4.807653782605987,7.454418978150783,2.0234794707597654,5.857976010707976,5.7172349167777385,4.543271377740801,8.159240288378378,5.642552252834428,6.449349731213465,6.738215288832889,1.4544902484326436,3.613751731422097,2.6482365004003543,2.918067985197492,2.4799694820081837,6.72968786049647,4.483312108616069,2.792225894672589,3.382571661538958,3.029829306122038,3.6710514759143242,4.187995790970169,2.15855304668795,4.458283724390636,2.8708547564716986,3.3053543932738765,3.916694078958028,2.567638047385465,6.308353418107703,4.166002989068827,7.189884462644217,3.130341834745842,3.5529680887425985,3.1770491591681598,5.58263127309205,4.543271377740801,1.4544902484326436,0.0,2.918067985197492,3.7766522078493834,5.845394877785354,1.6820190052148563,2.15855304668795,0.0,7.531193260124958,7.659807957452608,0.0,0.7391238667999696,0.0,0.0,7.284299514661592,4.987496307337351,3.1770491591681598,6.875414921800996,2.857125164102529,3.029829306122038,0.0,0.0,6.124050805734045,0.0,2.567638047385465,3.5211351312912105,2.277544169750561,0.0,0.0,1.4544902484326436,8.878047190925331,3.5529680887425985,0.0,1.1594564942174093
TCGA-64-1678,1.5573442978757808,1.3375241967504614,7.460662903127495,2.2437794408487663,2.33848298399103,5.573043370439538,6.812842220314774,10.091766329804209,3.5198452284467585,5.775284196344912,5.436756695525142,2.5783286845314484,4.876570425865589,0.6608822199726698,6.4343346183285055,1.5573442978757808,8.489719214415482,5.4798886419512876,2.7112583827131718,6.803530784474534,0.6608822199726698,1.0553915862135463,4.265807375681179,2.5783286845314484,5.1605599138404585,3.673727744513177,3.4627972140806262,4.36607000204962,1.0553915862135463,5.503048443855076,2.9335589531227004,6.866950992638423,4.499499622270332,3.8675986970258975,5.533120677897569,2.9821910029873235,6.43283076200395,0.6608822199726698,0.6608822199726698,2.5045948914574265,3.1153181276007316,5.63511455036819,1.5573442978757808,0.6608822199726698,0.0,6.658360150523547,8.200628674608009,0.0,3.906014993414151,1.8899896241767609,0.0,5.772375266121813,5.173105555743104,2.2437794408487663,7.619719306999287,1.0553915862135463,0.0,2.022315480257719,1.3375241967504614,7.663590832710937,7.430025166632386,4.569833121698406,4.279131133924461,3.156029737423104,0.0,0.6608822199726698,2.647004240535069,7.497684092289612,1.827223133503624,1.5573442978757808,1.3375241967504614
TCGA-64-1679,2.7225709298430765,5.580009032287534,7.508935185995252,5.615501200779635,4.3738898708135,6.595769584939841,0.7704785234962688,6.088886132689151,4.215737371096854,4.709377036430039,6.889946642364534,3.5372422794509766,1.5001363075430119,1.2004164881231587,3.8953202884414173,3.9128706460792837,7.572117108110329,2.8809441237466036,2.7781979610042917,5.813294361436504,4.886258064453685,4.693556450719592,3.323232236582347,1.7304335599003393,3.8714301513198883,5.066732033448126,1.3614636139893828,2.796073288362592,4.032940678526646,2.8308871110612723,1.7805805506366208,6.839436822883138,5.72639813512601,2.302175008921065,3.2451788473692464,6.848409651403758,3.8653673615485395,1.7805805506366208,0.25479724511600427,3.0176307422551067,4.9164637990776034,6.416017975167986,3.3108130499235795,1.0083592996905475,0.0,6.716963954759871,6.9285574066114,4.308065190245987,1.1089915704129787,1.7805805506366208,3.7630077832033115,7.696244457022038,6.676400608508908,4.253565225080268,5.461604750708881,0.25479724511600427,0.25479724511600427,0.25479724511600427,4.121473229610353,7.189612922330127,0.0,3.8090839999909503,3.633744579771565,3.5334354382881235,4.228505340075515,1.1089915704129787,0.0,6.191977957474208,2.8809441237466036,0.8833542316278902,5.021304838200753
TCGA-64-1680,1.9429199686327465,5.490609881045131,6.869931909089868,1.5553829133113561,6.28018045996256,5.076379338298814,2.299440152849967,8.520228579959758,2.0446559786916123,6.0912125922773255,5.994427652771174,3.607517543341166,3.3810150822996574,0.5581289688818571,1.1762521117253357,8.403047532477139,8.70737378492046,5.3158674587909225,2.299440152849967,0.5581289688818571,4.85245985913038,2.7693146182059842,3.8082878348477602,1.7018894647990122,4.255707740763633,4.512090616521715,2.0446559786916123,3.0171022992901833,4.8868844866600805,5.094866142329516,6.423404418669277,7.033532938964225,6.112958466687604,4.482368452710323,4.881224922198893,7.759315471284362,3.121223303923513,1.9429199686327465,0.0,3.1536544039409713,5.018762181307864,5.773395598191519,7.10227710885741,0.0,0.0,7.990884995464023,6.973093480290273,0.0,0.5581289688818571,1.8296491687704646,0.0,8.072245815952474,5.870364140054649,2.136979050320936,6.209119061183189,0.5581289688818571,8.236431120429623,0.5581289688818571,1.7018894647990122,5.0671920454921695,0.0,4.119656495189132,3.3552651297682443,1.5553829133113561,0.9142085656698304,0.0,0.0,5.013810248589899,3.7401926233039817,1.8296491687704646,1.1762521117253357
TCGA-64-1681,3.8784248559972103,5.212350897996845,6.722455291062556,3.501576510790001,5.704675409204793,5.741312657103231,6.105005263506233,7.31794255342563,4.18505021806389,6.248990201281322,6.842398289657508,0.308513582031714,2.58692157519473,1.5291601771437373,0.8943313805197279,6.3723637012708965,7.94173659779498,5.07310918535161,2.4407457540022306,1.8596517352709734,4.665116931039155,3.680683458514398,3.1863732941062266,1.1532898499588053,4.2894383720895535,4.321194569467554,0.308513582031714,2.966982943601335,1.8017263015952374,2.9095696271996885,8.846801928016047,7.159214141276394,5.147256076305287,0.0,4.774625999574592,6.804277434430811,2.714429808066249,1.5291601771437373,0.308513582031714,3.652972444575378,6.647033165446448,6.206910548152288,7.986593339950795,1.447601103180582,0.0,7.600587409919161,6.115437275917787,3.015980879818138,1.3587946874173058,4.062280975625732,2.231411273539521,7.410637436793812,4.0800985682048605,3.971170772525431,5.701058768734605,1.9663288330481914,0.5440089175562235,0.0,5.1535401185264185,6.527106678228096,0.308513582031714,3.0035020108183517,4.365751154673821,2.2694832214889287,0.5440089175562235,0.308513582031714,0.0,7.26979779171488,3.75103231933602,0.308513582031714,1.9663288330481914
TCGA-64-5774,0.6605723346277667,2.0217064910285973,7.205843024147799,3.4016172934868436,3.4473332326061508,5.739085266358588,3.4016172934868436,4.3946799922249316,4.914388675970397,5.526850368646683,7.23378027559699,1.0549390108781393,4.347373076174002,1.3370253323130874,8.033622747716699,2.5414917511676145,6.929575477455251,2.081838666279557,3.6243355996288096,6.736214599131549,0.3838328079810505,4.93815061906716,3.9706088444562924,1.556796341108503,5.876724065685669,5.27252252172284,2.5039491843653163,2.138547363644647,0.8770508185365514,2.2431535092246193,0.8770508185365514,7.957971825686149,0.8770508185365514,2.678992073502197,3.4473332326061508,3.6117770029798852,4.801805477421505,1.2058809825952377,0.0,2.0217064910285973,3.905328648135419,6.193455960946628,3.1058862820458835,1.556796341108503,0.6605723346277667,6.582169172840769,8.127992104173728,0.0,2.3820337781172705,2.624545396169047,0.0,6.498401118302977,7.496885485372494,4.987237010167696,6.064031689936516,0.8770508185365514,2.138547363644647,2.081838666279557,3.3034007799378884,7.200753197256153,0.6605723346277667,3.3372240341172303,3.546511995326991,2.678992073502197,0.6605723346277667,0.3838328079810505,0.0,8.19876870986993,4.514298640854101,1.0549390108781393,1.2058809825952377
TCGA-64-5775,0.8722552462843987,0.0,8.412054873292933,3.6409672793989367,0.0,6.972662482148136,1.2001153739986312,2.9737115881847225,4.936665773896081,2.416841918873871,6.710525545503054,2.284227620957793,0.38124071921729946,0.0,5.654238526462961,5.910902329512531,6.4216499097009,0.0,1.4466365901260523,4.045805366557439,0.8722552462843987,0.38124071921729946,3.1220344734186454,0.656586925248143,6.129215773696178,1.6477928663105643,1.0495620906928178,1.0495620906928178,0.656586925248143,2.997156259205008,1.0495620906928178,6.650620516800567,0.38124071921729946,0.0,3.3292823877882576,3.551913599040779,5.073453586488407,0.656586925248143,0.38124071921729946,3.260474477711286,1.2001153739986312,6.001036093360033,0.8722552462843987,0.0,0.0,4.565830425748987,7.632832235211169,0.0,0.0,0.0,0.0,7.805401272947389,7.413590471232912,0.0,5.335271088941513,0.0,0.0,0.38124071921729946,1.2001153739986312,8.162943874692344,0.0,1.4466365901260523,2.416841918873871,3.8666531852076833,0.0,0.38124071921729946,0.0,5.817370055018416,2.074629984682614,1.3309666235103728,2.9497040417355165
TCGA-64-5778,1.9033604724753357,4.656889389663403,6.580325634611366,1.533118265560688,1.6392879344029858,4.590679704229781,3.0558296976025714,4.1392271015605155,3.2343672113222453,6.546646233213512,6.135043109955996,5.37934420519041,4.05291126978623,0.41798638866183613,1.4143228668411711,4.1225496978612215,8.611415506983503,5.213129779986585,1.2794605384558801,2.925529742151978,4.354187702607381,2.5599909309112685,3.8726208358126364,0.9387564765898184,3.619690134760938,2.7993158491674377,2.2303476779493305,2.7756714656996864,5.4374443247547175,2.476353509076609,6.119323318295292,6.311879989176399,4.130922362879983,0.41798638866183613,3.9682955825861645,4.676401882767691,3.385809594601508,1.6392879344029858,0.0,3.1926345136629735,4.55312713692052,5.977261661949492,4.241333946789473,1.9778655224397013,0.0,7.404242598806846,7.1318024219344345,4.601258545487934,1.1235650300236861,1.6392879344029858,0.41798638866183613,8.240342909402774,6.555578773309787,2.838329645202458,5.7720266214743345,0.41798638866183613,0.0,1.6392879344029858,3.2938793958535357,6.5670703815522735,0.0,3.0057271578700844,2.2303476779493305,2.7756714656996864,2.925529742151978,0.0,1.1235650300236861,5.254637124460538,3.699811975727128,0.626900534741019,0.0
TCGA-64-5779,1.2398224572196332,2.9005915793861643,6.8881054800071135,4.301784115372665,2.1240563344387873,3.6110935728907356,4.831396979223084,6.924976145026455,5.07364765123778,6.307119820739889,6.69912588582595,2.5222506029284215,2.7021394335491298,0.597901998643212,6.409159564073776,0.9695281352565722,7.100810687979061,4.492893587044089,4.492893587044089,4.588850745347789,1.4523863624819793,4.942470650962065,4.829441101588313,1.2398224572196332,5.452779426462912,4.386741751020853,2.3813962734183356,3.493925442786712,2.7021394335491298,5.078761123143856,4.721111526765104,7.56262929732059,3.493925442786712,3.7739831793591256,1.906322511450631,5.504033946459679,4.007511351178158,1.6276117630129647,0.9695281352565722,3.6110935728907356,3.493925442786712,6.2166061010848646,4.876074800700561,2.806283377513878,0.0,6.788129045680165,6.917705609835305,4.5608472787514165,2.9005915793861643,4.555013087990156,6.1098340774094195,5.994370321254153,6.10474858856132,4.065312171401748,5.845041846049344,0.0,0.0,0.597901998643212,1.2398224572196332,7.088425473026861,2.6456995071466456,3.7356795441606927,5.5870875967413784,2.85454882131225,0.0,0.597901998643212,0.0,6.684225403054183,4.669055368746616,0.0,3.810873610541784
TCGA-64-5781,1.4387444861208096,5.546368141568347,7.351517597022646,2.165275142029439,1.07476348663612,5.240587613054079,0.826891050609541,10.003595296512502,3.5203838764533186,5.72090176646359,6.184717801242271,1.4387444861208096,3.539233197456468,2.2364559741931136,1.915126883178339,2.2364559741931136,6.987785678887626,2.3029050418049657,1.2732096460497289,0.49658470147564826,5.985911658318281,4.375210960646419,3.7851391829538494,0.0,4.290811433986163,4.857515194150187,0.826891050609541,2.944775764553138,1.4387444861208096,3.157340788750404,0.49658470147564826,6.096020489183271,5.3471218163297145,0.0,1.5807297482973566,5.655596627850243,5.1327880279594575,2.165275142029439,0.0,2.165275142029439,2.629129641362888,6.100354825816054,2.4238642323738047,1.915126883178339,6.945956241597301,6.285422509897406,7.380791804345254,0.0,0.0,1.4387444861208096,0.0,8.177111247634134,4.821393850013129,3.694570728046721,6.125977957395285,0.49658470147564826,0.49658470147564826,0.49658470147564826,3.539233197456468,8.536646738183055,0.826891050609541,3.922323769921778,1.07476348663612,3.1296073571100185,1.915126883178339,0.0,0.49658470147564826,4.496983458130069,3.157340788750404,1.4387444861208096,4.29957937170635
TCGA-64-5815,2.607765669699859,5.82071774365255,6.80114843141971,2.816061201121,0.9443338228987979,6.201597830733795,1.5948723477547853,4.283375505106961,5.001816522788038,4.71637161027892,6.2558095409429475,3.6145626139949734,3.027163108855476,1.2109285568919417,2.816061201121,5.439725778834369,8.126917143273799,1.5948723477547853,2.905916969231627,4.41518090720604,2.1810387349145497,4.261462234607115,2.7393938173821404,0.5796984880523661,4.356497265850638,4.437072193005822,0.9443338228987979,3.064521124230112,1.5948723477547853,4.1059684094569935,5.8751189153914005,7.007320031605882,5.312639316055585,1.8716175444734582,4.315369871645191,6.863812795797447,2.905916969231627,2.2660248376822434,0.0,3.5489993797614705,5.694240427110726,5.625864175494771,3.5027727426520734,0.9443338228987979,0.5796984880523661,7.008034908772475,6.8464254710804315,0.0,0.0,1.5948723477547853,0.0,8.066395933309932,6.5295312407039585,0.0,5.068243606716569,1.5948723477547853,0.5796984880523661,1.2109285568919417,4.452473448673971,6.942098733004593,0.5796984880523661,2.4847066297853333,2.4169935522781083,2.4239793780110195,1.4212270476599134,0.5796984880523661,3.4543051954798276,7.535691712511305,2.9883601662243686,2.1810387349145497,3.676093055419556
TCGA-67-6215,3.5940274193451454,6.387962907153461,6.739233663476694,3.2705114606502486,2.9179815206776136,4.681075114077555,3.4745593613469596,5.671169747262001,2.3331724922618364,6.018688100505364,6.890564358209455,2.587011872725154,2.8119176026197,0.5566399359052823,0.9121622212903749,3.7457110089857566,8.745730172007155,3.8300165375056583,4.457656929648862,2.2963859177512247,0.7501416920797536,4.466252886801422,4.250394865193713,1.9921392132770392,3.2984150211857823,3.199126076173923,2.1771239056292164,3.117976454598397,4.532479055793441,5.022774646434619,8.24874364914563,7.47177279366012,7.650568430556902,2.7424194211817516,0.9121622212903749,6.905359411181625,3.3519861288473427,1.940007045688258,0.0,2.0889090827414387,4.860695735040462,6.027707272762578,2.52933812229792,1.1738743565019032,0.0,8.456321539090279,6.867313420534343,3.9699711073823436,0.3165610320021576,1.6991140690758748,0.3165610320021576,8.007403697349098,3.240355476545133,2.9574487211283826,5.55717549168624,1.6285932714738416,0.9121622212903749,0.9121622212903749,3.067275889125503,6.074027921384335,0.9121622212903749,3.8539827911517386,5.226257296011615,2.7724324600314785,0.9121622212903749,0.9121622212903749,0.0,5.55717549168624,4.670667622219592,1.282876401921402,0.9121622212903749
TCGA-67-6216,2.6366258044238435,5.716803992174651,6.332679092614536,2.5012638057754035,5.129709347881841,5.177386255899252,0.463356586523942,3.7847213107349083,2.1589110081589524,6.366661151195861,7.548434791637288,4.4459258890239735,2.9275016115116044,0.7787283686501512,0.0,7.040536390215956,8.809904595550613,4.908048705321154,3.1008577615949906,0.463356586523942,2.0884384478710936,4.247857896130449,5.297071590891675,1.0181611642704829,3.314960250321539,4.666669719075663,2.6366258044238435,3.152556519074417,4.499739667880151,3.225406453814174,3.671440780476267,7.689178869373486,6.177776050136121,6.126336291060197,0.0,7.572266331505747,3.0179290913110397,2.344667093373413,0.0,2.792599661170919,5.37854621074325,6.358528339598327,2.4517375883964863,1.5120896571641984,0.0,8.057947487623426,6.750394786547031,0.0,0.463356586523942,4.916456474063045,0.7787283686501512,7.937331838102045,6.752875333305168,1.634228081241319,5.474423816180451,0.0,6.026211324812816,1.2111668649061766,3.2933114576210394,6.163142157553148,0.463356586523942,3.271187400631251,4.336483879459671,2.6366258044238435,0.0,0.0,2.2864963606444606,4.778047283954046,4.772234270601258,1.0700070316577752,1.2111668649061766
TCGA-67-6217,2.8935334212337436,5.961507790693179,6.296823827987934,3.2803697158195466,2.8615435220593186,4.49643286422151,5.221522711568964,4.593033837538551,3.258750170511062,5.875927424998595,6.837669667815449,6.596800485416807,2.4683367914588352,0.0,1.186104105783453,7.624819161435491,7.766171105103187,5.390577444973334,5.883873768483813,3.9099568724446554,3.11819766319458,3.5256808819466903,4.393294166943175,0.4501835017964291,3.708677179437317,4.054624391027081,2.1272073718744986,2.794307404885818,5.6374111638742015,2.8615435220593186,6.5458653319506555,5.78922901681909,4.1781984596154,4.195475646430823,3.190941262834074,6.43639072409706,1.9815806114759507,1.3462012675534465,0.0,2.9245369785118394,5.43865740266437,6.785083563177769,6.869480038728458,2.794307404885818,0.0,6.6664783064717845,4.8459335919257045,0.0,1.186104105783453,5.133259923632083,0.9953606588576351,7.1579379559629634,5.819934551392226,3.3624496233147823,4.971748925043756,0.0,0.7594497698140085,0.0,4.747381300603924,5.717070463649798,0.0,3.1672751148122424,6.910002751522616,2.515387357041587,1.186104105783453,0.4501835017964291,0.0,3.932492077267486,4.931952772061787,0.9953606588576351,1.186104105783453
TCGA-69-7760,2.210458839113844,4.370411944542896,6.228380817602562,2.7321572764454434,0.8105745974359096,5.571054568673625,4.160219689703302,7.879234708300174,3.7864166976244356,6.314507730560324,6.309952823084382,2.554712524031963,2.0631470038360424,2.397331477532047,1.2523057211165738,1.416581053724763,7.74616230419521,1.5576602902524608,4.64497726565646,7.283681717979418,2.647365577485703,0.4852616316347165,4.04375277610604,2.276703023279942,5.782433445081812,2.4525900483114573,1.9804633930952937,3.433383796664807,3.413017250967455,4.691879850800513,2.810317939049788,5.076891089873321,4.346430544630407,4.583072827809774,2.7720010495940333,5.271095182287217,4.099960430341062,0.4852616316347165,0.0,3.182651577822874,8.599138088779297,4.948142678665605,7.4290103267386405,0.4852616316347165,0.0,7.343206282580558,6.686016989824391,4.256325930593113,2.1395130693914517,5.590852643129786,4.602048318025333,7.682030731623459,6.363286690793554,2.0631470038360424,6.5155686207563095,0.4852616316347165,0.0,1.5576602902524608,2.4525900483114573,7.3786522590711545,0.0,4.120452433024553,5.81462593148245,2.4525900483114573,1.2523057211165738,0.0,4.270828278603346,7.889114391593469,4.150425543988663,2.10586436391094,2.8828155033982923
TCGA-69-7761,3.7758274957645925,5.870654747920882,7.879541264634193,3.924923435900656,3.9142126065011387,5.052570269023974,0.9627925655255748,8.030861786578157,4.5697585291601115,5.825498506673593,7.020163898301066,0.9627925655255748,2.420688077461349,5.249247913381063,0.0,1.1501605505486863,7.760633255806222,4.425670244690434,3.9666608007321997,1.7676375271076452,5.089816091970697,6.067622024732673,5.151150575828457,0.7320312986099116,5.240709439927649,3.769249031436691,2.2653607856957754,1.6709656557253045,2.2653607856957754,4.2947679543800374,7.917018915906222,5.4062879729535,3.956388155552578,2.2653607856957754,0.9627925655255748,6.710877492449163,4.1694597650439,2.4675315736039103,0.7320312986099116,3.0169065087853975,6.220369469802886,5.38176657320231,3.3316079036695014,3.2922712575116435,0.0,6.937449994317176,6.932721024999885,0.0,0.7320312986099116,2.9052220554796633,0.0,7.88889323434039,3.888686822471009,3.4236631263778188,6.025489091219783,0.7320312986099116,0.0,2.08140211849247,5.425478512164716,6.365223966729318,0.0,1.855782232385342,4.476041657943135,3.370195071397367,0.0,0.0,3.9868929729039637,7.11550088811625,4.748439015518345,1.225802786912585,4.323785576162102
TCGA-69-7763,4.1059684094569935,5.376028126574711,6.506587922295714,3.1298609877464605,2.898229692192752,3.8893560398289186,0.46442560093167373,9.234359587153694,5.35390816342943,5.698183496255719,6.967532483017997,3.0491545500499844,2.3473385491812184,0.0,1.5143797008831088,5.452342324186877,7.303345120086439,4.4557300607241475,3.3999999984182065,2.0910242029229025,5.713911007452242,4.399253643990364,4.46617589889021,0.7803335422388613,3.839774841220522,3.66482751125088,0.7803335422388613,2.795370974668227,2.2891553158823212,5.193540014150791,7.222566018822171,6.51445043426405,6.530145581419703,1.375107015479314,1.6366055085050113,6.469719973931452,2.3473385491812184,1.6366055085050113,0.46442560093167373,2.63936442531369,4.434922644027378,5.235318992108754,4.024864071868391,1.8437033852487743,3.359746717348228,5.765234988969167,5.733228001873958,4.66714918434007,0.0,2.2273765153962906,0.0,7.597110278303195,5.827303092934218,2.402321824781582,5.163556647182364,0.7803335422388613,0.46442560093167373,0.0,4.275728179288079,7.367058108343252,0.0,2.1615283126779454,4.838770870402581,2.2921407401320977,0.7803335422388613,0.46442560093167373,0.0,4.735329650045851,2.891365708208297,0.0,2.0151829813495805
TCGA-69-7764,4.105642169908594,4.483377622908939,5.574429008994449,1.6051888981446856,3.6235966560710113,3.2137708164581955,1.2954118646427175,6.854301758248049,3.2907163712109497,5.630677588986565,6.778812201066702,4.397391734614678,1.7302208882114563,2.115580588295709,0.0,1.8413429694168828,6.150965176116234,3.6235966560710113,2.19250233396385,5.3338437641130465,0.0,3.3621619846701067,5.211565955764264,1.462236364695048,4.238479537630814,3.507974892907374,1.095072698369577,2.115580588295709,3.315101948704053,3.0394572503408783,6.701141849290932,7.454598414201125,2.8666594979364133,2.115580588295709,2.560037313100516,5.218662500320949,2.6100330273602856,1.6051888981446856,0.0,3.0394572503408783,6.800409460580993,6.227139254494945,4.27058796216692,2.0322582108619653,0.5086833306939572,7.087256194839319,6.602688294204516,0.0,1.7302208882114563,2.5074180234167582,0.5086833306939572,7.615879738055624,6.145324470383937,4.7454363490487195,5.479500775897841,0.0,0.0,0.0,4.421585031190333,7.000908588959614,0.0,3.3621619846701067,2.8282067141277003,2.560037313100516,0.0,0.0,0.0,4.722117316817806,3.2956405504393933,1.8103685741021092,2.746559122530317
TCGA-69-7765,2.2761487109210075,5.582251173019546,6.325125693457506,4.304520394944006,1.6807347943161342,5.41374652289183,5.427554552249536,3.04333125235327,6.916824033242014,4.78416956378474,6.407064787474331,2.9165916588721945,1.8897932094994205,1.2518768617329905,1.0552523540785446,6.5259793533674415,7.747428430730678,2.338270718929062,5.140423021275047,0.8102188521457828,1.2518768617329905,2.981967978778135,3.8465282939529333,2.4520132104858963,3.8409136099694345,4.694855484860113,3.232565689594209,2.3967582630112956,5.5728078108133685,4.897533782983241,4.897533782983241,6.797390038332303,5.344671232017119,6.500042647083492,3.3486998537044004,6.150954518941558,3.5647918991743635,2.338270718929062,0.48501538686617346,2.2761487109210075,6.8356823117237395,5.068451269473,6.754667034570446,1.8897932094994205,0.0,7.194316723765215,6.532360492752475,4.769819843871029,3.013120223155218,3.5647918991743635,3.8274189104269762,7.24991843442004,5.807196096345283,1.4161201180171321,5.663449943662461,0.0,1.2518768617329905,0.48501538686617346,4.207186521954569,7.2863218432216,0.0,3.4124109407091576,5.663449943662461,1.9859409735402214,3.1820500016752726,1.2518768617329905,0.0,7.51918793850036,4.207186521954569,1.7250853359600624,4.902181109085504
TCGA-69-7973,2.9476338700629596,3.947938261572701,7.315830311605706,3.902099934203431,6.532037304894537,3.996520391656137,3.3446023385109,7.1220114543064375,4.582459233611487,6.407368315661893,6.822664601721822,0.9353479834076124,4.01064587403323,1.0317956189639992,6.301528637952891,4.162205682408973,7.641146687187196,3.4725718593168104,5.536751420030872,5.881501790701243,0.7090205297162355,4.514196788733435,4.770345583947075,0.2295231582782488,4.883332085055713,5.104756889025475,3.353661930011651,3.17651514718192,2.9743502997464204,2.403561010334048,6.2829076629607465,8.579211664899358,7.188284329461582,2.934005794916226,3.17651514718192,5.490997586657695,4.539311326921226,1.4100353015016882,0.2295231582782488,2.1679559552105747,5.0486180618240155,5.595948532228458,6.778008714849469,2.1679559552105747,0.2295231582782488,7.135456428648802,7.442481006264174,2.608833735019665,2.7035534391391844,2.5844201046538995,0.41607528722017995,7.056390778121285,7.0812378871088875,5.527562266720222,6.179948328337085,0.41607528722017995,0.0,1.0317956189639992,4.446994751022215,6.776756676135883,0.0,2.075220144105565,5.1538347995363605,3.8107563208194386,0.0,0.2295231582782488,0.7090205297162355,5.437457376432837,4.527613967769216,1.314261158220059,1.119753888421485
TCGA-69-7974,2.8428899041819196,6.020758751239738,6.866974950260517,5.067847039847366,4.876753363850123,6.054436998848775,2.284156321525612,4.722001657940191,3.4705617396949906,5.741935310138722,6.9821760593491256,3.2345444286561396,2.048982334195127,1.4429345851671407,1.2093483302627754,4.596807314454373,8.60893884401696,4.605659066466554,4.463869259984902,6.711977593199848,3.9482990025424147,2.695565929197043,4.00177412589077,1.2093483302627754,4.105358683485201,3.837381352430594,2.474418507673612,3.1625763361640695,2.4988670812444664,2.7533867894905018,7.972421187383572,6.000555597994751,5.242302416351342,0.0,4.874510064192008,6.471471104833507,3.987213962370658,1.8390246616951693,0.0,2.67552700939665,3.727140572387901,6.066098809318222,5.31135698005584,1.9702124415782782,0.0,7.518167380687842,7.591553897589685,0.0,0.7773504518420197,2.2537624282964774,6.73109685633064,8.299251089081492,4.083711565071978,2.808040321970033,5.480438903339325,0.0,4.926992781559603,0.6321756235684618,4.708845282124044,6.612754489940878,0.0,4.844887628423335,4.9687154749647995,2.284156321525612,0.2576609133397701,1.0164979922911805,0.46234941030887594,7.446030686456227,4.888527921959751,2.2021457816552874,2.808040321970033
TCGA-69-7978,1.9045225184026224,6.188013578351857,6.944067921640457,4.5554472369100525,6.036961198375048,5.15614878052785,2.3750173762507174,3.56380364067993,5.819818800517658,5.3808508159014155,7.510933987380289,2.8414090788468966,2.5469968637660454,0.5143195130202465,0.6974877466583654,2.916954182582239,7.257679487897331,4.16222904189195,4.2032662294460135,6.463888682064775,2.6471459568617357,4.572962027299047,4.351401176256851,2.2764874938721724,5.516705629378385,4.926942042398745,2.8414090788468966,3.0528117953931586,3.5249565983963054,2.3432374731305945,3.6193873508886982,6.479484589220278,5.686568493921513,0.9862644555016655,6.051317106254839,7.250777446467082,5.482337479977573,3.004002976800343,0.0,3.730162942129685,3.6720435218231144,6.41941332582454,3.328619520342845,2.934978580908275,0.28982976450923986,6.842445260316866,6.339597108568902,2.5611112320417333,2.3750173762507174,1.6810513472436335,1.8531680973566984,7.74588120548663,6.868041004047276,2.67068749411927,5.515354310430443,0.28982976450923986,0.0,0.5143195130202465,4.369566832730361,6.318266967099661,3.3757017800957456,3.6973683215098427,4.7849468405970885,3.2158311946819755,0.9862644555016655,1.6164135261705257,1.3056264580524357,7.944527624296341,4.988205619130071,1.9481219868519135,4.497243046032948
TCGA-69-7979,1.6211886018667618,5.003066724596303,7.297822444910205,5.501784602588367,0.6258314732750783,4.819749165840914,2.510216957744165,6.832649116494474,3.8461054004581228,6.5933143607496625,7.652161003325838,4.749495612853901,2.702508205910133,0.0,0.6258314732750783,4.676634667196396,8.004959910699249,5.371869827291005,4.93037200654121,5.104829700141337,4.36199865698821,5.731190097455565,3.4847723052480593,0.0,2.533506319624063,5.7734608888828,2.6628575580866194,3.5193684901566815,3.561409652868009,1.5621785759498399,1.7798555647252308,5.816753953315362,4.457158457513565,0.8959655680795554,3.2443408220196335,5.347326554349089,4.162107566621363,2.144573636617618,0.7700156248165223,3.995422534206636,6.25101909879603,6.851536188545678,2.7591804822038166,1.7798555647252308,0.0,7.062311590815323,6.402736098483193,0.0,0.6258314732750783,1.3608226951462212,0.4573615538966662,6.729697419697798,7.780014705335549,1.7798555647252308,5.375903212453007,0.7700156248165223,1.007811924341613,1.5621785759498399,4.082234868288367,6.929634180700579,0.25456469598895337,5.541212563466725,5.407588724881703,4.0112998530476895,3.699614130752858,4.803242052873278,0.0,2.0371340693835864,5.407588724881703,0.7148108201959716,2.6828759725534894
TCGA-69-7980,4.054364227295907,5.961917294799737,7.043151182325747,3.8019357809061547,4.806133565886701,5.0669967237620055,4.6780581284939275,6.398365290864626,4.494173818711635,5.942006409894221,7.31263354826741,2.4345865658879844,2.5120109859800084,2.2905125117597764,0.7996670239376181,1.1453368288409786,7.063801304363829,3.383623868044991,3.9597268654971565,7.646797962027409,5.673251099619024,3.9941613618489633,4.614954166372124,0.7996670239376181,5.394740563083011,4.618520670356229,2.6722986633950607,3.404186243893377,4.483856424648999,2.4610663821817504,5.996782879672772,5.6552012886493115,5.848485811396447,1.0428528957418683,2.0055796930813807,4.988764529678039,3.4538151319040327,1.6652320627562964,0.0,3.9828131941057934,5.591039217952428,6.339055102657126,2.915275730262306,2.7137406464305758,0.0,7.458618589779658,7.0827416657403806,0.0,2.0847772812693552,0.7996670239376181,4.544223074677509,7.081716989431611,7.2264926062471195,5.603527422430498,5.5101613171537664,0.7996670239376181,0.6515957534017102,0.4777237522608737,4.090871872743128,6.626248765120974,0.26712215848641974,4.064932915819272,5.039611402332773,3.0968618514039963,1.323327936923432,0.0,2.7728511877926842,4.752106332111251,3.262283912565053,2.217898284826852,1.7215336951718372
TCGA-69-8253,3.452242145168465,5.841876359930663,6.436369895553623,3.1229858770308647,0.25130331710806614,3.6635513896667926,2.1316188202382254,10.465779755674959,3.734251879701005,6.232438193319564,7.480698997014482,3.1229858770308647,3.6109071017749765,0.7621133850246682,0.4519669417595842,6.81202050905218,7.315398014338076,4.33634650433181,3.3964159689051248,1.2729576757808874,2.3445424427545527,4.612277866475018,4.3140435210669485,1.1895797190382975,3.2744354057000016,4.183391227717313,3.195742296274507,2.8662668892171634,3.7135623105591558,3.306355425557337,6.681203426000949,5.815824618437739,4.651223274447637,2.6491985899064368,1.3499156057761759,6.52690326810796,2.726911208743129,1.5505792304276937,0.25130331710806614,2.542719479081068,3.800282178806033,6.278512043258805,2.974059097872497,1.4213718877325867,2.228464813072276,6.272057803166159,5.084938485288739,4.953542760439102,1.1895797190382975,2.4485278944442856,0.7621133850246682,8.038457145358844,6.209567415499173,3.5305429425704427,5.185781167141115,0.4519669417595842,0.0,0.9985340932551715,3.991615765736701,7.831355233288701,1.4880609262675006,3.030814627807829,4.762165387752683,1.7176463688560555,0.0,1.4880609262675006,0.0,5.126502421497905,4.45897725908909,1.5103907588328662,0.4519669417595842
TCGA-69-8255,4.188287140619121,2.916456355155736,5.733037023497633,3.3288811367394424,6.349888710270344,5.055576791799725,1.5858621759053948,6.991167687446878,1.4652672659891828,6.258621156080444,7.6284252098534004,2.1056208534631384,3.6777578375734254,4.430107023202645,0.6055174305989712,5.515177216699099,8.220284686033953,4.651528824966109,2.1388418849612836,8.067051795533342,1.169101817382454,4.416799972899883,4.462426201742452,0.2448267621453517,4.158384521598409,3.223082962440798,1.7432167744355507,4.594307398973386,7.069670025998429,3.002712852521386,5.807424514580062,5.354418833127081,2.1709946726064486,0.441346919995931,1.169101817382454,5.113949717935144,4.494106773013263,1.4652672659891828,0.0,2.1709946726064486,7.800482560522204,6.339169884126578,2.344810901705915,3.7726804750874625,0.7464983560569398,4.865301189352582,8.017000833567,0.0,0.0,2.0712581488718165,4.720585977487217,8.214746658763492,3.4855201475740074,0.6055174305989712,6.257558386518088,0.0,0.0,0.2448267621453517,3.7455314897660883,7.326972064519892,3.946671744556412,3.5744249352941497,3.432644367799527,1.5858621759053948,4.204982129717613,5.454175159856139,0.441346919995931,7.715890481673665,3.678738205037044,0.7464983560569398,2.580618264158202
TCGA-69-8453,3.7591118903562952,4.9750910145713645,7.023607563047777,2.748545742342391,5.978283051660412,5.2162175444647625,2.838019423391377,8.802317996846183,3.963797284124196,5.91851206096925,6.343446244976524,3.4716278859263805,3.676275355130913,4.457629114494469,1.0815678540588514,4.387445675115666,8.429017500512511,5.59482661459772,3.2711304570224917,2.461399167985961,7.832402993796673,5.9696048555050245,4.910033806648632,0.9009740277622618,4.278748671220305,4.433967781659612,1.9926983105540723,4.043803616328381,2.809071315160938,3.0665541380796455,10.326710715565996,6.550837448405976,6.211729960554135,3.6385593702139207,5.05589542550112,8.376569277650457,3.44087952680086,3.0890040135144345,0.6804164880811269,2.174444856224014,5.910617766254232,6.114272713397559,3.8968200235255104,2.057016980116135,0.3969623956164152,6.746298138527989,6.694584335500684,2.6656436184517167,0.3969623956164152,3.0665541380796455,0.0,8.026317242957868,4.486026224692367,3.6512918067824978,5.44249995822161,2.9201408940030458,2.057016980116135,0.0,4.778568717403201,6.686523648781379,0.0,2.838019423391377,4.20881545210788,2.5021406214339796,1.0815678540588514,0.0,3.4251450013670737,5.948207298094403,4.01783961705839,1.85012271252497,0.6804164880811269
TCGA-69-A59K,1.9671263426220988,6.691373813147049,7.097954062136614,4.210952092427779,0.47933495667461984,4.009521697781823,7.102013641126566,3.029176720773347,3.058481695207101,6.844036688276386,7.322510433997394,2.3832522210612,2.7176770472966227,0.8020015854720274,0.0,4.6707800080778235,6.132117396855113,5.06149949643698,5.041817373579367,0.8020015854720274,2.490731320079262,4.55488585610883,4.123199233126204,0.0,5.982547407329049,4.190586126335188,3.0869522818176525,3.3772564031907395,5.85885844055995,4.45284384104952,5.604341441278914,6.25513564959826,5.85885844055995,2.0496393348177904,3.334355765992786,5.624515577075287,6.304677295511059,2.3832522210612,0.47933495667461984,3.058481695207101,6.668981458965191,6.6388596313931885,2.9678573527879375,3.0869522818176525,0.0,7.190638354647206,7.285629913085786,0.0,2.324845481832142,3.4709877128713407,4.314827243225413,6.573173055160965,7.962415680121064,2.196679984628082,5.588364140887177,0.47933495667461984,0.0,1.8771876491779291,4.9193675990956,5.186944367639125,6.851871464260209,4.7589293606157606,5.857101380083595,4.854418035921732,3.2895318458882516,2.8326367072449266,3.3772564031907395,4.063809750504894,5.195159977778497,0.9456164972559817,2.6762223598709656
TCGA-71-6725,1.556943897470031,5.808127474852703,7.03787084430549,3.128592190789365,3.5376698617125366,4.854418035921732,2.9657626369315584,7.488662781051849,3.984014310450274,6.41101991955815,7.938206492981527,8.144899768696144,1.8895665292309671,0.0,0.2715526905218973,5.710774639066653,8.552079524701965,3.8406494452064037,4.913441341104823,0.0,3.764068092137899,4.526381275315829,3.551816117225361,0.0,2.062371676984241,4.941785269549052,0.2715526905218973,3.3484398579190837,3.0867468769296633,4.373470131990761,4.312649760896059,4.768122021768418,5.716952040649282,4.333337840366352,2.5041290434217047,4.613616415951399,2.933085295653341,0.6606756404129825,0.0,3.48168921923099,2.7514416916383255,6.249422966231025,8.264497237840004,0.2715526905218973,0.0,7.490233434201778,5.895124337004539,2.6855796179748417,0.4849538161984201,3.2323052451798615,0.8100854150278266,8.21753839779124,6.9351077656032345,4.844643675119508,5.306444253759645,1.9356433395566326,0.0,1.556943897470031,4.505917645281133,7.057631120408006,0.0,3.8928789212448436,5.195259752730632,1.4889186366848357,1.1582010800797673,0.4849538161984201,0.0,4.54312029896357,5.754858912198673,0.6606756404129825,2.3074432729044028
TCGA-71-8520,6.407061487748703,6.462762650660218,6.1348113604956165,2.4981354290343405,0.0,3.8991241720103607,3.2503589879314165,2.6404706161694578,4.162610502892189,6.352402889832672,7.2379147749751365,1.8840195476533526,3.0066573766870066,1.8840195476533526,1.247032293786383,5.204209963118117,9.503353210612765,3.2011028165013617,5.370154190166719,0.0,1.0508216248317612,5.234402650803418,4.036459413786289,0.0,4.833245555867811,4.849887344507019,3.658920121670879,3.7932237035481324,5.797861593986129,2.4981354290343405,6.456940755533417,6.632327152650354,4.962690772270528,0.0,3.122347303186728,5.901414011094995,3.9948759146301187,2.4981354290343405,0.0,3.3638242939306595,7.5028650642640375,6.646113853203802,8.776531343358723,1.4109625831689128,0.0,7.6786317240375865,7.42243944897481,0.0,1.4109625831689128,2.6837438472376647,0.4824261492442927,7.020047713280759,4.999884376192112,4.41689413633629,5.260496073749166,0.0,0.0,1.4109625831689128,4.975615876461867,6.649908993061932,0.0,4.314534422348802,5.747719612076602,1.9740671370366694,1.0508216248317612,0.0,0.0,4.996793267074152,5.2427940857373825,1.9372297258137574,4.777424571769999
TCGA-73-4658,2.614340073864104,5.505774527228122,8.209713771654338,2.655605366753962,0.7657933705447992,6.285388970483001,2.733347508876372,5.524304869993978,4.475989316100827,4.963662477549803,6.696919426259944,3.333724782546752,2.5713060339926863,1.821059338272917,0.4545092082870869,2.13769865728145,8.025692956903459,3.2480889362975995,2.5713060339926863,0.4545092082870869,0.4545092082870869,3.5372335513784403,3.047802765844993,0.4545092082870869,5.136739170891982,4.813370643324461,0.4545092082870869,2.6952351040553664,2.614340073864104,2.872762057710094,5.80811546258818,6.844052675035087,4.8885505192126795,3.225481956253137,4.224184984923248,6.89428090598012,3.2023520562350147,2.203339178336073,0.0,2.26494552916509,4.5576728357744525,5.528885288886098,3.9441590662081984,1.6149427330685453,0.0,7.305033633553407,6.561821018266603,0.0,0.0,0.4545092082870869,0.4545092082870869,8.348869209866134,5.802655995184086,2.5713060339926863,5.802918659294055,0.7657933705447992,1.002872016387274,1.4933983560340915,4.335642324116352,7.360797116933294,0.0,2.655605366753962,3.291821407423103,2.32297578264178,0.0,0.0,4.232570543003257,6.265903692807098,3.1786786351167877,0.0,4.126966629039356
TCGA-73-4659,3.1143593973122026,4.602508647234028,7.286671051856765,2.614340073864104,1.5231172059675733,5.378107734694325,1.2001756040775509,9.082164896500863,7.183938998011847,6.341534979193467,6.469668833856451,2.4824452897918965,2.1754219513753745,1.69201279605777,5.047552073179238,4.337648846639592,7.5942050820943505,4.521008925373557,4.223903910044221,0.9887230151308267,3.1420768505985284,4.257317638579577,4.296050630591599,0.19144646457095518,4.878093887464327,5.192173210591006,2.7170099424736818,3.1329213437128076,1.3746265562522084,2.918338138646293,7.084385671780801,7.815376539352446,7.06978058666871,1.2001756040775509,3.2292854561673625,7.040107226334457,5.051610876821239,2.0746802245781253,0.0,2.7170099424736818,3.1420768505985284,6.109594189356027,5.97722362481764,2.020235444531387,0.0,6.738447474781706,7.663238557124453,0.0,0.8179278974572511,3.293961033656337,0.0,7.992755340230385,5.660958477465273,4.022710706404061,5.870355674482017,0.19144646457095518,0.611882893728982,0.611882893728982,3.5175097067240766,7.287396468147481,4.500137394400642,3.2376033646609335,4.378169204346577,3.370201947959636,0.611882893728982,0.19144646457095518,1.2001756040775509,6.046733677375123,4.156176298320105,1.2812948913882505,1.69201279605777
TCGA-73-4662,1.6963676194221597,6.328959474887989,6.141376972495661,3.116493093429124,3.7099631232705983,3.844020357793404,6.5614888353198,3.196323420397689,3.916598521769964,5.99144454690798,7.199521499933716,3.514082516234121,1.9594044049453796,0.6615017027243997,1.1345584154415789,5.112204632314072,8.094854522106447,3.656937188679353,3.686742171752296,1.056191795006355,1.398099406569653,3.3307355746746716,4.109663295665269,0.8782149630219251,3.3052590045832337,4.633388284062076,0.8782149630219251,3.3138259398569696,3.449203111259094,3.287909228867032,4.943419414252609,6.381489398928266,5.750004264007875,0.6615017027243997,2.1122958785507833,6.476801579076188,2.896635433392133,1.6524399289786431,0.5325675458843945,3.5070787616466035,5.858101711705464,6.139863000269876,4.079190314450424,2.361928894910758,0.3845138213552321,8.139819790474256,6.275712605075477,0.0,0.6615017027243997,3.838989840077983,3.3718028992527014,7.046020449579172,4.011710861935431,3.347367539622608,5.685282398671615,0.3845138213552321,2.167452419002549,0.6615017027243997,2.727846292429318,7.170665548208051,0.0,4.055792558765977,5.493723775390571,2.053905761223324,3.8977536811358666,0.0,0.6615017027243997,5.284289433563393,4.443635477867869,0.7756944415275108,1.398099406569653
TCGA-73-4666,1.8376884011164547,5.655033309646292,8.030533212149027,3.4948000438816584,1.3262258346537712,5.959308023708572,2.5313209780199943,6.601511329185509,4.442760662269992,5.034846490011205,7.4551423138592625,1.1026707087956111,2.5896194557271683,0.22434283188969184,1.2570964226482086,3.675877797698253,8.310080457174555,2.746527047911922,0.6961925387459055,0.5622409107121464,2.5896194557271683,1.6143060438309609,3.961047427871252,1.1026707087956111,4.013304412824473,4.043042495866252,0.6961925387459055,2.882126749930797,2.4259083090260445,2.55113904800543,5.596111885424418,5.1210430509755955,3.5322636550420397,0.8143023021164125,1.754230657335641,5.954753881148897,6.906553557203675,2.809071315160938,0.22434283188969184,2.1155564753506733,4.994770104906673,5.272619999360778,1.2570964226482086,1.6631492809226005,0.0,7.636173073624001,8.123243525369132,3.814661523140738,0.40746311077083747,1.1828615211130096,0.8143023021164125,8.1442059219852,5.272835442533345,0.5622409107121464,5.96255053694334,0.0,0.0,1.1026707087956111,1.6143060438309609,6.423310273217731,7.734934976582788,3.5683742792963202,1.0154842707605407,3.510102607405408,1.1026707087956111,0.22434283188969184,2.923521730911052,3.119325066506535,3.8154944837466735,0.6565350620632132,3.6100553786065053
TCGA-73-4668,0.6851150088626811,5.559892858477783,7.840013843737831,4.584201879551895,5.745982718953734,4.196249614637383,5.394481726890817,8.479547397426451,5.723725614955783,5.52127690093217,6.907397214884838,7.075013958099046,2.4491153826898193,0.0,4.689042474524217,3.1832154860534625,7.565606833147358,3.940231381691735,3.334355765992786,0.8020015854720274,3.0526890003898166,2.772976147181046,3.738576349935092,1.1675162673153208,3.0526890003898166,6.030452059995271,3.0526890003898166,1.9671263426220988,2.1547924910172536,2.9928380894406548,3.1933610744150926,5.615151605178065,4.127273085103213,0.0,5.063834770563833,7.94289869645537,3.4102991677845695,2.9025308687199742,0.0,2.5500777832841717,4.099109856815901,6.728841509081028,7.072455827018689,1.1675162673153208,1.9671263426220988,7.240721376274062,7.195082288406501,0.0,2.360297242383052,3.9450031327227375,0.0,7.173812715287245,6.878559190951839,3.654246600619493,5.6311508480653005,0.2199384203652614,3.203404762783615,1.309953127863168,3.4884234578244904,8.21514441025523,1.545432582458188,3.9306190227102187,4.640373223696616,3.6740398904172737,0.6851150088626811,0.2199384203652614,0.0,6.327350897845861,4.739762265884927,1.2672292539609509,3.203404762783615
TCGA-73-4670,1.515874206655785,4.02916405727924,7.21847005054449,3.3046974944365255,2.456172757214901,5.87587691229464,0.24161195559725282,10.631905347177993,5.264910520071764,6.1843097027488385,6.437588436417832,0.598836501088704,3.575534368672452,0.8614965797870165,3.8940036271978142,2.248487871273761,7.912551271445962,3.372578404313477,1.1589858985915382,1.9080747616094038,8.160349661839174,5.295523467243642,4.67575911642838,0.24161195559725282,2.739988048193699,4.50015405546734,0.9707789171582247,2.9025308687199742,0.8614965797870165,5.917198870211829,3.7506116975850845,5.311835582348945,6.4602799707169085,0.24161195559725282,2.4081515874367856,3.9844162225150925,4.980828794513591,0.8614965797870165,1.2412685890696329,1.62924053973028,4.2623136127916545,6.10152450307819,1.62924053973028,0.9707789171582247,4.336516585042058,6.164390015261507,8.155028922951566,1.0777290777516855,0.0,4.971395380758652,0.24161195559725282,8.882574921049033,7.065305886784171,2.6855864361179203,5.764846215731935,2.7574814295872674,0.0,0.24161195559725282,3.7945989053466813,8.25832660294222,1.3173193466163595,2.189046785717893,1.681460855281298,2.4795757993531957,1.3879679598718992,0.24161195559725282,1.8666659320270629,7.40954823071728,5.400792724137179,2.0159824377618287,0.598836501088704
TCGA-73-4675,2.4975266811441026,6.457251486097993,5.781082964345989,3.0212391886564025,4.404949389306305,4.7449495195163705,0.6572090737543161,9.486721326672809,3.2616632466702575,6.734031455525308,6.9333742915997565,2.132377860563104,3.5215755655250947,0.6572090737543161,0.2698744538018162,0.6572090737543161,7.285842338609169,5.76275553732089,3.1877648586431477,0.8061186592191067,6.155403592763305,5.002394767361254,3.8732260424800633,1.050366976040115,4.4743892929833535,6.169016413659587,1.1532582897814345,4.249680253931069,2.7447099454648125,5.2662537799516675,2.236904586706245,6.006855496463629,6.610623363745471,2.8396046408425115,3.9885024491333647,6.745756214331213,3.7350996520807307,2.2694522113331,0.6572090737543161,3.4355859258488435,6.595497687084315,6.365688355035079,3.1748988586546445,1.3318645741306072,7.769843224841976,5.359346612375488,6.441080502951435,4.200949802888236,0.2698744538018162,1.1532582897814345,0.0,8.028350822185658,4.746513486053488,2.4717031999430903,5.6890410180011655,0.2698744538018162,0.2698744538018162,1.3318645741306072,5.575990768944951,6.6338551313374685,4.6459281784602595,3.742467613283865,4.097170565311163,1.5610666605086807,0.6572090737543161,0.0,0.0,4.758328945453538,5.494110275839447,0.9356618935534116,3.6258091878957135
TCGA-73-4676,3.3100027214772285,5.855888207861793,8.316344257848396,3.6359875141521596,3.208692146791687,6.519213657419309,1.749078108268015,7.045515218686623,4.683278716654362,5.742419684271066,6.369118142241904,6.930142797859766,2.5754479005474757,0.9489902280371708,0.0,3.848237267544816,7.449922580741174,2.9956022651032583,0.0,1.749078108268015,2.491700188028801,4.726263292864778,3.359625105751196,0.7204704762088356,5.627782971094618,5.231081878529206,0.42376333638954006,2.614830501387649,1.2915715088050042,2.8840462383582635,6.854597088862268,6.283311061223014,2.652720702012908,3.047033567909542,3.119537141528869,7.258038841487512,6.400348803261802,1.749078108268015,0.0,2.299680879846656,2.491700188028801,5.282076189751454,2.0618120514100102,0.7204704762088356,0.0,7.149775538865976,8.407884893510314,0.0,0.0,2.4470403523328708,3.0216485274338094,8.008106055603966,3.007146878369245,2.299680879846656,6.02633204877039,0.42376333638954006,0.0,0.42376333638954006,4.329864541937686,7.013798561501613,6.966118522279052,3.4533754511873873,2.2453054953410474,3.5180229220291572,0.7204704762088356,1.1348799278386512,2.9131221061078545,5.1442800136323745,3.56390562657197,1.2930270931494476,2.1267901911755707
TCGA-73-4677,2.408682337200737,4.849174627969631,6.27141556179734,2.1420876483301066,2.269410862962737,4.844635804667154,1.281517008722645,10.272523780030603,4.705712110861901,5.7122597739361485,6.471727865291332,2.071774726618804,3.785985747213353,0.7684865371057608,0.4562849571047976,2.355272415273052,7.153090757802843,4.984558223586136,2.925116657557646,0.0,2.810161443584828,3.499306670605789,3.8232617346306594,0.4562849571047976,3.0958445412197966,5.073453586488407,0.7684865371057608,2.1420876483301066,1.9961550369138918,6.176947767239516,6.848409651403758,5.936461749433667,5.112523789260703,0.25394430046692207,2.5758969060838757,6.299957929141348,4.461069997014323,1.281517008722645,0.25394430046692207,2.5758969060838757,3.75264032921319,5.884744774745842,2.355272415273052,1.0060217406437488,2.4593751437582343,6.099576524022222,4.886959932735035,2.2848283714047866,0.6245470890676884,2.269410862962737,0.0,8.10435295377584,4.003159031014098,3.5336573672016995,5.625460507880731,0.0,0.4562849571047976,0.0,2.861051649387227,9.218497015926454,5.526965738496691,2.03467950370584,3.689664146162587,1.5599535073351918,0.0,0.7684865371057608,0.8942904915944877,5.075280059589695,3.3072565971413046,1.0060217406437488,1.430383014296226
TCGA-73-7498,3.6535734684064485,4.746669748261791,5.941210186525966,2.5643645711227157,3.7794283168165506,3.1269491146695407,2.92937877300397,8.7988742940119,3.99172103832354,7.168017335357758,7.098441752107719,0.7372597551782663,3.1621784811896556,0.0,1.0674311711845348,4.105767405755872,7.675541362155852,6.08137608954931,5.87531829618832,1.0674311711845348,1.2392434184078553,2.8693637377391563,4.768894888249623,0.597571965636916,3.646491129372052,4.948547101782834,2.6829169914632125,3.2816665695339142,3.250467510856991,3.1505712878532828,7.706059454490974,6.74649203137401,6.662381456026304,2.521503731921687,0.8598473564509431,7.742553920000891,2.8847057362695376,2.0558914012195753,0.0,3.646491129372052,5.539202599338403,6.507862615922448,4.614796702042669,2.7373112243841686,0.0,6.702999138331014,4.576889017225192,0.0,0.2410620518165547,1.9056237253771022,0.0,7.410976059088069,5.726649030775915,4.293561474180192,5.24782375233105,1.2392434184078553,0.43508863317423546,1.6269437865637661,5.483031891242464,7.83607734323984,3.1962047675573486,2.405547736051871,6.763984210791159,2.3394858093424116,0.0,0.2410620518165547,0.0,2.476723256979981,5.284416191377549,1.0674311711845348,3.1149276447282057
TCGA-73-7499,2.007650115030695,2.605175482178945,7.406394954764205,2.4632658340581735,2.007650115030695,4.830399560459939,3.775380492569673,6.125951732816734,3.8390005976822645,6.723588420666097,6.390452054117506,3.364948248987034,3.831266209520951,4.465269984055521,1.7325931585588392,4.638769358618504,8.140161009270265,5.707405902106968,2.6567428715284476,6.931569457081392,5.748191627623607,5.759545100021662,4.247867902455876,0.7296237473699627,3.831266209520951,3.8174265708470876,2.261179594935374,2.8606396628625137,4.509579566864336,3.0470763166538037,1.958360887350616,5.72858890190765,4.855804382964133,1.1469579095983915,4.077749285872406,6.748251798444819,4.8994355410040304,2.7294267525284126,0.0,3.3772495749683307,4.452836853783812,5.416864554610032,5.224568560655621,2.681562478265107,0.0,7.723712836912491,7.664172989618661,0.0,1.0262207912463512,3.1128973405292775,1.6671783790706722,7.755660097989828,6.772161189030858,3.6897066119245725,6.481736381526206,7.2907770762563295,1.7939903123794145,1.4405220958229856,3.1746522180860373,6.973140316723406,0.0,3.962082839416091,4.234677356123272,4.040660693388815,0.8888784242638176,1.7939903123794145,1.4405220958229856,4.00866684097272,3.6250446852846085,0.7296237473699627,4.0343432877510015
TCGA-73-A9RS,1.0154480474073408,4.8706143181748045,6.854547521600273,4.55587594479318,0.6314313385792918,2.7136677265529165,0.6314313385792918,10.9296599641854,4.991296159370798,6.898146259875488,7.02115539030967,0.0,3.6368437789668104,0.0,0.0,3.2444616969201077,7.044251023570674,5.319809741886134,2.5212144707409307,7.320315159566168,5.3283905995541785,3.4597775620905975,2.956960259720112,0.0,3.2444616969201077,5.821841027909681,1.5087553270680678,3.43171365418529,2.1885761763821785,1.6866581792276139,3.9002641401620624,4.78614083071109,5.201024221967969,0.0,4.417227258856039,6.563497211287059,4.395752009292358,1.6866581792276139,0.0,1.968789271576241,2.5212144707409307,6.014817238013862,1.968789271576241,1.5087553270680678,7.559627237329671,3.37310650149563,8.711782523726152,0.0,0.0,1.2922034377202951,1.0154480474073408,7.907809786760245,2.391474704995448,2.5212144707409307,5.820877866532376,0.0,0.0,1.2922034377202951,1.2922034377202951,8.787159258062239,1.2922034377202951,2.653537695522404,3.682166975754361,4.7713454230393415,0.0,1.0154480474073408,4.685772736920142,4.942242242681272,4.009028111669154,1.0154480474073408,0.0
TCGA-75-5122,1.654602464388474,5.258754995036185,7.43549701512444,2.0502186830029325,5.517199852403567,6.404140262855396,1.4781440147497695,5.4612776986133635,4.946082550635325,5.883166387462813,6.211212339353012,0.0,2.9322758334222097,0.9904329891544209,0.0,2.2472837772089562,7.239824981513525,2.3329396950077927,4.010183664208933,0.0,1.654602464388474,1.93490697844654,3.732989636613809,1.4781440147497695,5.199827637329512,4.532226305247741,1.2637311686967654,3.171679390037226,4.429958096931,3.6870102081617624,0.613129472573914,7.07019720551526,2.0502186830029325,0.613129472573914,2.0502186830029325,6.450648921220167,4.479140868012787,2.3329396950077927,0.613129472573914,2.3329396950077927,3.621315026201225,5.19514889105817,4.542369886600731,2.9322758334222097,0.0,6.690709349329358,7.542393722661489,5.064119187369095,0.0,0.0,0.0,8.078697531512187,2.9465945489924428,2.153597726957001,7.956911181604296,0.0,6.480927607509937,0.0,3.6436964014884263,6.5393171333610365,0.0,2.2472837772089562,5.601893703291716,3.067820349948245,0.613129472573914,0.0,0.0,7.274431047548711,2.055648212113249,0.613129472573914,5.142172199051927
TCGA-75-5125,1.5278373252294946,6.5339530686327905,6.97836284614609,2.801170105215133,5.779755373419436,5.792415868797817,5.060700835102978,3.6405659263353303,4.256854491679375,5.610076008215893,7.303345120086439,4.380350230292937,2.378971895212487,0.7084790445569269,2.9993357731436148,3.207260628895886,7.725519865373377,4.838327432484541,3.186183197321596,4.645284730324466,1.8171997697098325,2.593095661476748,4.133763973582304,1.274608325924163,4.660027621272806,5.0571625824319755,3.3967207096350767,3.379309581904126,2.7693647809213027,2.2243424309325617,4.157109636732405,5.513053675834899,3.911404814387433,1.5278373252294946,6.194762470201486,6.620031872342777,5.795556105205436,2.2243424309325617,0.41574541751572075,3.306472697088708,3.325183491836577,5.922020681081137,2.2243424309325617,1.6338768343111185,0.41574541751572075,7.107507370838976,7.67392984807556,3.712061169776615,2.1669944386876976,4.157109636732405,0.934680596985746,7.126738186810883,4.576728529506788,2.7365080739186944,5.938461897868654,0.0,1.5278373252294946,0.41574541751572075,4.996583697873297,6.216707892311148,0.934680596985746,3.779257034079719,2.9993357731436148,3.025941349758479,0.934680596985746,0.41574541751572075,2.946605052587298,5.117868056006755,3.965025238747387,0.41574541751572075,1.5278373252294946
TCGA-75-5126,3.7089001948765463,5.5899416582324415,6.956888241532347,4.41891771325763,1.8830007763249978,7.191000021028984,1.431435016784162,6.003052150759633,5.456516981221582,6.06040275043399,6.87022577492821,2.0999302081071516,2.0999302081071516,1.2203873455940306,0.5856733222547124,4.88559347711529,8.065931234696293,4.7296948898891324,1.431435016784162,3.88712972270487,4.483901582792827,3.148152886249217,3.213638132071938,1.2203873455940306,5.841086325935538,3.7430385132722472,0.5856733222547124,3.0773399099337513,1.7539018266718147,4.052283953713926,7.39534707561267,6.211780103411145,5.341391223721359,1.6056105975997133,4.971977622405377,7.579275268741789,4.553339905343961,2.6765595340108392,0.0,2.192971099667714,3.0773399099337513,5.562810133377085,4.428462839978605,1.6056105975997133,0.0,6.130354370167185,7.588586933819434,4.109307063611616,0.0,1.8830007763249978,0.0,8.312051627611142,4.811200131345415,2.5605319226395613,6.014790372411479,0.9525840875714239,0.5856733222547124,0.0,3.669100126546316,6.3476396161300634,0.0,3.416368384493466,2.4292441752961618,2.874677015011047,0.5856733222547124,3.0773399099337513,3.6891969037214776,5.997133448480462,2.8287090975040576,1.2203873455940306,3.039964446799462
TCGA-75-5146,2.929480285269677,5.104210636606864,6.1813325576573375,3.5354281130256604,3.0370709345791176,5.1504552058056525,1.9985703659213672,8.114504226254825,2.929480285269677,5.511951849638403,6.109169801961739,3.895747271325891,3.222724409556383,0.0,0.5357328474720906,4.7519681867129995,7.27758630096042,4.421381954151941,2.390779103729962,4.404201446115117,2.6215405164257617,3.4031088869047266,3.898911423080648,0.5357328474720906,4.578677328929606,4.661125098132538,0.5357328474720906,2.512805499017766,2.090282564857711,3.3548043420924447,8.783682781170128,7.155349462392287,3.4714570060343335,1.7852382522377896,3.3548043420924447,6.026305490750168,2.808908597412593,0.8826925824432196,0.0,2.453656751783042,4.412828595911811,6.286926899534971,4.06742033643424,1.5137196493751295,0.0,6.994208166712336,5.677722511000628,0.0,1.9985703659213672,1.7852382522377896,0.0,7.995299879452464,3.1522401729549276,4.395497987171337,6.551800075967754,0.0,0.0,0.0,6.187177290394053,5.673151431102679,0.0,2.251775891940723,4.181947847332884,1.658666075905927,0.0,0.0,0.0,5.233208015851602,2.090282564857711,0.8826925824432196,0.5357328474720906
TCGA-75-5147,3.140585580733038,5.285242258660315,6.98910482467846,3.347286629631411,4.20554598651293,6.339159289465934,1.1198191583125074,5.376555369798669,4.976112860057833,6.2192513020487805,6.381001811241707,2.5719096934095744,2.698686498149244,4.146676067482184,3.9110845652308543,0.4636082221568752,7.031944418336838,3.48290332078372,1.2958498248500847,6.91433359434226,4.967943497028675,5.137397158413958,4.026588425663143,0.4636082221568752,4.803266661897408,5.055710630320562,2.793291679411475,3.165778799472333,5.554686774640872,2.7183371089703456,2.8961384319571652,7.095512038266031,2.5719096934095744,0.9060383554098037,4.174278033160292,6.9676737691933806,4.432735195638161,2.0132750294168793,1.743689045982972,2.051903321686363,6.783371632142081,5.755587138272218,3.11474122413618,1.7939736827137536,0.0,7.004219338265954,7.091109635588041,2.8168448134943187,2.5491248071145653,4.814547414805472,1.5756122199500033,7.836460629589067,7.528439287808367,4.730533308944763,6.364862626669981,1.0186306902384765,0.0,1.0186306902384765,3.9740020037801242,6.657243100241567,0.633768657040445,4.411487131112695,2.256750556650246,3.3879466437858374,2.1930268904745196,0.4636082221568752,3.6261366530389108,6.757662355315624,3.367823277068699,2.1143259435333377,3.687042768438978
TCGA-75-6203,3.1055055386958936,3.949205103555622,6.439625093743763,2.2966575598292462,3.4423809108208863,5.065735665693414,3.0085102859132062,3.4201368914815498,1.9726633549343888,4.54166899330594,6.232161138469774,1.6344231651280088,3.1939189773708607,1.6344231651280088,0.0,5.132858826508117,7.989597736774273,2.938193199036665,4.339293961803075,1.3220224710997504,1.3220224710997504,2.780724288591634,3.7793004284811627,0.8652079416448389,3.9623700522646583,4.7597350657370034,1.9726633549343888,3.464144011412705,3.2751427303215035,3.300817036933571,9.989766161116552,6.840519790963307,4.255094845253059,3.4201368914815498,2.593731158886989,7.050712112253815,1.8721252016465573,1.119492766247465,0.0,3.6045027850493354,4.728316590809799,5.587855215980035,8.012637868163607,2.2249586305142333,0.0,7.320282061340561,5.775119707091431,4.437003573604487,0.0,4.929605988784173,0.0,7.6828878942833745,3.1486250196571333,4.764146347287054,5.392294840512489,0.0,1.3220224710997504,0.5234259057417291,5.461817064934731,6.552311006028549,0.0,2.3635484809521627,4.875090447261114,2.593731158886989,0.0,0.8652079416448389,0.0,4.321186599032555,3.3741036386640393,0.5234259057417291,4.13052379578767
TCGA-75-6205,2.4131868493218414,5.545509420619386,7.483311905359951,3.6451391429469777,1.6558060983616285,6.509274225488379,0.6138333738402199,2.0515177770355173,4.606694024356433,5.649153799503892,6.581027411411357,2.2486145337185155,2.0515177770355173,3.0994794885418426,0.0,1.2648044635321807,7.8740240406624755,2.618264068946684,3.8980275239741027,2.7348089704029013,1.4792836679627186,3.2416661414353847,4.550391878622681,0.0,4.994573660548905,3.3540568560904673,0.0,2.2486145337185155,3.136967043828939,2.48631399235006,2.5544638064805487,6.78353582394792,6.4875805123670025,0.6138333738402199,2.618264068946684,8.508541876476443,4.480605330690993,3.0200101660135146,0.0,2.48631399235006,4.127406928546899,5.756545688183086,2.2486145337185155,2.6782299646897307,0.0,6.600884950469515,7.179323213290286,4.0212576071145705,0.9913610979211336,0.6138333738402199,0.0,7.953044143768173,5.068476437786095,2.2486145337185155,5.652131221472202,0.0,0.0,1.4792836679627186,0.0,7.022600670651178,0.0,2.977777038776951,4.580981996155167,3.2124149986059636,1.2648044635321807,0.0,0.0,5.148575287875532,2.8875455456959687,0.6138333738402199,1.4792836679627186
TCGA-75-6206,5.752680569508843,5.405030467050421,5.750681963736483,2.345635003864557,0.0,3.399495935022398,1.2576936498255764,8.882604065755975,3.1898629935573997,6.279290359228722,7.107122397884715,3.0208686900878465,2.779055268985656,0.0,0.0,3.108931486194056,7.287334896637284,5.319457334499552,3.554879380246945,0.0,0.8147894265420492,3.080431813640134,4.449469138294754,0.0,2.9242953463660712,4.396544488790066,1.4222887213432664,2.511864986369081,5.778317736461077,1.9869561184913143,3.7937686086985845,6.978558510777537,6.436203251586471,1.0605642210305797,1.0605642210305797,6.187935527006356,2.283463433786459,1.0605642210305797,0.0,2.609076652682814,3.657378467051874,6.014773275743252,3.7937686086985845,1.563603376090301,1.563603376090301,6.084524469708859,4.721983863079346,3.8912813774087445,0.0,1.9869561184913143,0.8147894265420492,7.539117477267768,4.834907947628488,5.187938725578158,5.115073384450642,0.0,0.0,0.4881504747267722,6.819374237156997,6.299022773564553,1.8967048987495494,1.563603376090301,4.531326640409042,2.0697194347815997,0.0,0.0,0.4881504747267722,3.24039071090255,3.4606291354315672,1.9869561184913143,3.264732165774279
TCGA-75-6207,1.162463073369183,5.864224749398308,7.029397524964241,5.779622517337907,7.06758409336266,4.4925791485519895,0.6307929388129698,5.377059228488525,3.356628794085728,6.425296809215542,7.030963571283585,2.1368256244990693,2.6208424411943536,1.2912691407107806,2.4839895627255166,5.142306624543879,8.591975935859923,4.638779028161859,2.5883428150707575,0.841006683798798,4.47771174418328,3.4991676566376833,3.713893966108647,1.162463073369183,3.4161024143823413,4.5034906649270345,1.9676436840580043,3.2258832156568302,2.9455962040601937,1.5077373576077613,4.332899413707189,5.658485203228321,1.6855838066133875,1.9676436840580043,1.5077373576077613,5.636787605831922,4.452429178772022,0.6307929388129698,0.0,2.5547513805620023,4.766302154099442,5.422718454505995,2.3254027782744915,0.3643652972227386,0.3643652972227386,7.5355796309157865,6.899047475871556,4.634816363053122,0.0,1.8365256751100318,0.0,6.999769122744558,3.5652220103590744,3.907838261588807,5.628926017329121,0.0,0.0,0.841006683798798,2.0835580571916754,7.529148637278692,0.0,4.638779028161859,3.208271800403912,2.559186630956847,1.6855838066133875,0.3643652972227386,0.0,4.57742584661273,3.243021946696279,1.6533016760804877,0.841006683798798
TCGA-75-6211,0.5053104430778805,2.108041146174195,7.679736745059891,6.520389878436819,2.322828799471088,3.376593848437433,3.8365427074505534,7.622854735471479,4.725341478598246,4.397043317783975,6.961438215898322,1.2891775503401632,2.7385276750867518,0.0,6.620748978145276,3.306831755626434,6.196055050076941,3.7476223065123526,3.441804953195445,3.5030196450817033,4.671435340635728,4.118817638521022,3.9824740133173195,0.0,3.257465569772107,4.728307749428598,1.723159377735798,2.322828799471088,2.444032570578028,1.9340110634696301,2.322828799471088,6.703104674177099,4.652807304703658,0.5053104430778805,2.8201340643205417,5.169830372382488,4.51165369655894,0.8393664900609233,1.2891775503401632,2.3852612531626147,3.257465569772107,6.303889230900176,2.999046774521821,2.108041146174195,1.2891775503401632,6.600394171596326,7.45518858953504,0.0,4.355722442937152,3.807772984054347,0.5053104430778805,6.658569298234557,4.628574163767108,5.269372475824248,5.710817669537198,1.2891775503401632,0.0,0.0,2.4995407142878157,7.2947984062630065,6.175757076924529,3.716134634180388,3.9691497521000287,3.178520388159588,0.5053104430778805,0.5053104430778805,0.0,7.5174773713969545,4.3037718069567195,1.5983365193629264,1.723159377735798
TCGA-75-6212,2.081314786061516,5.293204317161214,6.517347734611899,1.979013286845343,1.5886636132176233,5.455556130474528,3.2558748411103466,2.6005540733139623,3.1614161891949224,5.6404911754139455,6.264820108432435,2.808739825110138,3.2854797116689682,4.38830190392148,0.5762762288285299,4.307681519019247,9.023702312474283,3.2854797116689682,3.6279078971224528,1.415319040160507,0.0,3.057090743684931,3.9884524237964474,0.5762762288285299,2.94060532430365,4.7399894988871285,3.5856028766588643,3.4467601210725145,2.7606110251678353,3.4216207313030336,6.8302530914527075,7.564938437608496,5.159267920287228,4.922918213611025,1.979013286845343,8.810729593788526,2.8546524631721386,3.1614161891949224,0.0,3.1278345204360583,4.961858129842325,6.110892895161959,6.591647668568872,2.1741265260902423,0.0,7.809878118581318,6.138184832658963,4.491256529618873,1.5886636132176233,6.479797598918462,0.0,7.209177521468774,3.7145520741449864,3.1278345204360583,5.383053657490938,0.0,4.462905915399505,1.205461695377355,2.7100548571026963,6.726012754516603,0.9395774786493442,2.7100548571026963,4.358825815056848,1.736370077979852,0.0,0.5762762288285299,0.0,4.453879745108039,4.6507743277931075,1.5279675194360363,1.415319040160507
TCGA-75-6214,1.3172925610216506,2.6646345682302264,7.388878110140468,3.8406258173156105,5.978622439094684,5.271762896776775,3.3001977140401175,8.9576199557573,3.8914977971331846,5.058815748621009,6.446003906013278,0.6476789925127985,1.3172925610216506,1.3172925610216506,0.26520637568659605,0.0,6.565880273655004,3.493113930822526,1.599003664511952,5.790482969993804,7.959321381866085,4.643948493602164,4.14327757333128,0.0,5.290300315704194,4.141250412504141,1.7147884280419263,3.129659837692215,4.568101555442926,3.2889353273020583,1.7680130754980545,7.775691551753621,1.599003664511952,0.47461796679648105,1.0375167226415232,4.614293442236065,4.277571264803539,1.3955018418708038,0.0,3.7938856570104087,4.8104185696477435,6.316128048540483,3.7448556416218675,0.9236634862035681,0.9236634862035681,5.190587379241476,7.890590019658464,0.0,3.4262931650007977,2.6855591632666784,6.31941486078696,7.847387467143525,5.727430639561908,3.129659837692215,4.749218580560553,3.9860798334168845,0.0,0.7951621059666751,2.6646345682302264,6.7894164639089825,0.6476789925127985,3.002355292862225,2.2191817446882616,2.4292177439274116,3.9159951061805462,3.693294692587346,0.6476789925127985,5.430073434215366,4.314797831303422,0.9855928888607484,4.137573258311382
TCGA-75-7025,3.0100788672609124,5.46967908310565,6.595902091269945,3.256641634007882,1.953226178669753,5.747496283846985,3.2119519097953764,4.788641082038567,4.358704270364395,6.043997697556248,7.148102003505967,5.164665966722938,2.826425653837531,0.0,1.7117417612420238,7.665106549763868,8.18291973570359,5.974341277126014,4.932097009765773,2.1024375939740967,3.869086276432325,4.539698963353011,5.553901002114478,0.9214374646936848,4.27811506878116,4.909119230903745,3.523553647844189,3.099190981922221,4.428779009674882,3.3269514512746854,7.673581196539937,7.809817260605557,5.75111125406258,3.3798409478335927,5.318614969362836,7.401176317848535,1.482490511972298,2.5133645226044847,0.3207782999409705,3.523553647844189,6.351961926224196,6.671977247707445,4.755803257708376,2.416966795112761,0.0,7.509614679031934,5.213184224570179,3.2450658523584406,1.8397556674963105,4.5315903820213,2.3102754462780517,7.18983921104532,6.283936380319449,4.218683836477708,5.200754150562755,0.3207782999409705,2.2322377331732253,0.3207782999409705,4.125400624886647,6.221162570859489,0.3207782999409705,3.3404383758165914,5.905666978609224,2.6977574116167777,1.3926988087928849,0.7582792754977276,0.0,4.075278963253804,4.612307653556958,1.2364303138744703,1.8980995049993814
TCGA-75-7027,1.8719406288551388,4.478986589214813,7.0768818299872,2.811448793446496,1.1988195490851352,6.77395985150348,1.8263702138114315,10.10242037513528,5.42162290286574,6.212551986071183,6.469974085819523,2.43560260360382,3.148152886249217,1.728517884482557,3.66168809726074,1.8263702138114315,7.387672109678881,3.1966752046839226,0.6251894873767182,5.786409532326363,2.1432962353106637,5.977510135612563,4.761147767442444,1.0068989657447776,5.2639381145848425,3.7634997949843862,1.1988195490851352,2.6615105027339307,1.1988195490851352,4.438774339184299,3.0434170651194017,5.991359541595096,3.76745493208606,1.1988195490851352,2.43560260360382,4.866272115584528,4.191802434083884,1.7786404567349021,0.45679173527350503,2.2089884442564616,2.986630982164788,5.477609338781627,2.8287090975040576,1.282515926644716,4.504924345826877,3.6237914487041967,8.009688713202575,0.0,1.1988195490851352,2.4099316351949276,0.0,8.141093662999848,5.465487213741232,5.06391694372802,6.049705152944659,1.282515926644716,0.0,0.45679173527350503,1.9973362917609923,7.7630850824951505,4.691265310012812,1.8719406288551388,1.1074398772707887,2.5330934573712747,0.7692282049652809,0.2542545463392624,5.669674005022752,4.750568388677448,3.987310424617821,1.3745000812371793,3.208445618893382
TCGA-75-7030,3.083436327254374,4.740941567962211,6.727880725831234,3.5361157286872684,3.890118851470869,5.918444828745089,1.4170660197866443,8.39971285994032,5.921243242834913,5.51292458683996,6.424969505080648,3.8465944883616654,2.6026896854443837,5.461179986977316,0.0,2.810907586541918,8.445061112053867,5.176386992561046,2.6026896854443837,0.0,9.449601337148659,5.387737506803364,4.330459618617446,0.0,4.655549562880243,4.90296099258816,1.126000451986976,3.130044611161585,3.083436327254374,5.096812990337308,9.583123873627976,6.894079186089296,6.080980701189374,3.258096538021482,4.740941567962211,8.02117407496722,1.6422341868491828,3.083436327254374,0.7137827941600169,3.083436327254374,4.2298700070690245,6.184921788051831,3.9111886574566603,2.6770203841154645,1.4170660197866443,7.5490405824894085,5.411275447475433,2.643511679964639,0.7137827941600169,1.6422341868491828,0.0,7.328358557932746,6.443087787197229,3.8010914447208646,5.461179986977316,1.825887106455583,0.0,0.0,4.065459716154399,6.340653792989398,0.0,2.871681511674685,4.117681785142031,1.9810014688665833,0.7137827941600169,1.126000451986976,1.9810014688665833,6.586113722142125,3.9318256327243257,1.3914808878071907,3.703356651939016
TCGA-75-7031,3.2886443954228244,0.7301057215454775,6.519765091160974,4.131805715436829,1.147561170399973,6.333929505733441,2.0084287744334164,8.458499953277013,4.389125130631577,5.886492844741359,7.971248033155232,2.368129358201452,2.5516302818309082,2.70661583956403,1.147561170399973,0.7301057215454775,7.359397616708053,5.147308412993026,0.0,8.749657964845115,0.7301057215454775,0.0,4.555007830795027,0.0,3.8321417847148886,3.7019659511618013,1.8525879918239403,2.959047542079213,3.566954728488214,5.1219798695012235,6.653112030608026,7.710254498461354,3.5968710673866258,1.6679143461929533,0.0,6.591614745358143,4.291048308827672,1.147561170399973,0.0,3.247704263371693,3.2886443954228244,5.966779871986109,2.840772933515848,1.6679143461929533,1.6679143461929533,6.785441871671648,6.145453070931524,0.0,2.261992238885788,2.5516302818309082,0.0,7.121761209105198,2.901657829913132,4.666979987554405,6.0410995923600925,1.147561170399973,0.7301057215454775,0.0,3.7083119148677186,7.094964869848868,5.593751811556953,2.959047542079213,2.1432258722371755,2.5516302818309082,0.7301057215454775,0.0,0.0,5.670732284607272,3.013316756310994,1.5854935198573084,1.8525879918239403
TCGA-78-7143,2.360561505515164,5.960376275824743,7.170073388538353,4.276906367931751,5.26485365004303,5.559284501638493,3.920471218568166,5.3366434488692365,2.360561505515164,7.053957308969705,7.0940605568783806,2.360561505515164,1.757599263414621,1.3556031679657008,0.3919069435093135,5.334331019499984,7.401377773826507,6.492707907275741,3.920471218568166,5.259883144029897,3.7992125857982826,5.008980592499028,5.010615293896254,0.3919069435093135,4.110559060529483,5.022511162650521,1.8370992431971336,3.5435443856815705,6.609191548793575,4.502599109558047,4.807302539979492,6.755170372691457,5.375144139411325,2.4472567023360945,5.403618380435668,5.972676654794073,4.746704469881211,1.3556031679657008,0.0,3.5975478492736084,5.456196800209849,6.203106204517356,2.3142270615279728,1.757599263414621,0.0,8.017198698603904,7.223966497547892,0.0,0.8917931002737548,2.6359023579219576,0.3919069435093135,7.22571434231819,5.056627897946728,4.4972686669360415,7.404297377152371,1.2235401098184648,0.6727914003028714,0.8917931002737548,4.6642500859240075,6.870323364973272,0.0,4.442334735814697,5.736640037120295,2.9355097583818424,4.8033732940044365,3.0961747152878494,2.2145622956002886,6.8859666208316215,5.298997135452794,1.0680843502991513,0.0
TCGA-78-7145,2.2134150240682766,5.52403360566118,7.3404074469342655,1.624011204283561,1.2022813746649577,5.244610635848782,4.899778218510606,8.198389148945845,4.925447707534804,5.203880305464602,6.5822245649895,3.581160604215144,1.919742162922161,0.45862665622239673,1.624011204283561,4.7454189663601385,8.144115889849475,1.0100724714813676,3.2589615484074863,5.127487526319129,3.9881448056111926,2.3331821909714234,3.145414412880169,0.45862665622239673,4.954593903212631,4.496882055712259,0.45862665622239673,2.536739798428018,2.8834422486524667,5.19423936145517,5.332718793265369,6.231335413554383,4.500184044687884,0.0,1.363435066973808,7.157384955532174,4.447093141402527,1.7326108409303993,0.0,1.624011204283561,5.960946059515727,6.044360556461479,7.932179079434681,0.45862665622239673,0.0,7.17624688672798,8.040942892289937,0.0,0.0,5.218104644422862,0.0,7.0712677147890375,4.349215436622442,2.3880836595961914,5.9728727864168505,0.0,1.5021867216871243,0.0,4.147338576232478,6.937459701688468,0.45862665622239673,3.496677244039275,3.886036255803561,2.0024119981974753,3.659059217701457,0.45862665622239673,2.8834422486524667,5.753324736881353,2.8834422486524667,1.3378128992969858,3.0058509070751533
TCGA-78-7146,0.4037970510074674,5.384105078498219,8.503872868513238,4.943811497037,6.0423976516349525,5.025484496946461,1.2492138205715229,7.166289139888476,4.653769855824153,6.236271738058218,7.054199194990737,2.8285199945605797,0.4037970510074674,0.0,1.095273387402595,0.9132862228538563,7.106532364514322,4.097738795290116,3.9071350789553643,7.099160454509134,5.600833862833271,2.3933577209358923,5.175477190083639,1.095273387402595,4.169476771570542,5.202967685963566,2.669503394156456,2.8285199945605797,1.5002032352276735,4.7399894988871285,3.767889320898599,5.945666651633936,2.8285199945605797,1.787600834079196,3.0397730821295803,4.877850289521525,7.039923242559555,0.6906440503418267,0.0,3.7563278001019014,5.100987750126807,5.549927862107811,1.8675778825048934,1.2492138205715229,0.0,7.450893192215374,7.7116966858194225,0.0,2.298095027721181,1.2492138205715229,1.787600834079196,7.148070548804666,3.4904590027302325,3.5215194135601307,6.66388209583578,0.4037970510074674,0.0,0.4037970510074674,3.8558483428403396,5.998455056463357,6.061132857101645,3.84526549081123,4.370832968699844,3.3093817554533373,2.8574984130667898,0.4037970510074674,2.010587053474619,5.028743676512264,3.619486502605645,1.0818729646638117,2.010587053474619
TCGA-78-7147,2.923494858509276,5.946642375034927,7.337360001276782,3.9561087879929886,5.80039786291133,4.50208153214124,1.9823798288367047,4.401794947655842,2.5133483234193035,7.262579511410322,6.667813931341994,4.321974036720597,3.114346075139889,1.7395885968991456,0.0,5.33927695160228,8.138804194570751,6.511990470471932,4.475712769157497,3.0789790734067055,4.6320555147694735,4.589253179878851,3.943601126695289,0.3301666840579362,4.007193175431556,4.785122271133312,3.303720522970123,3.2444928880711807,6.506162165020225,4.0759225813948055,3.1485048613913875,6.9242681873563505,3.3320687866794727,2.1775886028193603,1.9823798288367047,6.789808104855772,3.9485921293006228,1.5917829771953795,0.7764307846966826,3.3179932931972966,4.0489949724826255,6.5535430144434,5.031463539057635,1.0839046597958353,0.0,7.794950821129856,7.1207272749748505,2.8409013624218686,0.5780168733063139,3.3543188890836673,0.7764307846966826,7.115971977071429,2.727604431537372,3.8285022563747755,5.860147843106301,3.9022716147850622,3.3596320553837344,0.5780168733063139,4.815925316722352,6.511549173706072,0.0,3.819958153844848,5.482487214199609,3.3596320553837344,3.9410204851091115,1.0839046597958353,0.7764307846966826,3.3320687866794727,4.822239325361522,0.8708330089493718,2.481149600910288
TCGA-78-7148,1.7554412065539433,5.28703394752755,6.491233267995752,3.9104858245707934,5.205845654479919,5.875562553681853,1.5523171449443425,9.689371877041264,3.84443985410435,5.687216005347627,6.535245625140609,2.696389141119376,3.2780914545212156,2.454060769616899,1.4328439217728706,2.2521756184489643,7.492576440009856,1.4328439217728706,1.2971625557920525,6.492844197811029,4.681075114077555,5.176245773159525,3.2678145494305624,0.4264435144933561,4.981151555704017,4.228200693779894,1.1401060574974686,2.731629999622666,2.2521756184489643,5.413185045567892,6.817308553388349,6.124092406669416,6.126417116881687,1.998949774860999,2.454060769616899,5.470752715432903,5.492884472949703,0.7244035702104994,0.0,2.4987438065760217,5.362127497473854,5.354612630203242,2.941946401590176,1.6590277567740968,6.335316628421741,6.354917716882377,7.386718649599344,2.8561598132259753,1.4328439217728706,2.2521756184489643,0.0,8.400020969175353,5.294188855964257,4.588171523904645,6.057912182227206,0.7244035702104994,0.0,0.0,2.891304655944765,8.663963560771249,5.318791337070366,3.0543501773756567,2.1946211914661045,2.1946211914661045,0.4264435144933561,0.0,3.355230229043353,7.645082011153831,3.1724674220519846,1.1401060574974686,3.355230229043353
TCGA-78-7149,4.976188766361887,4.9214470038949605,6.1878554153429794,3.528863272481266,6.368699919374444,4.433959474508638,2.7302616894674294,8.595573595150901,3.9671454592183824,6.887317850242147,6.8240518791435125,3.4445154583756916,3.1615941093092608,1.9552379382205298,1.4605898156976844,2.9255994668734426,7.194947231344687,6.229999047777839,2.7997052241039126,6.1162540908707355,4.953090923431612,3.010606107613418,4.308189010588212,0.4391577490746342,4.629482238369733,5.52717655245813,3.0635077376345037,3.332904265289477,2.2846960336583053,5.767448740489697,1.5810178615690236,6.005717489626082,3.088949355265125,0.743269789963156,3.229321082729739,6.724482469891144,4.859261865245921,1.3236473832192406,0.0,2.391108659382078,3.5125538854016893,6.368699919374444,3.7043836406499016,2.2269236070701326,4.5741654689153375,6.478700100260759,5.218315908023742,0.0,0.743269789963156,2.5320923528947237,1.164930475261267,7.462691563672148,5.817140921425089,4.983764143547695,5.500147389730034,0.0,0.743269789963156,0.4391577490746342,3.8333347134527616,9.189770250231472,5.380620594242987,2.440345032698531,4.453401500292272,1.9552379382205298,2.8326955629719,0.0,0.4391577490746342,5.936805067153818,5.256406237469338,0.2981768095444224,5.758788202759556
TCGA-78-7150,1.989380063311179,4.601969067872183,7.173575104576783,2.3752126842101373,5.486413882784679,6.584642209987858,1.7209435083516407,9.75059857642588,4.885699236467537,4.780693688281047,5.782990988332808,1.6126527393360428,2.767375155186894,2.9020642446814677,0.0,1.989380063311179,7.2191367880614505,1.8186447980094371,3.5003939391020804,8.22267983881144,1.1923758184802729,4.229740465565711,3.7617859905469966,0.0,5.0418626065128285,2.7535842763120835,0.0,2.6529320574360185,4.809163537129253,5.123684178357835,0.7642578080178981,5.557507367598569,0.7642578080178981,0.7642578080178981,2.6529320574360185,5.640313603461324,6.443581025859956,1.3528926844858602,0.45342953462468166,2.692557472833932,3.995560522212937,5.761091803033904,2.767375155186894,0.7642578080178981,6.402596899342026,4.761250431576819,8.062108124954655,3.8056174995136964,0.0,2.5686501932208596,0.45342953462468166,8.358984957505546,4.939110648944804,3.7848553213900917,5.9482960517066035,0.0,0.0,1.0010729594887686,6.133671324523868,8.62052925926172,5.791332317758041,2.523686560674031,3.5673726187134056,2.9333886751434886,1.6126527393360428,0.45342953462468166,2.963167758680591,4.684775875106005,3.2453268904734354,2.1310847748316744,3.289058388390857
TCGA-78-7152,3.711758227570296,5.513356162885718,5.992106840793224,2.4966787525498013,5.917478875167592,4.2035561529620376,1.7303272297095538,8.752126173481402,3.591354824223885,6.300976602146412,6.966665490860857,1.7303272297095538,2.014836351653277,1.0497721232486361,0.6567424986661454,2.9253956424835397,7.743074538681167,5.00147345230387,4.101391341913425,5.564447607738002,1.3311779785612243,3.295766493157848,3.527424664101202,0.0,3.2607698845212183,4.575648683050919,1.3311779785612243,3.859155841578614,2.2360712889357064,3.1868731588226753,3.1868731588226753,5.517095402852605,7.006749573186338,0.6567424986661454,1.3311779785612243,5.623172383829059,2.1315594959419424,1.5505368045139394,0.0,2.417127327366711,3.9345532818538342,6.56971000578737,2.7635542843285923,1.5505368045139394,1.8826660279157308,7.018455512935448,6.26631590688691,0.0,0.0,1.0497721232486361,0.0,7.7333639049772,5.748886488233207,3.295766493157848,5.633184744643863,0.6567424986661454,0.0,0.6567424986661454,4.415321168818361,7.273203623839867,0.0,2.417127327366711,4.853630545286091,2.2360712889357064,0.0,0.0,0.0,5.69438175940337,4.0701765203537805,0.6567424986661454,1.3311779785612243
TCGA-78-7153,2.323465570573401,5.094443212152661,6.533989399214934,1.8758861338774897,0.8011492043612234,4.019112625323255,0.47877752579709687,8.904391132805054,3.8770774607054572,7.07586803382545,7.668565780902176,0.8011492043612234,2.901080876704516,2.26144012965831,0.0,1.2401986527299806,8.14386898595048,5.90196097627242,3.2168137001497525,1.6674048881886325,0.0,5.086886206607516,3.7619602918027555,0.0,3.3107145315306634,4.286062115836457,2.7560463993704656,2.831193658805536,1.2401986527299806,5.4801012788370835,3.769777180769927,7.73533282297124,2.9342769943372025,1.6674048881886325,0.47877752579709687,5.90196097627242,4.133667834218608,0.47877752579709687,0.0,2.901080876704516,6.019067554533954,5.435606689299883,2.794325751882568,1.4037167068117598,1.5442378391858451,6.638131830275906,5.454166603010877,0.0,0.0,3.41690995674013,0.47877752579709687,7.021476744283835,6.393321486932291,4.885903169351665,5.6005456283414325,0.0,0.0,1.044578400175624,4.451328791660475,6.362479677320224,0.0,3.288054812367826,4.133667834218608,2.1953116377222495,0.0,0.0,1.7770687538180514,4.871886504974632,2.4893301848477796,2.048299111160693,3.711477191056916
TCGA-78-7156,3.9978813846378953,4.366104294317542,5.6356071260491944,1.6776945129400824,0.0,3.0397730821295803,0.8081708571287273,9.446123703636829,2.5980716312200647,6.056772303558193,6.905001490785516,1.2492138205715229,4.309228765498821,0.8081708571287273,0.0,4.664382045619937,6.482132870688799,5.770356422905842,3.3229222775232943,6.905020542998104,1.2492138205715229,2.206580672260244,4.37020326327495,1.0528126484211853,3.8372563548549534,3.8525532165354077,2.6433125490282787,2.9462688828184005,1.6776945129400824,5.99209934558079,3.78215119407438,5.710410460946422,1.0528126484211853,0.0,2.059340869972833,6.148553762350757,4.670217952438255,0.8081708571287273,0.0,2.6433125490282787,2.5009440274856245,6.059681450943225,1.4133013666064176,2.059340869972833,1.8866150002407338,6.319157285041606,5.207254155591035,0.0,0.8081708571287273,2.3933577209358923,0.0,8.262558973010657,5.292228869207479,5.355741578393899,5.748790893859183,0.8081708571287273,0.4835983015115068,0.4835983015115068,6.149881826327179,8.84038187674353,4.194167272501492,2.3933577209358923,4.309228765498821,1.5542000061794847,0.0,0.0,0.0,4.074750513171966,3.3229222775232943,1.2312182532161313,3.178470410233162
TCGA-78-7158,2.1842293933969636,4.950524290355472,5.728927017630976,2.3555190407734816,0.3470588572197696,3.842527150323283,2.315363105353261,2.0332667045592228,2.5674999480918537,6.669145235734011,6.99117688712121,0.6042613205515044,2.0332667045592228,0.0,0.6042613205515044,6.300754601516192,8.662131279622379,5.010388597002363,4.464667119047955,0.3470588572197696,0.6042613205515044,6.938168085390332,4.486302186971764,0.6042613205515044,4.276032585042447,3.7252427232752408,3.7590746025761956,3.3311682591668226,3.285640616026643,5.6430695156048145,6.347608099883436,8.639770051645957,4.252694982210539,0.9782509319969258,0.8086164303660593,6.043421121476724,3.4949973307328266,2.315363105353261,0.0,1.9182599528373967,4.185560006391039,6.06389217971019,4.00959426343109,2.086156446161468,0.0,8.340704192141038,6.219088048443898,0.0,1.12320733552349,3.4949973307328266,0.8086164303660593,7.694401910056072,3.914178680290643,4.7313445821590445,5.9960291136055615,0.0,0.0,0.9782509319969258,4.113591479584557,6.146614013695927,0.0,3.0983700860171366,5.286649561680354,3.513340841056814,1.362155345266565,0.0,0.0,3.0602082927383556,4.371756577713769,1.4229637454769022,0.0
TCGA-78-7159,1.1643688177327727,3.1838909279652405,7.491500454724536,5.146325188811445,1.7848523364800868,3.8791464455102687,2.692875647731263,8.302937525571807,3.8676948715786033,6.403168486505989,6.979163896869353,1.6878238638291776,3.2064590548531124,0.4388998841944018,5.03804291689562,3.4783127318796794,7.196596679153765,3.820523754799964,3.3707106823906163,5.6040468503347185,1.3230350214806996,2.4395867074278295,4.435887255656419,1.6878238638291776,4.634029714668644,4.884739438329322,2.9248214926253904,3.7582492545542436,1.7848523364800868,6.019731252816291,2.764808534920819,7.914445973432706,6.878014370160196,4.439665627461711,2.2839525808460435,4.433142663350794,3.443713939598479,1.4599629510450916,0.0,2.4395867074278295,6.698165706091349,5.987067393783535,5.959008501908375,1.4599629510450916,0.4388998841944018,6.703586806758174,6.887054488458097,0.0,0.9756533812676621,0.4388998841944018,0.0,7.070987454059799,6.444113768471211,4.075012224322525,5.85250990377924,0.0,2.486513691138385,0.7428416975837973,4.102711131335649,7.150685771194986,0.9756533812676621,3.2712557286818407,4.344235199615859,3.6639846335809167,0.0,0.4388998841944018,0.0,7.777193368478686,3.443713939598479,0.7428416975837973,4.48416910296708
TCGA-78-7160,3.7674895976958145,4.088914847967101,6.768228808881206,1.9891201471668711,1.689431388126532,4.889303468928625,1.0621903220341422,9.8022407860198,4.903450893949641,5.063215093914033,6.06157346225313,3.501847822311552,2.6567007647878538,2.5141822404078837,0.0,2.700024749812471,7.494697142695754,2.347912124579088,1.9891201471668711,5.467899790726949,2.700024749812471,4.2894219168047325,4.1924704711077005,0.0,4.540572996462897,3.638333249006732,1.7996118914380148,2.892297679894999,3.1390530929982132,4.83565472618775,8.009848169986801,6.43263136341516,5.611502698536905,1.4242161541184473,2.461774485730954,5.900001457752506,5.047121502666666,0.8161609564550896,0.0,2.959923732315198,5.49935026913254,4.684489555192346,2.9266822575771814,1.689431388126532,4.372397927094403,6.084169062387828,7.571967862443966,4.050549402222429,1.0621903220341422,4.805135177954641,0.0,7.8812048691405865,4.853388715805899,3.1922771969841883,5.534835083667691,1.7996118914380148,0.0,0.8161609564550896,3.8378574931574847,8.55900477613056,5.140001357100883,2.8566885731812808,2.7814245709021805,3.0534963372843458,1.4242161541184473,0.0,3.267155382509828,5.549663460994231,3.023269616547079,1.504432889136932,2.892297679894999
TCGA-78-7161,2.705533704044547,5.67927801103137,6.991958550264211,4.6181653814829025,0.0,3.9804701280212575,3.121404110630612,8.240875630910157,5.135898432050595,7.1372545895992445,7.056390778121285,2.4557695919331217,3.749960442367601,2.122093860134813,6.446360883701204,4.554524050569047,7.026480093248018,5.769242446127987,3.580893272187175,7.24355586152281,2.7992306531862026,3.4954827941475224,4.7673485575025785,1.2731256630142527,4.756791956532409,3.797628472307114,3.9384234271746195,3.9666494387312756,2.982586241883976,3.767094338489624,5.466036998915956,7.557243110201667,7.530994884126731,0.31291112649755654,2.7534759819168495,4.806076308280626,2.2460993940071834,0.5509497748501452,0.31291112649755654,4.1504523317359485,6.654030090008538,6.065000748689203,3.790020329599008,2.077076246573551,0.31291112649755654,6.593515656023806,5.472232857830415,1.7651930187662437,0.0,1.0427824037074391,0.904096685773449,6.854208922038483,6.851278044851309,3.036926998601592,5.840089179204041,0.31291112649755654,0.0,1.2731256630142527,4.4180740490052255,7.780127560594619,0.0,2.982586241883976,4.701625164805353,3.1050708661610256,0.0,0.0,0.0,7.988804231269658,5.317237251400548,1.1091894857058795,2.029949256080831
TCGA-78-7162,5.918950304292718,4.377869254733352,5.431925631217828,4.116973257782373,0.9016236948307511,3.882940169896474,2.3526506340007676,8.579102634554976,4.363995038176426,5.410895770464336,6.4307834279726555,2.3868619011227095,2.5706714167487936,0.5491613300315638,1.0401000176004414,4.565738890663941,7.214121706638045,4.465748335775037,1.9768965032880432,4.780676907786693,3.5243231564727955,1.6144055532496093,3.9246252623594726,0.311813552026709,4.110993529144321,4.285102653392156,1.161712275611334,2.026330807274565,3.9763771345665573,3.360663540066303,9.35058915234823,6.481063980792936,5.745388162008992,0.9016236948307511,2.725890119230541,7.614662356458267,4.758955084639857,2.701636342884937,0.0,3.050428770473019,4.680667192986087,5.584533364838092,3.101087289196692,2.3526506340007676,0.7408415064226068,7.153035985362757,5.606283568002501,0.0,1.161712275611334,2.8602217809452815,4.055503243756219,7.641722854061057,5.39597478942071,4.6496558610273695,5.42711067716891,0.0,0.0,0.7408415064226068,5.552420680048545,7.494674901444905,5.783271182746457,2.625132252771906,3.2392743530115706,2.651289355280446,0.5491613300315638,1.270125646745461,0.0,4.538734399513673,2.026330807274565,1.1350085038594004,4.882741314689143
TCGA-78-7163,1.7567020774126525,5.560058359899356,5.2379355277574176,3.5621193700613154,0.7066062002441015,6.162280585204141,4.1641799675665885,4.7450364707454815,0.521646862397574,5.935687531638983,7.009508295432341,3.481203165577095,4.195609703269617,2.536929677855152,0.8626789624255059,2.5636562140195354,6.835045866848805,3.2037256381668997,4.158844020096713,1.222774931288532,6.3977693026135904,4.34834445548602,3.666030391141216,1.3188181959949767,3.175521459936255,4.776422369367574,0.9976494962419754,3.7315317725689137,5.554771895183219,3.231152161342961,0.2944590567308047,6.780178692681926,3.427089274828009,0.0,0.8626789624255059,4.968228711445763,0.7066062002441015,0.2944590567308047,0.2944590567308047,3.6459510760580134,4.488536364731806,5.65908143859507,8.87714197050373,0.2944590567308047,0.2944590567308047,8.909854006659858,5.454538758114017,3.718984223792986,0.9976494962419754,2.9520938165241617,4.5299864045898355,7.804553255544829,5.950126794607443,4.841451063494424,4.944125052617295,0.7066062002441015,1.6309058190493413,0.0,1.6309058190493413,4.81039413599935,0.0,3.911222685257377,5.162417456914592,1.3188181959949767,0.521646862397574,0.2944590567308047,0.8626789624255059,3.57178930335736,3.481203165577095,2.387330571440105,1.8684118207491376
TCGA-78-7166,3.3855150542600483,4.852514521647914,6.161264282098118,2.0959667452619923,3.838910230209329,7.036517818681529,2.6014518826454487,10.917122757273031,3.5391431830976647,6.60569973466222,6.606670456263046,4.099259132579931,4.217663358354829,3.004236014045212,0.3686628015840597,3.672279941364672,6.9650425734055155,4.305636830350934,2.567822150115308,4.9263112121835375,7.805641685480152,6.126818964512591,5.300973835009246,0.6374758956894806,4.006343604850184,4.29304513645107,1.0236372740750368,3.769398971172732,2.1999985042189447,3.9217218195051067,3.5520053379519023,5.696838420421769,4.967491161053641,0.6374758956894806,1.3015531326648,6.279127244372065,4.795203596516322,1.0236372740750368,0.3686628015840597,4.091838090310847,4.967491161053641,6.291587657905373,1.518790843409403,1.1722344285387234,6.710381808361495,4.4561340711131745,7.421763831850617,0.0,0.0,3.5947857840614805,0.3686628015840597,8.697896773327814,3.6484271829042605,3.8857611622392207,5.511592383663641,0.3686628015840597,0.0,1.0236372740750368,1.4160473192692384,8.165315294655175,0.0,2.0395956331326364,3.694692525428228,2.1493290128930997,1.3015531326648,0.3686628015840597,2.935626579571215,8.216947188967977,4.061587183317244,0.0,1.9798421764570813
TCGA-78-7167,3.8886622555147925,4.589792553943768,5.844784227858337,3.6257452797529957,0.6373701650909469,3.568757748399331,1.0235654143451984,9.281516192428706,5.109792609629442,6.61634760843368,6.791510185086817,2.058613638968398,2.951142774225158,0.0,0.46649748991644796,0.6373701650909469,6.4435539835920945,6.407945424888408,5.316525586196706,1.1249945299422281,3.122096165908045,4.190891855274057,4.486664764473861,0.26020809545102586,3.415116723250966,4.423912063547333,1.8483288207159492,2.459452080315532,2.1663758323650595,3.453448217460568,0.7833077602679025,7.234912839821541,4.668126205630423,0.46649748991644796,3.2904296808996767,5.784501876397576,2.23226991907902,0.7833077602679025,0.6373701650909469,2.4073054037644486,4.101575025970745,6.6843754497565,3.9647824245294214,2.23226991907902,2.601310957658103,6.86475278389748,3.936186697677007,0.0,0.26020809545102586,2.5790191429549667,0.26020809545102586,7.3518640106825055,5.134515261190963,5.886076253286569,5.5949083862170665,0.46649748991644796,0.7833077602679025,1.1249945299422281,4.914234519809901,8.165448928807713,5.7881511962392205,0.6373701650909469,6.521291006232652,2.433718613018567,0.0,0.0,0.26020809545102586,4.4119057739515535,4.985467902149334,1.4835571787401005,1.9797178868067966
TCGA-78-7220,1.8160129610287596,4.6086012930025255,7.044730734009215,3.462107452930097,2.7998390367299417,6.579367871871741,3.8011450745676747,10.555281347412539,4.404439822079147,4.210655403621006,5.630021109094141,0.7077894572968154,3.4781213850753585,3.023342576761906,1.728571147272297,2.9719722259896524,7.050105174064842,0.0,1.6327441986643347,4.9811378233072325,4.04490918995068,4.742808135155406,3.959227150629396,0.4152173995508427,4.539587920338677,4.5268096460101415,0.4152173995508427,3.2059040540590296,6.825275437241843,4.682732897935882,4.764990477435532,6.115753042963827,3.412463677936049,1.2736014736505998,1.1180553742127164,5.257318273013343,6.216220797323985,0.4152173995508427,0.0,2.735185356709479,2.9719722259896524,5.550390395907261,2.8896047971903127,1.2736014736505998,7.86322441542227,5.661942601161754,8.151405422960835,0.0,0.4152173995508427,5.042082280233628,0.7077894572968154,8.631674783299546,3.3555652257314144,3.741915354281695,6.5656930474112505,0.7077894572968154,0.4152173995508427,0.0,3.85706194035405,7.356158540965107,6.634978896053991,2.3287595339635083,2.735185356709479,3.889484920175969,1.2736014736505998,0.0,3.412463677936049,3.3779424018490576,3.8996467343600907,2.384828454375062,2.8605709819368967
TCGA-78-7535,3.239521234178731,6.34869658584059,6.446330743844334,4.039453575824553,1.0213351975934606,6.111281069383859,4.548239981400548,7.826343369904976,4.242607945880471,7.21340005180809,7.1219953113443655,0.3040966137198755,3.5278505903871453,1.5911109957412162,1.3462793325816544,1.9000307445118427,7.65470859410061,4.867565219212988,0.0,0.3040966137198755,2.047989573530054,5.668403970754384,4.295763159753943,0.3040966137198755,2.7900294939221246,4.626226928513701,1.3462793325816544,4.380717027512645,3.0895731927051284,4.082322586994775,3.1822118404966093,5.673299211899349,6.300304945128681,5.629615526404449,3.9681405444124307,5.594562669660306,3.59836376236116,0.725711171433208,0.0,3.700007309234987,3.3698890164942306,6.704721905704745,3.1968469613460497,0.3040966137198755,1.0213351975934606,7.101618309330976,6.668368009933662,0.0,0.725711171433208,4.407574978582723,0.0,7.356579959235356,3.5568583490022867,2.3934125129545354,5.122027581985801,1.3462793325816544,2.047989573530054,0.0,3.0895731927051284,6.853625333522518,0.0,5.312506226883179,0.3040966137198755,1.6610051692905063,0.725711171433208,0.0,0.0,6.6174257049889444,4.87844395557898,1.5206504136189694,3.808163584785475
TCGA-78-7536,1.768524959755141,0.4133009938759393,7.700268041439645,4.289213459756415,4.83330127881334,6.3359421550673325,2.912432183031354,8.548548437338576,1.1948614214574735,6.70510896660675,7.434298728000178,4.170073362980319,3.0179193107860214,2.4636830133363734,3.9398949488297674,1.8522272159951447,5.150142131471132,5.223092617184567,0.4133009938759393,2.3236222520598453,0.22785244704194402,1.768524959755141,5.036686333200895,0.0,4.618224605061801,3.862244352864999,2.1307523359142633,3.1358332888722042,1.929461320056544,2.762696202215535,1.8112515908059834,7.772870604256545,0.823956120671359,2.0011556232812917,3.042639714130148,3.4403123199907077,4.569048585620031,0.5696792665597005,0.0,2.419140709012381,2.7944908597075253,6.207960049030708,1.628161526432203,1.57662542268755,0.0,6.982241036908683,7.506575296418503,0.0,0.9303514155224893,0.823956120671359,0.22785244704194402,6.448984326349514,3.3847393549485827,4.306610499555667,6.671973450020363,7.7234032380174975,0.0,0.823956120671359,1.929461320056544,5.2126341980080015,0.0,4.333832480355286,0.5696792665597005,2.7799862926202175,1.8522272159951447,0.22785244704194402,0.4133009938759393,6.0794868712516275,3.5000165492765594,1.3719164931739352,2.8698175148743066
TCGA-78-7537,5.913813768157407,5.61248921620981,5.834641132037211,3.8426536345027467,1.7292100795672123,3.880164881771993,1.3488780191094585,9.351397127892282,4.547942475629547,5.546543698229709,7.813013374521789,2.0040981913760456,3.1707144629611825,0.0,0.7275002969316078,2.8149235718175194,8.265362058237773,4.577706487483181,2.1799540748378115,1.6638503372726625,1.5187032489715937,3.5207654897948917,4.292860665489351,0.0,3.6114583071453517,4.3409116284798985,2.7019449351698954,3.2971027311255625,4.091749531373563,3.909195010417099,7.121090889305261,5.860378733045513,6.689328088134103,2.095892971746651,0.5384213353567899,7.187415260331005,1.7292100795672123,2.329470421775428,0.0,3.2146428785785615,4.3007243841091265,6.235643299120917,1.6638503372726625,1.7905754352030103,0.5384213353567899,6.359630960468215,5.11913687145064,0.0,0.0,0.5384213353567899,0.0,7.660067192710054,6.1180883874298475,4.871051335880977,5.403186261380146,0.0,0.0,1.0236013448555952,3.283824261978739,6.239478256226088,1.0236013448555952,2.547012526945044,3.6856994031073054,2.2575040415534073,0.0,0.8864498898631339,0.0,4.70811478566964,3.060025452097529,0.5384213353567899,6.360863693929476
TCGA-78-7539,1.5117368768104051,5.986590186691721,5.810667827159193,5.625060283605573,0.0,4.499301763589694,6.7255149188916405,2.1239128692766647,4.230428735394644,5.310606544323582,6.6718038052864115,3.189220417960576,3.346149679877918,0.0,0.0,1.0178721155999009,7.043448084070916,4.276481379730582,3.177011620769502,8.790908176639402,0.6332379278060364,1.0178721155999009,3.886395405873659,0.25820176712927273,4.613661036476154,4.518565998812709,2.4256253960817746,2.8619036939166396,1.4445868538714073,2.717234562107704,0.778498847659449,7.2969622705872155,5.231942493681577,0.25820176712927273,0.778498847659449,5.884625160681867,2.1239128692766647,1.1190356383089881,0.0,3.490779063696958,6.493886962609218,5.613306922516301,5.175284951979194,2.1919775021492294,0.0,7.397696330360389,5.1027646629049395,0.0,0.6332379278060364,3.2132037691307453,0.0,7.6647125904679,3.0153486089891155,5.181923989868189,5.313511351130196,0.0,0.0,0.4631678182364536,3.9728452547737976,5.747735562184664,0.0,2.4256253960817746,3.842788676221197,1.5117368768104051,0.9053511118357696,0.9053511118357696,0.0,5.996894776687849,3.578310955983081,1.2688331486728626,0.4631678182364536
TCGA-78-8640,2.6273678444524347,5.722260695901975,7.163288573097998,4.022678478026613,6.1150993168120396,5.515084632492691,4.436073197836043,9.041681454803374,3.990832337421892,6.762945668538374,7.6260096203418115,2.0797165038742667,1.9220857309036292,0.45963758699655743,0.0,3.444984575630098,6.899531556682164,4.1500346764152924,2.3356619713868376,7.196184572194938,2.8860290084620277,2.708343491421733,4.479877901362325,1.8328374309859015,3.5838216704059467,3.5617049564081182,1.0117827133333757,5.40860572044216,1.734853964580351,3.2615980927248756,7.088717579071778,5.426728171311247,4.553308308935417,0.45963758699655743,0.0,6.452230326001028,6.358732684526348,1.626216363672918,0.0,3.2615980927248756,4.737968810203408,6.364776574074582,2.8186907528038114,1.626216363672918,0.0,6.9533594207871525,7.280435453144249,3.800615353753912,0.0,0.0,0.773343722554222,7.810494603904564,4.295243867914578,1.2042027778799909,6.045711225958994,0.45963758699655743,0.45963758699655743,0.0,4.63584487025601,7.028635734897992,0.45963758699655743,6.284290865209977,3.0913424083673138,4.8497229165398,1.0117827133333757,0.773343722554222,0.0,3.8645392874860796,4.177255460394219,1.1721724917761382,1.2042027778799909
TCGA-78-8648,2.459178501215269,4.211577817147121,6.727701149630584,4.255877922873082,3.0739147906068003,4.460855143968359,1.9617131920281456,4.769692607155431,5.935917481407866,5.496897696900417,6.739357928905442,1.1914345276278306,1.9617131920281456,2.3916210857320044,2.063756674759653,3.8466628134782184,7.820005860428565,2.9215850698614916,2.741800852504129,4.83248104201358,2.581965300126442,3.47573573737806,3.9986006216905254,0.0,4.495548381700415,5.254950469842824,0.5675272666352944,3.142180508424139,4.211577817147121,4.387635873438392,7.287328055124352,6.6837601151489014,5.178807215285768,0.5675272666352944,1.1914345276278306,7.423902716742104,3.5219242282004464,3.628842784419773,0.9273889185401885,3.266144832665694,4.165225428103251,6.371016798430558,3.9547778507881417,3.0379532889879535,0.0,6.613490253026144,6.68088980991715,0.0,0.9273889185401885,3.4990981424061274,0.0,7.529798432562346,6.566683681498027,2.691310877097912,5.398230572517631,2.063756674759653,0.0,0.9273889185401885,3.4990981424061274,6.37067636707166,0.0,2.879574790970021,3.294873439094666,2.2410713260051724,1.9617131920281456,2.3191766880869653,0.0,4.104088601171495,4.211577817147121,1.4001479554084264,0.5675272666352944
TCGA-78-8655,3.3626540390416464,4.939461474641731,6.185146331472571,1.9923983460021788,3.9690005140168374,5.606015278858701,0.818280911316711,7.109299229409796,3.3404702545922365,7.011484464744614,6.880046923607265,4.327184946915174,2.2891350452696413,1.568595084363495,0.4906025080769565,2.4099136707465703,9.181139135800272,3.1149631494725307,5.026259268329183,1.6925282789661986,1.4271003555121444,3.3404702545922365,4.355872579696623,0.4906025080769565,3.9447805696663183,4.618125897148308,1.6925282789661986,3.881530807708544,3.647156011744962,4.164044739065188,6.063208298120657,5.686490493049899,5.066984121049902,4.590362085253182,0.0,6.9976873864827445,3.0571095532288943,2.1517273189300807,0.0,4.049430874798589,6.73205813225386,6.028726612593403,4.5170338127911,1.0646762536392635,0.0,8.302183966581314,6.4013316190081895,0.0,0.0,2.1517273189300807,0.4906025080769565,7.93746040677575,3.932321588149472,2.7035668324746607,4.80371772004645,1.4271003555121444,4.082013850509034,0.818280911316711,3.2708039177285597,6.074186738679182,0.0,3.4667447687233186,4.934919876848477,2.1517273189300807,2.6149256311117353,0.0,0.0,5.046825779718339,4.6343697003925195,3.2215083567135676,2.2891350452696413
TCGA-78-8660,2.8856997499325128,5.744572468664446,6.335908496455995,3.305024162880139,0.0,7.013060793127408,1.734571643190866,7.987663736456463,4.515396451745778,6.771999700403144,7.648067494380083,5.4715393138560975,2.149795153606112,2.2772365153056042,1.9217784505517899,4.032733308010624,7.367411811173405,4.722179589134667,3.5164765445029107,2.2772365153056042,1.6259409845331145,3.7336615968858293,4.645476847747226,1.6259409845331145,5.1194598031952445,4.387387240915977,3.3469453284967026,4.262648890645749,2.6683525742436642,4.176916376699438,6.915525016246498,5.806107387530483,3.77464422107473,2.442320948072412,4.27083107264087,7.626540966097088,6.277395086520957,2.3902662456338795,0.0,2.5389449232708716,5.087565470558544,6.71282374962149,6.608306921162745,2.5389449232708716,0.0,7.3729222303363455,7.808968920601724,0.0,0.4595112765252515,2.149795153606112,0.4595112765252515,8.185946477936438,4.167111635772981,3.814010978921035,5.312353398949879,0.0,0.0,0.4595112765252515,3.979649877696168,6.4772446335129805,0.0,3.4067055173254492,4.032733308010624,2.215544624672176,0.0,0.0,2.8856997499325128,8.143799260870631,2.957007037631591,1.0073372898924975,0.4595112765252515
TCGA-78-8662,1.2939871678347055,0.507901352248744,7.423007092701008,5.110733990632378,2.262138028178864,6.161622847166755,4.79403694281805,7.229998185735042,4.737688565688236,7.599746792015537,6.915157812498879,2.608193032729146,1.4607290656050762,0.0,0.0,2.8647861077775665,7.21550464958403,2.655795040761113,1.2939871678347055,9.003159978777443,5.018815081564442,1.7285889009051347,4.2708492336944905,0.507901352248744,2.3287790170765206,6.007566708667395,3.7064442852934083,4.0241098485396485,1.0937337412170023,3.184843230123993,5.2166842281431025,7.442193908382332,2.7446970919943756,1.2939871678347055,0.8431177071362405,5.061645215004001,3.585630596225554,0.507901352248744,0.8431177071362405,2.190736911200665,7.15587237903022,6.084772724241634,2.7012336880419343,0.8431177071362405,0.0,5.488524417615982,6.871713507634872,0.0,0.0,2.113830891029551,5.183837619023028,6.226465520511392,6.227119503359255,4.419622229961235,5.6614489216401225,1.6036009102334674,0.507901352248744,0.0,2.655795040761113,7.729348443366719,0.0,3.9115068722543325,3.722570483631383,2.7544311161539743,1.839676236224177,4.917583894659056,0.0,3.784596369371999,3.963122881111505,0.0,3.870965566526371
TCGA-80-5607,2.2976127513674878,5.52788026966443,7.880278885405749,3.355669889186171,6.00485943371104,5.320162025125499,0.5953689576412405,6.622758930077298,3.87520963230525,6.410171592487073,6.579080364083092,4.401256794220094,2.6403921526282152,0.0,0.0,3.9869170970803793,8.659425124329967,4.016669466209458,4.273735439879202,0.5953689576412405,5.308148878461326,4.496359280129911,3.997730866543317,0.5953689576412405,3.891952942374212,5.151608097286376,2.6403921526282152,3.6055386052137486,2.2122992699434683,4.832242011520118,7.145748033146552,5.752817053398402,4.805961783232236,2.750221684652409,2.2122992699434683,7.958943969304251,3.021794679256583,2.9813493331865377,0.0,2.6968139771761392,4.114336714041033,6.572844622459813,2.2122992699434683,2.2976127513674878,0.0,7.366931755578801,7.4354734174181365,0.0,0.0,2.517002683607953,0.0,8.087154613619903,6.729411799137391,0.0,5.534329757998238,0.0,7.213915572679691,0.965956702888975,2.9391989584167795,5.824459097625742,0.0,3.560310016319172,5.798252908032774,2.4553834302467172,0.0,0.965956702888975,3.297221092705532,7.305994341998562,4.615922175624994,1.9014655293161122,0.5953689576412405
TCGA-80-5608,2.6477197026939114,4.629160112728187,6.588374743513101,4.285485447490785,2.454387303037918,4.25575454373095,4.50391124735134,10.312758741653244,6.89887799221119,7.094243144645508,6.823174037728411,1.5894596697184356,3.0032390272433855,1.8982643298733264,2.8916376230173984,2.0909871340798785,6.848616552675984,4.270730482371496,2.3244150755806947,4.422173601414141,5.580518194387456,3.6621966123306784,4.066629010150718,0.8831888603690381,2.743436649772467,4.38065444365025,1.7859090555498793,2.5693856563659394,2.423438964359953,2.5418539302297507,6.781310715359243,8.14835890712986,5.2415406445603665,1.843655915016557,2.596187107956817,5.746477913183819,3.6802422607182725,1.2477504266718238,0.30350620779866627,2.930238629765299,8.295720743031419,5.965346418952923,4.080269302200865,1.9500302213177767,2.5418539302297507,7.1455824956814995,6.601466503831195,0.0,0.5360839299800854,1.843655915016557,0.30350620779866627,7.806513205563986,5.56140060326226,4.5939211521852,5.562978990064211,3.0546896238925174,0.0,0.7245973968331928,3.7982046002279284,7.875856371542021,0.7245973968331928,2.4843981872094765,3.6155961418347706,2.721288848883221,0.0,3.7821830766735434,1.0200018880861983,6.195959285226439,3.780081205873718,1.12320733552349,3.3555756925698534
TCGA-80-5611,1.7945389362616386,0.9829021031726566,6.9159714337534774,2.5849857432560905,4.390863722339354,6.809304171625246,3.5554109166568435,8.858018795510453,4.936191881073151,5.898345465094721,6.974413427122369,0.9829021031726566,3.4549814049409284,5.4014874850365535,0.4430177641607487,0.0,6.31909243034313,4.397747413136737,0.0,7.171656822768514,6.452399050875022,3.047703088372731,4.4127910205869165,0.4430177641607487,4.7664298229097,4.640624198639051,1.1723892536640539,4.258115957057611,1.58962288506104,3.020888193435109,1.1723892536640539,6.453269030031483,2.294411782304884,1.1723892536640539,3.7566782796783715,6.676632477957366,4.780567827709222,1.7945389362616386,0.0,2.6261529971351356,3.8905460171716673,5.991734510664542,2.9358336381456396,1.3316005546972436,0.0,5.62573804686863,7.446217470330318,4.96798524080538,0.7489602453791581,2.3490869266454655,3.020888193435109,7.834645635822903,5.600966866121604,4.7424246394127385,5.797020812708178,6.04728234049555,0.0,0.0,2.7403753998751297,6.611372800861807,5.661261120375042,4.771167558681619,1.58962288506104,3.3039777132776704,0.0,1.4689106772971237,0.0,5.448145862036501,3.4007139314856154,0.4430177641607487,2.99333440095399
TCGA-83-5908,1.5592387561012482,6.274487030516434,8.262739555259913,4.035591937125932,1.0569566133992772,6.191945224517847,1.2888468989539257,3.779836993087851,4.685809638650837,5.636160092191433,7.737197529689326,1.6352421021156331,2.773881636066372,1.0569566133992772,0.3188173013824922,3.2350876993954767,6.939050436962847,4.074643429775144,2.8634971832236236,1.4769573960171327,2.6223180056109605,2.9844589679555322,4.454063535066878,1.4769573960171327,5.67426440491841,3.915044436305269,2.1412771946078712,2.443607110705934,2.773881636066372,2.0488921239407376,2.410443486356196,5.252331018011333,3.494046960912809,0.0,1.8920119611171464,5.831419026798425,5.285206797397941,1.8337328007054783,0.0,2.5067904432880046,2.9054683400052097,5.408543028167171,2.410443486356196,3.359965580960594,0.5601870533037148,6.7619338147302415,8.18627231742856,0.0,2.265599480142074,2.1412771946078712,0.7544774357115512,7.8787235721469875,6.602150890340732,3.877744141199725,5.921945644433739,0.0,0.3188173013824922,0.9171303792715987,2.0961511552427834,6.385126943096995,0.0,3.2201949544340986,3.651997603687608,4.121163368145149,0.0,0.0,0.5601870533037148,4.42620618628563,3.937259860135808,1.0371977716332377,1.6352421021156331
TCGA-86-6562,2.313683279660079,5.637571444543805,6.359075474598488,2.005754634711879,2.1405013629009177,3.202055147137857,1.3028855778985786,8.41575386671963,5.069614641622286,5.64328201179839,7.149956081829804,3.2856705488648394,3.2236245318904047,1.145464067445343,0.7285143243972366,4.10253592124839,8.23026816566561,3.7440847117855927,0.9585452997709913,0.0,4.0385093901585245,4.324144576713731,3.4964439230779645,1.5585234936325507,3.4850083650734596,5.242905074408724,0.7285143243972366,1.5585234936325507,1.7619529696453904,2.313683279660079,6.930074345231403,7.4008221453261775,2.983619205670189,4.579605167962738,1.8499969303166974,6.454564714701768,3.2654120221903513,1.5585234936325507,0.0,2.4612541211227716,6.209223628145352,5.442131955411977,5.869887134399156,0.9585452997709913,0.42918163472548043,7.234537865055833,7.426995401349146,0.0,0.0,1.438863091792672,2.259218196288833,7.191082884488882,7.224826236327706,3.9999917573214714,5.618300836110775,7.683514172187025,0.0,1.145464067445343,4.2953379328917345,7.993488318366747,0.42918163472548043,3.244738484393928,2.5898295697147793,1.438863091792672,1.5585234936325507,0.0,0.0,6.4272098800177435,3.157472650058021,0.5750390920796163,3.817406784778458
TCGA-86-6851,2.3687379354135705,5.058574302484563,6.038145345271217,4.97361855041698,4.482318702422835,3.9938094227252705,4.637153231841142,7.000580555788875,4.804414409977954,6.033376347573956,7.248077238758097,3.5020859128865505,2.0943917286325204,0.45082080982896156,1.2707151452677325,0.9965426484312176,6.6798692498763215,3.4123483116396898,2.1288624592634546,4.804414409977954,3.764756574687027,2.6662902668539785,4.519430363866173,1.0965100805762396,2.8133167123417597,4.844328808698985,2.6258924805872432,2.7785335168806005,6.5603189558310655,1.858108849769589,3.6893843266443493,6.123426583937635,5.716247792092844,1.347605506504779,0.9965426484312176,6.2094749463104435,3.1448373887583307,2.5398366566464614,0.0,2.9414661436138085,4.485533808955086,6.592061859695194,7.814524827905989,3.47599868483494,0.0,7.937853153113084,6.6570747925747575,0.0,3.4216925795334756,4.140047425897435,5.411704085885319,7.252557014523066,5.881267353558629,4.429415817927685,5.3976195676218985,8.968310848109434,0.45082080982896156,0.7604786727202305,4.680342591431642,6.311306405241352,0.0,3.630765583970952,2.6858932044522903,3.1927453790909355,0.25060306421036016,0.0,0.9965426484312176,4.623265474257184,5.110450462698453,1.829263966935993,0.8854603214815525
TCGA-86-7701,1.1338185444027291,2.243885492135268,7.836381613497398,4.636794814106283,3.963348999281063,4.382409061539406,1.6515390884527357,7.721353045232239,5.860335979671197,4.779283144232157,6.049492860253571,2.5329902151689474,3.9431262454793523,1.835568996624515,5.94936048108517,3.228271546508563,6.656221255163324,3.4518429663310473,2.349821670019312,5.722051246458704,2.756992734615225,5.804758391996203,3.2723824679912714,0.0,3.7399503487725005,4.088867926123801,2.613365825441618,2.6877522511540173,1.6515390884527357,5.062639335843051,4.00260931804721,7.611357613445699,6.842386546647934,3.4518429663310473,2.5329902151689474,6.056106969097673,4.584397928752703,1.1338185444027291,0.0,2.613365825441618,5.938308993475783,4.72470280134804,3.0455266951928057,1.9909381430884325,1.1338185444027291,5.941083993940139,7.083161311900901,3.7197214133398506,0.7196430443639105,2.349821670019312,0.0,7.142384615399437,4.7952697488486296,4.162383200795828,5.749268774372664,0.7196430443639105,0.0,0.7196430443639105,2.1253943510291076,6.875816627143657,0.7196430443639105,1.1338185444027291,3.228271546508563,5.015390636180116,0.0,0.0,1.1338185444027291,8.519498532075291,2.9398812400139755,0.3517126521089174,2.349821670019312
TCGA-86-7711,1.7922426857934566,1.1184149159642893,6.912275049413799,4.848469243505866,0.0,4.848469243505866,1.294343532371982,6.664170471491728,6.522420685585669,4.822762356863965,7.033268360700431,1.3719164931739352,0.7780396475779079,1.633173970110684,0.7780396475779079,0.904825253764877,6.804093319959892,2.716415117433838,0.0,6.75010565163783,6.976656146236829,2.2549063110105774,3.493059198448617,0.6328131415202457,5.992346657933805,4.5939777840839415,0.46285312521689465,3.2123586340399357,2.191195326767988,2.3434678856660556,1.294343532371982,5.765491997950225,0.7780396475779079,0.0,0.46285312521689465,5.906429397911402,5.199082495207477,1.840105090158337,0.2579700084662554,2.3148100626166146,2.97247899961858,5.900001457752506,4.335176088229223,0.46285312521689465,6.2426959163840285,6.514603055233133,8.316989498002764,0.0,0.2579700084662554,3.7562880713325417,0.2579700084662554,7.696317179336457,5.107780153482618,0.904825253764877,5.199082495207477,0.0,0.0,1.1184149159642893,1.443902673740204,9.300062238933412,0.6328131415202457,4.323544403798225,0.2579700084662554,3.508070752377465,0.6328131415202457,0.0,0.0,6.946264200410244,2.877770471919922,1.2023114249992697,1.633173970110684
TCGA-86-7713,1.800091329347591,4.6107655029652035,5.677534319503248,3.699811975727128,4.929548152302351,3.07647319895525,1.2934386666005389,8.083433541552346,4.895957432393287,7.919614339155609,7.251763335567042,1.4173811216519883,2.0761987896379903,1.072918341576306,3.6938470949294455,1.7595289344188056,7.412607095036433,5.950887314297802,0.673913391444646,4.035164105430513,2.7205517303251354,1.9476372282236976,5.727424128678968,0.3927175352856617,7.683454324338652,3.7716798942070846,1.3573288828268755,3.404485303850481,1.1519634641651042,1.7595289344188056,4.3405924736512755,8.011434707983264,2.4284156602297298,0.21551452414971864,3.0653189686927726,3.973783922592898,3.7116336037325266,0.673913391444646,0.0,3.109203805800741,5.549531234217339,6.577652712868601,8.088620139466686,1.4740304754239775,4.155232678732524,7.439106797834853,6.823737598227076,3.7079244415323167,0.5431960037964414,2.8537654021083667,0.5431960037964414,7.507404636426768,3.2696259717778617,4.177608230873136,5.605901326075465,0.0,0.8931858581590583,0.8931858581590583,2.8811067477126877,6.851480122014791,0.21551452414971864,2.907720396230778,1.4740304754239775,1.6731073059896917,0.5431960037964414,0.8931858581590583,0.0,6.0209990772103,4.61777046796383,1.3573288828268755,2.134769809601713
TCGA-86-7714,2.3416615649758388,4.742511810451087,6.669058907136849,2.1422754858512034,0.0,6.001897434779205,0.0,3.1186797283888583,3.159397545749835,5.590677231050908,6.864329898591766,6.876311050440963,1.892976412132998,1.3401195239992774,0.0,3.236169424833194,7.834170583954141,5.103117235778717,4.7747526101670035,0.6625848749773053,0.0,3.3074652893558287,3.934402701385401,0.0,3.374014587809092,4.26980233930375,1.3401195239992774,2.7145424143385375,5.878304247623291,5.108814082777783,2.2469243805686174,6.712262156725102,4.872896969491496,4.901259319857203,4.582970588252178,6.2660157862665615,2.5078253321705666,0.6625848749773053,1.5601216098781387,3.1186797283888583,5.336417259509278,5.848935655256311,6.733719698474337,0.6625848749773053,0.0,8.149194373746061,5.6419602610128585,0.0,0.0,4.674724233319753,1.0576861220554639,8.064205565335591,5.671964956769307,2.9855304110693943,5.818675412073175,0.0,1.5601216098781387,1.5601216098781387,4.629901822207275,6.425440983481981,0.0,2.0253680703900288,5.498892148319708,1.3401195239992774,1.7403258141132054,4.674724233319753,0.0,7.056028721636519,3.1244816254257475,1.892976412132998,0.6625848749773053
TCGA-86-7953,2.4283803890383537,5.572374540183479,7.439999870121428,3.457139685970201,0.7801502241815194,6.193715357167638,3.56307243725094,5.795881443430834,3.5878899273063256,6.306028906233816,6.742555111116381,4.559562801397818,1.6922337498425026,1.5770799963259747,5.1849302795356875,2.2584032939797716,7.476795092393942,4.610796329519598,1.2129820984835236,8.195173610204328,0.9071288900817689,1.6363135064394552,4.0941962178862905,0.2588195277666796,5.339464108332191,3.1736231962351904,3.179906280169482,4.279463591327956,2.0148630197422435,2.347003811540671,5.135757259731899,5.34793100109646,6.784211557390575,4.800251654417314,3.1675446350257843,4.824265554455732,4.634029714668644,0.7801502241815194,0.0,3.076436300968954,7.150426910103892,6.388292461820483,3.579683815988423,2.0535081596533313,0.0,6.30007912301129,7.484127041068958,0.0,3.204184432925199,1.7955024555068895,0.0,7.573176626385839,7.943764949221016,3.7669579262469917,5.553095234635507,0.0,0.46429989382905695,0.9071288900817689,3.651208739092666,6.055368491944595,0.7801502241815194,3.4937097117386835,1.932810435527254,3.460113878797235,0.0,0.2588195277666796,3.428802821021356,7.250060470795794,4.8990703857531015,1.1680761603281742,2.976187513007323
TCGA-86-7954,3.379813705166125,4.521603777365935,6.6335460389551875,3.649712339524226,4.682492273050406,4.5274053819210645,2.9547331800192977,5.347074196828568,4.90179465575608,6.288978750358273,7.700503420763564,3.599785910919982,2.28551014220358,4.495072914036651,1.9296500965674983,5.059704784329895,6.858888511878775,4.567100649976073,4.3011744327816235,7.495869667954634,2.9822315475001364,1.805711682846059,4.751674564361047,0.5893410118343562,4.256680224927543,4.087180629088024,2.5474353400679455,3.515920927032721,6.06057074550653,2.0741148801741107,5.074880022080845,6.122894044798216,4.518690304093553,0.8492958630498767,2.139206970966646,5.885681720067033,4.541763823716739,2.7023741226039744,0.23712534883462863,3.5549136814457754,8.309905764700527,6.375544276028757,6.912712969301365,2.4131152231388593,0.0,8.44409762967902,7.051058768755363,3.5871290807102394,3.20065482613788,5.441235193442167,5.039112605588578,7.877131697947881,6.838159725919125,5.063101233999558,5.639926387274402,2.200319782243522,0.5893410118343562,1.3018252044934406,5.1720509485432045,5.309405663533457,0.0,3.862032020562046,4.467817788327064,4.023041882323258,0.0,0.0,2.139206970966646,4.749547547865902,4.420771272983054,0.5893410118343562,3.906059257582716
TCGA-86-7955,1.8597451670191494,5.81611065962962,7.024631236701023,4.095021000053103,0.26328691561705936,7.502341000051421,1.4617496395344964,11.340478592603967,4.743748819834127,6.301369110739869,7.701186612244362,1.0322587881180885,3.053161206355941,3.5391112405709793,3.8520139441154644,1.7612315308590967,5.992533975066002,3.949461361896258,1.5924951917037884,8.412665662062302,6.842591495742286,3.0672851986388947,3.6326529588441314,0.0,4.641685319281911,2.0963109497228385,0.643799360929606,3.9319001397525297,0.643799360929606,2.335836099777944,3.5819176570891362,4.186071055558703,2.1436714214425576,0.26328691561705936,0.9187277599075723,5.715157532677706,4.594098116221009,1.8117091445356752,2.446079192632775,2.657037569079679,4.845870707742628,6.321059618717964,1.1341724640666606,0.47156490981268806,6.363476278956927,3.5034922028772413,7.762672608773871,0.0,0.0,2.211905176954318,1.1341724640666606,7.960770300754932,2.388056117583144,1.0322587881180885,5.276035969639272,0.643799360929606,0.0,2.1077252595019855,4.048815325444966,6.84642228132677,0.7906821563964772,5.8887865414121,1.1341724640666606,4.29041012486387,0.9187277599075723,0.9187277599075723,0.643799360929606,3.547819795068622,3.611804006433629,1.3072511537794378,1.4617496395344964
TCGA-86-8054,2.3017647566101433,2.078641221509067,6.501875084737641,3.0113890638300287,1.298610030475007,5.360380952558726,2.078641221509067,5.701757091618689,5.406261042971452,6.202970645178071,7.343904769221297,3.654086125613131,2.925872955381927,1.2033325994385127,6.9354288100706505,3.2572153806855897,5.72702037112338,4.266460047130604,4.247591977085504,5.156223707833989,0.2874320411965716,3.5156177327898996,5.020532818274647,0.2874320411965716,4.876829578134241,3.51996659754959,1.9916343936029104,3.366412681504941,1.298610030475007,4.087871993603928,5.96523350173652,6.862888657642031,3.7603043657921704,3.3313219780010788,1.8963446844181295,4.797631824608257,5.457255141359039,2.366292018451758,0.5104855659528861,3.1631897383868974,4.498903704511581,6.192129333461765,2.729172219057519,1.6086976384989506,2.538131411025298,5.954058586295125,8.56163295391507,2.5092984041169335,0.0,2.889504715456814,0.0,5.603663752319564,5.040899349206645,3.7832937782138876,6.462114842220268,0.0,1.0980121085960772,0.8467691492155097,2.9780569818739826,6.6588707532382685,2.23277402973662,3.4648480087384312,5.186474776454337,2.515775273450467,0.0,1.298610030475007,0.0,3.3313219780010788,3.083477547841773,1.2644091731297666,2.889504715456814
TCGA-86-8055,2.2130979264925097,5.1843308649273165,7.0881917267406935,2.7455707518493897,5.5733814155167,6.842826281618646,2.165091575795932,5.669529136973146,5.023084151196548,5.439465304509152,6.928772854204607,5.587926331349781,2.966880021646962,2.7727199636272535,0.9986077743633687,3.7309830270616264,8.303576614025562,3.20172152764813,4.308059806405047,8.204346461645168,5.450566239085699,4.385732260354444,4.313754485547021,0.35669494373873506,5.891392799008748,4.543299037580099,2.34467668123901,2.302715084544778,5.1649288208632615,4.565977072453937,5.499063968220148,6.8257574947245905,2.34467668123901,0.6191238202111591,4.432656771721202,6.349032342336347,3.5264987503566614,1.5805650748649842,0.35669494373873506,2.850012619204585,6.520132053636916,5.835371983043382,3.3624946676574803,1.145241389262113,0.0,7.09532968205754,7.302253806697116,0.0,2.460938358147197,2.2130979264925097,0.9986077743633687,7.246717270732022,5.500625357274108,3.8831748706026827,5.4831607408855,2.5975133483347994,0.0,0.35669494373873506,3.20172152764813,7.193482942821011,0.0,3.4747637786190726,4.185456547989592,3.4492189966050217,1.8828486318483095,0.8267598198838655,0.6191238202111591,7.710285872486801,3.1841270178213077,1.8154108895593362,5.196268029549235
TCGA-86-8073,3.179219816987915,6.533375962014136,6.789850860959212,5.097247146842258,1.7598903335536602,5.470028666452195,5.622749554662003,8.891976386830358,3.9218347128121387,5.895124337004539,7.219781122698424,4.580674603985918,1.4899784723967724,1.4899784723967724,0.0,4.00662748173687,6.672644151041939,4.445082416471581,1.7598903335536602,2.6911142609293277,4.742886559351925,2.7586926170476698,5.018815081564442,1.1191336118888577,4.715566003210457,5.056659732407535,2.484781641974849,2.2244938133789747,4.541159525507567,4.541159525507567,6.310970451770471,7.292534569896717,4.503828251672047,4.712480798969532,2.667533715464919,6.261709217910804,5.361592590061078,2.363077941422867,0.0,3.474351804093715,5.842680275652782,6.29587467225054,4.269121059843015,2.0635661925215456,0.295427002899227,6.702203579666942,6.164686494416043,0.0,3.5362846466226774,2.821991793781206,4.445082416471581,7.01624190326673,7.87952612825542,2.667533715464919,5.531767620850886,0.0,0.7085775182153029,1.0000802576038383,2.8013340869345758,7.318566073415053,0.0,3.248298695541371,3.585117659819807,3.106705508392894,3.565869657710874,0.0,0.0,4.360967693545854,4.96807567967746,1.4727931067365077,2.593260181900086
TCGA-86-8075,2.5198634777970326,5.009541362638028,7.397684077035143,4.365683815333708,4.286396403658632,5.832577250535432,4.242212690946676,6.292748073971596,4.868487841987256,5.708866197279665,6.999550196576534,3.9593110896591863,1.9857899855983805,2.371448622783387,2.1971023476442526,2.7453010265822035,7.618811137585375,2.2586541038880776,5.091852696161479,6.470878448034844,3.274306747453966,3.692306076531838,4.405881091231551,0.8872326042741419,5.8114253836715575,5.029738330330436,1.1894884101249625,2.448406898125883,5.448438510116365,3.1101987042403314,4.7789806257636185,6.3084754196246795,3.513537483243155,2.0613030289765817,4.383670283143357,6.4503282319408415,3.641200672130468,2.6078319966252983,0.45190330221394903,3.5387481856193514,6.645319811979806,6.2456880731910145,3.5304140626248626,1.6093179052335242,0.0,7.189884462644217,7.258975372237906,0.0,2.0613030289765817,5.881507371868154,3.7476835963330757,7.340602063831518,5.475747814681156,3.800152456523365,5.405749235471728,6.042490305711026,0.9984235614126774,0.7620667160245431,3.337156514452102,7.132369747966343,2.472800329792953,2.9137681377858744,5.447211397229473,3.0061132047548282,0.7620667160245431,1.8606323335144304,1.0985122836677763,7.489590938390816,4.238098525866797,1.210988139219841,4.217264013510833
TCGA-86-8076,3.1615729300031363,4.996874378846218,6.495975273816202,4.225858086986639,5.329903239107223,5.433835534227293,2.1289457365829247,8.169865850758015,4.773443527055987,6.4563676909647585,6.6778967324675405,2.2990889887373367,2.0316159121972315,0.7744506316239801,1.979151482835115,3.7266062634868886,7.614178935803832,5.7775408619027155,4.058872812913848,4.378734973095231,4.786532949953734,3.6980497778703505,4.789456478091633,0.3291598518980899,4.085440034326337,4.053270799899881,1.205581509665352,3.530232430868101,2.854807905824188,4.21440204639538,6.560896286288123,5.953090075791054,7.0835472308962615,1.4154404568505943,5.015145109574084,7.301802112668314,2.5099081577547135,2.174274334826008,0.3291598518980899,3.0199076792451987,4.773443527055987,5.97611230215331,2.5099081577547135,2.7102078716560096,0.9396947096531711,6.518086253265736,5.637884808076552,3.9033353770305808,0.3291598518980899,5.354154073985434,0.3291598518980899,7.7770927585307925,5.082081154544274,4.593468993270447,5.70497176716742,0.0,1.205581509665352,0.7744506316239801,4.68029621117849,6.484565004161446,2.374412609741931,2.7607628211037905,4.628349458935497,2.689241080115156,1.0814322194582568,6.9813959991334995,1.0814322194582568,6.536336462074384,4.371867707065923,2.2616276726374593,1.0814322194582568
TCGA-86-8278,2.4311014312290533,6.155038544825486,5.86604587150829,3.4364712135527147,1.2789596758487152,5.351957654590027,3.223409532068743,5.038496863973187,4.685311350353071,5.945135227575146,7.465586618593393,4.233132116992327,2.8822051685631043,1.4137636031094356,2.3100571078327468,3.9377180422526896,8.422919873884393,4.827825618191548,5.111421362907692,1.7794169460296685,1.4749231793459228,4.2179727041351684,4.045604146815179,1.5870491439556904,4.882339694563335,4.62173227428707,3.19194440802478,3.2438454722516217,4.038592218226008,3.125882958019036,4.214146299668985,6.789279128176935,6.716338081982882,7.102902566655285,1.3486184541388895,6.777537248249383,3.3938605326881373,2.77499831683358,0.0,2.7586989544844935,3.8751515306522415,6.23385959348074,3.546944276973856,2.2014268465330997,0.0,8.172610554231511,7.067294272878848,3.535072465218183,1.5325568680981427,3.4364712135527147,0.575432892540389,7.49564193888459,5.68733122521437,1.8222401764816418,5.2753762192464695,0.41778885779699626,5.793681068509896,0.23055601102966367,5.172056621449122,5.67564016870992,0.0,4.146756730436817,4.9955622645987345,2.8974797693555425,1.5870491439556904,0.0,2.408034604691607,5.56476175750574,5.421317878582999,2.1468898876678013,5.459057715308387
TCGA-86-8279,1.5793703808117054,5.343749517945871,5.397492793921839,5.715444211505472,0.2595140526238601,4.895905093792435,7.524798650877187,8.690953202548284,3.5574629663578223,7.375230715039039,7.701950690651562,6.873508495306954,1.797907199814289,0.0,0.2595140526238601,5.21553883658986,7.984943025761409,3.3925164780784804,5.59305945831004,1.9771596156316071,4.118132700858548,2.4567386299600797,4.775857661883678,2.0173666499802376,2.6203622316391417,4.93968336204552,2.4567386299600797,3.809948197028466,4.481955676547317,2.553491660333207,3.276446375990133,6.189280033975048,6.38118976382064,0.7817073575394256,0.635994649055637,5.043902422345725,3.4505746750248067,0.9088632160453585,0.2595140526238601,3.03744507119131,6.818032957974805,6.944800550654486,9.020179366848108,1.2150314316826698,0.0,8.172040185707166,6.260288670914165,0.5678106892486476,1.449104827530566,3.90162917624413,4.565504813988717,6.886304854814077,6.564983240212396,1.516357245418059,6.243158625534873,3.796737847476087,0.0,1.377001314208298,6.537388456178225,6.413067077113709,0.46536790084120744,4.537366607012359,6.511745329644728,2.09323349394822,0.9088632160453585,6.824815963521251,0.0,3.5574629663578223,4.753271174708803,1.123012175491645,5.3633745031813405
TCGA-86-8280,3.008929801798035,5.90053003011281,6.176260124321369,3.061342095643723,5.105581771405209,4.717328543871894,4.566825329160652,5.615748757072651,4.174028744094481,7.20080541755121,7.560809365975638,4.707528198641661,3.288730191828008,0.8977193462887196,0.7374032718144826,7.033867970971731,8.259636750819,6.097712418948833,5.23945868454163,1.8065002875495535,3.748079532338022,2.7891508105387595,4.517944240525748,1.3630257341805363,3.3154869762237476,5.309450166326015,3.8613295311125633,3.218527764302149,4.813297556672082,2.6190441087172314,6.7995028078715505,7.245091428037803,4.755579590249337,3.6678575337820267,4.259757300613141,7.6632150676723905,3.781766245337281,2.274607340234812,0.5463857991645416,3.43948175915409,6.337749198424559,6.761525313974389,8.296471704534405,2.695518675162721,0.0,8.219622386214086,6.293056921151105,4.424160168750006,0.8977193462887196,5.4759948228483335,0.31005492330350615,7.627933798593113,5.030601306737133,4.996238827145684,5.319095008558927,0.0,1.157195612767007,0.7374032718144826,4.90894211958882,6.286312756357036,1.9192874607808936,3.845915253692021,5.8410717974080475,2.507043152783482,1.0358499669317942,0.0,0.0,4.697639972054354,5.038003997555946,0.9677820066622927,2.6706736530972486
TCGA-86-8358,1.0950392462813274,5.31443674842792,6.646665801628171,4.060922206058736,5.774386935723663,6.7092372648380625,2.5600141222748056,3.6235726379132833,5.442850517280335,6.668803686379032,7.084544896107262,3.675302705750031,1.462236364695048,0.0,2.610010967482423,1.7302031635289492,5.925145775597987,3.4913244553793903,4.3298355689892,7.229077618977874,2.3305503932757476,3.8589997945448777,4.9768371853460325,0.0,6.783258380704516,3.6093166312772507,2.4518495690325675,4.4908148939006285,4.869893204867401,2.5600141222748056,7.524242772994099,8.423892990250778,4.698214163531082,3.5113245189076236,0.5086833306939572,4.654997906947365,5.6951183829094045,2.9738546950346736,0.0,3.3388857125814058,4.083519515583267,5.47114398878019,2.3305503932757476,4.428626306227066,0.0,5.395856877727361,8.711520720559472,0.0,3.1009747822492697,2.3305503932757476,0.0,6.146691076572851,6.773477322033521,5.3045976045051875,6.1965276273633245,1.2954118646427175,2.866636742219038,0.8442360349228014,1.0950392462813274,5.9694796403712065,7.266366347421624,5.100634425521383,4.704236937397288,4.2963584461117446,3.428815791232025,3.8865862160068714,1.6051688127818928,2.7030644595895508,5.747247373625702,1.890578636842459,3.4070800448203107
TCGA-86-8585,2.6556194179142367,2.6556194179142367,6.612441492273716,4.850654317739686,5.094449342853062,6.300213153671463,4.2708184994105345,9.115096289987349,4.94132094236864,6.533867323225386,7.211113830818926,3.4959498302057357,3.088926580112815,1.1648992803397977,4.909288933150493,3.4619412120592394,6.65734972326569,4.440460623510909,2.030369462776179,5.3013627247339965,5.781129243858828,5.994764097599265,4.584329520116239,0.743269789963156,3.3523712168447077,4.06639766017115,1.1648992803397977,4.527572902492712,2.6556194179142367,1.6884893597406045,5.834137996203326,6.9615708896537525,3.5606852220471663,1.1648992803397977,1.4605666054944781,7.014490848819497,4.440460623510909,2.030369462776179,0.0,3.2720297871391337,4.46613338063752,6.73237755786259,2.730242128608707,3.4959498302057357,7.393539979504643,5.009834973925487,6.540257695267982,0.0,0.0,3.5606852220471663,4.640170467172712,7.619675144865366,4.383750148570155,3.6505465467444465,5.500122872414679,9.507789590186935,0.743269789963156,1.1648992803397977,0.0,9.003246089382879,0.0,4.359232562464645,3.426735165449994,2.2846756724504775,3.6505465467444465,3.9671227460983367,0.0,5.203248157707876,3.191031751638203,0.743269789963156,0.0
TCGA-86-8668,3.240778206919908,5.637507335358718,5.970304749272356,3.582690817881121,2.4350771957438915,4.052612431431231,1.698236025592899,2.040752687064724,3.540440348813256,5.8143603561597,7.213392685298453,5.735862368119613,2.6136516056785624,0.0,1.173132080774258,5.864170802700472,8.671898574510045,5.7896329002246665,5.343926285442134,1.698236025592899,1.173132080774258,4.139254190970709,4.509304451892055,0.0,5.126407420340008,5.176595960682872,2.217517280603982,4.35204282963144,2.6136516056785624,2.295419481209134,7.775989577440603,7.470064579011899,5.571792750193249,1.5518511715811147,3.603166324944889,7.334009455797709,2.7651234261285094,2.717135471429743,0.5561813254867879,3.1169494059446565,4.39884810705391,6.498200820868147,4.892872258239875,3.083436327254374,0.0,7.858087952676816,5.59140853343598,0.0,0.5561813254867879,4.697120181235652,0.0,7.275483905253904,4.403774672353147,3.7534187565012025,5.375417286928885,0.911519366995264,4.6340880061454754,0.0,5.4984133514411555,6.472145346955262,0.0,4.185587390646919,5.6558869102130815,2.8546870080718754,2.498209440670648,5.764275323085022,0.0,4.95318271934817,4.521755967821713,0.911519366995264,4.655549562880243
TCGA-86-8669,0.0,3.537949000455026,6.612767921124864,2.346774212381526,1.0613949008512935,4.897503922654924,3.863439719857861,7.706806327557277,4.044466056023278,3.110136273360214,8.054077783806322,1.5645869792962042,2.1472637281824474,0.0,0.48864136263010705,1.5645869792962042,7.073761122124387,1.4232529021054228,0.48864136263010705,6.412960472288674,3.110136273360214,1.2586030249770508,4.1071489023222,0.8154533049439133,4.925338809474171,4.720086895431335,1.7985695611566042,2.7802406216427005,2.1472637281824474,3.081634702554694,9.075680342680839,8.34076622732455,4.3869532290540505,0.48864136263010705,0.8154533049439133,5.153424533637859,1.988038718206492,1.988038718206492,0.0,3.137847965425306,3.766257075135281,6.695567740771946,3.110136273360214,2.4606139572189556,0.0,7.342643257763472,5.859976779145068,0.0,1.4232529021054228,1.7985695611566042,0.48864136263010705,6.935467717548673,4.717668169214784,5.146109797657368,5.823383116724053,0.8154533049439133,0.0,1.0613949008512935,5.021238876880447,5.811628897883837,0.48864136263010705,2.8185773467113955,1.2586030249770508,2.8911048224719935,0.0,0.0,2.6555280818430997,7.81647744135634,3.2897032791452325,1.5593018429403032,3.975934454997431
TCGA-86-8671,3.495303806941596,5.835085553098389,5.530515798414483,2.9540922361945787,3.0099507107915464,4.532854299397065,3.7962125230088053,3.664120464320647,4.595979076853163,6.392293926811618,7.060579364987069,5.012846181615636,2.8949280289773767,0.9757287676227675,0.4388998841944018,7.507190501900052,8.434765475202914,4.358573753299104,4.814871797872277,2.0297916330360155,1.7849698048686393,3.6919696744609145,4.546035703362567,0.0,4.18999862228677,4.408365452500184,2.8639821506689915,3.7323459488590998,4.8713272486942785,2.8949280289773767,6.789167669743216,7.317139364523544,4.075148151139736,1.5804827279786795,0.9757287676227675,8.54234033483816,3.3123625249616544,3.1609331035395276,0.0,4.1560446839125245,6.563978227043604,6.486445809297539,4.007367730090336,3.7711527490999166,0.0,7.458197691299346,6.383025100045794,0.0,1.5804827279786795,2.390476915610981,0.4388998841944018,7.560221080135059,5.047995302853334,5.05588905382196,5.295182457852549,0.7429368450624609,0.9757287676227675,0.7429368450624609,4.6125260650510365,6.071471869540083,0.0,3.678142013571195,5.976076760047335,2.615488906315819,0.9757287676227675,0.0,0.4388998841944018,6.673540669033925,4.717918345679845,1.4600558446819443,0.7429368450624609
TCGA-86-8672,1.640548907459153,5.280285770050581,7.2258671334857025,3.5136625990499133,0.5265021031509982,6.477498378365436,1.4962692143284624,9.432427365329554,2.9811768555447924,6.533445755831595,7.167192185993616,0.5265021031509982,1.7666125868060991,0.5265021031509982,0.5265021031509982,1.640548907459153,7.797344682145859,5.84676820055997,2.6509153163972137,2.4331746626976476,4.61991100430959,2.9453858991172526,5.0127730075578025,0.0,3.3814367534840004,5.198762189478446,3.1127594680788655,3.5930016132205385,2.698673039289613,3.0814511489565284,1.4962692143284624,6.118588266874622,3.3575937441800234,0.0,2.1544330519701873,4.913647040446576,6.170610232824539,2.370430639889113,0.5265021031509982,2.4331746626976476,3.4274822219199796,7.0922910492617905,3.4274822219199796,3.0491308502786865,5.7975217242258035,6.567130833862097,6.56322627358696,0.0,0.0,1.1246048689423633,0.8696183236757243,8.383554364449424,4.484782887180278,3.53409524031307,5.442746660740742,0.0,0.5265021031509982,0.0,0.8696183236757243,6.410880225258354,6.403426836084213,1.9792067558839908,4.191805457881169,2.5479596931495774,0.5265021031509982,0.0,0.0,5.531644884786719,3.6840678971167145,1.867902274465907,1.4962692143284624
TCGA-86-8673,3.1479124417692654,6.2218617271335,7.515769317564225,6.36384328842834,1.015049503897419,3.588802179748358,2.673444953614836,7.234847950403901,3.6516110339958248,7.356158540965107,7.177812950080178,1.3693007847433196,2.496810516790824,0.4615303320411132,0.4615303320411132,5.074830006138252,7.762162096463691,5.195575641086123,4.127089222734967,7.5409932067881735,2.3952280826433205,4.82162743371166,5.178536711978906,1.630337976541842,2.788049830924832,6.3007656109733166,4.384261635198446,3.766506939793225,5.570571030842599,2.0084287744334164,1.5083128589738597,5.768514727026665,7.522767930137848,1.9264506057562307,5.723539349271756,5.1143704896366415,4.398785418488837,2.5890188866699524,0.0,3.8937347908299667,7.581867437561547,6.526658828557594,2.543977123364989,2.0841927368553197,2.788049830924832,6.60348030255658,6.9244550582045505,0.0,0.4615303320411132,2.2821476642540572,0.4615303320411132,6.976702816108169,7.783753043043395,2.8577509948558375,5.0525766618844274,0.0,0.0,0.0,4.1912095932246265,6.9782137426306985,0.7761087012742927,5.179195935640173,4.9867182140361095,3.6968401832592424,4.0686523251736375,1.630337976541842,0.0,8.783089671796096,5.02767594069834,0.4615303320411132,4.226086020536229
TCGA-86-8674,4.056530193036733,5.15007834505124,5.823838480712631,3.028876872146293,5.169443681372216,2.6735070643444843,0.9881647821098732,9.926925720102657,4.00665841216978,6.4213425538934805,7.164132425605502,3.1563406290670946,3.46311371787583,0.44603106985482605,0.7533952609053023,3.7113769763284443,7.008098227678165,5.611758555843027,2.4578951005411502,7.649125796428612,2.2440763561134527,3.8401230553370294,4.038761377645067,0.0,3.390062282581534,4.286075874741909,2.2440763561134527,3.0013116796796036,2.4578951005411502,2.6735070643444843,2.3566849453108705,4.916097482605384,2.0470991187585814,0.0,0.9881647821098732,4.17563111138859,5.661841799090012,0.44603106985482605,0.0,2.4085654165312778,2.301964900714566,6.43044340948591,1.3377866570548471,1.3377866570548471,6.794039958941557,7.464647360995963,6.30820954644826,0.0,0.44603106985482605,4.5140664466949305,0.0,8.202701600642722,3.9005919187970677,5.95158221513323,5.63007852343913,0.0,0.0,0.0,3.0013116796796036,7.103913992564113,5.082658236943453,2.182629699476005,2.4578951005411502,2.2440763561134527,0.44603106985482605,0.0,0.0,5.903654669583456,4.71613894600347,1.1781933513384486,2.5048971679283216
TCGA-86-A456,4.035948912733444,6.198287641328043,7.051275368060493,3.54710849501545,2.831399936119594,4.649225348184262,7.383100864538506,4.801197389838158,3.318373588129651,7.1924829916074815,6.971002341545965,6.405998409476022,2.227893873861791,1.0204345076040857,0.4646769677400105,6.078352999876072,7.363799426458455,6.2977776048691,4.876112934435574,6.2325639233890575,2.227893873861791,2.2896822076385224,4.985515757053275,0.4646769677400105,4.63785032537672,4.783048553084671,4.0254445435670485,5.2484178372606065,5.596642599098297,2.2896822076385224,7.173168736086984,6.917725411619447,6.862963958768131,0.4646769677400105,2.7959267592701993,6.7323179712743215,3.2745943136245446,1.9336206559225761,0.0,3.494642186372019,5.122713197501606,6.919476318432833,8.82405122426127,2.402855676899131,0.7806542679981797,6.237198991751997,5.920057155870015,0.0,0.4646769677400105,5.403595878843679,5.216841549129775,7.373493574611918,3.6810236781483527,3.6130426807518856,5.455462131055546,0.0,1.2136656762968359,0.4646769677400105,5.293993030067916,7.308783893724342,1.9336206559225761,3.9932490127264577,6.827071115619883,2.347873896452739,0.0,0.4646769677400105,3.1559445447598446,6.397166293881676,5.867900458318469,1.6231830142257722,2.2896822076385224
TCGA-86-A4D0,2.8499316348981423,2.0769384114617173,7.682445579495477,4.968819750614096,3.831621733478122,5.447900488087526,2.7053799725463312,7.387238831427004,2.927592609410686,7.101395866495808,6.751864920123783,2.286587816159038,2.902371692047254,1.8846424633747687,4.873883483392255,0.657882631459634,7.176346270928267,6.143900185663788,1.9529283211143795,6.333496300934427,1.2019808216451429,4.629296784764326,4.913287038826354,0.0,4.757058308161091,3.2736367002416755,3.129852242933228,4.837661906694622,4.2793832575827535,2.0168611022484266,6.211485227332184,8.057048007614217,6.380310654797704,2.1872528018086714,0.657882631459634,3.0668708413871846,6.3959591844617005,0.8738006802532029,1.4486351565264644,2.9521982715302624,3.14999723256542,5.70292877702672,3.129852242933228,1.4659831600212587,2.7945948025023957,6.260668826782648,7.48120634511689,4.021897517656481,1.2019808216451429,1.3328935843927754,0.0,6.650863612496126,4.846365813670043,4.8915138631883925,6.054084823339646,0.3820599996618424,0.0,1.3328935843927754,3.0668708413871846,5.89631285474386,6.403691740695268,4.6866764375432295,3.2630075362281095,4.477585647153152,0.0,0.0,1.6463482664541973,6.756937040399528,3.541075259345542,1.5162474843677551,0.657882631459634
TCGA-86-A4JF,1.8429594259264457,5.155035737335868,7.097821766223538,2.1942089237090743,0.6344051605361825,5.79671407029499,1.1677340407384909,3.6659306327355283,5.7818046809524315,6.713603621674545,6.798111157325856,3.570912026458393,2.1942089237090743,0.8453531134492764,0.6344051605361825,5.521180878654928,8.913330934587666,3.1608144152149285,3.8793799718310895,0.6344051605361825,1.5136976401532647,3.924127450154769,3.7955071665386906,1.1677340407384909,2.5954188725854292,4.520357118217925,2.5270317948386474,4.562141592050373,4.731855698960358,3.041283865872905,5.386703631279538,5.252378134606592,5.7313911565838405,6.467922303593516,1.019460850362672,6.956421625962728,3.688339308261427,2.143577638105443,0.0,2.143577638105443,7.612119314747248,6.223803689085078,7.85218244278532,1.91075658240879,0.0,7.570077205689132,7.880717417238468,4.025894400584371,1.2968071946183544,4.368900867454954,0.6344051605361825,7.832882850721273,6.6168988402232065,4.184622404057495,5.852955070070559,0.366654977321073,0.366654977321073,1.5136976401532647,3.906467602714449,7.002965453786128,0.0,4.305206333633402,4.781339523296848,2.0339210263780267,0.6344051605361825,1.6067142065125037,3.9835880327508932,4.268674549093094,5.545173538221933,1.0274384692135847,1.1677340407384909
TCGA-86-A4P7,4.23173848566092,5.577020498694047,6.204220331907994,4.485946237715556,5.240984819900792,3.8300838339366936,1.7481210121982256,4.160335153595218,4.78013978323642,7.019877880119085,7.091009733824692,0.8850477121342233,2.4774455515563796,1.5675945631752892,1.2154763837093514,5.368179193716953,8.194640822344809,4.532926321459496,5.5734231884353225,1.7481210121982256,2.394434746623925,3.6622967439139322,5.67018777244913,0.0,4.099297277256058,4.957536862656791,2.033580832464217,4.485946237715556,6.860204446523804,3.1684411091648856,8.223943649327603,7.000607895996754,5.585955688042758,4.910630779791514,3.5731879796177446,7.556799045381804,3.3991085348732795,2.7233656518799845,0.38825112737347645,3.040901604697862,7.494674901444905,6.688581338327783,6.02172698523487,3.1482816720142752,0.0,7.884263961758025,6.2931382781864995,2.8285140845173475,0.0,1.661916504079231,2.691724322903429,7.462783416867842,4.803020544399673,5.402961125397062,5.280387584382054,0.6672137985334409,1.5675945631752892,1.0638482962317697,3.9465983300678364,6.0969838001663605,0.0,3.53242445471377,6.379630890637817,2.3502031419333,2.204365685487586,0.8850477121342233,0.38825112737347645,3.91871854022418,5.5816223736103066,0.5007146800152616,3.1882021613997606
TCGA-86-A4P8,3.406864625788035,3.1100470796269066,6.496480829277726,3.6233564485305427,4.724445441064411,3.7162368058142254,2.2679936482244267,3.1100470796269066,2.5533827210900713,5.973753630658576,6.929330843499817,1.7152203390749692,2.6219184371395876,1.7152203390749692,0.0,4.783358211500439,7.719232012497344,5.173201889124678,2.979973757804093,1.0378709933789232,1.935181372434701,2.2196599016197798,4.775815506744328,1.1875080002946898,4.345319858930321,4.231911343369679,1.4328200585568238,4.10608042677367,2.8827987101760364,3.4511868264070693,10.206931009214943,7.170119543449628,6.029030044994124,2.1688708265062604,3.391641872856504,7.964986389037927,1.8670988257738705,2.9079933592459843,0.0,3.5475577960143507,5.019991389020281,6.750741170118807,3.4936306999932425,3.4936306999932425,0.0,6.331637072067487,4.4933779197845505,3.0331725565278362,0.0,5.0437863419921944,0.37555557770202047,7.444102439978206,4.6525021446352985,3.0895094607435283,5.421242713385335,0.0,4.309213977084065,0.37555557770202047,5.495034803625724,6.814703147865906,0.0,3.5209577204249207,4.4933779197845505,3.149894381887372,0.0,2.830421214393442,0.0,3.6938122677592737,3.7160154207456224,1.7710294120016579,2.979973757804093
TCGA-91-6828,2.242569660584059,4.362348024687238,7.135058168244959,3.521297730273699,0.9871219126347465,4.711950692980847,3.973844087670849,8.137205753513717,3.2677612225980113,6.0122642262023875,7.539207890536242,2.548233499648325,2.242569660584059,0.9871219126347465,1.6503495029405153,3.2014854856641186,7.214938462690469,1.6503495029405153,3.4702506957668593,0.0,0.9871219126347465,2.1489442831609873,3.745496054532832,1.474076274503424,4.483478145116242,3.874071885999574,0.9871219126347465,2.881162818810855,5.3338244619816075,3.3299161796571917,7.258545944461409,8.072373761229517,5.955008010097367,0.6107433543051296,1.259965539025868,5.985106879903265,3.2677612225980113,1.6503495029405153,0.0,2.881162818810855,6.8857887721864826,5.898899595713643,6.994143962138197,2.7284931462269832,0.0,7.50891325917601,6.2081694145131445,0.0,0.9871219126347465,1.9304048464472967,0.6107433543051296,7.076366612042841,4.063398982181901,4.749080035628478,5.577720260992555,0.6107433543051296,0.0,0.6107433543051296,4.704363724874477,5.774740968596518,0.0,2.1489442831609873,4.199554066478279,2.4801285863349007,0.0,0.0,0.0,7.221726250256836,3.3884329282110177,0.6107433543051296,3.054095516850906
TCGA-91-6829,1.6351251521700765,4.31515873597504,7.043640150002503,5.827968669963986,2.0426997534517275,4.94810009829515,0.0,3.208748718391143,5.342592591797944,4.94074916663209,7.315371405324271,7.280132297567999,0.4162731568247565,1.2757258629890351,0.935622660173647,0.4162731568247565,7.02544942179878,3.2496222710959115,0.7092665624398286,6.858517764766592,3.6284551247376315,2.1683563143953006,4.288236424130791,0.0,4.922117328225874,4.619299889893899,1.9734002387834007,2.380379120434066,1.7310181739388686,2.9206261110663276,1.7310181739388686,7.132832958663611,1.6351251521700765,2.2799815467841924,2.703981936926256,7.585275999906067,3.026164480674193,2.8026267785527836,0.0,2.863365916297849,3.6420734452059134,5.646845212830931,6.695737110451346,0.7092665624398286,0.4162731568247565,6.457634273832752,6.652038173123933,3.849905019097786,0.0,3.0750285488700424,6.255512009587187,6.842666206318883,5.555398468889943,4.020407344719743,5.723947781274323,0.0,0.0,0.4162731568247565,2.5552097736304242,7.137937997127432,0.0,4.375403500059392,1.1200475693881746,3.166128842809585,0.7092665624398286,8.124541637953728,0.0,2.770812145060676,3.5122765148134216,0.8265848187896621,3.58645351725357
TCGA-91-6830,4.248002263412499,5.087096210190702,7.1079904250609705,4.523826716023311,2.3944073789806875,3.0768374934844855,3.833211373003754,8.367225749635184,4.132004763538102,5.428555843471766,6.430491760397496,3.6908899317486967,1.964353309277371,3.111553385896834,1.193589079571197,4.917291180316891,6.748884979249641,3.928061695245624,3.37937772152223,5.394340928198649,6.98465150320288,3.352924083894268,5.00018757289835,0.929246443034371,5.023604166874561,4.769353230078791,0.5688869631792607,3.177574548844246,2.7446649575954627,2.694160855841283,7.647065365966525,6.534306145966933,5.938970532143912,2.694160855841283,4.248002263412499,5.97076426704208,4.548458025503478,1.8506571104755405,0.929246443034371,3.0408681498917174,3.928061695245624,5.677397430711489,5.077589644766351,2.066432287086196,3.2690897369321865,6.1093409117424144,6.560672751782236,0.0,3.4547792219962665,3.919884026479974,3.177574548844246,7.420099748717398,4.753426384587361,3.0035565836495293,5.814428994743265,1.4024383429431952,0.5688869631792607,0.0,4.258895259614227,8.163539393502266,0.0,2.792740553263124,4.321871824353741,2.924477918267689,2.3944073789806875,1.7223557990891758,3.547215078259225,5.693007970932525,3.0408681498917174,0.5688869631792607,2.243800652005836
TCGA-91-6831,1.1985481172807093,1.5807914938439787,7.573834402816966,4.0216752982210435,1.856657300805898,5.210218125321348,3.010315420678734,7.077388342909887,3.6978243291707424,5.442344114740098,7.142859021215061,2.7513203963319857,1.4078112045821403,0.0,5.810020605097491,1.4078112045821403,7.051656468926913,2.7007972955906405,3.6588299565011075,5.781869424928567,2.328350300880072,1.5807914938439787,4.8915138631883925,0.0,5.561869386892621,4.060206775748625,1.856657300805898,1.856657300805898,1.856657300805898,4.913073915577843,2.7007972955906405,7.078037992164336,4.9299457105769795,3.678518463951775,1.970463379110091,4.684665051315718,4.2216025682410026,0.9335410852806827,0.0,2.2501648480467136,3.5973314384867408,6.144975022047817,3.2759326779954794,1.970463379110091,0.0,6.966608921775847,8.148801299932723,0.0,2.328350300880072,1.856657300805898,0.0,6.5902900591253175,5.004617221770693,2.889182161718233,8.447780946290168,1.1985481172807093,0.0,0.5719959789957949,4.163307655487907,6.5674948763115,0.0,2.7513203963319857,4.434967695747947,3.3867704792305746,0.9335410852806827,0.0,0.0,6.153213430196108,4.555496631744519,1.1985481172807093,5.140411310781859
TCGA-91-6835,2.737414809732114,5.688184794166479,6.126618060882329,2.3055108089102494,3.9251642794068435,4.1620873193082195,1.1808986313553347,5.984913133386007,4.882233579291731,5.564692806254247,7.1877629786222235,1.425587187057598,2.3917217100603074,0.6433790383258241,0.3725975044825475,5.795343209827503,7.642725552795742,4.626236720099792,4.822303713234089,6.844492743428603,4.67791866301838,3.6261739186978117,4.339810439540801,0.6433790383258241,4.281263866490984,3.53830653313456,1.031724343126478,2.8989900688913344,4.189825939492516,2.9938104279912925,6.4862812085226285,7.0626970743663735,5.121526487322115,5.305551139609915,3.870213023008539,6.593208904194584,3.9071813032820297,2.7942217811166072,0.0,3.2159836465496054,7.382043466385596,5.547245616835974,3.3165214571971617,3.016176851618423,0.0,7.490317207578089,6.96488202565402,5.153031445054911,1.1808986313553347,5.64024966983861,0.8562859179371259,7.208851971730779,7.4952530132589334,3.470449775025947,5.5612276357739505,1.3107083741632954,0.6433790383258241,2.645649836921452,4.777719146133219,6.637742841661033,0.0,3.3026690290902905,5.022497986638768,2.579428640264832,2.8214622162705174,0.6433790383258241,0.3725975044825475,4.281263866490984,3.9489410695187517,0.924814302815032,1.425587187057598
TCGA-91-6836,0.8429885887991051,6.047712546646569,6.989160135432728,5.250586141504609,0.36540671086217885,2.9255511964302303,6.311053996690444,3.6035938598315758,5.025858825867742,5.805962939307396,7.490920168805852,4.146252084599678,2.558002204858551,0.6324413054425504,0.36540671086217885,7.809788858949333,8.804275584096041,1.9072435680567323,1.9072435680567323,0.0,1.2938226490517735,4.429971203332942,3.996218922728131,2.558002204858551,3.078795031665519,4.3772012612628854,2.624103214976289,1.9706863818427984,5.939947543488861,2.591598778455557,2.411044801189545,6.4842061359515615,3.945995354597626,3.9200804568058767,3.748668432760205,6.027707272762578,5.783135713931786,1.9072435680567323,0.6324413054425504,1.9706863818427984,6.125886168361387,6.189384644960733,2.086640566406529,1.6884523993621263,0.0,6.8787856831244145,8.709846194548438,0.0,2.2386970269313644,1.8394855754250483,0.36540671086217885,6.209094928792894,7.5794336449264295,2.411044801189545,6.173884015775079,0.36540671086217885,0.36540671086217885,1.5104790844009675,3.3600281046240843,6.477885791740347,1.0168236132351023,3.447976000220066,2.328574425455295,2.487220637119731,4.220228033912353,0.0,1.2938226490517735,7.846683830878791,3.962908116520229,1.2938226490517735,2.0303432050301424
TCGA-91-6840,3.7966637799691316,3.725597037049099,6.5054895474063645,4.968993519203429,0.9275075870793201,3.9838095709154713,4.8626378663462555,7.471277711748097,5.563700147630027,6.641970370777872,6.108520651947503,3.522095560218684,1.7199949029987442,2.2412201972424612,0.0,2.3917857384523478,6.556707330908536,3.863013417187013,5.304239794299804,4.07871979549997,2.5821241005033593,3.544414218575349,5.391329453212499,1.5728569121710998,4.06569985873163,4.5433309518286435,0.0,4.025592733110673,3.2367314599653576,2.3917857384523478,6.44059241095076,6.607495774533555,4.723441991066127,2.319334042952014,3.688076631938436,6.822910643820212,3.743843378488944,2.156495171122127,0.0,3.3229727425222233,5.674521861285269,6.214492091693671,1.9618678591075662,2.7900294939221246,0.0,8.345469676457476,6.744206407511466,0.0,3.3229727425222233,0.5676406453202232,1.7199949029987442,6.680105339134227,6.859984195373675,3.499267386008519,6.517976986886006,1.4002712280506848,0.0,0.9275075870793201,2.3917857384523478,4.412012530164138,0.0,4.141390348706183,5.820655466718868,2.156495171122127,2.9217519855559924,1.7199949029987442,0.0,4.387808636637029,4.06569985873163,1.2739372037267744,3.0008143379607843
TCGA-91-6847,2.2583719383177203,2.184038015532044,7.661390601457324,1.562283409840636,3.0220771788931606,8.564443122416266,2.8394818908927726,3.6011623736287053,5.81555041883063,6.8469718320536614,6.937479116148358,1.4071503549992679,1.7574785352511808,1.1171723141890197,0.0,0.29468251209652535,8.22165903857666,3.673321555197987,3.8112829102799046,3.054911144894321,2.2218955094747694,4.165107421910895,4.5127785431085705,0.0,4.920360415856471,1.487722153750004,2.2935645297729628,1.9697103775266742,1.4071503549992679,4.724906867590425,0.8632274509315461,8.691825259725812,2.6406703137708973,1.562283409840636,0.522002924356116,3.3348189466985456,4.3580873632507835,0.7070993941779494,0.0,2.8394818908927726,2.061022956155818,6.04217667264963,1.3195133274295394,0.0,0.0,6.8837965470354785,7.345351928777672,2.769371051083794,0.522002924356116,2.327560592397438,1.1171723141890197,6.712291338149669,7.021414266876091,3.382493550468372,6.04217667264963,8.498858126723077,0.0,0.9982393145213224,0.0,7.840009907094174,0.0,4.820515409229227,5.100628332622961,3.732614003026793,0.29468251209652535,0.0,0.0,3.8484845174240494,3.1325682001868143,0.7070993941779494,3.1620176012607732
TCGA-91-6848,0.0,2.041194354496333,8.301543987197565,3.4115304775352744,0.6084059521048547,6.080674339144778,0.0,2.5435371277578462,6.438958920691467,4.586465335913945,5.760314025391856,1.6462326082625771,0.6084059521048547,1.6462326082625771,4.46888987569192,3.383511911606107,7.449788829872321,3.230278565809544,3.8690841886864535,7.720004624764363,0.0,0.9839119964716314,3.8718778651237193,0.6084059521048547,6.678247770581428,4.332108709821359,0.9839119964716314,3.491159955139885,4.8673113486471475,4.668351536586216,2.2380145713444635,6.9161995257648,2.5435371277578462,1.7958842838050049,3.049244604058752,5.575824095333165,5.443737185951438,5.161104921441028,0.0,2.323583083989651,4.79379682391664,6.15625838703372,2.6672004284183677,0.6084059521048547,0.0,5.742050811366051,7.788940976665266,0.0,0.0,0.9839119964716314,2.041194354496333,6.6547966425887415,6.879296131898174,0.6084059521048547,6.382524734058212,0.0,0.0,0.9839119964716314,3.5409274394710355,6.139065251173547,3.936684398018983,4.044991489649457,4.459245744359309,5.2958042112170105,1.2562995645037034,6.350876990673178,0.0,8.451046978634736,4.155917753611976,1.7633942876711588,4.676178358723956
TCGA-91-7771,4.928289380523609,5.564520407322694,6.162712517433316,4.401478710337939,1.4880835070219245,4.2174040234001815,1.1895797190382975,7.936302693201959,4.482195446731008,6.49461730961698,7.831490233745525,2.1972245773362196,2.726917750826717,1.1895797190382975,0.0,3.8066624897703196,6.7146910254961005,4.2174040234001815,3.7545337587834777,2.6888198100476375,3.044522437723423,4.053025916613331,5.205104984825858,1.6094379124341003,4.120197477011204,4.270536258640519,2.959363888642101,2.833213344056216,2.833213344056216,4.5508649919601005,5.70900547766457,6.898425895301363,5.458367751695761,2.1972245773362196,1.6094379124341003,5.1197049224828755,2.5649493574615367,1.4880835070219245,0.0,3.4059494062206905,5.4680601411351315,5.3117961186604665,4.480578146590067,2.726917750826717,2.423536437588122,6.726404850490412,6.153036903746989,0.0,0.0,3.0169358798050143,0.0,7.381589063808224,6.657248238961307,3.741066224233142,6.324615201950582,0.4519669417595842,0.7621600518468994,0.7621600518468994,4.972788037319806,6.576899838586001,0.0,2.423536437588122,5.088478661917071,2.423536437588122,0.7621600518468994,1.7176463688560555,2.061417581616827,6.1309155715879635,2.726917750826717,1.606012050865909,1.8152969433580979
TCGA-91-8496,3.557460115247101,4.673706953475426,6.5841337176015235,3.1216333794404765,4.166688479345268,4.673706953475426,2.594545500305389,5.650501240713239,1.7310358841815878,6.062034840477272,6.004940832688171,0.0,2.934463069038757,0.935622660173647,0.0,7.299358081097152,8.147314315112954,4.07890430593422,4.429170205857599,1.5835045304075959,1.7310358841815878,3.9232042615501816,4.263317701756892,2.2532372733637063,3.488927389263831,4.9670316566141235,2.594545500305389,3.2792368825428935,3.15520732515221,3.7569609103881962,8.300237952935854,6.5990061802185345,4.342403140415181,3.0868975113060824,2.892425203688062,7.559668922016287,2.7040020182556406,2.7040020182556406,0.0,2.471627200230164,5.238604516441417,6.1434235412315035,8.46452210620541,1.9734280350920526,0.0,8.19503284929478,5.35121811828349,0.0,0.935622660173647,6.043736737220738,1.2009281741397109,7.995822159773863,3.6822550611922593,3.7011760402572325,6.272727938832355,0.935622660173647,1.2009281741397109,1.4104014364631237,3.8097975702657925,6.876890834760937,0.0,2.892425203688062,4.46544134306514,2.2532372733637063,0.0,1.4104014364631237,0.0,4.456496148606354,3.4404789903971604,1.2009281741397109,0.935622660173647
TCGA-91-8497,3.405342113714367,4.969639673392736,5.801024121310273,3.157230181987113,4.370800102321893,5.633610336679198,2.2622837962205202,6.147732982906241,3.9632862993656874,6.54347290032156,6.931813544075208,3.0054746619965553,2.1139878854324192,0.8432037767666245,0.0,3.1286666129777183,7.734830023680306,4.90310947289252,5.403046683041577,2.70138805822866,1.2940968319883452,4.6080500352386835,4.289062575574826,1.0938677176373528,5.126733949016579,4.462596895474485,3.2639677303299344,3.585791354561774,5.094798730661757,2.2622837962205202,6.06668796834557,7.6081560882533905,5.970072357126164,1.8398192079716147,3.1850004797456766,7.911609901848612,1.460845092384187,3.3604031645338828,0.0,3.722732421276076,6.113170987248661,6.58728276148495,4.79966731871218,3.548412638373906,0.0,7.245391124062651,4.965031049491235,0.0,0.5079615261513406,3.6627382302927782,0.8432037767666245,7.448549329819829,5.759220335118641,5.269305564674509,5.335227720568134,0.5079615261513406,3.7696088490407282,0.8432037767666245,4.863008840699179,5.719491768361381,0.0,2.8264907982953895,6.168740060679705,2.8264907982953895,0.0,0.0,0.8432037767666245,4.443406265516904,5.00082735310517,1.2940968319883452,0.0
TCGA-91-8499,3.1548150562553823,3.0762241111228255,7.000197714371696,4.8474965647190755,5.225241169623449,5.792058884487605,2.5034257740078343,2.4017786318804313,5.461838293878274,6.113120074978239,6.221365217585351,1.6361382642640567,2.1609984869321455,0.4642370343513985,2.28861800576543,1.3746771417797,5.742159883610481,5.461838293878274,1.6361382642640567,6.560126438252625,0.7800127135815272,2.28861800576543,4.457750800083395,0.0,5.770188001852813,3.9755948094452584,1.9326077778154345,4.124674911404935,2.3468029151594783,2.28861800576543,4.215902685482386,7.97627255500693,0.7800127135815272,1.6361382642640567,0.7800127135815272,3.418961985887013,5.089298589279223,1.5139177105766881,1.2128334327581325,2.7198535994433484,2.4017786318804313,6.1478185122043545,1.0196773005799673,3.5287781879467954,0.0,6.0852736007860395,7.333323622794017,3.839577035997819,0.0,2.5506241631410314,0.4642370343513985,6.636580213151061,8.329428849503595,2.929731350294166,7.986569540343487,3.5794690821808275,0.0,0.0,1.0196773005799673,5.066429444418452,0.0,5.671500300735477,1.5139177105766881,4.382563990272498,0.0,3.1292967906298927,6.059394186897716,3.5958125063821327,3.359176752399543,2.089045277822531,5.629974457511477
TCGA-91-A4BD,3.6781672831342602,4.839174544635047,6.105029811570787,1.6833201448248047,4.912713707535428,4.673557540853516,2.766539210788223,5.307073915820504,1.505565178369059,6.846728451291763,6.4376844474783805,1.505565178369059,4.118887570126314,1.0128365116467057,1.0128365116467057,3.6328512836611657,8.372317697091058,5.934817473099771,3.822330218488089,1.0128365116467057,4.133042702960763,3.0928725958073215,4.820192851992681,1.2892326482767593,2.871126641828382,4.544484499807266,4.174348807617512,4.53314987929742,5.679947327670434,3.274261334708871,7.045506505570333,7.3080269243789475,6.23852577668216,4.931866219452172,5.005012851077903,8.08369891058657,1.9652504846371934,1.9652504846371934,0.0,3.5853810924595253,5.531834921329734,6.435254133537612,6.6184799379517925,1.505565178369059,0.0,8.227551867550945,5.598940343132618,0.0,1.0128365116467057,4.9629984645806475,0.6295149153150899,7.999074370156104,3.035154889400475,3.2056000909861755,5.521364913253952,0.6295149153150899,8.525016509305063,0.0,3.4830968260711646,5.611422272718712,0.0,3.4277419368842676,6.37885223888735,1.8341961594253118,1.505565178369059,0.0,0.0,3.6328512836611657,5.174079795120521,0.0,0.6295149153150899
TCGA-93-7347,1.9763007827603225,5.444065702486122,5.810976308758316,2.5380523939970874,3.2377172060015575,4.72983614654388,5.178288686318253,7.136499119362636,3.838473338931274,6.606027019096952,6.258065975948524,4.830870466083991,2.6808502811755557,0.5749265491725143,0.3282240277647172,3.054095516850906,7.960874960558336,4.108068292891911,3.3111997320137085,2.2562269690158963,4.169979106666428,3.7602228941820717,4.265084027008938,1.313589250649259,4.00736227571843,4.267429144774658,2.4070351943505104,3.5607051153904283,3.723377494521504,3.252852040423132,7.0828591844175905,7.499069049660413,6.671597407590243,1.2032725592115425,3.054095516850906,8.21606377401215,2.7576654216444054,3.28245138250521,0.7726512816725443,2.9376263521469586,6.606027019096952,6.02768316231745,6.896638718347304,2.9376263521469586,0.0,7.431222657972146,6.118933852353786,0.0,1.7337771866897078,6.403933404935434,0.0,7.814924536406731,4.544030681642393,3.665431691376373,5.237808050583626,0.0,2.214682409818135,1.0792595601522947,2.50687196945795,5.495572690809673,0.3282240277647172,3.704432870207338,4.320199102150376,2.3344712818563673,1.0792595601522947,0.3282240277647172,0.5749265491725143,4.891025591098464,3.9110425249141847,2.502107857107775,2.078566158643882
TCGA-93-7348,2.556304405000375,6.002738259331358,6.683139394316929,3.9859423883714693,2.389377279296485,4.723983801525664,2.4481735067317794,7.169180641280438,4.994641404341906,6.409011376408646,6.968285778722169,4.4175843974078735,3.335000597477205,1.4591265197695606,0.5070585371967467,7.786418907232556,8.115771896065093,5.814691568444437,3.9735977639569975,6.228321636549951,4.079562510717193,4.433393238874202,4.748257029530763,0.5070585371967467,4.32586360762503,5.80733435572009,2.18890114458858,3.6018035295866135,5.877685360340433,5.225348745087741,5.159273666175326,6.532635556881263,5.2839851492377745,2.3269166648072828,4.215165940400498,6.929575477455251,2.389377279296485,3.155096482148422,0.5070585371967467,2.9355628606142727,6.913279989624837,6.096189360750091,4.033847640584984,2.1120176319862405,0.0,7.839828804731474,6.320368933941329,0.0,1.6019499474681969,3.4670194536957197,0.0,6.925683601847055,6.951197836824974,4.735645664058436,5.629019416185412,1.2924780649156058,1.092359447002344,0.5070585371967467,4.215165940400498,6.322470082796756,0.0,3.4461930542581243,4.764214586294203,2.389377279296485,2.3269166648072828,0.0,1.6019499474681969,7.187324531323368,4.195463595497554,0.6162661362239876,3.8961537522634675
TCGA-93-8067,2.7786018570531548,5.906962745770245,6.909683418925026,2.44574126843722,0.7605254158898934,5.821254350796372,2.7786018570531548,9.5955959700226,4.283513455740166,7.335268856606921,7.503570737798038,1.4857097394180891,2.5621222881411363,6.96686345746171,1.4857097394180891,4.107857845147118,7.278518515243851,5.655428715248357,2.395109578169638,4.466155214560658,3.9938794518979783,5.351512102050116,3.6318142712219657,0.4508845182990242,4.121810561191031,3.77578853420475,1.8127215548115687,2.926382195419198,2.395109578169638,2.314009584263375,6.202073872184725,6.715431870007814,6.605709203071886,0.996579563102958,3.12006271696877,5.803368349121289,6.372449103472618,1.1874470023686006,0.0,3.068443556505573,4.550842819771942,5.778125895280232,2.314009584263375,0.996579563102958,3.4029824541385083,6.232750524817788,7.150324916121448,4.637191972010829,0.6176151179475085,1.983274745084088,0.0,7.290824800980132,7.361604119471173,4.872154530660755,5.37815851544843,0.0,0.25060306421036016,0.7605254158898934,4.175754027764125,7.571916393255984,2.53989975808204,3.431018285474412,3.132559479015735,2.256038410336924,0.4508845182990242,0.25060306421036016,3.2822449124848623,5.947956657131048,3.914032984067011,1.9678673164073555,0.7605254158898934
TCGA-93-A4JN,3.6696380193197835,6.006936733131936,6.620021205178309,3.061791512813405,1.4644121403838426,4.022898684574082,2.137863739941071,3.6906029680102104,6.119087896564779,6.8355533353552556,7.883544351597423,5.885234208819667,2.468633287303712,1.4644121403838426,0.8095514884300478,3.658989672104631,8.135923987193244,4.641116312761561,5.393791169329028,0.6050260971647659,1.3633839095367846,4.850200465859757,4.835225793904814,0.6050260971647659,3.2872407659147584,4.7178826100165425,1.9788474264441334,3.798650479160142,6.087497193143446,2.3956290705370367,7.234682102759819,6.701409845943808,4.904029559029998,0.6050260971647659,1.7896739627370335,7.765051559589534,2.869324022441102,3.317823019073661,0.0,3.34749416820707,5.393791169329028,6.928488845369044,4.400893775519418,3.1546103331213797,0.0,7.657145732546141,7.29346655860344,2.9290527955362795,1.9196835032946329,1.7177361088792689,0.8095514884300478,6.2452284729188,5.289145432665326,3.8961537522634675,5.587256149008899,2.3168626814121773,0.0,0.6050260971647659,4.833802645645296,6.795823217941272,0.34755346948917126,5.69348631734529,6.900415407912064,2.7167654461184334,2.5366764972727505,0.6050260971647659,0.0,3.8704903417757266,4.853451129012554,1.3176942696276337,1.9788474264441334
TCGA-93-A4JO,3.5990887638634383,5.5460754786261655,6.452629227686513,5.065293919400054,2.4388888889544265,5.338081201414784,3.444726109671976,6.471415413142693,4.451179493362198,7.544120445443098,7.501827702600842,7.719596191499788,1.6455962489873783,0.0,1.1288504717287196,4.195344584732965,8.541161639423695,6.02630066194344,3.427894487977008,1.6455962489873783,4.9274638080073885,4.827945669573684,5.322351225622582,0.0,3.444726109671976,4.309872521724262,2.1798749390011065,4.171421337401527,3.9256536841977807,2.987120296705427,7.095512038266031,5.9863665744996535,5.876752104850777,0.7158866675294348,4.7313445821590445,7.021307153666252,2.9046800159194057,2.845688150269525,0.0,4.3685474472238575,5.822513209252199,6.564079760910172,4.579594908964057,3.769629603799045,0.0,7.439153821528926,6.0958065442518805,3.739634353592955,0.42068207391302476,2.782996869071299,1.984608747908664,7.337301430596597,6.548327979356591,4.401141525533563,5.3203332291056755,1.539251471783928,2.11892664295642,1.539251471783928,3.156553512790809,6.105861857660157,0.0,4.8025117095384315,4.9499435866963,2.5387001493893915,0.0,0.42068207391302476,0.0,5.075148814921322,5.780345288362162,0.9250522375427278,2.6809050835786548
TCGA-93-A4JP,5.0650982265362225,2.1915753169375205,6.546726585500941,3.2442628304582812,4.513321308957911,5.994574705547184,1.752602754026861,7.322867041475401,2.647330158066649,6.302477940158829,7.141743810336509,1.6812188935286865,1.0943699694099773,1.430239473626123,3.4016939250307567,2.959239436361612,7.44174258796942,5.0825093443319735,2.392114962583792,1.0943699694099773,7.080548249309589,3.941152589355095,4.326034158511416,0.7849968341898242,4.997631104961002,5.101340949938045,1.0943699694099773,3.964051729321112,4.468772976544807,3.1118695111830332,9.35915685021274,7.002328823901229,4.688711382192417,2.8272307782608994,3.094019834737936,8.154103430750752,3.318905758183209,3.427832821188611,1.3303058509110355,3.6675664367527356,4.1176459636243665,6.086320078120661,3.228639999781566,2.7284212942420414,0.5849493100819588,6.4165721389710795,6.115706677825104,0.0,1.3303058509110355,4.65146199376737,3.0573305388727796,7.155887984279826,4.096916252589918,3.4658046504365534,5.30687563982959,7.110198039772306,0.0,0.0,4.450383637372451,7.139795140518346,0.9516192649274496,4.547583445135106,3.9564761593023596,2.803427045351078,0.5849493100819588,1.2192948204237206,1.3303058509110355,4.104618273125538,5.1353159677394835,0.9012583090401931,2.4955992793267434
TCGA-93-A4JQ,2.7046711652520496,5.837033411289952,6.456780644522773,3.6837890198096153,5.404688870984443,4.494145883550261,1.7570127328982201,5.7658836528853055,5.630067758500536,7.630388443598466,7.012097276126036,5.541816333519254,1.2852301586328694,0.3617918303181941,1.009307374440675,2.020063018160336,7.72694021990675,5.735381265901944,3.317493256952368,7.694524852198289,3.3638035321102624,4.208562732772169,4.488577941058926,1.50127346944354,5.028475212224587,3.9260817169991236,3.2689337565093157,4.464484116739198,3.7975544707395925,3.0875864883849253,5.489202154002479,6.8854033249120725,4.397028541242227,1.7570127328982201,2.4002742589472965,6.975703605121494,4.069734196249383,2.476370318765714,0.3617918303181941,3.2689337565093157,7.2699509555935675,6.24067732402154,4.175620355486865,3.6301241777320925,0.0,6.880039726910755,6.8407347468687645,0.0,0.8362946897784304,3.7576659709779037,4.503841531443635,7.177835849882096,6.631943804700753,3.8452761811162994,5.503504664967289,1.399062500397569,1.009307374440675,1.2852301586328694,4.23415722794849,6.375065704852599,0.0,3.530173832940693,4.06226032374925,3.3372062662262962,1.50127346944354,1.009307374440675,2.129492815078546,6.1246221198705655,5.425364028683236,2.050244424022536,2.914348667277613
TCGA-95-7039,2.936889500801202,6.150297817902416,6.429027303057425,5.823468882934289,1.5198195037248818,3.58351893845611,5.846438775057725,7.329467682068168,3.9177207424518343,5.6281353699274375,7.512453686356969,2.3978952727983707,3.3372951025241555,0.5390048340312983,0.0,4.454347296253507,6.812973059782082,0.0,3.0779710296854836,0.5390048340312983,2.6287977366597817,4.330733340286331,3.7293013686128518,0.5390048340312983,2.8162646404429323,5.22459547370226,2.6790607034427216,2.2587794852565706,5.310389207782032,5.218034213303114,6.525658492343662,5.45165199921365,2.8162646404429323,5.8849116541841795,2.9740693169177312,6.979014912754508,4.948759890378168,0.0,0.0,2.6790607034427216,3.6598908142988993,6.362288174688204,7.428814361833546,1.6650050608825562,0.5390048340312983,7.614169067642468,7.364002217369048,0.0,4.84755934674774,2.5200002684472027,4.087175593127066,6.958172689895726,3.401673934759355,2.005337415672564,5.36530756736142,0.0,2.4608103177203913,0.0,2.4608103177203913,7.0594973461436865,0.0,4.470822460254345,5.149985557540372,1.791759469228055,2.6287977366597817,2.005337415672564,0.0,3.1720818669526425,5.825578189477054,0.8873149596375816,3.3115862646385925
TCGA-95-7562,1.3064391358704261,4.721271808861936,7.083933001015602,3.8063424385593945,1.0279394353730635,7.079782362379338,0.0,7.578718198406198,4.381959132395655,6.219289125300729,7.712269400457645,4.584435704650766,1.1768687866338772,2.3442547281654385,2.815959465937594,2.426853718339383,6.988034881670757,3.6324228527695057,0.6406426265777961,0.3707356275870666,4.256592371636814,4.53271561544306,2.2509127794193757,0.0,3.0324835941116666,4.947042103770458,0.0,2.7607375233812164,6.658941293415738,4.809204309687696,0.3707356275870666,6.223748200138265,2.9653864617016104,6.406183373854392,2.8424645371507737,6.690668349250458,4.926485274062975,1.3064391358704261,0.0,3.464782323287266,4.052706262393085,6.150886310334031,3.210367733487515,0.3707356275870666,0.0,8.226300637546405,7.6591430653787596,3.7587342873384433,0.3707356275870666,3.0748345391504706,1.0279394353730635,7.0999859116528725,4.78437856854663,4.974158014285984,6.038615272894314,7.430066687851218,0.8529248562523353,1.1768687866338772,2.386402207086959,7.385900673919496,0.0,3.5961554273312415,1.4211304759553478,2.1578598538139424,0.8529248562523353,0.3707356275870666,0.0,6.264704076312332,2.9653864617016104,1.9856389748557384,3.053883250196021
TCGA-95-7567,0.44635110058050687,5.134479921131234,6.806155460806478,3.32225878645428,5.238259459118664,3.2264986968137483,6.121551577220529,5.132823427860341,3.1329213437128076,6.266703271219297,7.311759320251785,1.8476040574139658,2.2741959064852697,0.44635110058050687,0.7538659155946511,5.175070053885304,9.233763886919771,3.2264986968137483,3.6110692525431154,0.24787518753339344,1.8909862117022422,3.61864205852803,3.239697540560499,1.7547496435941543,2.0478347687772387,4.609814384981744,2.3027250831949604,3.548332078366727,3.9165407848769695,2.8835485325480392,0.8781734097610271,7.511442632999264,5.368319062333927,0.44635110058050687,3.0296794908536486,4.775596271368979,3.7525934166464774,1.8022542063206966,0.0,2.3574519944348857,5.031613700481447,6.328315283517683,6.307001300708497,0.7538659155946511,0.0,7.043675067118003,6.6959942008323905,0.0,0.9887230151308267,2.0478347687772387,4.544446246739843,7.323117911268693,5.758494750991612,1.17877806569138,5.802840169201879,0.611882893728982,5.0242422975024725,0.8781734097610271,4.538450086938942,7.014077332214509,0.0,3.6034386612928535,4.47000546020089,2.5505617348360174,1.3383900544628051,0.0,0.7538659155946511,8.312758532233005,5.155791357658206,0.9887230151308267,3.05650747226845
TCGA-95-7944,2.8605652583134997,5.878153061653061,6.386215799618799,4.240578271089507,4.491035736140014,3.6463711427269434,0.9018266292633327,7.632381746568701,3.597451976855071,6.292553839767082,6.559531664596026,1.812297120445603,2.3175525201158322,0.9018266292633327,0.0,0.5493345451940974,7.063287860685877,1.812297120445603,1.3682067623212346,1.6849905548347721,3.0333025870852,4.2717122019397085,4.878961223200433,0.3118867611485983,4.3919150824242115,2.957147358238422,2.598614727402354,4.491035736140014,3.868115004083286,2.7262371447993314,1.0403473805361338,5.528365029538985,6.154826246375529,0.5493345451940974,3.3482325155380854,5.961680369471311,3.1338363206407975,3.0333025870852,0.0,3.535404795732681,4.603455717125911,5.953160213950268,2.3175525201158322,4.140900486303186,4.93179408655449,7.00457341216215,6.997906720803961,5.161603773232188,0.0,1.3682067623212346,0.0,7.818132560824226,4.480268875419661,5.424253739894122,5.9242210374521225,0.0,1.812297120445603,0.5493345451940974,3.535404795732681,6.392767672837371,0.5493345451940974,4.316667777152408,2.3175525201158322,2.8605652583134997,0.0,0.0,0.5493345451940974,2.9601879940291003,4.125764091783258,0.0,3.566909540704724
TCGA-95-7947,3.0380060137813207,2.2247316537891817,7.1661733057473915,2.731955511981989,5.956751459329386,3.4421409687897295,1.8237586570008646,8.071749483030885,4.143698059752987,4.6113858287953216,7.305645100252565,2.0442158378394364,0.927428476284611,0.7985876930179422,1.143967990388907,2.7899189328861778,6.881421570530282,3.0232501595907304,1.143967990388907,0.2666627052277055,6.876073675190861,4.620452809519248,4.069452304704007,0.47697924298216077,4.926572293642435,4.926441761433428,1.041547988046432,4.025473111934725,6.133220152988608,2.120367530792466,6.786370389431026,5.342755215978605,4.236240457982344,0.2666627052277055,2.9298274861662725,5.980203883143227,3.885116243417074,1.32183583678249,3.108685888530911,3.595911279672818,3.339243960716406,5.808682884481571,1.6636040761778292,2.1911394336802714,0.0,6.49017254813952,6.669763283117434,0.0,0.0,5.66762320383582,0.7985876930179422,7.0470127463050645,2.954175634248325,2.711862923430127,6.120543542506217,4.320938155292159,0.0,2.083022621950981,2.879625332466004,7.030556811999886,0.0,4.629443198363482,2.4850233096496406,4.010189103213668,1.143967990388907,0.0,0.0,6.015129802879721,3.5662993056888097,1.4001726111525994,0.927428476284611
TCGA-95-7948,1.194710037046751,5.740426152154943,5.643958157510535,2.4446313807861086,1.7807322253788538,4.221055036852528,1.5988621860619157,4.705377446405117,3.885625640573,7.9729245315298956,6.8999680369645695,2.6026896854443837,2.2906744419682106,2.2906744419682106,0.5055517412632825,2.185455593736221,7.959111725806082,5.102831539726978,3.7787932815827356,3.2453658455426635,3.675966438842238,1.289673322515465,4.884247846431444,0.9725576373274578,3.4424416869966445,4.709530201312334,3.6676021900752445,3.7087458048699293,3.483664839559102,2.820753691015295,3.675966438842238,8.441363430141678,6.501487849099919,4.952016991607844,3.258096538021482,5.984898034678205,2.8962047130886086,2.1477775308001315,0.0,3.4424416869966445,2.1086119189796158,6.402419558084775,2.5267840871324725,1.7237125787313918,0.0,8.148419639299563,5.984069773036136,0.0,0.0,2.9831534913471307,0.0,7.081826226244527,5.967740340461175,0.9725576373274578,5.550048374714159,0.0,0.284351532355325,1.3763702799221973,3.7087458048699293,6.916060693345224,0.0,4.024175999881427,4.421689557730257,1.5988621860619157,4.299967520418321,0.0,0.0,1.9345747165344218,4.8543946540450245,0.7752339515580546,5.7818385949865245
TCGA-95-8039,1.855516435030806,6.072479858572151,6.515266611504241,3.7612908092551955,5.1811035438592095,4.908890456212607,3.08233189911897,4.027242758681365,3.9261428495888273,5.915007279056882,6.510542526329014,2.6995340413338704,2.118878577587509,0.7683010341603695,0.0,5.139069551704591,8.442286438783855,3.8471089471186506,2.071459771938178,1.9140213487610105,1.727096495902187,2.9702657365613727,4.830503338375293,1.0739096760277378,4.697484974994429,4.682288622144381,2.5607945844871205,4.286015334141851,1.96930575364695,4.917386321876625,7.054976289731783,6.072436054083106,6.000664596570446,1.3076569156028177,2.725117063459965,7.279008442420112,3.686902501229715,2.434016782784608,0.0,3.496040785877036,5.440996788069548,6.300304945128681,3.5076542960551667,2.774393342931913,0.32598890660636765,7.863355181635543,6.592645824531336,3.442035376054412,1.1975824293039217,2.6995340413338704,0.932715110288297,7.890548851454533,5.691588428555495,2.7500554952472402,5.447659360297241,0.5713749486300341,0.32598890660636765,0.5713749486300341,4.961522077751089,7.036157288786618,0.0,4.52952811462877,3.1669928829885206,3.4358499845615778,1.96930575364695,0.0,3.2145504840538752,6.6015833172165115,4.063660243491104,0.7169613586592002,0.932715110288297
TCGA-95-8494,1.6977051671457324,7.038730908424504,7.582753763746834,2.86625550695528,0.4930485436633096,4.99011280776372,2.936290077396724,5.660074374893562,3.276914517815451,7.017828671568467,7.477525054541887,3.5490281327445943,2.936290077396724,1.808092030515615,0.0,1.808092030515615,8.754544138026766,3.963195092470383,1.6977051671457324,1.0688401303344395,2.415699469624299,3.3466003904589363,4.066435365299909,0.821848175575679,2.666137334019001,4.844368172423743,2.7094958223547767,3.3687878198641092,1.9074811224355315,3.6533455363706504,3.121038053393696,5.27826260746931,2.1573512068039933,4.421463670581555,4.543857389934074,7.307282794423548,5.303936549327742,1.9074811224355315,0.0,3.619767825575645,2.0807906312491316,6.972868634870551,3.900729472883349,1.0688401303344395,0.0,7.1749463372538465,7.613117550621341,0.0,0.0,0.0,0.0,7.044312090408347,3.2301322331239,3.834100382120032,5.788996403870682,0.0,0.4930485436633096,0.0,3.619767825575645,6.658802773450044,0.0,4.523318927204803,3.3239058859319215,3.4535336319820376,0.0,0.4930485436633096,1.2667785751183274,4.180097091639948,5.222504865587053,2.1387476475772433,2.415699469624299
TCGA-95-A4VK,5.26922320634366,5.485282292863159,5.642307699895473,3.749120472952391,0.6811252053326199,4.412837080467193,1.3682067623212346,10.110692760581976,4.1428410324740454,6.671624001095224,7.072549118907875,3.2348318477722766,3.614026589211869,0.0,0.0,2.894889316124428,6.9679186179534085,4.62521788129187,4.300252428822197,5.813596060662588,3.7020794495778797,4.286923058525551,4.77311387483609,0.0,4.345553244171319,4.003100604121644,2.5034830353609356,3.4577887829290015,4.820176721399398,3.394323812718983,5.003120461674229,5.996877371307845,2.8104503391631237,1.851363963047677,2.616599895722203,5.72526669381987,3.3778093344229143,1.7716247868076742,0.0,3.4105732901406336,4.5812104297928595,6.557854481472894,2.4202703460920927,2.9474659721444993,7.007998724740485,5.460695536139601,6.518303274043744,0.0,1.5901123713142105,4.286923058525551,1.2355296092301535,8.604980600548352,5.281903391279782,2.651635040392973,5.337201484598003,0.0,0.3974329364109001,0.3974329364109001,3.7375648508906947,8.436132799410956,0.0,3.7605417594897843,5.7504243010536795,2.462737725016938,0.0,0.0,0.0,3.946550028122708,4.414550696379063,1.7498083652813763,0.6811252053326199
TCGA-95-A4VN,3.203640352225423,6.230833747718224,7.7624684351234725,2.6368405887454136,1.1987290800028825,5.531431050499556,3.6390114592936817,4.740382664795098,5.5674624354638995,6.355765588306913,6.9713496045072905,4.0191701241598174,1.5487107853641815,0.8710841390360758,0.6556529761323648,6.013859399917883,7.990675082137142,5.524069512518795,2.4555722390354693,1.0482659142313713,2.947796494293804,3.040543102087708,5.019026654610826,1.0482659142313713,2.872117264954681,4.2641787531650515,3.7646615598379887,3.775339220661162,2.9718032443596014,2.947796494293804,5.370582212616518,5.470942060363127,5.355387443153034,0.8710841390360758,5.503533171877162,6.684587977385892,5.088743824762527,2.7613824154789812,0.0,2.072882578632456,4.677779178089501,6.36775999391611,4.699088488489557,3.104864666729585,0.0,7.153763431628346,7.9033820073298235,0.0,0.3806258180945189,1.5487107853641815,0.8710841390360758,7.7812053134591155,4.469447823512497,2.6031192228096294,5.370582212616518,0.0,1.6426018588125324,1.5487107853641815,4.904222373002192,6.6684607499764015,0.0,3.422417304773554,3.422417304773554,2.897987131634115,2.234006421428748,0.3806258180945189,0.3806258180945189,7.84015555258936,5.6118462632803086,1.1646184822473797,1.1987290800028825
TCGA-95-A4VP,4.719623238956804,3.495743633384075,6.614532552080554,3.9069803123962896,2.055955388524516,3.322626645662121,3.51151558763921,8.3344883611824,4.557575307180407,7.297118105064214,6.901306530427873,5.548293677727227,3.6568933082560804,1.4219269137485964,6.0534623433358,5.913559760784423,7.564720724015051,3.6568933082560804,1.743549136923632,3.202258519044763,1.4219269137485964,4.3506636684067415,5.355189072624576,0.0,3.863920404832697,3.8736625621366154,3.202258519044763,4.8549556682487225,2.8477831575500345,3.807348920789299,8.247497719196263,7.694984612903221,5.649171401821765,3.264250639556191,1.2867226137216816,6.6277979603129085,2.718185333360395,1.647388588662574,1.4219269137485964,3.4797220145661245,5.476367312991069,6.5845717550075245,2.3941975354957856,2.718185333360395,0.0,6.077795901267822,6.417899901233795,0.0,0.0,1.130337028362351,0.0,7.368383849374033,4.7123909702727955,3.747384183486499,4.974144185513841,1.2867226137216816,0.9448781887260677,0.0,4.7007439674100935,6.699613634236273,0.0,2.2936452514245715,4.213172977204991,4.409732994046761,0.0,0.0,3.4797220145661245,7.923652403254356,5.679646873572779,0.42146968224988,1.130337028362351
TCGA-97-7546,2.43697611603045,5.154643281712944,7.228642410615004,2.43697611603045,0.9422703208331028,4.339621356170772,3.475537707771987,4.136551197684487,3.814703408095999,5.2131515581757295,6.834531684881606,3.791422504441253,0.9422703208331028,0.419959554258617,1.418640537159102,5.026226451209145,7.73591400619796,5.257615156519999,5.467671880117567,2.3412864405311207,0.419959554258617,4.136551197684487,3.005236960568237,0.7148108201959716,4.2243167115818405,4.988491929410566,1.283596962881548,3.0612812215383776,6.108918639779665,5.059907881563394,7.780069044642736,7.267630097856005,4.049476197733222,3.1090029214625714,4.825870755651161,7.454743097244235,2.8437168125237435,2.7141581760530777,0.7148108201959716,3.61125569342771,5.0565896952559815,5.97238365929519,4.536677189542791,2.0521988052859617,0.0,7.945378296023817,5.370582212616518,0.0,0.9422703208331028,6.371456279576281,1.6439166308503428,7.372300287026217,6.193666342565361,2.390275406121034,5.41334995652749,2.1170864947442696,1.283596962881548,0.0,4.743008540323045,6.540087275022801,0.419959554258617,3.718144523899938,6.639313584290617,2.642480036892761,0.7148108201959716,0.419959554258617,0.0,5.11782014464277,2.7916496529784323,1.418640537159102,0.7148108201959716
TCGA-97-7547,2.616877450321896,5.569481261986724,6.1959735486577525,3.5839299650842023,2.40394059929799,3.111134700029828,2.363595522729974,8.370825478904077,3.771735124771693,6.051333589428462,6.449458852227987,3.1679866593358987,3.0713590916769826,0.0,0.0,1.9639745718711226,8.168696145699,2.5508114246757185,3.2892746408851283,5.658813002339224,7.806635320596498,5.272455821021689,3.502432399142798,0.0,6.210142140862591,5.174006193897576,1.4021184964667759,2.363595522729974,6.664990483920757,5.404783271038456,3.2892746408851283,6.378825085403981,3.7513846594653333,3.3054607776186034,0.36304461444640973,6.687062472138937,1.2881576905513838,1.2881576905513838,0.0,2.678841071051552,5.824391144076399,5.335550528907101,3.7513846594653333,1.0118554247418277,0.0,7.5778334032705965,4.988723644374937,0.0,1.0118554247418277,4.416519844618618,1.2881576905513838,8.009575749261208,7.349860851185293,4.791550162909547,5.214674854011385,0.36304461444640973,0.0,0.36304461444640973,1.8329334018108443,6.414712269803512,0.0,1.2881576905513838,3.9718849835646277,1.682093401673619,0.6288219700033877,0.6288219700033877,0.36304461444640973,3.4404245050513014,4.2381389430880025,2.8741746229935936,0.8385886162101182
TCGA-97-7552,3.021955421594269,5.231183480362405,6.563548003934552,3.262387319438638,1.2015298226747961,5.643133269204258,0.8734249836446637,8.955069986346857,4.471596506755217,5.328264442915989,6.198482781524696,1.6458276992169687,2.793989336779862,3.108685888530911,0.8734249836446637,3.1493799697633382,7.727081263008873,4.931952772061787,2.951587054902859,0.8734249836446637,10.104925226522314,5.400088447887323,4.19369958092801,0.0,4.252630963864281,3.5443535571053295,1.0508565892554638,2.6731826657731346,3.262387319438638,5.293832323763363,10.48330364778619,6.604668494213334,5.513158548374524,2.1330415485593064,4.887374784431505,7.431110083724867,2.5719173323329443,2.2375771283517794,0.0,2.9269875855526846,6.1591165299175,5.723787695807944,3.7789303736768494,2.999046774521821,0.0,7.762715139704497,6.150227431491657,0.0,0.38185524246903063,1.2015298226747961,0.8734249836446637,7.799794301054,4.708556754693904,3.9178778324299164,5.703839139717373,1.2015298226747961,0.6575718150460252,0.8734249836446637,4.177071356817027,5.663574874690285,0.0,2.5719173323329443,3.6904507190304208,2.9269875855526846,0.0,0.6575718150460252,4.752408458652775,5.991462047104857,2.6635060100175685,2.1330415485593064,2.286008456589244
TCGA-97-7553,3.9231152582975484,4.853926901664601,7.46496245425185,5.453648777609171,4.467836143876349,4.871181637529477,2.0972200630314783,6.520230771556435,5.267203305518284,5.074811249514819,6.800457332160481,4.365453810942279,2.3394761715777945,1.9810704320058128,0.8498944862344695,7.786692992474782,7.697765977745954,4.205841213235776,2.8884643844598723,1.024570980958931,3.275203226846753,2.755785841202558,4.081622309808271,0.8498944862344695,4.348284984006456,4.235933819547153,1.7768319393103646,2.0408306425521805,3.275203226846753,4.937376192319338,8.699094659985489,6.615521530016365,5.727746366509548,1.5198851269817877,3.9052964326784396,7.9814736014562655,3.459661239335692,3.487347554588665,0.0,3.005583589604365,4.205841213235776,5.844196378371415,4.143642533943387,2.5343394645561506,0.0,6.746495556350525,6.742289659312906,0.0,0.36914684543405274,5.432048114300005,1.6983092253367325,7.614124659711204,6.32106141675361,3.1301232965903956,5.5741368559573,1.4171387444148718,1.1731939581333521,0.8498944862344695,4.371111025589547,6.95803005485576,3.2581773039905926,4.371111025589547,3.8593076477561516,2.4220289709102847,0.0,6.709627458781593,0.0,5.894634212453531,3.308405694457947,1.3025866120464054,2.46088714394378
TCGA-97-7554,2.079878946004615,5.391848692402128,6.260080383560945,3.1991546342559642,4.290952470274487,3.2391606888107725,0.6933971493151526,6.968408135694081,4.868034325497233,5.511907428257174,6.577887782962995,0.0,1.09894556645823,1.6098378324554272,0.40566508811083063,6.307686699196099,7.889395453108442,3.7140597526442347,5.182283425333736,0.6933971493151526,2.1405131224187777,5.059920573771013,2.877702957573098,0.9166106806850751,3.611404280834525,4.426597194535864,0.40566508811083063,2.25174432777867,3.481726125047351,4.620551288026394,6.221089051601881,6.28182178810344,3.6893668353244164,0.0,2.6746175050138095,6.54008583065932,3.4662201605280236,1.9463386286733806,0.0,3.3146695241217903,6.313140354486438,5.626318106872465,7.228519067135908,1.2531343281042806,0.0,8.259310668922973,6.510758215564801,4.578294241662675,0.0,1.2531343281042806,4.4010973765602035,7.752189041754691,5.923335588055483,5.207248678884835,5.368808448490338,0.6933971493151526,0.40566508811083063,1.09894556645823,2.1405131224187777,6.957192852584468,0.0,3.020902820695935,6.164865180527037,2.263251573478366,0.40566508811083063,0.0,0.0,5.460083262587273,1.3866692908249638,1.5044773167976009,2.890843868656562
TCGA-97-7937,1.8282521055870808,4.383878668599805,6.339101016825893,3.2231108444996908,0.0,3.8285979172830182,7.202891996394716,7.77446073066588,4.650678781218857,6.380108977485802,7.1827091909820755,5.867459067136863,1.226888228896677,0.0,0.9582384924819115,4.731758783087665,7.777159832954083,4.10863200883017,6.081584005670755,5.4639758624454515,4.327158537232326,3.270002305343084,4.421653515329974,1.612971661382239,2.5054851198311963,4.116259336449649,1.890805087828111,2.244648729570951,5.2814814342572145,4.353339052809627,2.155661567591245,5.987295870235762,1.4384360455228369,5.451990789649276,0.9582384924819115,6.619396977939332,3.270002305343084,1.689985108216724,0.0,2.948619701439798,5.169170632955622,5.988334654099054,8.342708843315496,0.9582384924819115,0.33775712508408734,7.10953626693231,5.940878897017977,5.127060371106976,2.8135447077828384,2.8135447077828384,0.0,6.395648835316424,5.819266573484879,4.283789299928568,5.672205804554672,0.33775712508408734,0.0,1.4384360455228369,0.5897292213614567,6.176976841413967,0.0,4.583190390380032,7.302172921271278,1.226888228896677,0.33775712508408734,0.0,0.0,3.5596331530708922,5.126728013083109,0.5897292213614567,2.0579752813132397
TCGA-97-7938,4.246810967311791,5.055551296717087,7.125524413958892,2.885828117846292,3.9465268423603104,3.5678721636299175,1.0341448761133745,6.479668724437426,5.628846980713571,5.879121376022271,6.525353652272419,5.9301926846264905,1.3915554970413615,1.3915554970413615,0.4726251899506871,7.511081685343693,7.299087655513245,5.294244081976727,4.714688047893946,2.9821960711413245,1.6543347933163828,2.951095721183301,4.612424807471522,0.4726251899506871,4.484281959212043,4.330853069960553,1.0341448761133745,2.951095721183301,5.549826775818914,5.028226327293285,7.307624760733142,7.740442638199051,3.3809538571850966,2.779173246601093,2.5241594137097016,7.602610999156685,2.3089050797388633,2.0342480268060408,0.0,3.070088072139063,3.768062561667898,5.49179314968413,4.767425080631732,1.5315628537111345,0.4726251899506871,8.153441840090142,5.312284372226649,0.4064646084412479,0.0,3.2013226656206117,6.25968470921297,8.141373289583672,6.759378232941109,3.5153709480518374,5.4842947327201585,2.180982271234797,0.4726251899506871,0.0,5.01226729499138,6.105259641486505,0.0,3.124666239187909,5.6898998892807615,1.8622334655301376,0.4726251899506871,2.5714359661606347,0.0,5.650325437556065,3.71062137623234,0.8031668255984947,1.0341448761133745
TCGA-97-7941,5.356100307552514,5.578298613610979,5.900494435567533,3.3150510849281334,2.5113213559594514,4.113555511243233,2.2067897955391786,8.412054873292933,2.983700177330152,6.33013971264141,6.811268607382664,4.412947373136781,3.3497005577919547,2.657591645942209,0.4988947328980257,3.241931977236432,8.857041152434508,6.036115202941717,3.6923434475550985,5.321941115424131,5.127250240394409,5.084114973677434,4.64252377252944,0.0,3.9532973776101956,4.846483659912259,1.4432888726396988,3.8277975623002782,4.829984341066422,3.1630374805294634,8.50189273412606,6.426755412113388,5.701219192253037,2.0531873980341993,4.265369215273759,7.882982620546258,2.0531873980341993,2.275573543747196,0.28027974268501893,3.1352941959264826,5.188653158834157,6.461718145108925,3.8136204491525185,2.30825896608985,0.0,7.834625846500034,5.516536814338975,0.0,0.830209830948285,3.3363316959009635,2.611172126125723,7.9556600665645725,6.669803880662557,3.477411230139115,5.464496838079389,0.28027974268501893,1.9665247715241372,0.4988947328980257,4.025146312503627,5.264915689914006,0.830209830948285,3.254493902469947,4.688711382192417,2.30825896608985,0.6782365678241912,0.0,3.2032625698844885,4.5586109314881265,4.248876597895403,1.868627913484632,1.078681653179231
TCGA-97-8171,4.484448963083987,4.418973129135739,5.1510057469435315,2.4810241225237757,0.8772588009003968,3.330864326816248,0.9877552130824594,2.356050027662996,1.6511363227897762,7.294091932488633,7.455865126731358,1.1777006949870734,2.526943905579058,0.6111776176926946,0.0,1.6511363227897762,7.952917563269839,5.717182294719217,3.4174053205063637,6.693058453425783,0.44577497151166307,4.606603158791974,4.7889406925471505,1.2606461005153426,2.243450610368522,4.073917339907057,4.524819847667766,3.370253520669432,4.545900957710696,3.522252096571618,8.575616804553908,6.187454760729629,5.4253552217186884,0.44577497151166307,1.5371252508224744,4.720461230322826,3.6468666466906816,0.9877552130824594,0.0,2.213196346845918,4.518714291053371,6.213659648785999,1.595744585302098,1.5371252508224744,0.0,8.518935672414074,6.523092298503236,0.0,0.44577497151166307,8.269772316267343,1.4748316566367867,7.826550871072914,3.9150823209465413,5.818975492443486,5.707903969615372,0.0,0.0,1.0872142437157404,4.121726238963318,6.074798754923617,0.0,2.40792660847137,3.969518029275256,1.3372616675425792,0.0,0.0,0.0,2.9431223232816937,5.337980289604412,0.9666035457477442,1.4748316566367867
TCGA-97-8172,2.40293708692075,4.770362538703309,5.637300733355368,3.369008156222221,3.566728769148636,4.103297696369895,4.016595610766143,8.467210616607725,2.856843699681507,6.8707675907718295,6.989786776931371,1.0481256863608521,2.19037897736986,1.218348970270443,0.23475586664237577,7.658586290881634,8.184591853191634,4.994505912166372,4.876669521428095,1.4292101620967224,2.9983638080279302,3.6995325082962487,4.896009768254952,0.842902500644782,3.744333082298903,4.80949782304466,2.6175272110648953,2.9441336694062636,3.5050677876578202,2.6738451551009224,7.876949608010124,7.993559223231019,6.778194279618653,3.2532501980794937,0.5843920207229079,8.497620897591267,2.1293501278012528,3.2532501980794937,0.0,3.942406710062586,6.93355946866367,6.466507022518799,7.039371088047439,3.049798968508339,0.0,8.168296489794576,4.963550674658184,4.480270008455648,1.8393425559662127,1.9948227547080728,1.7963821017134987,7.1477008819332255,5.3774011530651435,4.862452327548787,5.504412414482632,0.5843920207229079,1.218348970270443,1.9948227547080728,2.0301856440734216,5.79176893165632,0.0,2.6554226837015227,5.721337479902086,2.4722772333878584,1.0481256863608521,0.23475586664237577,0.0,5.062088575685172,4.349753928123222,1.6657237234446922,1.5485620090490964
TCGA-97-8174,7.282932986151845,5.662637511320465,5.752604384353485,3.2547331960147945,4.741561235892406,3.796136170845644,0.9717632809979795,9.19811494505351,5.120684799240213,6.324565034336991,6.693941816705952,2.480789854067788,3.0038789986897596,0.5995505318223611,0.0,3.9175656167400335,6.861790918466151,5.72261077123718,4.93037200654121,4.301654080940447,0.9717632809979795,2.503433954401884,4.919834929769759,0.9717632809979795,4.390317172991616,4.125819004181845,3.3740967888798075,4.393705668478519,3.364678614961735,2.7236479217252647,7.796711812347966,6.712437232500534,7.069176606335003,0.5995505318223611,1.3184704489907901,6.818141245290692,2.3591355442844324,2.0597744052043603,0.24200455895512835,3.233378155868309,4.224590354836157,6.535998603903448,3.9212086875763488,3.2675402668492155,4.674892124974067,5.659781822441001,4.961522077751089,4.464722358447471,0.4366407255766141,2.127243122123265,0.0,7.736887713983556,5.729606154665659,1.5171033012313044,5.525249731235462,0.0,0.5995505318223611,1.1600522642677986,5.937723522629748,6.86742691260746,0.0,2.809685787818167,5.984288863358886,2.513461712205274,0.0,0.5995505318223611,0.0,3.814412381630379,4.5550625042734625,1.0703499789501383,3.6219621058092444
TCGA-97-8175,3.002231110293821,6.539272322624955,7.4688842072573705,2.0292923294227725,1.6436267561707985,8.08653026812436,2.1578136238661743,6.623602969580602,4.136209212987366,6.144277904546711,6.9772160409912445,6.479177621825478,3.1467738393772158,4.3093389995176885,1.1271997455200222,5.109104116496235,8.401919255335155,1.4992435101263888,2.5239911357140565,1.007629399289543,1.1271997455200222,4.04305126783455,3.4400269927039497,1.7086857838901581,5.423799576241895,4.015959507659955,1.5740386880822348,3.48591223476942,1.5740386880822348,3.5378036254162457,5.820082930352362,7.087423318310528,3.019365788913468,1.7697864884176475,3.1906532894243713,5.895600463927502,2.8733216722124957,1.1271997455200222,0.0,2.7478284511106223,4.480788804045968,5.705374539980707,1.506962120844864,1.5740386880822348,0.0,7.278628942320682,6.903179827550317,0.0,0.2984736335299796,1.330411603872217,0.0,8.142810966266795,3.7252957578152026,3.3244099254592907,5.810751695653443,0.5280956349309447,0.2984736335299796,0.714664024022195,4.136209212987366,7.701191135135846,0.0,3.019365788913468,3.2188758248682006,2.8336250240102765,0.0,0.0,3.48591223476942,8.379500007683522,4.346061316966268,1.7086857838901581,1.5740386880822348
TCGA-97-8176,4.676904629263711,5.684079642380333,7.399043280335052,3.0824465230722917,1.7503991353847412,6.261995374241867,1.0238528222868213,9.815262712324989,4.844651545509919,6.839430398625139,7.002174152600181,2.997121308398265,2.407710581035045,2.3526981912240053,1.0238528222868213,2.8706961225361676,7.594396340575737,4.698797131766716,2.0962249097141816,6.6848217056210135,6.049200294258978,3.5176165246767153,3.8995090312477827,0.0,4.440781273868023,3.9664581590030292,2.407710581035045,4.009336631538465,2.0962249097141816,2.6017262585347205,5.731456005744715,5.70012245160249,5.256833694834368,1.0238528222868213,3.1093421693176273,5.8304944176000575,6.318229102005774,0.466622921086258,0.0,3.48169537029497,4.980121102282067,5.925380832774056,2.2944823542908597,1.217431824010092,5.746762139730255,5.825241707773761,7.487095259765289,2.6772747924284253,1.0238528222868213,3.7934016184534793,1.0238528222868213,8.246509818927901,4.86388935361619,4.608178656000545,5.873224219409528,0.466622921086258,0.0,1.5190097959413689,3.161056015884108,7.805992013814706,3.5176165246767153,2.9359079564083252,1.848706749669805,3.211907603104455,0.0,0.466622921086258,3.9424086502071853,4.9081151851057845,4.121491072111353,2.3164189622495415,0.466622921086258
TCGA-97-8177,3.0405909098622175,5.429310540619554,6.679581597750015,3.0072061956276186,3.6839900202901807,5.319574817427949,5.610646928620944,6.21454809662212,4.054600111942471,5.9654695868308965,6.07273112093633,2.1465042182051204,3.1194797089844806,0.7081343103681936,0.2952037138506271,7.851135748046385,8.85679623622453,4.005782893241507,3.75876925657135,6.765517524311461,3.134537236431173,3.429992138049682,4.677276871188033,1.2248924545784394,4.024370852727923,5.39264524587136,2.617833693163632,3.2738222384829645,2.566425190960256,4.502979086863683,5.7854208316808515,7.162777270194124,5.564363306860456,2.4249973970340912,3.4074974942106353,8.995613798311929,2.6903138376119125,3.4628128849423834,0.0,2.4249973970340912,6.935827539975327,6.35884696094034,6.113398953886842,1.8709556648652017,0.2952037138506271,7.817420107963901,6.423871768302362,0.0,0.5228332428902677,4.012016745674847,2.617833693163632,7.646697667112516,5.083575918497971,4.41143251260174,6.852300706896725,0.5228332428902677,2.9185109985599693,0.2952037138506271,3.7825018467701432,6.296860670238631,0.2952037138506271,3.2994931366559386,4.742040996544662,2.7794339898449745,1.2248924545784394,0.5228332428902677,0.2952037138506271,5.131489165462163,3.876024774497279,1.3806031971246,3.5747052114240256
TCGA-97-8179,3.6340166386647486,4.16883186718194,5.777899970574095,4.435926341914466,2.8505908878843202,4.664956809723369,2.027727105993157,9.365444882476584,5.4904489803308385,5.909391863760641,7.192407766873553,0.7720045706374398,2.8505908878843202,0.9369557323177389,1.0784776062477288,4.398465768625654,7.098185537878163,4.8234941416875605,4.573141706602954,0.9369557323177389,0.0,1.5852476736328827,5.091379294268252,2.0775522581070285,3.0344961516047744,4.554578750503106,1.7991653114886481,3.613306948515993,1.502387080106744,2.5369771420790026,7.08071649750973,5.953679602745224,3.8033102104888985,1.502387080106744,3.3241471365474706,5.90622523544637,5.840740489698626,0.32786386208461277,0.0,2.7809226484045864,2.7809226484045864,5.8519581970663195,3.8702380474073292,2.1250003000003717,1.502387080106744,6.776749836315361,6.152226183470221,3.8101231613993005,3.5258927681763494,4.344550598685905,2.2950669020892467,7.266911142892342,4.104939899535323,4.067848282334715,5.281049124981517,0.0,0.0,1.0784776062477288,3.205624411432376,8.78579029899055,6.328252805217716,3.8942255663975653,5.835085553098389,1.5852476736328827,0.0,1.8613943568007896,0.0,4.16883186718194,4.755743044467466,1.3823114398089484,3.0156525409891217
TCGA-97-8547,2.4616721403150863,6.549438988771279,6.040295186648751,3.2975021453233904,6.117486879676388,6.1572056548094,6.221611517134518,6.365867173014328,3.971986702999909,6.801043851253355,6.911617809796434,0.5687171021817683,2.693849851701069,1.9640587481362715,0.0,4.759349436835766,8.922100810823116,4.922554254312215,5.653180169550735,6.139196815789758,3.501742321022078,4.489683012821355,4.964437766139161,2.0661409800655366,4.9662026222522835,4.686648785352483,3.8161638749779825,4.351603509012443,5.5662430606341395,2.693849851701069,1.7220877959787357,7.876486646795727,6.297749998633401,4.409143136538013,3.74633435177599,6.6788086724659745,2.924161081052239,1.8503742294879708,0.0,3.728088147964217,5.123928264479774,6.016301051784415,7.026009314811634,2.3216325332474743,0.0,7.968374900140152,6.620307845667107,4.048087686566022,1.4021923162726633,2.3941062854615036,0.0,7.752189041754691,5.942809873759254,1.193346545084636,5.256145503031099,0.0,6.423443372815383,0.0,3.2975021453233904,7.492258782425338,0.0,3.7818596488828105,6.4467906743870715,3.0405478829680117,1.7220877959787357,0.0,4.106770374396309,7.295266849174153,5.192856845889877,0.5816568045265821,5.743025623455237
TCGA-97-8552,3.689489268139562,5.953622483180979,6.698719247010492,2.8245702172629406,2.5325374119518687,5.347802527246659,3.4687812609856867,4.63898206697681,2.579845548554838,6.899575919033859,7.310550158534422,3.078772024066108,3.1333702227213056,0.4761099476774964,1.8699234901974093,7.3630322513686,8.234156313324183,7.3501885651902885,5.792492130975017,1.0400293312358118,6.118205121732795,3.857387289261931,5.137520482889619,1.235180731450129,4.437184576681442,5.035646555099821,4.415307868992527,4.5000807446974,5.860786223465865,2.1183136363804578,8.406348777749532,6.847836470520843,6.71141430783226,2.5325374119518687,6.212948722419039,7.228265076764406,2.189057988003159,2.430617644666245,0.4761099476774964,3.9554559883496165,5.52788026966443,7.0740152022287415,8.899381484219896,2.375473035499882,0.0,7.229150135294076,5.037270733622711,0.0,1.3984205409177313,6.7127046502073675,1.6617077298677816,7.601402334583733,4.807416911589316,4.5068305219268145,5.563585104162644,2.0421679316902774,7.0594457922225695,1.6617077298677816,6.060148370844597,5.990731778698776,0.0,3.610258235645732,6.87341639030926,2.8601072622671597,0.7972819452919528,0.7972819452919528,0.0,5.167012065770046,5.3467312694638895,2.1183136363804578,0.4761099476774964
TCGA-97-A4LX,3.0133806212710144,6.260754771646206,6.563595972399527,4.1365655776560635,3.0962877635437485,3.681655927149566,2.621576861162866,2.8493587729161707,4.157432031092357,6.821470547012965,7.273175868035433,2.5554893679098827,3.1728444517328755,0.36457366673208774,0.631165388204064,6.209915103528038,7.216121942626751,6.227439423737357,3.19110578184256,6.461765007295054,2.137533547365045,1.7645595493014006,4.269021696954972,1.968328400241961,3.725013678187317,5.026908825636085,4.129512200960088,3.7355650242257488,5.277502226834117,2.874502053177678,6.438124380263747,6.5832612167390065,5.680517259515871,1.6012444374055725,2.4085564220673703,7.014104305901678,4.025151670732482,3.1159833721469763,0.0,2.969193207316814,5.707173385680296,6.2978640994729025,6.958258261155244,4.427277208544781,0.0,7.253859549695153,6.740599734626656,2.785486437956942,2.6530518056830825,1.5083571145943309,0.36457366673208774,7.3339702780088984,6.721688316906422,3.260973165788399,5.391971630625825,0.36457366673208774,0.631165388204064,1.405949918778332,3.9086192191144984,6.4907569178603,0.0,4.0093130422033845,4.310329216337831,3.1159833721469763,2.4473691858422377,0.0,4.191270103294277,4.498274047420264,5.929243338925571,1.16302580199253,0.36457366673208774
TCGA-97-A4M0,2.3149187201528627,5.895025230068073,6.3992020713218105,5.734615545578598,6.075001144035774,4.958801502789365,1.9997081611597223,1.7159577558117731,2.957417549868282,7.5848492942198344,7.185091517379669,3.345413317089098,2.518107678376891,0.6483589977698112,0.37583030297847364,5.5664075145042435,7.8797985480257,6.1251296807887705,4.942656194283394,1.6303771484477563,1.7947882112880646,4.060882569098816,5.084771361093409,1.1881482539789647,4.091848115356753,3.6178962102923435,3.7710813674857175,4.902812490234125,6.840386088611282,3.069410153231202,5.329292640847357,6.881497542223676,6.189843983275574,1.9359608182016452,0.8622990633052576,6.906016768648417,2.5890789598090174,2.804020768863006,0.37583030297847364,3.7605208152538117,6.504927190878454,6.923234849830523,7.044495268549602,3.4227403237969627,0.0,8.479084180093423,5.4538841860331715,3.274628362037608,1.1881482539789647,2.441712051200726,0.37583030297847364,7.181835261015633,6.212143062716564,4.912919556589984,5.45583380442302,0.0,4.129251497219443,0.6483589977698112,4.114457598852658,6.50962569997212,0.0,4.266272009151991,6.0009915210315175,2.957417549868282,4.484032529879102,0.0,1.0384375656320395,5.798859293900735,5.656264500909257,1.195073321138903,0.8622990633052576
TCGA-97-A4M1,5.022293736253441,5.374722697750442,5.884149344516009,3.0477790340146744,4.527555611345455,4.06506507096961,2.8976617876075115,3.5902269449445754,4.489823305494547,6.892983714637984,7.093886237450039,3.5902269449445754,2.1783361986540504,0.3984404931711999,0.0,6.579308154833273,7.9487843577148585,4.891543902915934,5.309133658981886,0.3984404931711999,1.237620323738154,3.6805599427514872,5.104987439374446,1.5924545073936869,4.4391203241970345,4.865170119164309,3.7634069810993624,5.220588230502525,3.5203099035303334,3.311699278967836,8.232743223416284,7.1664049606135665,4.670274172220137,3.7049397936604493,2.283463433786459,8.03911545411005,1.0844795570910524,1.774070606356971,0.0,4.06506507096961,5.220588230502525,6.989058730046172,8.303759843116913,2.1783361986540504,0.0,7.7630000502891505,4.834820522188425,0.0,1.237620323738154,4.4013745017195465,0.6825916666204287,7.244520329871925,4.649560207522552,4.589099745410563,5.152169577989375,0.0,1.0844795570910524,0.3984404931711999,4.89520947801355,6.460827346065843,0.0,3.7519833529228275,6.819831849835721,2.4654264704998736,1.3703936115882136,1.3703936115882136,0.0,2.654361056500091,5.353737882228536,0.9035701674647747,3.380640870266755
TCGA-97-A4M2,5.644587871542127,5.217665723510988,6.070800081716655,6.951485041843462,4.057559547013433,4.405678461932614,3.278151772927018,7.863785820025152,3.121201252088469,7.578881774172814,7.099820874725485,1.358357742426868,2.2178765170670798,0.0,1.47508332393395,5.283330624239714,7.472210765233097,6.653469297148785,4.182646911104365,5.409482999858189,5.1640428407255685,2.909024486839806,5.364414048122888,0.8940042222949149,3.9974940300172443,4.175492812404406,3.3650450229576765,4.399781824261967,3.574525843750644,3.222142483524281,8.39476789713182,6.667040758369617,6.115393104745654,2.2689662599703695,3.574525843750644,8.03161937345644,0.8940042222949149,3.6142259485685444,0.0,3.504644067114708,5.22805583350737,6.65656969954272,5.293063589599488,3.2961442261717604,0.8940042222949149,6.763347812851198,4.890108497768809,0.0,0.6746267309225663,3.692794281169017,0.6746267309225663,7.638838694259878,5.6101199367441845,3.259825811197155,5.133277615388609,0.8940042222949149,1.9139181031617623,0.6746267309225663,5.669815403592792,6.599086518510871,0.0,3.099731863572476,5.248512437679021,2.882406788241868,1.2261842926911553,8.385579957947618,0.39312258490977786,4.980114229028303,5.557468783034704,2.0087373853512998,2.7375507492198317
TCGA-97-A4M3,5.644527747438887,6.039816520047563,6.548965242668856,2.4084124996413094,0.4093243184338849,3.055542446149623,1.1063489500398316,9.361970735615948,4.114019730415322,6.505302628862678,7.604625520342206,0.9232663456105803,3.0314323735382436,0.0,0.0,1.955832190965213,6.802213635810602,4.756396594298103,4.259897135565751,5.664015478984458,2.7188516547960657,4.054416265457236,4.335944737336864,0.6989304253156726,3.8067980361390514,4.367935316756323,3.229981923208305,3.055542446149623,3.580776291948346,3.5375884315664696,6.213066911403363,6.53584631290261,5.464700072040483,0.9232663456105803,1.618694933696777,5.271603713029613,4.769361715909576,0.4093243184338849,0.0,2.8731125600060805,4.591301458235045,6.379734325962429,3.4924539019337075,2.2616485085752855,0.9232663456105803,6.792611507402239,5.615486636736073,3.1849632386488804,0.6989304253156726,2.844100917563734,0.0,7.668607835896095,5.962517082961219,5.716975068442184,5.201679806163774,0.0,0.0,0.4093243184338849,4.882854951483345,7.709025655481995,7.245012921377186,2.844100917563734,5.2663931689633925,1.8816001732278445,0.6989304253156726,1.618694933696777,0.0,7.756131129557651,4.660548126837406,1.1063489500398316,2.4084124996413094
TCGA-97-A4M5,4.917627794421272,5.47058858748849,6.375476165996974,2.944791548585485,5.79826503935433,4.899077839234064,0.3498114439173297,9.516272396359136,4.219532704863612,6.50941870241142,7.0019284489993865,3.143906558830444,1.9260863786784774,5.898482654737667,0.6084059521048547,4.941849544015327,7.614085184338896,6.202294597480841,3.697925911249769,4.296544996128455,7.586646321993879,4.929808390132279,4.753374650637808,0.9839493803479699,4.255814107975969,4.400325681178396,3.465370210942609,4.037687787246218,3.758312228829273,3.278818802653414,7.858517000371468,6.628074444415842,6.0730399257948555,2.041246302548293,4.497331045520602,7.661898776977024,1.86313394688271,2.3638212924646194,0.0,3.3547414909553424,6.395944169784854,6.347271864767865,4.021454822081315,2.8997278528201895,3.588393151268193,5.785482270139503,5.724486656214492,4.884898208691009,0.6084059521048547,4.404531490013952,0.6084059521048547,7.517401278237149,6.200598419553091,4.80762928130946,5.491517041489175,0.3498114439173297,2.4024575769164924,1.3689701599866868,4.547367329245297,6.46323848343504,0.3498114439173297,3.5649701913901164,4.968402582760564,1.86313394688271,1.5620947009235797,2.1923683605350464,1.1294001088204275,3.8515020032430116,4.108881717231198,1.5541788701160757,2.144491650684016
TCGA-97-A4M6,3.673209824205471,5.409415888316545,5.779378386896874,2.777395899227411,5.075142564745535,4.6201967200047145,2.590452148335437,3.843491456087197,2.221797941624383,6.395358421474661,7.125419848048088,1.1891839868524967,3.049405733099767,0.0,0.0,7.932415993522127,8.068503204171508,4.093305689447266,4.555114020777417,4.054447487054259,2.1709946726064486,2.402557116770975,4.878862354486596,0.6490907943630254,4.611154245735233,4.094601195955514,2.221797941624383,3.4820028752635985,4.07794414085432,3.171536807276079,6.090028518495489,6.480131981418341,4.100899696970486,4.130711849250055,2.688289572924055,7.040790298433877,3.813693271354937,2.31625128375786,0.0,4.480336855306705,5.860703598969935,6.2764498615744415,6.643794941467442,2.4820024366406104,0.3763108906778131,7.1103123758879425,6.199707635858229,3.4783466766823476,0.863143087663263,5.9170049746885915,1.1891839868524967,7.791225254221523,4.038551686199093,4.758672083973345,5.419587648021893,0.3763108906778131,0.6490907943630254,0.0,3.6847459228323296,6.4456515630879165,0.0,3.813693271354937,6.531348362393984,2.5555903133023934,0.0,0.3763108906778131,2.5194690941371114,8.224305593696684,5.106072738529367,0.6490907943630254,2.1709946726064486
TCGA-97-A4M7,3.394253327427724,5.973608573850768,6.3319252477926335,3.8944820586034408,4.134406267795947,5.489280642560747,2.533926946205134,4.633252170115047,4.070476984197095,6.100785211017446,7.018303316153669,5.567775639698537,3.168680874448442,0.6203076343829877,0.6203076343829877,4.251174506754888,8.850242433412967,6.006951502726265,6.046362212937388,1.3883422627371909,4.568524873641347,3.8497645496315736,5.079427256513442,0.0,5.556221700293435,4.585103183747935,3.553898439866941,4.940248594539257,5.715500219610189,3.053892685226402,7.761600231739122,7.028759786787284,6.279355972643876,0.8282024115528102,4.91534978065438,7.691108727428231,2.8524391037275145,3.5034621103125096,0.0,3.168680874448442,5.66467775477544,6.574397786505108,8.802408223224226,3.40857675366539,0.3574646320529814,8.176695262558626,6.082317079073723,0.0,2.4632913806487693,2.261221285052738,0.8282024115528102,7.076712935317959,4.528645449657177,4.568524873641347,5.580819797788813,0.3574646320529814,2.7200644072993567,0.3574646320529814,5.421344406127434,6.725190892707491,0.0,4.05569728462322,6.868009788157137,2.7479821996935554,1.0002641656503337,0.0,0.0,5.400223924154346,4.916266004848887,0.8865323097098796,2.9008445045216726
TCGA-99-7458,3.7068470654643866,5.933297683777259,6.381120344009383,4.976761328246979,3.807302285057659,5.3528671029681,6.802153623141242,3.3255574674534105,4.162459492876202,5.659558867874037,6.538045752772945,2.656174280880835,2.5059748158213946,1.0940351629249963,1.1991511990467187,2.9022069998565856,7.9131917750867045,4.315121314876753,5.204451643014273,2.5059748158213946,1.4610307072339077,4.10409520317157,4.28575937201184,1.6039227317459903,4.783433519321192,5.106218163989985,1.7860263998801875,3.4380113547848716,5.577882838335302,2.9022069998565856,7.732325380902501,6.984577421583421,5.779004349998874,2.114205221616127,4.301759735204576,5.552533137416657,3.459060547106343,2.6791567774472287,0.0,3.2892000763420253,4.7409939491224655,5.893024474294729,6.509753748952519,2.9202163876777902,0.0,7.665401917416694,6.040495158558126,4.0092549737769865,0.2859305394129746,4.450283235179864,0.9765199814236278,7.47147122121359,4.2258639320856695,2.7661304121787347,5.154117842656114,0.2859305394129746,5.206267864949883,1.0940351629249963,4.047906130560732,6.173848601948893,0.2859305394129746,3.548651403127034,6.131569908768856,2.5326248109960967,1.4610307072339077,0.6896912155865549,3.19884045048852,6.669779776068918,5.269058469330485,2.656174280880835,4.808053885494924
TCGA-99-8025,1.5401735755323187,5.733007887996508,6.793880844781293,2.890055041080022,0.5106656109646251,4.27633689816215,7.871993915662965,5.885770642548918,4.360644660866311,6.604514122654226,7.2760791104096185,5.970077465226335,3.044203339197856,0.28758206745144754,1.3860443298646814,1.3860443298646814,8.071509031981034,6.611707645931854,1.6737076474519188,1.098378928108319,5.078997744687483,3.849822016798149,4.253580859774223,1.098378928108319,3.366975088899378,4.138246608509229,0.847112128854456,3.2577772562872624,3.6546528496143096,2.6622784768560415,1.7343245465748325,6.039921322376176,5.747997107664767,0.847112128854456,6.3848621346978165,6.42128887890528,3.931498128120155,0.5106656109646251,0.5106656109646251,3.5357923751293825,3.389701557148671,6.270655673286695,6.261159568107855,0.6929971693088202,1.9921392132770392,6.768159822747392,6.4432676088242085,2.145252690183571,0.0,5.420203085788019,1.6091778786282405,7.4755716358637825,5.228098744135266,3.60154438837912,5.518460420870007,0.847112128854456,2.11997149355979,1.9921392132770392,2.6622784768560415,7.198146179244836,0.9806167304304021,3.9948114784968904,3.149564331198021,1.9456243939454962,1.2990465925556105,6.3323555778909055,0.0,4.3391387054961275,5.428384641037639,2.9721462984144598,3.5831938856321646
TCGA-99-8028,3.2235449077164633,5.888969366897373,6.649949110593363,4.271493039460564,2.3892397396963254,4.289368435258939,7.531884587742626,5.217443480207863,5.231354575908991,5.93671792843288,6.491178666119254,5.54666851977407,3.3670544215394544,0.6212751683221504,0.3581638349901513,3.6156526320949234,8.253542700113547,5.267528207728156,2.3489532789215737,1.7469887163912963,3.725264419563368,3.321468513624697,4.490101587910353,1.8868575053193724,4.247148621477016,5.325192960553392,3.2737048611468786,3.240547293028237,3.6609479770602227,3.188651641309597,6.2504075812199575,6.344711371754567,4.004286731318638,0.3581638349901513,4.306931252113992,5.58619192047407,2.949049387513577,2.6637847848041947,0.3581638349901513,3.0354528617489236,4.911161123569828,6.390532570766044,7.135512172450305,2.7499915688903815,0.0,6.662685597334232,6.34244002993104,2.7658347151967786,1.1484495235152814,4.52970175036193,3.580280366605592,7.8009206694545545,6.097366166342859,3.543610878022689,5.5297306293447015,0.3581638349901513,0.6212751683221504,1.276479495112684,2.878962474400086,6.853106888865958,0.0,3.531081715177519,4.301112088726447,3.630370717233343,2.501206417201453,0.8294247988524931,0.0,7.465351886887791,5.1866481036377845,0.6883858634582348,3.321468513624697
TCGA-99-8032,1.8057609888638686,3.861645081434939,6.434986229484162,3.9780036112615735,1.6681406886878365,4.194450798297451,3.5104433392049588,8.440042132227822,4.900612073051312,6.685666171546532,6.512961528853309,2.1772939418473407,3.533549329014475,1.868056709850449,6.789043812467175,4.217767957398064,7.396825970945098,5.67136258340009,3.5672399292531303,5.229947515229424,1.0837016759323554,4.596850674625642,4.459003879382435,0.5778485561964825,4.809245080583805,4.63336884034677,2.738999621746145,4.300662011988901,2.4131599901044276,3.4625621216803943,5.234125452002127,7.750636256430293,5.256802423661176,4.088799215166471,2.5745035702663484,7.221083168117472,2.6323923104964737,2.5130485911508806,0.7762927616466142,3.1140351740572254,5.272979045532844,6.034389927959413,4.013963880775195,3.0786661822902603,0.9417635278471861,6.086406477298558,6.528380343008266,0.0,0.3300948010833878,1.0837016759323554,0.5778485561964825,6.861653747199233,5.5201120084929345,3.3728253416063785,5.734001253240198,3.8698375818607857,1.926698204414637,0.3300948010833878,4.182585876972534,7.876304439352048,2.302165004769342,3.671985043852131,4.959945326442454,2.5130485911508806,0.0,1.4180352469039532,4.321654090458218,6.932028291357528,3.7413248345953685,1.5640639065457829,2.713395887426962
TCGA-99-8033,1.2071078848214085,6.718956389489139,6.960091529302019,2.5430812138390726,4.513432018943352,5.495437219770505,1.667121743773652,9.062445748820632,4.735241850649855,6.638935522591416,6.9996870310480865,1.667121743773652,1.5075380684052548,0.3297353086827804,0.3297353086827804,1.667121743773652,6.549158489480706,3.9545440357692527,2.339399066116762,0.7756023604961382,3.1961188377455847,2.9007345449317112,5.176855698010844,0.5772872944654103,4.107023839379174,4.504443362621609,2.5430812138390726,3.1800060901147944,2.446417002674143,4.32558061408042,4.304698676231831,5.797624911185491,3.835411903056306,1.7382707842770688,3.4735180432417816,5.794061839285923,5.874053942090698,2.9427955241706307,0.0,2.176171168138387,3.543674475255653,6.03593109217825,2.4796847058068487,3.609227295166317,6.855046246067455,6.761446603438134,7.25602903153131,4.664212379955148,0.3297353086827804,1.9810014688665833,1.0828554660556715,8.416039370752378,4.7417008263690725,3.5208305566067004,5.886059586018027,0.0,0.7756023604961382,1.9256199743557827,4.98841013483759,8.32547563010188,0.0,2.411995397177152,2.9007345449317112,2.5118812096007495,2.787132447680622,0.0,0.0,6.0779999775196725,4.369200986555102,0.9005271366946769,1.7382707842770688
TCGA-99-AA5R,5.075586230179091,4.897899499661386,6.5645168029041745,4.630057901495871,1.4486351565264644,3.7177997030091174,5.272029857786652,4.506194797505176,3.146666357106313,6.85184608454262,6.780194597561657,4.768317418062457,2.325236599553783,0.0,0.966489427406901,4.398728872490495,8.111051854717049,4.9453640601457565,4.232089980023926,1.7725766498112812,2.517752922630562,2.8808543888570575,4.725873398220004,1.3122171577235748,3.663618054795058,4.129216087765438,1.6758060088776008,4.03201870245399,5.29680121777513,2.9399711183874486,9.259178154059484,7.170634795299977,5.326268080391722,3.192293628137656,2.560593731634335,7.970038935064089,1.860803450519989,2.7850667962507414,0.0,3.887201484529456,5.713224425481056,6.759279632315903,7.4096208813766165,3.606329021391341,0.4336637624668432,6.404719237490976,5.669249689311702,3.656913958106886,0.7351524747049755,2.4729858788923065,2.8499316348981423,7.250046268066029,4.786007308220697,1.6758060088776008,5.169403866454698,2.8499316348981423,0.4336637624668432,2.2130213706313007,4.67154764025122,6.661825328348071,0.0,3.5455603174182984,5.438509651095327,3.3752024213850693,2.7509819684857226,2.560593731634335,0.0,5.352322480626543,5.012380437114646,1.0906137185568434,2.517752922630562
TCGA-J2-8192,2.095905267710501,5.457476909620644,6.603850324294496,3.1256107524055294,5.199584837180431,6.787387154861932,3.4470721891950595,5.382713660520068,6.560708124493891,5.6597017038654664,7.006649935956352,0.3187445979035987,3.1419602226997068,2.819424597076813,1.4767518766804653,7.055114376709538,8.105458470294478,3.173878458937465,4.001565675989303,3.717683116940535,5.320431046793148,2.819424597076813,4.521334125975705,1.6350081885456305,4.341632933839457,4.595053181245603,1.9990446046078068,2.265340026964133,2.375900608379686,4.6750786382030585,6.102531748615634,6.405907566227637,3.057401055927359,4.26551809899725,3.108989527738424,7.5479340787698375,2.773613197285969,2.9650204568466716,0.3187445979035987,3.6119822109426747,6.064877635028425,5.991619535096723,6.075260969999828,2.141030404348958,0.0,7.486938372410089,6.01938122510219,4.104732091219604,0.3187445979035987,1.8334930481289875,1.7056386047053833,7.468895618483735,5.444052736773948,3.8618007162570724,5.296275282913812,3.0214682440961305,0.0,0.0,4.080728955778878,7.060605113076347,0.0,3.07489459380022,4.62114195549779,2.5957993347396298,0.0,0.0,1.9990446046078068,7.818365909581093,3.9155926267424097,1.1248646598121754,5.277287786853513
TCGA-J2-8194,2.9147608013788666,5.428367080156258,7.037739136538493,1.5016076828753464,1.960869132049779,4.489694236959537,4.528106619596429,9.00595233129535,6.402361542435452,6.559266734846903,6.82423235571086,2.2285186584391643,1.7573750423662242,1.0095624718345988,1.82990588758455,2.318291105315663,7.124961237629593,5.9026989050219925,5.191872930327173,7.795341963207937,3.0679226940944817,1.897529900858848,4.461548052653398,0.36193110608443596,3.9517224501250396,3.9105659444301457,1.7573750423662242,2.705079125157256,2.2285186584391643,4.830639031708569,4.724232403142855,6.228288099065397,4.574135555247213,0.6271142099555073,4.342286086429749,4.141984859198364,2.8154087194227095,0.36193110608443596,0.0,2.788941779152551,5.291081248883409,5.73158244951388,2.67548568622881,2.1298851001440537,2.4767652651379715,6.002409432732504,5.232279054619645,0.030044121348376668,1.0095624718345988,3.047427737060699,1.1570384171367218,7.785417442350759,4.450103420015356,2.9381296434175326,5.4914346063552735,0.0,0.0,0.36193110608443596,5.275585954545945,8.063651714326232,5.82079780829738,2.1298851001440537,5.999167304554329,2.618949369995623,0.6271142099555073,0.36193110608443596,0.0,8.616127704473763,5.040265291214388,0.9387955872142245,2.9381296434175326
TCGA-J2-A4AD,3.3677991515747716,5.867645833337252,7.916727283565044,3.2952663329109013,4.494349233688614,6.3517108561237565,3.9306308015507097,7.729581473395672,5.188714531632078,7.371564764064545,7.325346566888142,5.128015285578284,2.1649538790040497,5.981532891080438,1.446471824152207,2.5474353400679455,8.210958749769793,5.45379430935675,2.411457434964989,7.40545310910257,7.765174601264754,5.235185855107921,5.1072900241331185,0.9646998710818426,5.17042717524212,3.5437727539335944,1.6985653822525402,3.5812051526058406,1.6985653822525402,2.117242978906586,5.867645833337252,6.628812243006504,3.954260317913253,2.1649538790040497,3.6035611884565983,6.098465216977223,4.551643873955589,1.2343371073073546,0.9646998710818426,2.799005457432321,4.029222759898016,6.378947270273234,2.8472554668225367,1.2343371073073546,0.3407487933884732,5.458993849783615,7.032580129427567,1.463533141460693,0.0,6.071125643515662,1.2343371073073546,7.372840583071326,5.154452769783723,2.5151367476957804,5.681284618491637,5.462445250983343,0.5944312076207876,1.770212321139958,3.906429390291586,7.5527673307901,3.486417432963288,4.471409052689487,3.9385695082576713,4.03649120107985,2.481751678094699,2.8705317965697454,0.9646998710818426,5.360996347311589,4.348078099135855,1.1945586297153186,3.6035611884565983
TCGA-J2-A4AE,4.045619895907637,5.527804753121303,7.353261276627473,2.551029852154764,0.0,4.189833513924565,1.6364887179104144,6.305709433452462,3.228101140486081,7.509915919322636,7.1815311062593485,3.3998564830593136,3.180118364396825,0.7802418874108791,0.0,6.1595646229930825,7.875351105174223,6.223659015022607,4.180840250711714,0.7802418874108791,3.689056938362675,4.291883084820916,5.459010880989041,1.0199297666336409,4.441760271445706,4.992674968719263,0.4643627493556498,4.4624238948708586,5.9838884205998495,1.8435767929549112,6.510845965456843,7.371256563731891,5.8485896394803065,1.8435767929549112,4.299934954288721,6.74766164137904,3.180118364396825,2.227236351404191,0.0,3.228101140486081,4.066092539106002,6.751123690912072,3.3596042565637925,2.2890134129639508,0.0,7.43045808889402,6.228333473040668,4.352578513806928,0.7802418874108791,3.6741743622792393,0.4643627493556498,7.345280911781983,2.7345687878630174,3.5117215427268045,5.6637726502365044,0.4643627493556498,4.014101139962295,0.7802418874108791,4.602163670947727,5.755330736536778,0.0,4.631373851484728,6.516105794127499,2.961218465522115,2.1613901243270033,0.4643627493556498,0.0,4.790694940395793,5.428402201610641,1.641091606235895,1.21316046818493
TCGA-J2-A4AG,3.4643411806267794,6.598235149151106,6.964655326114949,3.0830331919557934,1.3387047260269591,5.044804809866352,3.9554100274508435,6.967306383608661,4.243693733233165,6.529175012918804,7.207607987860619,3.6705143430959604,2.3031049578408966,0.7541011598969427,0.0,2.357830567220024,8.013568247086948,5.2326849139522364,5.340816354129063,0.9889834172675956,1.5973248445502983,3.204318377533215,5.439335041899548,0.44647908419877846,4.123662235070665,4.928499285886015,2.5060564085107346,3.8169032075000415,5.154591327513445,2.409725024551948,6.4846398157774345,6.238336343720844,6.538988956639988,5.25055467434845,2.3031049578408966,5.983094616763784,2.4590502352427728,1.80260049240593,0.0,3.248989812771486,6.8299656146325995,6.840254508045008,5.205269625497964,2.8189413943280694,0.0,7.219942141508696,5.780934855510409,0.0,2.9449861978360428,2.9741612836258478,0.44647908419877846,7.5913671425587435,5.70702720482109,3.410054706160523,5.571065988000837,0.7541011598969427,0.0,0.44647908419877846,3.4643411806267794,6.2538788103255145,0.0,3.4643411806267794,7.299107939968929,1.9728441502953942,0.0,0.44647908419877846,0.0,7.3481176650881705,5.564616188176174,0.0,0.44647908419877846
TCGA-L4-A4E5,2.931055076134642,6.382181432867238,6.583034324784258,4.119415964851084,1.4316022788244323,4.010100262431702,1.7927090182636432,7.040002096893736,4.722864328804734,7.471152479784182,8.099287013137463,4.664570529269539,2.2182356245256836,0.6471555967089523,0.0,2.978464031987471,8.331475474192409,4.819208409333615,4.869363545870965,1.0368432622704777,2.828921795579942,5.337797661391691,4.9402342887969315,1.186409467945347,2.398931099780688,4.8956358805664575,1.6283774222534948,4.141363317102261,5.572594999576132,2.478343492646325,5.44747847629077,6.549094078026037,6.719929401169613,1.9338086489529265,1.4316022788244323,5.3992932838880385,4.257378525733752,2.3567228380932472,0.0,3.2235966641506955,6.419203083776497,7.16712274985362,9.722343302444589,2.9064856730397715,0.0,7.470896274636473,7.581882725704827,0.0,0.0,4.291643671177983,0.8608625849645377,6.8572153849277955,6.967683187562025,3.0456075630476396,6.065130814581696,1.4316022788244323,0.0,0.3750746267840959,4.565473599625113,7.2004174302305435,0.0,4.423244150965088,6.222266696349464,3.241552748785844,4.766404290451561,6.126613692963817,0.0,3.8395877872871678,5.995095447404297,1.5742458732650917,2.5519108785684743
TCGA-L4-A4E6,6.746248777982099,4.294628819390228,6.566251806895318,3.537227732621094,3.1698494327991553,5.0147335514224105,1.6955238613472292,5.202698138993375,5.139550213855253,5.824846049381232,6.735576905731204,3.097173619288556,1.7927090182636432,2.234616696553282,0.4422469522006927,5.672553211304392,7.7518537410340915,3.6445330269042295,2.5829555002504345,1.6955238613472292,2.4482080866719595,2.2924438439171535,5.079084906933835,0.4422469522006927,4.487268018235762,3.7414292088245173,1.6955238613472292,4.232008653471634,3.018799175148156,2.5400259490090797,9.780477756133065,6.936187232976371,6.727776575562654,1.8812801951664668,1.4672289786158899,8.031807868132024,2.2924438439171535,3.045612319776627,0.0,3.5532802106731296,4.487268018235762,6.34463234820463,4.582693466492206,3.1219904050244907,0.0,6.779043112354001,5.229867204910308,0.0,0.0,3.5532802106731296,0.0,7.789864419973291,4.710862646546112,2.840807961216925,5.3738421916342825,0.0,0.9815539903261833,0.0,5.384105078498219,6.686567314261391,0.0,3.2155222077753454,4.093617631405238,2.9629146170103122,0.0,0.4422469522006927,0.9815539903261833,3.1219904050244907,5.05978729755586,0.5343858881750038,3.259195933464783
TCGA-L9-A443,3.027938054890209,6.130782912856704,6.772698151587474,2.4076745719247366,0.445710936676691,4.405069106041992,2.4076745719247366,5.1023876371471815,4.265423995824991,6.923372689877214,6.668143111375305,4.910999103920909,2.4569957390271617,0.0,0.9875689898747851,1.9709093348563747,8.450557539502965,5.693540201191936,3.814703408095999,6.689639069381952,5.227438789664267,4.093742714481411,5.250968912614783,1.337051594541439,4.432137355096394,4.446193211648798,3.530238290471992,3.4796203166734947,5.868335999626831,2.8818242204458713,4.035913574297237,7.00201945737222,5.5317240710685285,5.112583996131529,4.296487809311363,6.956545443151569,3.5465581142735267,0.9875689898747851,0.7528772847677117,3.1553991397831394,6.033366757984414,6.4157792141078,8.489665764533985,2.5039900642642667,0.0,8.084047486134594,6.235069332318835,3.7769887698148765,3.1790533306810294,6.203330747467196,0.445710936676691,7.232010331664759,6.958647993148142,3.653889379177231,5.594209394892535,0.0,1.5955215271742529,1.1774850814888331,3.814703408095999,7.24479164216832,0.7528772847677117,3.4967802515558852,5.7141287667103455,2.1817611885791246,3.8863502626670883,2.116291658727666,0.7528772847677117,5.193723223818112,6.318243526972506,0.7528772847677117,3.5465581142735267
TCGA-L9-A444,1.3955513823825674,5.8801753805679144,6.440410511827682,4.9733348693417945,4.098095850666555,1.9564826342793882,5.929841771051308,6.063796836526981,3.445918962901122,7.63791400350784,7.274327086998181,3.6819656084698233,2.685627344000193,0.0,0.5649160026628633,5.569107571329599,8.370989847687806,5.049201947245073,4.9733348693417945,1.5678864852758652,2.8738244928206553,2.5763304997069536,4.333077957941997,2.235622302355,2.453605163287265,4.62403119362901,2.685627344000193,3.5160130560907366,5.871650074480005,4.763651475175796,1.3955513823825674,7.308047028316304,5.029522469814738,0.0,1.1872029734499627,6.727996834607333,3.1363503710628575,3.4698337451632417,0.0,3.3169313237423745,5.27883378835028,6.660322877304616,8.584333948798262,4.480963185783886,0.5649160026628633,7.933764616230593,6.547185617611124,0.0,0.0,5.589175639530286,1.9564826342793882,7.468050835822317,4.136314697376574,2.915817474366482,5.202434022516474,0.0,0.923703191589609,0.0,2.453605163287265,7.078729362707452,0.0,3.4214182221486014,6.4464512978217305,2.386089494393794,4.4188960279476195,0.923703191589609,0.0,4.862305418249551,5.599510255477764,0.12812932771052774,3.28900618250575
TCGA-L9-A50W,2.2249694376447784,5.610771316741307,5.624400104467425,2.2647066785546257,5.847905906386521,4.460524688445126,3.1249343080172842,3.4930865650100253,1.8329014125592302,7.21810352193283,7.598148671345461,4.0672662310669585,3.590814483354904,1.6344426714236664,1.4762036185285252,8.780827418370663,8.891999759459498,5.627106592858284,2.9045266584867466,5.961389286524784,1.946238666516114,6.127526173489569,4.528319378775981,0.9165307030787622,2.3752591804834697,4.888957182470987,2.3397459938821723,4.4988002721704206,7.107089627384716,2.5653031410265967,7.869451405531977,8.187891584271346,5.082565181659242,0.31852645574676197,2.7000381904920325,8.234254517905638,2.621395124266505,4.000870529001755,0.0,2.94480207113531,6.856188262925702,7.129585968870804,7.764563486598081,2.7000381904920325,0.0,8.082053104318272,5.496011819208432,3.3997763725067083,3.2775144759495785,5.029169142977198,0.31852645574676197,7.744197284367189,7.03936232123159,5.084888969920397,5.123600818230127,0.31852645574676197,0.31852645574676197,0.5597872018146528,5.971009256873675,5.201448472579716,0.31852645574676197,3.53770475831681,4.477717423855449,1.9663988154826288,0.5597872018146528,0.31852645574676197,0.5597872018146528,4.742049717335463,6.617009852582473,1.9451670158573673,0.9165307030787622
TCGA-L9-A5IP,1.160365684943592,4.444258199958908,8.461904557858908,4.059884233770095,0.3633923316862566,6.302868028977658,0.6293550474721659,10.390345226080537,4.029178288533565,6.7639207046884895,7.015613672344288,1.5981544934136136,3.322547314925025,0.0,6.015796118921219,3.2739812438667677,6.614084644165078,5.4331541567702475,1.160365684943592,6.602259480059021,9.840739427682177,4.977919246329596,4.351051830374451,0.3633923316862566,4.6441985729555695,4.333440199750237,3.2402419351699465,3.3838409599639188,2.024615699396057,2.322632788297824,0.0,5.635293047848279,5.978766770479794,0.0,5.522831977530238,5.851127189213062,6.348355467722073,1.9650122509287997,1.6830786325854628,3.0520086318306157,2.481174694698322,6.250995956674475,1.9650122509287997,1.9016298003637095,6.60344912230967,5.174583534975014,7.669952662718875,4.344874979543013,0.3633923316862566,2.1846795498339246,0.3633923316862566,8.922090138151292,4.746990877249913,2.9878563396509668,5.755979527197962,0.6293550474721659,0.3633923316862566,1.8339405397859412,1.7613518068066294,10.360820623211783,6.619945198337657,3.6091162906975964,1.5981544934136136,3.9481890578521988,1.4030285601110557,0.8392368864318404,1.5981544934136136,6.381533405563119,4.902129095220081,2.3785919753617386,3.413132540121014
TCGA-L9-A743,1.8235165008412466,5.764416508193051,6.674359351203576,4.426343714262326,5.1847342488758645,5.313585217466632,3.9601195957975337,4.652740558895508,5.168738153761942,6.700257442649808,7.214504414151143,5.33657126633401,3.1437513362366216,0.8822788292824492,0.664902015119643,5.962627734169424,8.503130777526406,5.981878749804386,4.312869463976268,2.749601529593774,3.3290638692357004,3.2590038186256263,3.895629360941712,2.0896641127000093,3.6330284205739205,5.123749670726509,1.65809473438052,3.6697883736082857,3.9779586750990017,2.6546494243750947,5.795048122721429,6.467035462715553,5.7673736722244575,1.0607719556849293,4.94365468237023,7.548840448715112,3.7506469520104,3.1231839722360677,0.3866899527818304,3.0363942552728806,5.588330470034721,6.418198527311293,7.075216972869067,3.7506469520104,0.0,6.924661559048496,6.8215773727410625,0.0,1.5638336678290792,3.1566982478407826,0.8822788292824492,7.76794539029689,6.997778781629726,3.855877960309571,5.387508865344184,0.664902015119643,1.4597771378796942,0.8822788292824492,4.5731127948715,6.313660358810386,0.0,3.485342432438645,5.311258270680837,3.4738466714081726,2.779353290867635,1.65809473438052,1.7442135306887834,7.45341122298473,5.294364564509415,0.215756332880192,1.5638336678290792
TCGA-L9-A7SV,3.0619740308609686,5.806859384870762,6.488799073900346,2.307890991784227,0.0,2.9097331113747846,3.758195606673264,1.2921210348526286,4.316613064125557,6.876588604807029,8.54602162991973,1.9509687612461732,1.1827389533175443,0.0,1.2921210348526286,0.7568728714404901,7.129057135416976,4.316613064125557,3.7493581829355644,6.2207392643524315,0.7568728714404901,4.599689192749771,6.1710176920503,0.5621269181215414,1.9509687612461732,5.114652908465639,3.850581550094029,3.451716209561274,2.2696485927477807,2.003194745410104,4.966948087662726,7.910862035432548,2.479835479780196,2.8889652136208235,1.1827389533175443,4.407956286693429,4.085446760598989,1.1827389533175443,0.32005245248223163,3.9351475599895736,3.6660917759832716,6.645106574065297,8.085317370628648,3.6166501008655776,0.0,7.326991791174219,6.605074621323162,5.033635418325317,5.396079084330532,4.0137326648130385,3.1301976049219236,5.87269790286724,5.943463196743121,3.415195614305748,5.841417519105527,0.5621269181215414,0.7568728714404901,1.6388802030340581,4.747502734565683,5.4135415756427525,0.0,5.396079084330532,5.732719724550798,3.562178963379503,1.7755962113856358,0.32005245248223163,0.0,2.1884640938893463,6.558034668939286,1.0307259476076385,3.2394232727558605
TCGA-L9-A8F4,2.6366329646445217,5.120792288237624,7.389205643661508,6.140817306730659,6.440498274307364,3.0870846315039717,6.2871687312064255,8.463418927229844,4.514636978262937,6.797095189803014,7.784294276736331,3.3965197921110444,2.6366329646445217,0.0,5.431684995764064,2.237000691781201,6.55095889909893,6.713323083549578,4.242691288793498,9.348997356283874,7.073693356525568,4.306706197011603,4.963983841252443,1.5611716110246088,3.9834297611509117,4.87071400569286,4.236662655148906,3.338860878746369,3.067811045415542,2.43855725451726,2.7761698025109265,6.325329817114178,4.036517689719316,1.8621247318886185,3.7274100253278912,5.805926823991188,3.841396657687839,3.2456112275901083,0.8130612772252829,3.451037787785179,5.604385622436394,6.904630401634612,4.91644914899483,3.3239094871152703,0.0,5.781718349129852,7.047482438143671,2.9855152571433905,0.34945897131842485,2.093147188735948,1.7949377464831129,6.73791194433905,5.312747745990239,3.212491488292977,5.728754722941615,2.8985989328012898,0.0,1.7949377464831129,3.14276338356936,7.111797556993945,0.0,4.546187403116161,5.386767707731921,3.195508933121489,1.2555020708698672,3.7274100253278912,0.0,4.682825430553695,5.592847189547198,0.8897824719933589,1.9250804230452183
TCGA-MN-A4N1,2.659972782869036,6.604633288762443,6.908854674425438,5.453948378713944,3.5691467065038647,3.118210934154402,1.6399671174689232,7.243327110360186,2.468353736446932,8.20029100602788,7.440581113587795,7.277489577134502,2.659972782869036,1.3631536686782482,1.3631536686782482,4.128394880609244,8.26543152028001,6.436546123381414,2.659972782869036,4.997793186082958,5.364736929915862,4.672380135680822,4.532327413132091,0.34748282556981724,4.432001810725023,5.489800989801019,4.000021062155855,4.750801824464214,5.693176428868977,3.041847434519018,2.600086299574269,5.701539962103421,4.174182633574438,3.937209154745814,3.5807874335130676,4.456404481122545,3.4707980683919915,0.9790777199729198,0.0,3.7700169469068756,6.48399075319189,7.327596553034809,6.252075352086604,0.34748282556981724,0.0,6.903448016029161,7.5994263706587155,4.581464411312973,2.769954004417025,2.568742155700233,2.9373825621655194,6.559168962289881,7.428291600931285,4.1081110346789185,5.00059842616553,1.7894234094305073,0.0,1.250760965824695,2.395346573075357,7.559429211335507,0.0,5.124142534889851,5.158175602049587,3.658685675317442,0.8093734495280775,2.468353736446932,0.34748282556981724,6.019838181295821,5.044392390894389,1.2800723633818014,2.395346573075357
TCGA-MN-A4N4,1.0722340896080438,5.950462848941994,6.9490603567988645,6.525470909451258,6.774735755330337,5.475756188838506,4.747979653849631,7.616741359286101,4.756276235629125,6.992362936016963,7.138938425966053,5.2126341980080015,0.0,1.356556542855934,4.768589210278982,2.3617309749545967,8.051022208190679,5.674017184430814,1.2244516735072575,8.108027243641057,7.66294724891361,4.3044812228264435,4.921629201711277,0.8925716452535623,3.9590955047794365,5.2231519123803265,2.406025766934553,4.509178974334212,3.1188786783756983,3.5855723842480076,2.2157082524085334,6.494723112768804,7.189650640672184,1.2244516735072575,1.2244516735072575,7.268718017178331,2.406025766934553,2.2667920984952312,0.0,2.6021043289715213,4.7807608074427534,6.711881504321211,3.9312077948429796,1.4732286518051143,0.3923798685595089,7.5660573594162575,5.4837715116597865,0.0,0.0,2.7957496746324395,5.967832496922432,7.5568147216153285,5.9157545231234785,3.345917202833979,5.210016067056888,4.0551705146466315,0.0,0.0,2.2667920984952312,8.100501298133606,0.0,4.524919540030222,2.406025766934553,3.121210072880841,2.6709020054667048,4.046807362764439,0.0,6.3761298308842305,3.487705298603708,1.052289079062465,5.228216738868547
TCGA-MN-A4N5,2.770123185299989,7.08234703771415,6.499454654594659,3.2195036277587197,2.137745826536538,5.164877398315605,6.246031181229796,5.754371020767013,4.235702332036317,7.386954003467356,8.019599636418965,3.7822195126850793,1.8112515908059834,0.7798293366956698,0.9457718611963237,4.133842480540223,8.897274848360004,5.104611250887444,3.10278236108107,1.2125955216168212,3.505061778692444,4.258233386318996,4.670030530335017,2.040297825562207,4.834717191358784,4.988151074543267,3.688289279995446,3.9318256327243257,5.463997045609921,3.0667683895278266,5.964065086808638,6.758368566753078,6.266424156145177,3.9240760744720538,4.912941609332795,5.531708234313796,4.412751019495972,1.8736159156978873,0.0,4.0274583986383234,7.128864762983352,7.059273926621047,7.488181589477963,3.668396095172536,0.9457718611963237,7.8840266606613705,7.334140037342805,0.0,1.2125955216168212,1.088056774728593,1.088056774728593,7.500678727989408,7.441109223728635,2.770123185299989,5.118843750518211,1.088056774728593,4.450219019189944,0.0,3.10278236108107,6.512639432044849,0.0,4.80614992460058,4.4593707042970845,3.087636660223483,4.11473851791715,0.9457718611963237,0.33196208114332687,5.356699475811691,6.149770866008183,0.0,3.0849374923119974
TCGA-MP-A4SV,2.1124047365697955,5.50175196617837,6.852534281256606,4.30552618744809,2.7431663481914876,4.585477552642355,3.0489933805277403,7.088133281631071,4.760993751475818,7.10090137185924,7.7372018926054125,3.181663972602075,2.342353732931103,1.3844676937784832,1.3844676937784832,5.59335730340301,8.423622897132887,5.577311810602252,5.8947361120549715,5.226402372674139,3.458912677451601,2.7967446054508525,4.909266799707967,1.9438365721084045,2.822491362616122,4.658644600003915,3.906785312631883,3.6757435547207957,4.03564319393404,2.7967446054508525,5.240089557579479,6.3206405882547925,4.685006718562849,3.844728690576776,3.360017684284972,7.09772253280164,4.779115089714876,2.9421416053809146,0.6179386029621904,2.9644428246069845,6.399020800580158,6.538813981421673,6.309054268714137,3.6085583743651553,0.0,7.622336108939447,6.962385499633252,3.093199216780199,2.059302607838949,3.906785312631883,0.6179386029621904,7.0364826507546745,5.360512519141004,3.4722738587123954,6.099500231309485,0.6179386029621904,4.479797421064935,1.143490047446195,3.573193592849254,6.475266292995108,0.0,4.215015276370659,6.994648315636492,2.52919463083143,1.3844676937784832,0.9969855345798113,0.35592466254802824,6.50741053938401,6.013932736282485,0.516111628195228,3.250254329669617
TCGA-MP-A4SW,3.748067750791458,6.149894628648667,6.676264486180099,4.423919255868811,3.5597099631210987,4.774794810135782,4.258050869840718,7.340232259337099,3.168369589089801,7.286513580706181,6.6172612567025455,2.7742935182489297,2.802311346013302,2.0580391354194,0.6474696670632927,7.880902601374387,8.829314185745037,6.128287391955665,3.5978354113924307,3.585289592145449,3.8104597156187046,3.758741281282853,4.634981383559721,1.0372686584270576,3.8104597156187046,4.697311714551634,3.7153485366273094,4.477067460023734,4.1200886543344,3.187343877255038,5.845623413839357,5.951746110110736,6.263655372393209,3.277178694679623,2.8560908239192906,6.132252050372271,3.3274431930734933,2.6536503319181586,0.0,2.7742935182489297,6.994162306722876,7.208733563726259,5.573275076576419,3.187343877255038,0.37528077693084905,7.539202572334965,6.669930737369197,2.578791571970802,1.9344013186581115,2.881936279075063,2.802311346013302,7.560049214533536,5.78220540966754,3.5597099631210987,5.479037641975018,0.0,0.6474696670632927,1.1868978535354702,4.251587598639518,6.08863209185072,0.0,3.951278333366944,5.051662067647854,2.9791098839369248,0.37528077693084905,0.37528077693084905,4.512658985384259,5.3051142155483095,4.9822975460645,1.417889922709641,1.7932749869174298
TCGA-MP-A4SY,2.726976627653142,5.959986779830209,6.875845535442406,4.1887331053285575,5.8712780003314835,5.563588939158128,3.523488757979963,4.411470139006742,4.553301989533907,6.929360202734522,7.503212450188475,4.467661752553252,2.5060237722338785,3.193685188284465,0.0,3.7710813674857175,7.819475582341531,4.1887331053285575,5.821224711506527,0.3597003627404201,3.892942117615354,3.157523688477202,4.544094462440568,1.0049241260157709,5.071742936494367,4.734591895421184,3.1389361118905286,3.632280001673013,4.685514386669581,2.7549083413847026,1.6732198974703885,5.88942074728439,4.282663377236117,5.2342693917396055,4.553301989533907,6.831054563958226,4.48733664905654,2.0140893562739235,0.0,2.9981693015874082,5.501955926268167,6.096540522288006,5.750793278925555,1.7513193462300325,0.3597003627404201,7.744543823741862,6.899694881080066,3.0664004076712352,0.0,0.3597003627404201,1.1520266653027458,6.961874077869633,7.592340913880175,2.221982228461946,5.464170730634684,0.8323872476514493,0.8323872476514493,0.0,2.123434503365464,6.9914160489521215,0.6237435104210662,2.8839176414896994,6.549479053676431,3.247276675388952,0.8323872476514493,0.0,1.6732198974703885,6.848662171298999,5.151527032793737,1.2053119073271654,5.030163373903801
TCGA-MP-A4T4,1.9169079061915755,6.559173213469407,7.21069289167534,4.229246889685872,2.6076035186926934,4.193418860954902,4.035697982789293,4.996745948835328,3.3849392651590695,7.3217439580311785,7.47672150075392,3.035736333657074,2.3207393035740878,2.771531914014632,0.8960880245566356,5.582977377167495,8.348722467429615,5.3734062859870395,3.4636336947078563,6.077626188174279,3.5643389506130823,3.493457460087453,5.452805132412555,1.582395541322217,2.676428806512124,4.864028311126295,4.0442032356437245,3.334566005363555,4.566586310010963,2.4945681600586314,2.1102010790610057,6.246476852029847,4.06100147526562,1.9169079061915755,5.769813631258994,6.442337916717734,4.925665468086163,3.4786552129578623,0.0,3.6045762249612405,6.436159983707816,6.571426232108783,6.588198564801366,3.898583093061444,0.0,7.031299465073592,7.162048599288562,0.0,1.6770778691444401,3.591341043646506,4.284029222492643,7.2696097857956214,6.527133016081298,4.109763411783637,5.189322476768417,1.2286459045308202,0.0,1.3609765531356006,1.6770778691444401,5.912951502236871,0.6763570112524712,4.3359656803209,4.782604821208651,3.619320350919493,3.0811298490662193,1.3609765531356006,0.0,5.056971656504291,5.616934720643238,1.3307816511896318,2.3207393035740878
TCGA-MP-A4T6,3.8755560970714855,7.00902945692277,5.569485074437043,3.4103949540161977,5.973679832455911,3.434280709795345,5.101206992280643,7.8444014265133,1.8701854861456766,7.656204707326737,7.843287696540413,0.3118867611485983,3.636598830371867,0.0,0.9017454604321192,6.631406079581305,7.30783256547787,5.8166884515869866,6.0289361352798165,1.1618374477231512,3.434280709795345,3.976555276546186,4.5342508171390445,1.8701854861456766,2.9787997236425827,5.454110981731873,3.8129051857549885,4.53106390614063,5.685292585342356,2.817591963153259,6.697218181366928,7.0574417232070745,4.63573818755451,3.8831192885713097,2.5132430223188096,7.112612652609029,2.073586936878041,2.7954809345940537,0.0,3.4460145846978647,6.965089788427456,7.375406142644276,8.829423963664416,3.2952255680887133,0.0,8.283633075578832,5.293239495957449,0.0,1.4571488320881152,2.9014435718632146,2.7954809345940537,7.240097570537048,7.670092644894706,5.08095084601121,5.226703205338239,0.7409368443957938,0.5492190717528606,1.1618374477231512,4.062003860751237,5.82740914372086,0.3118867611485983,4.920995010011054,7.368970402194793,2.118578116678217,2.542459893079949,0.3118867611485983,1.812133828479205,5.93280736361488,6.095916900511275,0.9580466901144824,0.7409368443957938
TCGA-MP-A4T7,3.759007014930725,4.906007843014258,6.747997240596934,3.0159759800310333,2.19054677480519,4.862630136250286,1.8395014652134762,9.327518780437932,4.088799215166471,7.0000883041836754,7.153427151276853,2.086640566406529,2.3285841688626627,1.4080069280255405,0.8429885887991051,5.687731002970368,8.084177014220783,4.1737947867198315,3.461916116696861,6.072429137409427,5.231910434350438,4.455915832898333,4.591885331786247,0.36540671086217885,4.392491684521645,3.6138756962485834,1.4080069280255405,3.962911918064416,2.9016083898221523,3.3600350514565025,7.941885933783453,6.0062127556568905,6.123963219160135,1.9072435680567323,1.6884523993621263,6.1034686948880355,4.715995741076976,1.5104790844009675,0.0,2.851931184798924,7.30637031214022,6.141200496336702,3.43385171143541,3.1379130273751494,0.0,6.415918225767831,6.949348176280474,0.0,1.0168597867958507,3.43385171143541,0.0,8.305815154196008,4.352866840318102,4.553427316872755,5.8488433960887125,1.4080069280255405,0.8429885887991051,1.5104790844009675,4.019946035040842,6.46690804092439,0.36540671086217885,2.5580099507619365,5.1585781739141,2.9941259841616565,0.6324413054425504,0.36540671086217885,1.9072435680567323,5.295819248848684,4.810133473262871,1.8395014652134762,0.8429885887991051
TCGA-MP-A4T8,2.4781002050750223,5.394595259784824,6.12390190399359,3.5557965323398983,5.1567422814225585,5.939626367455309,4.686814687028471,9.323535119742525,4.1782566970740564,7.566052182106336,7.183741723435348,3.8892455577381577,2.043710731724037,1.8655209527901084,5.6953570804958265,4.746895417241076,8.222620768259702,5.9839614692868315,2.405024345915753,0.6097112223179106,4.793183845318563,3.3126102183185466,5.121186315741065,1.1313053326146278,3.506637894120152,4.468956341661941,3.3574718704584585,4.118588293592565,2.32618442524437,2.284309099798802,3.880616958079437,8.412459146151516,6.184561177069895,3.400410405410896,2.6698843980022766,5.210889539218637,4.447456164994849,2.043710731724037,0.6097112223179106,2.698558631668595,2.405024345915753,6.68586094706836,5.367530880358347,1.7983046692640583,5.96796815625901,5.9340816963192395,6.794081414107521,0.0,0.35058644659817495,3.128395164139779,0.8152763137930088,7.3896010129044605,6.274989867222808,4.338474353811694,5.5610969293826065,2.6698843980022766,0.35058644659817495,0.35058644659817495,2.9692702214284044,8.1541465627678,0.0,2.7535460560999567,3.8892455577381577,0.9857421648723705,0.6097112223179106,0.35058644659817495,1.1313053326146278,7.279773904268874,4.824024551883872,0.8152763137930088,4.165301503660289
TCGA-MP-A4T9,5.079520604243138,5.739268659026934,7.154748160594863,4.1761994730170535,6.354152625860088,6.022934143977377,4.836678653633929,6.416588481323758,5.508250037189059,6.446719319718662,7.25547827351904,3.1312941034449198,2.8750550537842714,1.6059317731048126,1.3317589747218659,5.780678698876944,9.044724888393725,3.6895867039537964,3.871059334205554,5.977540556716699,6.071884875781426,3.7661714589940405,4.405596666186314,1.754230657335641,5.425852693647099,5.0663033386281375,3.2146629632152206,4.200368357861119,6.042991439209462,2.560894995787338,8.292207945222657,7.393539979504643,5.759560862624258,4.269554782180778,2.829081289453057,7.629659969961279,3.4800578523072754,2.393905506071746,0.33518569509574775,2.8972756488796194,5.28893852236525,6.0054167607259865,3.5847903520893714,2.5296569185260727,0.7860453629266759,7.157236917618614,7.193197344490571,0.0,1.6059317731048126,3.467712073886767,1.2206824178888833,7.168341039772213,6.55020995637376,3.429739486011736,5.249998591257407,8.417920772298888,2.1933281070570962,0.0,4.553734776239473,7.696817002136965,0.0,4.079978529826249,5.211658654637494,3.1485349023114146,3.5510847005534556,0.0,1.2206824178888833,5.205121450112917,5.821352154220459,0.7860453629266759,2.7039551611931016
TCGA-MP-A4TA,4.489315914070476,6.024488213555164,7.160201289005084,3.909572004177104,3.7800538204929452,5.78123105124859,2.249490176659867,9.353557208889375,5.37668482562205,7.147252379098959,6.367056186805729,0.9615699780729149,3.752009170852442,4.113954360470438,0.0,0.5921659507058317,7.249030249704507,5.880781558855963,3.1448890761358537,7.420405237636815,5.502840631325678,5.169966815869512,4.832536807575173,1.6944038656366933,4.938451623132987,4.153751187680071,1.8327894421193092,4.294650645766859,2.633779138726924,2.6901713222149186,1.5337440680649,5.406126382181777,2.1127675110731454,0.9615699780729149,3.1448890761358537,4.994729464412479,4.726440467461948,2.0626895065921085,1.2307218376184879,1.9543317306369916,3.430500487785813,6.578726074149348,3.162140380387629,1.6944038656366933,4.765050136441716,6.158693616460434,7.312713592024707,0.0,0.0,2.3697482916500627,3.553391863667192,8.715612809649594,5.480368053326687,3.430500487785813,5.983603731696133,0.0,0.33925407799576845,1.105157488704113,2.8424587089486866,8.207540864060107,4.502831765862587,5.183652589067272,3.4434934891438256,3.017391020331389,1.2307218376184879,1.2307218376184879,3.7800538204929452,5.6163200868855885,4.406811925896285,0.09248801943515139,3.456316680883235
TCGA-MP-A4TC,1.6281811552512357,5.513602118231951,6.312641838693557,4.0180950678765015,1.0366659604491237,5.435419252368592,0.6470508846669718,6.713643692125689,4.204231318978438,6.886232312751145,6.823283946074755,2.855233810013696,1.9973362917609923,0.0,0.0,0.0,8.280328433424865,5.062348167115047,1.3163546129152088,0.6470508846669718,4.987619108849328,2.2663566983867596,3.3447011015044863,0.6470508846669718,3.0011326651540857,5.127380754620646,2.1137584237605695,3.609343701250426,5.864278693186055,2.7734383611943594,1.6281811552512357,5.816664631712873,3.310090356215695,0.37500590062345585,4.395347516456725,7.086127380267286,3.8393641366629168,2.8287090975040576,0.0,2.7149397469177514,4.574673864412602,6.324125960328047,7.191519687399813,2.684358420845367,0.37500590062345585,6.659152884097561,6.999504580924883,2.823857953837825,1.3163546129152088,0.0,5.027171153403016,7.820620149288101,6.824763811319384,3.167498316408429,5.295122267651496,0.37500590062345585,0.0,1.7137258530889545,3.6574300658403462,6.752318272190971,0.0,4.1265616404130325,3.310090356215695,2.1672578029964855,1.0366659604491237,0.37500590062345585,0.0,6.2047314848518385,5.065224484380159,1.8960744384926942,6.431506589880494
TCGA-MP-A4TD,1.9335772678962182,5.4828323493567135,5.885539983516136,2.338357560082174,2.238419835518259,4.33606907987585,2.0024389996825587,8.675660825487796,4.262471404608222,7.654173047795046,7.186689197676208,1.0890332222211154,2.338357560082174,1.8596361624642084,5.150472595950658,2.6946204239904854,7.791084706664545,5.286492730281376,1.9335772678962182,4.404619483326516,3.1642633438597376,2.4717200879838246,4.758483372358444,0.0,3.420058389303074,4.809628245777528,3.2248499442278464,4.726307589457049,2.6256970486277056,2.9308043432731865,1.779771229915988,6.657022110308558,3.4672909430975984,1.2425105920310167,4.1129716622554575,6.768379412070255,4.663231525401361,2.6256970486277056,0.0,3.4672909430975984,6.814873248834958,6.352099639298353,4.5808703212621795,2.512489390873728,0.9076938846486368,6.814873248834958,5.89508304364134,0.0,1.0890332222211154,2.384819243854806,1.2425105920310167,6.812706964887994,5.622160186769108,4.902032490863149,5.472535344525407,0.4007205370774074,0.4007205370774074,0.0,1.6929883071280345,7.006921650476636,6.395802353383465,4.323084424933236,3.9466929951130325,2.880383148532606,0.0,0.0,2.1844432429714864,6.657655398553581,4.70422788053377,0.6859714968108498,3.121730361961657
TCGA-MP-A4TE,3.245307412369745,1.1639629799062392,7.229411150499693,2.4098418097257532,1.8383726623399737,5.123725855815993,2.743250020774284,8.518274606476137,3.3433139992136054,7.6383571911906225,7.161505626889247,2.0291871810978197,2.654361056500091,3.961610946527018,6.8720006320752285,2.62287713338622,7.251210222519329,6.452805765775064,2.556785353253409,6.097201991719164,2.9928631615857535,5.724519305970765,5.266790579093291,0.0,4.891543902915934,3.2027098569032026,2.850683379849147,4.423395279753491,1.1639629799062392,2.44864887612435,4.449469138294754,7.2749853213603,7.026915144151395,1.509440765941598,1.015991259979773,3.9099949503139024,4.144950537126388,0.8422566031477864,0.0,2.900355091505066,5.632694552940471,6.542402793849717,4.177635833747517,0.3649902755424461,1.509440765941598,7.184341014166175,6.523820716224245,0.0,0.6318567121168378,1.1639629799062392,0.0,6.6714580967228825,3.832369222113725,5.800652044040961,5.898350953041817,2.4098418097257532,2.900355091505066,0.6318567121168378,1.1639629799062392,7.734029395384987,5.0670723366994155,3.4879284415888505,2.77121277605985,3.767937831339326,1.6873799537136849,0.0,4.172488545381649,8.395375778593317,4.976402653133807,1.2420197519628386,2.8758276138441254
TCGA-MP-A4TF,2.8032149157815422,5.65482329620466,7.479288344664295,3.024120488012295,2.6990901797306988,5.039183877500672,0.5964710682944843,7.549103774308195,4.950842825943899,6.625200041822153,7.31254682696627,2.0182706769499017,4.193479237493202,2.897507350008268,6.0807978097669295,4.142979158735957,6.9376635347208016,3.712776628475966,1.6249765599147419,5.318610069815799,3.7707911833088525,6.166530680189018,4.623245832715321,0.9674780206433086,5.625853365093001,3.9067229851006866,2.8032149157815422,2.897507350008268,2.214474930742747,3.4397576203399254,1.6249765599147419,5.810512052720266,5.314604016110718,3.100416560620793,2.941513651934372,5.028560342851036,3.751823736377764,4.298560783056081,0.0,3.6297847551185147,4.129946556214813,6.832590902876351,1.773934884315503,1.6249765599147419,5.4530236063090065,6.154477979319134,7.465844187544594,0.0,0.0,1.2375042875347284,0.0,7.717133179869103,7.356152154473814,2.5828572799270595,6.061974267597596,0.0,0.0,0.5964710682944843,2.0182706769499017,6.982250319072541,0.0,3.2049472713702936,2.51924366219245,3.515311472742994,1.9035393366880646,0.5964710682944843,0.5964710682944843,5.549535123489752,4.234839569173088,0.9674780206433086,1.773934884315503
TCGA-MP-A4TH,3.8625533104299286,4.839933960237981,5.626732229541516,4.772031175086432,3.802636619039007,4.117807150349767,1.195829739383469,7.179574702220383,3.76059993562153,6.070123220524741,7.574922894183135,2.324845481832142,3.036581467704333,1.3264116515185136,0.653626422397662,6.831670893471153,8.14674091728079,4.535293709951881,3.76059993562153,2.2786816689124865,0.8686958530664711,3.781839146412832,5.204468119062219,0.0,3.1415713647705306,4.334973024321693,2.841642425209794,3.1996522299004417,3.8722005112409743,3.1996522299004417,6.054004979645376,6.486835865906401,4.545137763786845,1.0455630675782943,1.195829739383469,6.411709887452733,2.069239679195239,2.0092336466363396,0.0,3.1008892685028826,5.573878779686739,6.376243838022562,3.9372384081691982,3.659010278711625,3.323336736003191,6.783233463666924,5.169432305843253,0.0,0.3793264504984696,1.0455630675782943,0.8686958530664711,7.508469137610995,5.473400287518289,4.806558805499272,5.164174358353408,0.3793264504984696,0.653626422397662,1.195829739383469,3.532526768316745,5.4562608446139915,0.3793264504984696,2.230293930979303,5.025799730616027,3.1415713647705306,0.0,0.0,0.0,4.963306062245331,4.159934093355121,0.3793264504984696,0.8686958530664711
TCGA-MP-A4TJ,1.9619943871090846,4.100800345404955,6.837337106521875,4.6280074198908485,4.677955855713739,4.73324672792965,1.0104001911019609,7.817963550139933,5.562176666738633,5.9471442531674965,6.998235632110512,1.0104001911019609,2.9622065133288222,1.5026096535012392,2.646203165776062,4.297137095901632,7.159074151697611,5.9785996480242245,4.807269859973934,5.122844305182917,5.907571938065397,3.8562607929159327,4.4953843374170175,1.6802318277341795,4.210281450351903,4.182150900923698,1.9619943871090846,3.5318688552808104,3.605712496048781,5.263415314538772,7.069593476834691,7.5939533704538755,6.318449060142497,1.6802318277341795,5.21239448783824,6.828867903655089,3.0486709635354683,2.1815806240888977,0.6277549617928931,3.0486709635354683,5.639595891581164,5.841312943638256,2.9159961855345102,3.395212843314899,0.0,6.858661668777614,6.790333428090682,3.3045322843715526,1.2865016497655277,4.115159748602687,1.0104001911019609,7.371816285772194,6.326993481816951,4.702024627351974,5.470929438483098,0.6277549617928931,1.5026096535012392,0.0,4.129315874832795,6.181715003600165,0.6277549617928931,2.361514160523333,5.4635563433607155,2.9159961855345102,0.0,3.2368768302177524,0.0,7.836421122323675,4.474802925072059,1.5026096535012392,2.361514160523333
TCGA-MP-A4TK,1.9378059701572978,5.866904222422528,7.054881343872431,6.465222059210793,5.733577494950757,6.383315738286031,3.9889192296488885,5.762016790986919,4.80280719355982,6.744577308835361,6.755295002950331,5.2712544469983476,2.517034963539522,1.7838784957771792,1.6018894946767708,0.6884361008298261,7.663773966984088,3.882559178676287,3.740273368439131,5.248091922857562,4.3912638400263635,3.20979875261373,4.432777969728,1.8638010220930255,4.353764753566434,5.615013189815196,2.517034963539522,3.440834674700653,3.740273368439131,3.249005338009702,5.894568109862285,7.386272563993077,3.6151387222115656,2.2428350885882717,3.6670861968279054,5.4877510719477725,3.9889192296488885,2.961446165187242,0.0,3.45657847626483,6.580171621636509,6.485068729449489,3.861943710686842,2.630283235296021,0.40232685560766096,6.368137442403163,7.250372879826956,2.110346524791824,0.9106347670179976,1.3792193924479272,1.9378059701572978,7.4627661950363,7.0573556217105775,2.7637245513013102,6.717988474991225,0.9106347670179976,2.342824517853544,0.6884361008298261,3.3752571577950587,7.909397677955796,1.0923259040254016,3.4720782475433056,5.977020735675571,2.8532869842213997,1.3792193924479272,0.9106347670179976,0.9106347670179976,6.77274736826965,5.108566279012919,1.6731448378918128,5.001244673242884
TCGA-MP-A5C7,3.6574739227173048,4.4158385156626005,6.827273808399565,1.6389578789700923,0.0,3.6574739227173048,4.385287562066179,8.188494661092985,2.1843194408970805,6.853901868186106,7.193174793779659,0.8086609767722854,3.519972517616842,0.6043159668533296,0.34712953109520095,5.708590895648506,7.202385655959318,4.459982551127773,3.7494593690486804,3.388912227228517,1.3622321747691315,0.8086609767722854,5.326812496494608,2.0862557719875063,3.3459911786650522,5.423221652472041,4.867988193652413,2.8195498337593974,1.2498730825086934,5.3359021268753075,9.118747972653576,6.622889237789837,7.913239338991564,2.033358335391753,0.8086609767722854,4.615219521841093,4.619319609092511,2.033358335391753,0.0,3.0001773794161966,4.12045405673989,6.149040781589099,2.8195498337593974,2.467209304828965,0.34712953109520095,6.993088582126411,4.953563935290437,2.87349684067132,0.34712953109520095,3.1531205638027338,1.1232723804044806,7.142194790038198,3.592228125371289,6.213391358494296,5.726329698113291,0.6043159668533296,0.0,0.0,5.2081847599488285,5.817646730805248,4.968096549024911,2.843996176274622,4.671145174911624,4.74957351436047,0.0,0.0,0.0,6.6818115608576045,5.742429305221648,0.6043159668533296,3.7494593690486804
TCGA-NJ-A4YF,1.0376584459977696,4.051795382531472,6.302540218064846,5.446146680000954,0.0,5.739284744498698,5.803621776425214,8.96970344997914,4.757298822863711,6.843554834023707,7.9122473462311955,1.3956752229256426,4.0411740684011885,0.0,5.45137316149325,4.746808627506511,6.844201872459789,5.770078824906508,2.47952553083552,0.0,3.6230601130766424,0.47468017712963745,4.290110065055178,0.0,5.812744497095695,4.994119658718324,3.9863026771263717,4.5683267249306105,1.0376584459977696,2.7460393870062445,0.0,6.640237859790496,7.460104730925514,0.47468017712963745,2.784288759088007,4.374143141439556,3.6549891092720097,1.3956752229256426,1.2325894152718142,2.9241557100647024,2.7460393870062445,6.528652121052026,3.9401302692604587,2.372157796346006,1.2325894152718142,5.821784745538046,6.454997285223405,0.0,0.47468017712963745,3.8666092348213836,1.2325894152718142,5.879476562659801,6.624087803906273,4.083000460521443,4.963983841252443,1.2325894152718142,0.0,1.0376584459977696,4.4407624149281775,7.146197211040368,0.0,3.8009215978954742,4.0931888946955555,3.1816432141289845,2.372157796346006,1.0376584459977696,0.47468017712963745,4.389336105285616,3.9040452677331956,1.6101576533584492,2.372157796346006
TCGA-NJ-A4YG,4.022667735003311,5.513884287551538,6.364194664223197,3.4347320882806383,3.396801065343054,5.21507161794477,2.574495951073602,5.313590141695067,2.9080479429091075,6.990670779309445,6.601795176444996,0.0,3.181991899298869,1.3575861969831469,1.0050705442597456,7.544104568941115,8.39862359650321,6.534724446626626,4.542827651905006,0.7676515027280505,1.0050705442597456,3.337060557611283,4.2617851106600595,2.432964021822007,3.936342865628147,3.2908652688106232,3.8783441875661366,4.252545599693564,2.432964021822007,3.723660035996004,7.082506586945923,6.9778315633653305,5.916450010302523,5.395439540063385,0.0,6.820155001351833,2.658817939221985,2.574495951073602,0.0,2.6984576728967062,5.398058623703655,5.799392609469524,3.1073899205967788,1.0050705442597456,0.4557779219817535,8.03925738547357,5.7155133975318995,0.0,0.4557779219817535,2.6175491057587172,0.0,8.15202514007261,4.6835006593940465,2.574495951073602,5.010375260290396,0.0,1.9130474664352548,0.0,4.244296439402026,6.147587566308819,0.0,3.181991899298869,6.783570923525993,2.5295055029897524,0.0,3.506535897077978,2.5295055029897524,4.032953083946397,5.313590141695067,1.205461695377355,2.268045406719301
TCGA-NJ-A4YI,4.75767665770286,6.238148828338173,6.070016914005972,4.588513225888926,2.758115742108932,3.925553060031915,1.6150620671843217,3.374079664213952,3.925553060031915,6.8976271623260095,7.440193655484193,4.181304826794402,2.042997968700516,1.1033012781542413,0.0,5.505530703089137,7.680397324869709,5.313604914234886,4.654550652085529,7.354106379562644,0.5136615985851988,2.951095721183301,3.9226345038005053,1.3044062016472064,3.051214283012995,5.101225260290618,4.061582016804856,4.641685319281911,7.13391029129248,4.510453929776227,6.13895955558322,7.036693639766446,6.715099709738643,0.0,2.2749877658019413,5.486244018737653,2.5187604225445095,1.3044062016472064,0.0,2.203471690096686,6.666736666422084,6.645146884717392,7.647485427740875,2.203471690096686,0.0,8.133737098269243,5.759576624978397,0.0,2.042997968700516,4.073078364428934,3.951701306179944,7.028998986267501,6.59684961440087,4.936637059510891,5.120977381098046,0.0,4.061582016804856,0.5136615985851988,1.851740746888108,6.20962771688552,0.0,4.409584650268295,6.119954503019145,1.851740746888108,3.617753953045372,0.0,0.0,5.908726752615057,5.183136567136107,1.922919301926077,2.758115742108932
TCGA-NJ-A4YP,6.588389882422922,6.022442245153226,6.330100512607194,3.408421226751475,0.7012641486618928,3.449600169223655,1.6713041161098676,9.553128336619107,3.8056241731283373,5.784400401474864,7.073210393666191,1.3336053563394688,1.6223541377006467,1.7179693952572996,0.0,1.7179693952572996,8.188994633327166,5.235047373821314,3.9766377736588336,1.1898535957650525,0.7012641486618928,4.9629984645806475,4.350526937613981,1.0219112137378388,4.346652015808652,4.159565662849279,4.138964136798669,4.6794145774077105,1.7625366105511517,4.832242011520118,0.8199119813514425,6.129775437215826,4.250004103145711,0.9260034107279475,3.338789921533538,7.215982350163047,3.599203621522109,2.919418023203599,0.0,2.654044459423507,3.7474454879030303,6.4787431018979,2.863011980470711,1.5709049627173166,4.636029113574075,6.939738324835187,6.5592979066958925,2.7355486298040197,0.0,3.1289336117165316,0.0,7.881695859477941,5.43841838186625,3.3297336028536044,5.7789177760693216,0.0,0.22641818384786702,0.5665630284504923,4.054502989708861,7.310015256141353,0.0,2.457081427361604,5.296711077155702,2.1833510050703477,0.4108505803845022,0.8199119813514425,1.3984205409177313,7.834451683570173,4.438056008610303,1.4287070897514975,5.627372881444713
TCGA-NJ-A4YQ,2.143940999554448,5.836254139300658,6.99808032636343,4.174850239631685,4.318475625785549,6.85463821727837,2.7368449574897364,10.103583537429246,3.9237934610270613,6.734502476448059,7.3905023643752354,2.4018782393365847,2.4018782393365847,1.5616122829514958,0.0,3.458195041841186,6.864519958064245,5.38541207339897,1.8945717408681957,7.888960711229582,5.597217530261493,4.193972679031525,4.319227932506507,0.0,4.522040719171587,4.007309548589491,2.3433622865107506,4.575176849350149,3.4777663706472395,2.559333618675901,6.441729328273601,6.360485217973302,4.966321097820321,0.4871679754153155,1.6853243022652333,7.660189716896953,3.9603406770381664,2.9551498336715656,0.8133716778663136,2.7766990134075886,5.142359220904807,5.9104144571953,2.8519427312763828,3.3970655239492915,3.846427926329736,5.134998116879492,7.2479847341239045,0.0,0.4871679754153155,1.2559008971862953,4.6007223088320455,8.248225572715153,3.973768880757794,0.8133716778663136,5.323097780161834,0.0,0.0,1.4203817288640304,2.9551498336715656,8.594520832013238,0.0,4.508303495449188,3.570267637613568,4.961984120267219,3.2623145527534927,0.4871679754153155,0.8133716778663136,3.846427926329736,4.361517758042341,0.4871679754153155,1.4203817288640304
TCGA-NJ-A55A,3.453065344229646,4.870468603154779,7.1600303568025945,2.8175381870232754,3.00729022238772,6.022839660023227,1.6810141109233223,5.39951472829397,2.707196503472729,6.827935796392028,6.719725461021116,5.941233845863059,2.078641221509067,1.8318131686852281,2.1824267385001934,4.972372521970923,7.635839974422532,7.499965478944035,4.883786286426125,1.6810141109233223,5.576460336080851,4.042154374517889,4.7596836571414745,0.6281819017075861,3.8572013885619443,3.98286722877184,2.91690549300802,4.130261747808882,5.092073950057372,3.8001994268794874,6.221913349977017,7.252734089040026,6.9615708896537525,6.022839660023227,6.624978489268517,7.705140845848194,1.6810141109233223,2.64709635843187,0.0,3.893474031979495,6.335029428494935,6.136817353176785,7.6371041970940725,2.7638884846942786,0.0,7.836693690689656,5.605813095646939,0.0,0.0,5.3257525562965755,1.6810141109233223,7.269923109360465,5.02048661014663,4.549018794342812,5.72390204518462,1.8318131686852281,3.8572013885619443,0.0,4.530351807709528,5.695484810729746,1.0110189241747838,2.868455565260203,6.082449477401132,2.64709635843187,1.8318131686852281,0.0,0.0,2.91690549300802,4.061311598731702,1.0110189241747838,1.9628234522100754
TCGA-NJ-A55O,4.663599458611484,5.625986685214628,5.725928758670963,3.036711055782411,5.180546830813529,5.0322336936487515,1.0117099966375904,9.402950486246615,3.3873722534684565,6.272099345755817,6.646067085926858,2.215719159972384,3.00831280575932,1.7347304587798322,0.0,5.338105226535451,8.23605764363448,4.140649100097874,3.58368003659022,3.167742517682015,8.264551311031944,5.160657463339734,4.286070371202445,0.45957443375519635,3.719813523833725,4.786441191145867,3.719813523833725,3.7748369426248076,2.149969900369373,3.9798461263569336,8.723127102735118,6.64024439335111,5.389998241111593,2.5841484844376494,2.0038690360818925,6.345364394024416,2.3355265172281876,1.2040827982763795,0.0,3.2388392235536934,6.770190620808972,6.426923637833879,3.283573083406324,1.5042107212215086,7.64057018815368,7.03967787819224,6.69730334725841,1.6555005507606644,0.45957443375519635,2.3904402805420575,0.0,7.271404843608142,6.651751444029298,4.915269112723872,5.253309540311546,0.0,1.0117099966375904,0.7732975747427738,4.053397559888694,6.880169259524369,0.0,3.036711055782411,4.977471401317822,2.460101530869029,0.0,0.7732975747427738,0.0,5.136944838504465,3.533847135757619,0.45957443375519635,1.6260983533272075
TCGA-NJ-A55R,3.3956486827317387,6.361927498096432,6.175047807618946,4.512026956649804,3.687025236113753,3.883131640400822,2.9328457204988005,7.844009409541785,4.514661062645858,6.957307057811385,6.852711803553028,6.516127985167203,3.337618400019284,0.0,0.8926945180189684,2.584337117415026,6.272167320816548,5.5477600441961465,4.914711592792766,6.776316552346818,1.3567110585782163,7.011385298194312,4.870829017405012,1.416750818600818,5.15075659218527,4.8546674085948975,3.1400966519316658,3.98643264636098,5.434895986655412,3.006805735835104,3.180849917649947,7.110304209456061,6.951800872120812,2.8105105152383376,1.5269906494665682,7.345306736727591,4.39462691664962,2.509054398519861,0.2153532858391468,3.592415358805119,3.63134037959661,6.173546491863932,5.766052800382326,3.2103636993018254,6.304309853098038,5.730365981305888,6.48398005922199,3.5525326734297256,1.6724314907618822,4.396139083961922,4.3491185548588085,6.162975799210577,4.512026956649804,4.690310647239163,5.544946949167559,0.0,2.584337117415026,1.4733890679708244,3.053236738622417,7.386216789298042,6.782328101173997,4.33347562940368,5.98451042314065,3.5602815859054506,0.5428474097887283,0.6735055403046565,0.5428474097887283,4.714293613006445,4.645640118541804,2.136577733050645,3.4195250655547453
TCGA-NJ-A7XG,2.8613662470051713,5.888686804330047,5.723519740339233,3.1927084253139473,0.0,4.76094240754851,3.316358189225077,4.4403049767156215,0.8644920466402677,7.096042340053312,7.239006768330532,4.889469041811176,2.779539509451546,1.1907659768386543,0.37699704412863916,3.0296939900863977,8.312108100163655,6.6562714077751615,5.503435430517014,2.6262615256692023,2.272187739266457,3.2475837798049225,4.948681873150506,2.445151794005941,3.698379188414219,4.466946659643923,3.411391907119836,3.8457293449342216,6.42324209339179,2.9844185136537176,3.5255013320865363,6.448204032758108,7.0150928389991805,4.865054454729837,2.5215760341450117,7.022466936114034,1.5397447958327555,2.404636138391388,0.0,4.154751121048844,6.655092799631396,6.921145232100897,8.802537533504424,0.6501874861198097,0.0,7.702217302491158,5.006419754515028,4.330664916892872,0.8644920466402677,2.0029653829692218,0.0,7.753241499340073,5.999075510109317,4.0326340385275765,4.687791105676422,0.8644920466402677,0.0,1.0408772380168714,4.576409535138964,5.079352572055243,0.0,3.332836453314213,7.24779969918024,2.062918281377041,0.6501874861198097,0.6501874861198097,0.0,6.195476246106165,5.488400391735755,1.7639942242672861,1.5397447958327555
TCGA-O1-A52J,2.35796303384336,4.190742029502987,5.697526278743371,3.817659577312972,2.9027887909112184,5.151961230186691,3.817659577312972,4.61512051684126,1.2215081574149964,5.3314716390801955,7.76582350165587,1.2215081574149964,3.828121696250926,4.131062145157263,0.0,5.819741625823796,7.591548850614967,1.9768688032243313,5.398596996338375,0.671361588488023,1.0694923900942575,1.7552165010468488,4.851209614779205,2.5982502159366643,2.4853065698093273,4.654503060006745,2.633233259740483,4.6837687745002405,2.2120037147628073,2.311634027612657,7.818112442002464,6.591982326363831,5.205873076156757,0.0,0.671361588488023,6.29200237902988,4.008550625669212,2.2120037147628073,0.0,3.917653126510356,6.239267539730695,6.4963555960684305,7.392019244579761,2.4853065698093273,0.0,7.623397537369454,5.872306504062064,2.7038949131720633,2.5982502159366643,6.995885196838293,1.0694923900942575,7.650625521760115,5.445892187012157,3.0026483025957207,4.1979565500958085,0.0,3.253485925463799,1.9082972854760065,0.671361588488023,6.071621863598293,0.0,3.32483096370262,6.440686538733282,3.828121696250926,0.39102806031039483,0.0,0.0,2.9786013740125665,5.120451866768673,0.8802489605268895,0.0
TCGA-S2-AA1A,2.8923198591141808,5.203094182959432,5.766522504477387,4.686307678781031,1.8312365597702551,5.453584565692702,1.0870793728543855,2.9280046727030156,3.4796819529945653,6.249876781813957,6.908814717578827,2.7352956499924055,3.254142577566084,1.4530179931627987,0.5039218474491962,1.5955823661436597,8.930884372421612,4.57118414798492,4.002338916426076,2.5489372294451367,2.44087638928178,4.401694448961627,4.750023493167138,0.0,4.177599029745691,5.466599158808184,4.157299016888591,3.818883068941243,5.911392672342424,2.9280046727030156,9.67448310970176,6.193854218828974,4.20729668854443,1.0870793728543855,2.6918598417034825,7.8943404349560415,2.1818063246078387,3.228517197107482,0.0,3.5384925158503275,5.398823116879676,6.589767939086306,5.193973001101334,3.611882312326187,0.0,8.449738422157642,5.416442565881974,4.149993689513755,0.0,3.6635949789074367,0.0,7.1853188314377485,6.344953671709049,3.847243388562669,5.703012178053935,0.0,0.0,2.2531322092745154,4.936242153080631,5.440172768281143,0.0,2.8923198591141808,5.128299804210246,2.855314366080762,0.0,5.23501008712121,0.0,5.340883439279311,4.599980744096542,2.288303596168276,2.1818063246078387
