,KLRC1,GNMT,CPNE5,RPL9,HSP90B3P,IGFBP1,CD24,ADRA2A,MAPK8IP1,KCTD17,CALB1,XCL1,VWDE,TMSL3,CRYM,SERPINA4,RIMBP2,SEZ6,OPRK1,UPK1B,RAET1G,H19,RAET1E,CCK,NKX2-8,MYEOV,MED12L,KRT6A,TRY6,GLB1L3,SLC38A3,KLK6,GNB1L,SLC7A10,SLC35F3,HOXA11,USH1G,TMEM229A,MMP1,FOXE1,TSIX,CXCL5,HHIPL2,INHA,ZNF683,OVCH2,XCL2,CPLX2,CHRNA9,EFHA2,FAM19A2,GALNT14,KLRC4,ENPP4,LBP,HBA1,CDK5R2,TGM4,TRIM31,LTK,PTPRH,ARHGAP4,EREG,BDNF,ALB,SKAP1,NELL1,SLC6A2,PRR15,KIR2DL4,KCTD3,IGF2BP1,NR0B2,AKR7A3,CCL17,MTUS2,EMID2,TNFRSF13B,GALNT9,LPAL2,LINC01139,ADCYAP1,C18orf1,LOC646471,NELL2,CXCL13,FBXO27,SCGB3A1,DIRAS2,BMS1P20,NTS,CCDC85B,NGB,MUCL1,LY6D,TRIM15,LIMD2,IL9R,C4orf7
TCGA-05-4249,0.827590657109436,1.1797928103242021,4.812363201167173,7.759562954847169,1.4397403368255166,0.0,9.514466496843896,4.287665129735224,5.892293172475967,5.752280532674722,0.27914574142949455,1.8166634415941965,1.5132573539601313,11.05345021729593,7.535905166518114,0.27914574142949455,1.0755824595534185,0.4970714675333277,1.7629140791142184,0.0,2.0897630907517075,5.663602635021468,1.2741609611746356,0.27914574142949455,1.2741609611746356,4.260771014067554,1.6458469843182642,2.166421668181174,1.4397403368255166,6.599076987186515,2.7400719871249475,0.9592735900460094,4.48755488626325,4.851193976829028,5.0754675220977425,0.0,1.1797928103242021,0.827590657109436,8.093770812294162,0.827590657109436,0.0,2.582819500310669,1.0755824595534185,1.4397403368255166,2.0491240767264998,0.0,2.425032787747572,0.0,0.6759501557314238,3.9362315984609237,2.304063998873445,4.305202284195159,0.0,7.040264899775568,0.27914574142949455,1.441255919193865,1.581758343327358,0.4970714675333277,1.8166634415941965,2.304063998873445,5.262099340813395,6.30510854817881,0.6759501557314238,1.1925882454592978,0.9592735900460094,4.247047051069681,5.69980791990079,0.0,3.646676297895497,0.0,6.533870229969759,1.4397403368255166,5.403505867412167,1.7629140791142184,4.465475841328155,2.697602479904304,2.5581880899820804,2.998558276643054,1.1797928103242021,0.827590657109436,0.4970714675333277,1.0755824595534185,5.984764652857446,3.704102985885422,4.843281164424088,5.615544891637693,3.9362315984609237,6.599076987186515,0.4970714675333277,10.517775491516865,0.4970714675333277,4.868341816755374,1.3603609790933862,0.4970714675333277,0.4970714675333277,0.27914574142949455,6.743909587371689,1.7629140791142184,3.7195201951204377
TCGA-05-4382,2.465443464874736,1.4136663079157414,6.091936382617823,7.258799399548413,2.598518033227359,0.890275244670873,8.347914998894181,4.445413320829161,4.995135795049304,5.805008454889831,0.0,3.9913054241552737,4.695056592782615,11.168902996951477,4.995135795049304,0.0,1.069663966712217,0.39109569414086265,1.470244808239822,3.9734623540880443,3.125421921116941,9.665179600702146,2.4025028235331845,0.2145467040886915,0.5411026146502628,5.791216262417837,2.2122554895023736,4.622489339858558,0.39109569414086265,4.335731355688578,0.7868651844336971,0.39109569414086265,4.562441165916621,5.421556601153141,1.470244808239822,0.6715148804328315,1.221714485802093,0.0,6.908794738556799,3.2351034419728517,1.2931643031220836,7.072701759592002,1.069663966712217,0.890275244670873,3.640006911551498,0.5411026146502628,2.465443464874736,0.0,0.5411026146502628,3.391702447100354,2.954238178224579,6.128069337004953,1.4136663079157414,7.209776551944798,0.0,3.946086210703847,0.0,0.2145467040886915,3.244477292617255,5.16189608793684,5.322458607648887,7.359212990940774,2.3353329794538484,2.0960159245820984,4.237025428795861,5.215305254553972,0.2145467040886915,0.5411026146502628,4.681844148884168,1.8724173722455093,6.954142558535259,2.2122554895023736,1.5237928743055242,2.5622688450189655,1.7959838672144912,1.6691209145952741,2.071888086024922,3.0147306559633056,0.5411026146502628,2.3353329794538484,0.890275244670873,0.9839867628268064,5.465842494099234,4.067798649999068,5.483896112935865,5.824284772728013,4.871097326636843,4.12749883475426,2.7471170562661116,12.024358903979104,2.4855730943311607,5.758529464831234,0.0,1.1485763667055577,0.39109569414086265,2.0097162591882705,6.60494467859253,1.9434213402527236,0.39109569414086265
TCGA-05-4384,1.5401307058347578,3.1351202329627585,4.222387378463573,5.189478586513886,1.8714790477779217,1.5401307058347578,8.374652191034079,4.535197191480315,5.690535114570571,5.72700408715706,0.0,1.9613193860287663,4.157632301458019,10.149210265162882,3.4513738860051197,1.9613193860287663,2.1906921764775653,0.47679302902178283,2.3187635137215077,2.7113846356910827,1.5401307058347578,5.274321760991816,2.896160526155782,1.5401307058347578,2.4322879159900834,2.7113846356910827,1.7727465300461243,5.229535187149662,0.0,3.470555519764467,1.5401307058347578,3.7212909795850546,4.244622036578088,4.334784334444738,3.32785219543634,0.0,0.0,0.0,7.642082789852399,3.2830405261438327,0.0,3.884612753398659,6.479400182579727,8.19045977813354,2.6267172169354107,0.7982726686009449,0.7982726686009449,3.5437958769247855,1.5401307058347578,4.128543069802013,2.043762549222818,4.522008118165517,1.399802711144683,6.621609359376514,0.47679302902178283,5.872982204493475,2.7894335481785544,0.7982726686009449,4.628935539538353,5.226257296011615,5.0664168345550165,6.230530658966007,2.6267172169354107,4.828033698094982,0.0,3.819771742363993,1.041195017798159,0.47679302902178283,2.7894335481785544,0.47679302902178283,6.492441329870536,2.5342204863409212,3.2118149554976174,4.474423483939849,2.377135824258342,1.7727465300461243,2.6267172169354107,0.7982726686009449,0.0,2.1199234783869865,3.9215930659679206,2.1906921764775653,5.133448619566835,4.851319073583712,3.1351202329627585,3.945506136244694,5.5224044725744585,7.556443651491883,2.1906921764775653,9.11395391319137,1.399802711144683,4.823478064258663,0.0,0.0,6.761762565606317,0.7982726686009449,5.513259376984123,1.399802711144683,0.7982726686009449
TCGA-05-4389,2.8779898620724347,2.6211624528338713,4.278621151139185,8.1885946755396,2.3731833418395825,3.798276312768241,9.337800873978873,5.8655554593396415,5.621009376189267,6.024454349933639,0.0,3.4825807287384998,4.725128631501475,10.438055093222099,5.795607801529079,4.510121871893948,5.842453967635,1.2086617938120676,5.008352690938703,0.696491581810335,3.8637630006993593,6.4795398333456165,4.61512051684126,0.2893806290873624,1.7973438475219556,7.101198097983207,3.898372256465106,1.5457097295504505,0.696491581810335,4.6413574567498035,3.798276312768241,3.8846723634053473,4.439883901481421,2.0919504776975075,3.8566942109311304,2.4910378157182405,1.2086617938120676,0.0,5.2484020696541025,0.696491581810335,0.37363038458814585,3.0974265768607894,6.229912388057026,0.2893806290873624,5.348991469275991,0.0,3.5807177966968906,8.904461741807733,0.696491581810335,3.720099497089904,3.170475184824395,6.930963864119018,1.9959376426549615,7.359550384672907,0.696491581810335,4.901987901089064,3.8637630006993593,0.2893806290873624,3.7907273075912964,4.417384125954935,5.70933701956953,7.056227006900694,5.985557132643516,2.692035988691824,1.7973438475219556,6.053257897459784,6.04613264045005,8.076341291277757,7.616711830273844,2.1261581289023592,7.079950739477082,2.433850169463049,4.128323999753489,5.5294568649034055,6.833949415035288,1.7973438475219556,3.63528878594086,1.7973438475219556,0.0,0.8511333526167272,5.253675585924916,2.341421116779244,5.291549516227298,2.845571954968332,4.757341765831163,6.0949615775552575,5.358513661351434,3.46174356903014,3.2516217757610906,9.647982211779569,0.8511333526167272,5.753936787316924,0.0,0.9850329052722998,0.8511333526167272,3.8846723634053473,6.938400869096524,3.7831208811872856,4.791342651838087
TCGA-05-4390,0.49390324457004137,0.0,5.233736177833551,8.409231517900876,2.7928875499375887,0.8229905307086952,8.2985992748006,5.293244521398746,5.433748204084365,5.880580471306794,2.6227391958426693,1.268270671508667,1.9996810858361707,10.999088645434735,6.9997143956957,0.8229905307086952,4.266249554492859,0.0,4.684877452792245,0.49390324457004137,1.268270671508667,7.867339189484395,4.000919936975297,0.49390324457004137,4.343830096873928,6.515359888802168,1.9996810858361707,4.952356252587604,0.0,0.0,1.9996810858361707,0.49390324457004137,5.662647931297646,1.4335118607290014,2.4175820288541083,1.268270671508667,0.49390324457004137,6.910830545499065,7.512502846671496,0.0,3.8901760899981372,7.485637500867114,1.909246164683722,6.569648306908728,1.4335118607290014,0.0,0.49390324457004137,1.4335118607290014,6.015547217623939,3.325906145625196,1.4335118607290014,6.3689896087488975,0.49390324457004137,6.318477903522944,0.0,4.453687776492572,0.0,0.8229905307086952,2.159188051645008,5.0592667155079925,3.9652300673937684,7.1244299521477545,2.525416595626129,5.305779455779167,6.179101120808614,3.2545595209141567,0.0,0.0,1.9996810858361707,0.8229905307086952,6.9489260126858134,3.4549340219807796,4.111449108524615,8.266788920245231,3.2295981348964764,5.07535504881003,1.268270671508667,1.909246164683722,0.49390324457004137,0.49390324457004137,3.8498156317205017,1.0702128141464118,5.821802519260782,4.013808538443737,2.3589748781813267,5.280326497027118,2.23030468060441,1.5752604606325138,4.630340733130035,11.196876839265537,6.407640422936504,6.015547217623939,0.0,0.49390324457004137,3.7794283168165506,0.8229905307086952,6.381304888494016,1.268270671508667,1.5752604606325138
TCGA-05-4398,1.6770404845693117,2.6879563313990773,5.418076226754671,5.278548238690744,3.607810386579936,5.081839053102588,9.446921236853719,3.607810386579936,5.663241690592579,6.1744921046247665,0.3611648492115844,3.369214677475713,4.3481789608571075,10.55655725302281,2.924042912662146,3.075522641700279,0.6258849535007776,0.19679957597460782,0.0,0.19679957597460782,2.4558897007175076,5.115037350578799,3.180280516108816,0.3611648492115844,4.063864735968126,5.985682865351033,1.0079214233836058,5.368640685929888,0.3611648492115844,3.3153961812043367,1.2836523691480108,4.170122805362958,4.9704242240347565,6.112739257544598,3.0026483025957207,3.4344064714191904,3.755539941038818,0.0,6.291843176080956,4.014065020950146,2.214136319808932,5.923059895442968,6.187536959379152,2.838727524743826,3.9780747560562384,0.19679957597460782,3.013385533791309,0.0,1.1552761357856514,2.611113365677364,2.10132533517984,4.992932859849916,2.2594270386762427,5.484327943864161,1.1552761357856514,2.595008407971044,2.5786398292048474,2.4925275369193614,4.296234514088981,6.042034079643099,5.459649341894359,7.310550158534422,5.991682023458286,1.1246698229873993,0.5022892927437043,4.302141622899026,0.0,0.0,2.6879563313990773,2.226189891740332,5.771874051209983,2.7729948897425922,1.08431050395725,3.258515680938047,4.852124009525361,1.6770404845693117,3.5717921139053463,2.7313825393452897,1.6770404845693117,0.5022892927437043,4.203172060942618,0.5022892927437043,5.33357350036294,4.005425912999122,3.8290673926963468,6.479611953027492,4.8210635178651815,5.706096461987932,1.08431050395725,11.438275191951815,0.19679957597460782,6.072074017218265,1.1552761357856514,0.19679957597460782,4.002210998293506,2.1275767294943155,7.321274531879489,2.626963059308305,3.338814757130756
TCGA-05-4402,1.15417313077333,1.629554216018925,5.291287716351668,5.036725303855996,4.1954545572022965,0.6755431346115843,9.03507466403141,3.831188150755671,5.9867760733717175,5.684881640622222,0.0,3.2334964211532493,3.6479715184008428,10.54069910076577,5.9434290980694255,2.431382799383552,2.079041461658496,0.7913169043321888,3.925953523628123,4.311967570004928,4.161822509012094,7.470788079418027,4.295660958265665,0.8951079526062484,2.5881173562611264,4.374654527344259,2.079041461658496,7.172155930144548,0.39372985188974347,2.1376278992267954,1.9841688611724035,3.4313191322146777,4.8497229165398,1.0750706800850756,3.079572377368201,0.7913169043321888,1.15417313077333,2.365635006705158,4.766719145216766,5.006500089243105,4.6343697003925195,4.467436834630132,3.9814874990172413,0.6755431346115843,2.7997903796649264,1.5811001644023452,1.8418028160899085,0.9891321880492887,4.165948688081544,3.589757769745953,2.1376278992267954,5.4830526745659265,0.21615921753976508,7.225350459833661,0.21615921753976508,4.213464481628821,0.5445311562311618,1.4198500196481005,3.5064608926151775,4.046828336248712,5.62927083129463,6.206745267224726,4.810890836210278,2.490474454091464,3.2799521093755666,4.660708955578794,1.4198500196481005,1.2958224579558149,5.375144139411325,0.9891321880492887,6.720262373785691,4.676560182074764,3.5627548491033822,3.3833660101639684,3.2334964211532493,2.7392968984353794,2.016807871827228,3.4918756385338403,0.8951079526062484,0.5445311562311618,4.012510667997964,1.0750706800850756,6.103875400621936,3.4162994360717827,4.789048863173939,5.250371096200029,4.567481818193752,7.557086403957647,2.2952583176075847,10.816005175177757,1.6757498601208134,5.009721543419898,2.192982258078087,1.4765463150969171,2.8428724269096555,2.551178043634025,6.135069097200591,1.7622276666220171,3.2334964211532493
TCGA-05-4405,1.2948641445140034,2.1918322872588627,5.810065564611456,6.789267870313318,1.8407083509599185,1.2948641445140034,8.516110605631653,5.0586696171341785,5.72296399407213,5.6854351878381415,0.0,2.114917270355171,4.396649201928519,10.42758274486114,5.777773058967859,0.0,1.2948641445140034,0.5083826421148506,3.6228651779186687,0.5083826421148506,1.4616800880257803,6.5204325972695685,0.8438490629734383,0.0,3.568315054047169,4.388452196464335,2.702387531743644,0.5083826421148506,0.0,5.3799802994091115,1.0945707995083898,0.0,5.217053079717073,5.724502981225879,3.54945070622333,3.9516782395481322,4.467540119549708,1.7296003373196687,5.617966746230228,5.054448011941787,2.97924205417238,4.302569380588944,0.5083826421148506,1.604586161703076,3.314375077706184,0.0,2.6093342281630525,2.5067252175662182,0.0,4.284471687262919,1.7296003373196687,6.069288641632295,0.0,7.186114023973034,0.8438490629734383,5.583695537054729,4.5048547005149455,0.0,2.263241172251021,5.358372414423321,5.825829001297212,7.422266104044865,3.2899901777546243,4.3752814368896615,0.5083826421148506,4.715449584083559,0.5083826421148506,0.0,3.54945070622333,1.2948641445140034,5.880974229820626,0.0,3.038739079634356,4.47511502996006,1.7296003373196687,2.0316027997646784,1.4616800880257803,3.132869034021989,1.2948641445140034,2.787508122436926,0.8438490629734383,2.787508122436926,5.950645156751003,4.169229375413816,3.264995760481754,4.666810762136343,5.792028367095741,7.747696142915772,2.6093342281630525,11.04081080907485,0.5083826421148506,5.866062875708328,0.0,0.0,1.604586161703076,0.0,6.482504723430218,2.559349089810632,3.239360572408637
TCGA-05-4415,2.530166781192865,0.8472835745708761,3.796737847476087,5.344456400527725,1.7730692230065752,5.473668855423521,5.6110968476979695,1.6094379124341003,3.7560192764319495,4.259545392207637,3.1451087176903347,3.426793650872519,3.5616765656260356,10.417337598124156,2.377488463020708,0.3676940104211656,0.0,0.0,0.0,6.875346750124029,4.8318594438487965,7.891786898938991,4.103561951271709,0.3676940104211656,1.2992920749980297,6.650279048587422,0.635994649055637,4.9360697813893815,0.0,0.0,0.3676940104211656,0.635994649055637,4.749253213794608,1.1700643560747492,1.7730692230065752,0.3676940104211656,0.635994649055637,1.41369063260165,4.606280569284321,5.870237148939624,0.0,7.9958322657348635,4.873501229157958,5.335935835254491,3.455265655563456,0.3676940104211656,2.779508475428945,5.445300995744568,2.530166781192865,4.366631231283315,1.0216592474999815,3.304032816881644,3.2356228080431673,5.342334251964811,0.3676940104211656,1.5732302554645907,1.516357245418059,0.3676940104211656,3.8827095330907597,3.2009399341346465,7.3427791893318455,7.216298242101248,7.074870131029698,7.410988150620974,0.0,3.28757318602961,0.8472835745708761,0.0,2.530166781192865,3.523087527139991,7.27339789290313,8.644100694442148,0.635994649055637,2.0368862750776753,0.0,0.635994649055637,3.1451087176903347,0.8472835745708761,1.0216592474999815,2.4567386299600797,0.0,2.1465860393091662,4.125340842124262,3.311677406223462,2.8590186802381425,4.3552834523517125,6.631122603156405,4.1536616629385925,0.8472835745708761,9.782861103207868,10.740382200963566,5.572997782584134,0.3676940104211656,0.3676940104211656,0.3676940104211656,0.3676940104211656,5.964732919638948,1.6945875574757814,0.3676940104211656
TCGA-05-4417,1.9048500309477918,1.6951751447126653,5.8147542178894875,7.375130456874181,2.7066024870030088,0.4918874227457398,8.687838512172474,7.003247260441357,4.261151949791374,5.878987099395434,0.8201321923144341,2.3542948006695474,2.3542948006695474,10.86820076194365,4.827505410694356,0.0,2.6179504235457647,0.0,0.4918874227457398,0.8201321923144341,1.5711751403087681,5.8825365644891265,2.412882402606619,2.2920598969375345,0.8201321923144341,5.8983536970040715,1.066811976118312,1.4295693446012123,1.066811976118312,1.4295693446012123,2.0780906296088797,1.6951751447126653,4.198461304714664,0.4957322903183355,4.127074705844969,1.066811976118312,0.0,3.469899099656931,7.054466929140963,0.0,2.139772002588134,6.320201586939733,4.667891431880806,6.6738174282734795,3.7296422468818022,0.0,2.9987975707266523,0.4918874227457398,3.5820122484129566,4.030301918117189,1.066811976118312,6.102639128283397,1.2645503662115403,6.9220821573781475,2.3542948006695474,6.972165666910999,1.066811976118312,0.0,2.412882402606619,5.740001893556539,5.008493001024222,6.160620651747616,2.7066024870030088,1.9048500309477918,1.2645503662115403,5.927560491321363,0.8201321923144341,1.8054979953385684,2.9333567447942213,0.4918874227457398,6.846650854578848,5.417384022455777,5.72766825778216,6.381191456926566,5.901832466344851,2.5704878378782063,3.788853740045138,3.3875040545301527,0.8201321923144341,0.8201321923144341,4.106365355448728,3.3875040545301527,6.74358204069336,3.1998193990944026,4.2963761494326835,6.900555422105098,4.533995292765138,6.17261875614993,1.066811976118312,11.85063265301065,2.66325504624566,5.406036598246756,0.0,1.5711751403087681,4.007464085755533,0.4918874227457398,6.602532259705651,2.7066024870030088,4.554255767186542
TCGA-05-4420,2.1547345257152672,2.0246949230047337,4.847951645150625,6.449017550491444,4.874410754395014,0.8393232907175466,9.497239638115035,4.192857184486911,5.901126734570215,5.177149232906912,0.5816009058150329,1.5435758491342293,3.872618755433009,11.619759893884055,6.404788691926414,0.23348984336835407,0.0,0.0,0.4225843999155529,0.23348984336835407,4.713199138200191,7.5273743192533695,2.21391780027788,0.4225843999155529,1.598235397926107,5.850203356421519,0.9468975284670554,3.5455170378045766,0.9468975284670554,3.09267747961047,1.044050500675427,0.7187174566714754,6.073390096506654,5.554477811676862,0.0,0.23348984336835407,3.257338558519894,4.2431955089544555,6.676162382272267,4.5385869090949384,0.5918340188594559,8.310014028421215,3.3162928745717113,5.744069926333884,1.8751810773671274,0.0,1.699315178836775,1.4857776396048408,3.756750696810428,2.6860363308092534,1.5435758491342293,7.931669164816374,0.23348984336835407,7.261288292221934,0.7187174566714754,6.776079306857074,0.4225843999155529,0.23348984336835407,3.116262642941721,5.945459874851353,5.196256955106833,7.0881499805823776,3.267406907859955,4.579692365202436,1.044050500675427,3.139304339485333,0.23348984336835407,0.0,2.1547345257152672,1.6500422832760406,6.657763261644606,5.666187905280821,5.530939850496018,5.69577718431806,0.7187174566714754,3.3162928745717113,1.2890948977427583,0.7187174566714754,0.23348984336835407,0.5816009058150329,0.23348984336835407,2.3227111973776355,3.861617737680829,4.881543555416825,2.0588178273839675,4.1057739966818145,5.780444088252328,3.1278520453104273,0.7187174566714754,10.49362423176806,4.024576390267398,6.124587106171452,0.0,0.8393232907175466,2.895458796944722,1.4244086932285487,5.845591595493185,1.2890948977427583,0.0
TCGA-05-4424,1.5713621435818705,1.7520479689918271,4.215532166123678,6.452023717525718,2.1548156761972876,0.0,9.04754611046038,6.794364831767907,6.131246054509136,5.78857695169356,0.0,1.9735809009803273,2.9503425712551805,10.915791853142242,5.784188193356338,2.8171616731191893,1.066984013209933,0.8878501042423049,5.159181728003682,0.669520249928789,3.1322541901010212,8.628501980963772,2.2596358374576164,0.8878501042423049,0.8878501042423049,2.2596358374576164,4.194194422068457,4.5873676571607716,1.2188220071761418,0.0,3.6909972100849378,6.628047989914276,4.154523594582219,3.193738513413945,2.727807075717765,0.0,3.354992871805635,0.669520249928789,4.662136359128758,3.3714939022887127,0.0,5.142610476453472,2.7882528959771116,2.9990168733452074,2.8171616731191893,0.0,2.0979811167593225,0.0,4.908336752474249,3.06785291513095,1.6657804379721335,6.826929097806707,0.8878501042423049,7.070622147941957,1.2188220071761418,2.475007817608753,1.350641276405403,0.669520249928789,2.6296849745590385,3.642267291376487,4.303072709061982,6.707988841222396,3.6169805785700726,3.6403927438976957,0.669520249928789,5.611817028322606,5.471816789168881,0.669520249928789,3.1112460697663313,1.2188220071761418,7.125395715900447,3.6669303247295897,3.089787120302832,4.857802634187902,2.3081893597138774,1.6657804379721335,4.7232642843705595,1.9735809009803273,0.0,1.066984013209933,0.38974214764292814,4.341028843452292,5.9145808029843625,3.1843092245104536,3.875105876985103,5.188865157986954,5.893777294302901,5.139819752477082,1.5713621435818705,9.554617783104176,1.8314768538914141,4.662136359128758,0.38974214764292814,2.8171616731191893,5.1229277283948775,1.350641276405403,6.56176024410267,1.5713621435818705,0.8878501042423049
TCGA-05-4427,1.7121569424384746,1.5111192115653203,4.573295544259101,5.485464760237255,0.9217159885192197,0.0,6.516305495759134,3.165656466282975,5.065230796853923,4.541543249231197,0.40846061708796283,2.4931971881057344,3.474494310723612,11.372060965001769,2.5340459593482922,0.0,0.6976868606019772,0.0,0.0,0.0,3.393124886571269,4.992586727535688,4.051934501836934,0.0,3.0043252479720097,2.359560712350323,3.0531328802850957,1.5111192115653203,0.40846061708796283,0.40846061708796283,1.7121569424384746,0.40846061708796283,3.874622235173663,1.3163009892993556,1.2592277410355326,2.9263232440567344,0.40846061708796283,0.0,7.254686910637878,2.02273890631004,1.6315907170752337,3.165656466282975,0.0,0.40846061708796283,3.1441436579454507,0.0,2.5340459593482922,0.0,0.9217159885192197,3.474494310723612,1.2592277410355326,6.2013850580927175,1.616671685495979,6.928224350821477,0.40846061708796283,4.578490425326136,0.6976868606019772,1.5111192115653203,3.3045432992250827,6.282844150260053,6.340526838193951,5.849656137145745,9.366848271377119,0.7322236525417383,0.0,3.848299085746033,0.40846061708796283,0.0,2.841724083574572,1.8794497823550436,5.508217611110383,0.40846061708796283,4.903072354883229,4.633922838135229,3.4900046450819655,0.40846061708796283,1.616671685495979,1.1046606272023132,0.0,0.0,1.8794497823550436,1.7121569424384746,4.947042103770458,3.9978575235242593,3.8265544376960294,4.928955135420151,2.0873601069241317,4.339655263405797,0.40846061708796283,10.32599658425342,2.148046004412539,4.306203346051825,0.0,0.0,1.2592277410355326,2.2052699045025057,6.355906251525537,1.3930713453989143,0.40846061708796283
TCGA-05-4432,2.3253148047446923,2.032611954323038,5.797655258265042,7.513780167310675,3.3049617737813297,0.76718729326841,10.130587267903307,5.017187117284814,6.592869176302396,5.7031722885305065,9.282884264451893,2.8079196685107517,2.4065125823599884,11.04483520406726,3.5887524419769314,0.8928992724167844,3.496998350100942,0.6234218980683799,1.004521365268514,0.8928992724167844,2.6167459866933105,10.140305185997157,2.032611954323038,1.7254237785928137,2.4065125823599884,4.349438874768138,1.9540342022456296,2.205644584926531,2.069694190224956,0.45546089442940413,3.643044917770137,0.6234218980683799,4.837852102120995,4.882195678251343,3.2164729402518906,0.76718729326841,1.9540342022456296,3.8654826086331777,5.8959470958244085,0.2534011384749067,0.0,4.6875424857459524,2.1399838071639046,5.2297761787509325,3.4882218141221175,0.45546089442940413,2.716897613733595,3.4793706507160005,4.428200283512539,4.106039245395224,2.3801663121503944,5.883976770433982,0.944683806375373,6.783686403765414,3.9184463316272646,4.475273323307571,2.236936622757484,0.0,3.461426631211628,5.477492311280031,5.185568513106043,7.278980847268579,2.716897613733595,2.052429992432986,1.004521365268514,5.634489558160247,3.8834506764618064,0.0,4.910439197616913,2.1733530164794943,7.26213058076958,3.3049617737813297,5.32544603393629,7.320301920407384,2.1054503608608868,1.7254237785928137,1.9123090448516071,3.8222558347247175,1.1049256507247018,1.2797943075463984,1.356942787405032,3.3464313977956324,5.037978050487963,4.4480051341697955,4.6875424857459524,6.082826031976897,4.950028588785986,5.0266923534109225,1.2797943075463984,12.006132794047598,3.3565346877559623,5.726938948639981,0.0,1.1961926170069737,3.2164729402518906,2.1054503608608868,7.036614524103701,2.069694190224956,3.461426631211628
TCGA-05-5425,3.7838804952307297,1.601264601744939,4.989942670871167,5.708235876856984,3.757826991239968,2.414215909165231,9.37534620656045,3.6162845674380453,4.5704565805480515,5.312826596740594,0.44826913709972943,3.6608888466120093,3.337522487491436,10.947942801085555,6.198377085311774,4.552733079802427,0.992065884937714,0.0,0.0,1.8955337274445094,2.1881389836012266,6.063164085598035,2.463563837014865,2.88860909420577,1.4801716967112342,6.600861844402472,1.7092651476925063,5.099232080326898,0.992065884937714,1.1824631208380536,1.8955337274445094,0.7566852013639329,5.399618654678036,6.165096373990756,1.4801716967112342,2.88860909420577,0.0,0.992065884937714,6.175114388008549,1.1824631208380536,0.0,8.525167313428652,3.087746117316412,6.517530938102734,4.901445232857891,0.0,4.950687110110823,1.1824631208380536,0.44826913709972943,3.253737049244029,2.052494201600793,5.216336949394157,2.6920088911746327,7.366729557942561,6.3072073342088135,4.989942670871167,0.0,0.44826913709972943,7.112523024605922,4.119368827126836,6.391226757899144,6.255358410373313,5.615883431079861,3.1861749314242087,0.992065884937714,5.726831460809617,6.0283435783553365,0.0,5.165973839560266,3.31722501855207,6.810262619300264,6.546356337373065,3.7174280375183524,4.761746493030188,3.1380474753255627,0.0,3.2090557655293304,2.414215909165231,0.0,0.7566852013639329,2.7894151112038155,2.639699980213977,5.200869904382071,3.8121518401248298,5.0533307326238734,7.343587923706697,5.207084363749947,6.342663525275964,0.0,11.04937298225988,1.4801716967112342,5.261352507042543,0.7566852013639329,0.7566852013639329,0.0,4.627362113494589,6.365246331108712,2.856625366596283,3.821732804419711
TCGA-05-5428,2.815199116619253,1.0094531523482915,3.6505881089643943,6.7238853240382515,3.126791237243492,1.6789826316250942,9.59666343455598,2.180225350172635,4.195730188463639,4.084731841039041,1.0094531523482915,2.360127322056396,4.617918578810258,11.024081465310624,4.03971060631401,0.0,3.450653990374748,1.0094531523482915,0.0,1.0094531523482915,2.960757732638086,5.011414990054347,1.501429449612092,0.0,3.943089408532278,4.319120114431435,1.285396097014798,1.9606861584467294,0.6270073780554003,3.9598546150928695,1.8297294004796836,1.285396097014798,4.956186148050145,4.993122842344958,2.5125542417168116,1.6789826316250942,1.501429449612092,0.0,6.733274502771335,4.975940324299369,0.0,6.645426413888081,3.4779454371554888,4.330660969246558,3.2005000191777757,0.0,2.6447837594172747,0.0,1.285396097014798,4.234371686824649,3.943089408532278,2.9145547555600544,1.518768945519264,7.135567913144609,1.501429449612092,5.040045217942046,0.0,0.0,1.6789826316250942,1.0094531523482915,3.9763452531803147,6.809223615767715,3.301778439107605,0.6500308894863173,1.8297294004796836,4.054943432794782,0.0,0.0,1.8297294004796836,1.285396097014798,5.573981259119776,0.6270073780554003,1.501429449612092,7.208526315975636,2.580852990835209,0.6270073780554003,1.6789826316250942,0.6270073780554003,0.6270073780554003,2.180225350172635,0.6270073780554003,1.8297294004796836,4.731732349855805,4.070246522838043,2.274216482193589,4.945385408888138,2.704878509936575,5.1520769843250305,2.5125542417168116,8.713394641937565,1.8297294004796836,6.58707745139365,0.0,0.0,5.73560085804272,0.6270073780554003,5.9751928786330835,2.076462107570836,2.5125542417168116
TCGA-38-4625,3.5081126880062805,2.8362557700047177,4.62593313634017,8.07023398797866,3.5081126880062805,1.4104258406948187,7.699579691730827,3.649467922756019,4.999115866187253,5.866507716203515,0.0,2.8526352760597673,5.630021109094141,11.850268750689432,2.9748303422445064,0.0,0.7544304089768439,0.0,0.0,0.0,3.8600094517161123,4.932371004100131,2.615386516238791,0.6123708705326575,2.7134025185288193,4.702886559494161,1.339228958693417,3.7668029948616297,0.24810929733195775,1.5392085625369787,1.8919365741937266,7.780069044642736,6.008019258572434,0.0,5.193540014150791,0.6123708705326575,0.24810929733195775,0.7544304089768439,8.014087690665384,0.6123708705326575,3.306461703466841,5.287488950290694,6.723195218607482,1.8919365741937266,3.429159440531574,1.1795469061641088,3.1339974441510257,0.0,0.6123708705326575,2.7500746723574423,1.6533016760804877,7.2616042335718065,2.09421931059224,5.4366347878439365,2.3847547678375594,4.9799423823288835,3.3919648930985495,0.989429663230897,3.6924704985886803,1.5978915085337284,4.915994889942135,5.926870024402352,3.3728356293370596,6.3038636220966,0.24810929733195775,3.9506974155389365,0.7544304089768439,0.0,0.44673500230638125,2.930740316296465,7.955390012885379,3.627254019151056,2.6357733718952647,2.048814794387922,2.6357733718952647,0.24810929733195775,1.1795469061641088,2.576535820559528,1.0889995674850497,1.0889995674850497,4.068147735535413,2.8846107506709595,4.560394552795011,3.441138988755103,3.2275778521621015,5.917818006939683,5.941039296913667,6.737987789089622,0.24810929733195775,10.131339999578072,0.7544304089768439,5.929871018552975,0.0,0.0,0.0,3.627254019151056,5.780437913545164,1.2625718466288718,3.482482394278338
TCGA-38-4626,2.9010698838883213,3.6695207782567314,3.8817411018118064,7.328194381817375,2.08109018192536,1.5303297679203398,7.31593669458453,5.996720709253686,5.424972043670542,5.896810402065787,0.0,2.213130734353276,4.261348004577326,10.663732476628567,5.346211891657283,0.7566852013639329,2.307502980337996,0.9491837751761806,1.1824324680877334,0.857559316810332,2.3297624209988377,6.6950817254510415,2.3937229443653827,1.1824324680877334,2.10892752573622,2.213130734353276,2.052442834596377,6.3178179029580015,1.8609123279163715,3.1811988794920185,1.3123248409197161,1.4272443474488448,4.4836114061725905,1.4380562956784801,3.313061736556266,0.0,0.9491837751761806,2.08109018192536,5.9722333065393105,0.7566852013639329,5.128690885198622,6.501130498714067,1.7493563643001402,1.709210846592896,3.4795833330572323,3.018271349435677,2.2375771283517794,0.20391995634645052,1.5303297679203398,4.352758727618229,2.162391557495973,5.082472117714938,1.6674048881886325,7.045184066885355,2.3728571459793772,7.179833745893547,1.578132986605685,0.5180196843462312,3.040150992100616,3.634309745506931,3.895635460095658,7.019412926024925,6.066785354907692,3.4295450948442583,0.5180196843462312,4.452447818969608,3.838860739799162,0.20391995634645052,1.9289093073752885,2.7539855003692555,6.503844961560271,2.2847265746927325,4.412111997287304,2.546628708415997,4.295843550918317,0.9491837751761806,2.7247499803246233,1.578132986605685,0.5180196843462312,0.857559316810332,2.10892752573622,2.8368772121221433,6.077740862339233,4.112781878820691,3.3212627237065933,4.326202036788163,4.690540216705596,7.827910533958443,0.5180196843462312,8.358516283656467,1.2494718443971542,5.7085544042016,0.20391995634645052,0.7566852013639329,2.188082919418936,0.37328620974392923,6.144511761197942,2.188082919418936,1.9925892429456804
TCGA-38-4627,2.384201945666368,1.3657344471545294,4.7777780505944065,8.608864029570437,1.4547704324219617,1.1597073880279205,9.171687897344807,5.645496366384304,5.910116195785946,6.440442426347834,1.0382251386530146,2.384201945666368,1.8675624326435556,11.012767736328753,5.373053712662054,3.9097664613465204,3.6238874968564105,0.0,4.7808447000602525,2.937928357304535,2.937928357304535,7.296847072972357,2.384201945666368,2.23976243225902,2.7231621055774227,1.2680174535288373,1.7479468962714018,6.45086686803569,5.306568234329569,5.952726317540773,1.974372650162223,4.31342252689424,4.950828670960991,0.31100789775527765,3.8179167006753647,2.384201945666368,0.5479479830677406,0.5479479830677406,7.025902692689219,2.27787223019864,2.1189146268307795,4.9571571585401735,4.51609741305375,2.0237834723482018,2.957069404776599,0.0,2.7468349217886896,1.0382251386530146,5.5719562939976806,4.520078419911391,2.836296820546737,6.969555679887584,0.0,6.705792081932894,1.3657344471545294,4.617108638227469,2.6485761671056687,1.4547704324219617,2.23976243225902,4.7839019739314885,3.9242855126253375,6.38785359207956,5.250764436688489,4.204659783030963,0.5479479830677406,5.99904325600653,2.158876372325871,3.0816943502205385,6.272195642394855,0.5479479830677406,6.961286567192258,3.0476461253559544,1.0382251386530146,1.8095338973272195,3.098297887109114,3.236464237894368,3.012392714447098,1.536501561356588,1.9223929168632583,1.1597073880279205,0.7393148614049525,2.937928357304535,6.670809412439598,2.656286620708933,4.491877180044572,4.581696829802449,5.043154112458919,7.87874250777532,1.7479468962714018,10.965468705532402,3.3189962351234135,6.757984161522522,1.1597073880279205,1.0382251386530146,0.31100789775527765,2.836296820546737,6.475169199706105,1.682316557846673,4.046272390234582
TCGA-38-4628,0.0,1.9466384552045635,2.701790650931066,5.9895376919142675,2.1125498621641583,0.2746728178581409,9.436495384286527,5.061100245502468,5.805815460221319,5.860427184660173,0.0,2.5657259788899545,0.0,12.246993835130434,7.059420014265299,0.0,0.2746728178581409,0.0,2.613167929732011,0.9479056712434065,3.0700787886826464,6.935545527963636,1.8011981180391765,0.2746728178581409,4.638624304247036,2.945238659337005,2.1862085677380025,2.911431764294458,0.0,5.609925904515921,1.0634340603184973,0.0,4.649234917150192,6.767927534442063,3.4037640848594695,1.6909810323874954,3.393202171647391,0.817221495661872,6.313339691239358,3.677788172624062,3.510129511505744,7.493250431485148,0.2746728178581409,0.2746728178581409,0.6669058693547183,0.2746728178581409,0.4898675291745131,0.2746728178581409,1.0634340603184973,4.008160115958267,2.701790650931066,5.9232660029167,0.0,7.693964659987618,0.2746728178581409,4.093153853609879,1.6309449687185316,0.0,0.6669058693547183,1.3466435554900984,5.078966613472523,6.262231868332524,2.349630879478128,1.9529283211143795,4.7808447000602525,6.976497452380282,6.601856281343794,0.2746728178581409,3.6370202101334383,0.0,6.757712317582503,3.5770005174133983,5.2200530765519115,3.2069732696645166,4.867157456325302,0.4898675291745131,4.641675677800401,0.2746728178581409,0.2746728178581409,0.6669058693547183,0.2746728178581409,1.6909810323874954,5.519138222492601,2.290633961874291,1.7475985734422852,6.482096136988226,4.501227553547493,8.916494005912112,2.379333148487379,9.07667982815486,0.6669058693547183,6.4370762216862225,0.4898675291745131,0.0,5.171023622140527,0.4898675291745131,6.790128731080906,1.16701832133217,0.9479056712434065
TCGA-38-4631,2.265122034260835,0.5793063641361857,5.147942051055762,8.75133048943196,2.1801462358014683,0.5793063641361857,8.192360155733619,2.3434486866490447,6.524128959080955,5.803274806151051,0.5793063641361857,2.1801462358014683,4.650028822296318,10.56514922595011,6.011977706230352,7.5053382474742945,2.3434486866490447,0.0,2.5472082959851874,1.210243104839295,2.8099326753802023,6.672623910047599,1.4204542127665953,2.904970235256074,4.215152647428566,5.032024896774726,2.987407720407759,3.805472893592388,0.0,0.5793063641361857,0.9437113274501472,8.352936281917556,6.24608738544881,4.404645146584248,3.733073357354954,5.129531783706723,0.9437113274501472,0.9437113274501472,7.218272141779785,4.091956713579357,5.33800912258935,9.253907395454696,1.5940805901130584,6.143277496571646,2.3434486866490447,0.5793063641361857,1.8707708760628772,7.075013958099046,0.5793063641361857,3.805472893592388,3.6550227290197355,5.601960136703317,0.7450278024369342,6.7816238674073315,0.0,6.767277530478888,5.798528859194203,0.5793063641361857,4.968604235619328,2.265122034260835,7.450771191047497,5.845018692072502,4.024156333723399,3.285577005770403,0.5793063641361857,5.590307645337349,0.5793063641361857,0.0,7.13304851806104,2.4160834067704693,5.593234453051336,7.689361954169721,0.0,4.815609377590663,2.0872608907319674,2.3434486866490447,5.201222595307243,0.9437113274501472,0.0,1.4204542127665953,1.5940805901130584,1.5940805901130584,4.44228883788345,2.904970235256074,3.2318907619456954,6.236551569730532,6.48178231496254,3.262406467686287,0.0,12.204461348087397,5.445525430665858,6.2163885125439355,0.0,0.0,0.0,5.442131955411977,6.949722217803443,2.7669729834541457,0.5793063641361857
TCGA-38-4632,5.254381152877209,2.2419217204268103,4.319794784457565,6.614445400093468,1.4008627252952872,4.9318878583069,8.323120459221503,3.588365508173713,4.513398039954421,5.800830537406171,0.5679807042670504,2.7426963643747446,2.3200418335935065,11.751288608481122,4.8634105743397305,0.0,1.1921026317554486,0.0,0.0,0.0,1.9625424901942916,3.403112213866927,3.8797002068656794,0.0,4.24592766292309,5.803139002396321,0.5679807042670504,4.601590787578032,1.4008627252952872,4.3399343023661405,0.0,0.0,5.307554571900519,2.7426963643747446,1.1921026317554486,4.777104649895559,0.0,0.5679807042670504,8.250544361292272,2.7426963643747446,0.0,5.50097245543491,6.621596046420878,1.573479073579833,3.074825299653469,0.0,3.2374816578603176,0.0,0.9279425846146027,3.4282352095637183,2.157177745262873,7.496968703356504,1.4008627252952872,5.819165595783045,2.2419217204268103,2.619153411475049,3.109542985524616,0.5679807042670504,3.074825299653469,6.758391788921889,5.367582201049695,5.782149933730214,8.391133246455494,2.0645816787728117,0.5679807042670504,4.783517188026635,0.0,0.0,3.0388635995145945,1.4008627252952872,6.739570919435269,6.321041638183689,2.0645816787728117,3.545170733445761,5.816890897611995,0.0,2.639014471554008,1.848879919384429,0.9279425846146027,0.0,0.5679807042670504,0.9279425846146027,5.166755461779872,2.756389469982844,3.143095686192214,7.223507181628895,6.182648797287233,6.354837757487801,1.1921026317554486,10.369254092985733,1.1921026317554486,6.127467258507145,0.0,0.0,2.39248978032163,0.5679807042670504,6.784021447409114,2.8804785365233303,4.802528127608159
TCGA-38-7271,3.493189943039246,2.313683279660079,6.700353424457638,5.545665606559064,2.235622302355,0.923703191589609,8.7051074133963,6.9408515064713265,5.034482020570536,5.865212311307603,0.5649160026628633,3.0321509878493362,4.13522095526273,10.864986804046506,7.3296972286490965,0.5649160026628633,2.058434939897158,0.0,2.453605163287265,0.0,1.9564826342793882,6.04598114107943,2.058434939897158,0.5649160026628633,2.235622302355,3.4214182221486014,2.150947918331086,3.9488022791536643,1.1872029734499627,4.281851263998373,1.1872029734499627,2.386089494393794,4.574617159669544,2.525392587847608,3.1363503710628575,0.923703191589609,0.923703191589609,2.235622302355,5.959674557618352,0.0,2.4581690309303035,3.8568780925457062,2.235622302355,0.0,4.085408083913375,0.0,3.16880283823376,4.71723020974138,1.1872029734499627,4.0595391539151935,2.8299905092398574,5.082726471982172,1.572628689300103,6.838857402982972,2.150947918331086,6.143524471399724,2.386089494393794,0.0,1.5678864852758652,3.737724378688752,4.428002127082908,7.178964922865386,3.5383268766789002,2.8849180244011943,5.673505381171924,5.860894479714209,4.437026052892486,0.5649160026628633,2.8299905092398574,2.8738244928206553,6.472601285171942,0.5649160026628633,2.7841466710735103,0.923703191589609,4.312839994414974,1.1872029734499627,2.956117882919898,6.342469949526529,0.5649160026628633,1.1872029734499627,1.1872029734499627,5.267151724029837,6.659349046369262,2.685627344000193,5.72931375985261,9.693556332694053,4.260645414559062,8.57806813484078,1.1872029734499627,11.871487626992135,1.9564826342793882,5.994340407853446,0.0,0.0,1.3955513823825674,0.0,7.3914152346753585,2.915817474366482,7.127894321276048
TCGA-38-A44F,2.9874783030676455,2.6877522511540173,5.9770232720439225,7.764970937868727,1.8143360234069599,4.421148785277727,9.41336284529417,6.810575652851419,5.80011637270639,6.183008034222304,1.188788098000733,2.928207966056023,3.8306242120191745,11.09932636546522,5.158739157292914,7.203859287163312,3.0158485771388155,0.0,0.7615532132240057,0.9977969834292933,2.060424355843738,7.240943557883356,3.346294070225146,4.128312722790471,3.1946569000700507,7.612465350906535,1.3490856225875623,7.120226078560039,5.178237946217495,3.1946569000700507,0.7615532132240057,7.238482472975055,4.608316231991559,0.9977969834292933,3.4954008887239727,0.4515850437217175,0.4515850437217175,0.9977969834292933,7.408512384911154,1.6085174889743585,0.7588412837553077,6.970664348283835,1.3490856225875623,3.460154732000682,4.625237484138204,0.4515850437217175,3.546042037311828,1.8143360234069599,0.4515850437217175,4.461489174082352,2.060424355843738,5.677082515359501,1.188788098000733,6.8212121559808585,0.7615532132240057,6.805530951452313,0.4515850437217175,0.4515850437217175,4.312543911086121,5.203654976882367,6.38405378246876,7.402616141413872,5.677082515359501,3.5483435873365305,2.422499189659383,6.074863155902535,0.9977969834292933,0.4515850437217175,6.194721667614596,1.7167125949051438,7.173253090298035,2.471880510147757,5.813843923592671,6.080100229199537,5.09436964081602,2.3705427621772728,2.648151565693859,4.902025059372207,0.0,1.7167125949051438,2.2577550770762516,2.471880510147757,6.355711748999864,4.327724872012035,6.100778487672986,8.022362300515352,4.573580442781414,8.703099980244902,2.2577550770762516,11.659542120893406,3.346294070225146,6.077486267882741,0.4515850437217175,1.3490856225875623,8.369968471659712,5.090862600115084,6.9183687562417475,3.070278364005588,6.417223991668922
TCGA-44-2655,1.939633348235113,3.460000738138133,4.938401462080167,8.149255055198795,2.821200299034866,1.4739846742468792,9.681455882852374,4.70774482469179,5.674360529715936,4.845107922201713,0.2303177550622101,3.0899645999557106,3.4681080869447825,10.839125906246393,5.639993894464832,0.830645693745579,0.4173278006506765,0.4173278006506765,3.6177942165836567,1.9017044601019872,2.92368295015883,5.450072321774593,3.5382513128564974,0.4173278006506765,1.5860669261108602,3.610820610613238,1.2780686335487899,1.0341804285087208,0.0,2.3089448269466275,1.0341804285087208,1.9017044601019872,3.9045189200751915,1.3577662775053525,3.053972879390668,0.2303177550622101,0.4173278006506765,0.7109379815684944,7.766607557809024,0.4173278006506765,4.008316338142861,4.46266147469476,6.303795938530053,2.3833075695723394,3.242662661513709,0.7109379815684944,2.2561117429369646,1.7784040141808966,0.5748702729688921,4.08206109505525,2.5172528258272115,5.728013191971486,0.2303177550622101,7.0881499805823776,1.9761899118693613,5.71101624771808,1.7336712114524893,0.2303177550622101,1.8622645301134086,5.752153503381596,4.416832568938984,5.842526507833182,2.5379338567466174,3.7643092308703534,1.2031824921114922,4.450643935643055,1.0341804285087208,0.0,2.1712227747972186,0.830645693745579,6.728209865134934,0.2303177550622101,3.5895976478320986,4.38506950045855,4.604422906844569,1.1222311542667436,2.3591355442844324,3.697911046224201,0.2303177550622101,0.7109379815684944,1.1222311542667436,2.6537559170180876,5.868485849847575,3.9277290177497632,4.181785985617407,7.616943117536114,4.365516082546892,8.312704550199195,1.2780686335487899,9.903557550086243,3.3015832866210926,5.05559591268515,0.2303177550622101,0.2303177550622101,6.196372842158037,0.2303177550622101,6.123689461661576,1.1222311542667436,5.835740129604932
TCGA-44-2656,3.9809425408927437,2.4002379810586656,5.631254791649118,7.826802209050009,2.894302909672643,0.9653856115178729,7.795288447537095,6.0490421786194775,4.160993355169031,5.044585733465803,0.23980399220731702,3.8399317675288946,4.287799742901144,11.467169443132024,3.5746940018869515,2.3498312085909108,0.5949277730534854,0.0,0.43301542219517,0.0,0.8564557981719693,6.196806587556292,3.144979522618516,0.23980399220731702,4.015737767576281,6.660718545447929,1.5090870497067566,1.0636066794692944,0.5949277730534854,5.657138006833011,0.5949277730534854,3.5359875650104264,4.518558365528755,1.5672608335349143,1.5672608335349143,0.23980399220731702,0.5949277730534854,0.23980399220731702,4.672342735026305,3.668837448168974,0.0,3.816359763304655,4.59602650970163,0.23980399220731702,5.465821349991567,0.8564557981719693,4.160993355169031,0.0,0.0,3.020893069212491,1.4472953826772896,2.4482167314701684,3.4585507764920753,6.72617464763512,0.0,5.085637628093928,0.0,1.4472953826772896,3.1793904366915755,4.35959440299665,7.004582489331708,6.52374731106148,4.7803076656519705,2.5764293631575965,3.2342372319809,5.207013152139137,0.0,0.0,2.5589699780880575,3.6825645570561663,6.37980045113741,0.0,3.2448515163996454,5.702464940422364,2.8482758040861156,1.5672608335349143,2.816366344585669,3.7922164237828615,0.8564557981719693,0.8564557981719693,0.734241138094907,4.1983126088447555,5.692465343490237,4.136269947782509,5.037575784818508,6.956202527219764,2.800027560498178,7.3855038386753185,1.1530057724984413,11.668406687803852,1.3109510108161002,4.331492262758122,0.0,0.23980399220731702,4.261401595598868,3.1332438596888603,6.5283145791574615,4.0864585491979755,4.12660844030879
TCGA-44-2657,3.720099497089904,2.9852727630908844,7.07514084716011,8.549354429624533,3.396489651000409,0.8511333526167272,10.94671749627856,5.542682146310974,5.616134531464928,5.859828500037893,0.0,4.341711022337191,3.9513725564353206,11.164533267046679,6.194939942084387,0.0,1.3041619715812716,0.0,3.5807177966968906,1.9516507828983796,2.46285699982624,9.67045779331283,2.1261581289023592,1.103069009385051,3.35049338728745,2.8395111184379824,2.7994862193579344,5.0839043430237005,0.5134820922271999,6.543854289951665,3.1982607876564337,5.367950699562378,4.917525358644756,4.8055035518337315,3.9641960127547766,1.7401152360757166,1.9516507828983796,2.6211624528338713,4.9363067848054945,4.441386928152216,3.2279624164693623,3.46174356903014,1.3041619715812716,1.851458172317939,5.395729880353315,1.6147835987588524,3.8707821732076257,1.103069009385051,0.5134820922271999,4.0841140754622645,3.440459760614072,4.3061494060007846,2.2951777260656234,7.263448741425446,0.5134820922271999,0.0,2.6211624528338713,0.5134820922271999,2.5711225715981407,3.8846723634053473,2.7142973138626765,7.363178123350339,3.1982607876564337,2.91940183354717,1.103069009385051,5.754998266040471,4.992532421398402,0.8511333526167272,4.796897370856142,2.7142973138626765,5.897392850067176,3.141895423544665,4.628320145886791,2.757798636142146,4.654217459959108,3.2516217757610906,3.373754239831998,4.524775416348013,0.5134820922271999,0.8511333526167272,4.259840638949178,2.5184542499413425,6.636923768347499,4.544222011834243,5.006105048009724,8.692498525315893,5.2864674325908005,12.131025771207263,1.4714853321756147,13.038812188870079,2.1261581289023592,5.454833817160038,2.274679323740337,1.103069009385051,5.7613561726241285,1.7401152360757166,7.599356264798838,3.46174356903014,6.722064051218516
TCGA-44-2659,1.8805941829285457,4.625100256143477,5.616574714748345,5.182805499833835,2.7333150076819503,0.0,8.196257633110818,7.359754038995856,4.387482971755741,4.895770496238916,1.285147179114933,3.325255421086997,4.693226849808375,10.291209511167057,5.914588902325481,0.0,2.216220779341047,0.6834503175810813,1.8294565864007852,4.311515647145965,1.658189980639795,6.683736344631973,1.0856621294924815,0.0,3.591974753737091,2.9083153597999876,1.451379607775825,2.494419591271009,0.0,8.049142853254786,1.9756353729542468,0.28284539456025376,4.091064187671958,3.4892693071824397,4.27125288274319,0.8362080234005973,0.9686934106672035,0.6834503175810813,3.2893491998687745,2.9604470063647153,2.8476440134022707,2.349487762680265,0.9686934106672035,0.6834503175810813,4.541599729458071,0.0,3.4876716700010495,0.5030756703059293,0.5030756703059293,3.63601123597426,2.380203325539992,4.9778710265022825,1.7371800797850125,7.288633935531315,0.0,5.600996420005726,0.5030756703059293,0.0,0.8362080234005973,5.402618821599101,3.277088127616538,6.8646901455057625,3.8995819352575354,3.4901662858889964,1.5938977877523677,5.747863153891376,4.383410676446044,0.0,3.618628648902869,1.1903707139076503,5.829906920116742,0.0,0.5030756703059293,2.5210456964038737,3.7950014297874857,2.1422754858512034,2.572268659743151,3.644590519195052,1.451379607775825,1.451379607775825,3.0417185103906887,3.4043424308062282,6.7043800406498875,4.613468658224219,6.3013269326253525,5.513993103014726,4.180523787513971,8.606276753280378,3.477627417642466,11.502420480325082,0.6834503175810813,4.725625204272889,0.0,0.28284539456025376,0.28284539456025376,0.0,6.242606460509052,3.2264828181899485,1.7755623343254838
TCGA-44-2662,2.55336715737221,1.9607565368715487,4.455583740843079,7.923750159389084,4.302672231730953,3.894249997061307,9.267268759362075,3.4843337605347715,4.8860542039388735,5.4003638970179,0.0,2.186073748395717,4.173149581197957,10.857933045022582,5.889365374152527,1.9607565368715487,0.7310689735585019,0.30682271597916455,0.0,0.30682271597916455,2.6593290345523877,4.92592671816929,4.211138961190095,0.0,1.028010981484563,5.4003638970179,1.7348892491504122,2.960830221544726,5.632290053324242,4.6345736363573335,0.0,0.0,4.07378464825674,0.3251223554256259,1.5994077783967429,0.30682271597916455,0.30682271597916455,0.0,6.90236678710124,0.0,0.9980181734324072,7.350040785895184,6.595460790724137,1.028010981484563,2.7083701499131303,0.0,2.1019366195072067,0.0,0.8905215399801925,2.1019366195072067,1.4426510647872144,6.403453329703392,0.8905215399801925,6.543075524722966,5.816158325207932,1.3045689885594982,0.0,3.0665914024986507,5.876356679995276,5.244531494584222,6.6908696062376745,6.844013240567972,8.639851435021855,0.9022323746231148,0.541277231221819,3.646658043367396,0.0,0.0,2.6593290345523877,1.028010981484563,7.350040785895184,1.4426510647872144,0.8905215399801925,2.6077509297856447,2.402864722784384,1.3539777596433475,2.755124608488139,1.5994077783967429,0.7310689735585019,0.8905215399801925,1.2566696133259048,1.5994077783967429,5.379058291949296,4.3134506405671935,2.300332557940752,4.807090100850674,4.588183729557693,2.4658087740960597,0.0,10.426326723793931,0.0,4.956713988105753,0.0,0.0,3.7615372681536092,2.263677930678562,6.2553161664530705,2.300332557940752,0.30682271597916455
TCGA-44-2665,1.9694871570117822,0.38825112737347645,3.7328245666201685,7.810502713020832,4.336334728442681,0.8850477121342233,7.609192997859816,6.949616733077055,5.220685500459154,5.951428701824756,0.6672137985334409,1.9010024384001034,3.263554692083605,10.73722242140572,5.560731629765569,0.0,0.38825112737347645,0.0,1.0638482962317697,0.38825112737347645,3.585755324767902,6.048966651879436,3.7328245666201685,0.8850477121342233,3.3165649908214516,3.91871854022418,1.4634174261664732,7.06465645842918,0.6672137985334409,7.017757007529451,1.3471116472446276,0.0,3.6919347818429427,0.0,5.095215384569319,1.0638482962317697,0.0,0.0,5.873142616273672,0.38825112737347645,5.634836030662905,6.648820028719868,7.6257609120387935,3.1684411091648856,2.0938004572586966,0.38825112737347645,2.255378174828951,0.0,4.258930603770887,4.447816716033115,2.3039142093274765,5.627764988232285,0.8850477121342233,6.693883610605565,1.661916504079231,4.679683790147741,1.9010024384001034,1.2154763837093514,3.5184587998183,6.683845183948344,5.022919532929475,6.243694944649821,6.562205364635234,3.3951390670781914,1.2154763837093514,4.000130947636981,0.38825112737347645,0.8850477121342233,4.751873200680192,0.6672137985334409,7.309453300521057,1.3471116472446276,0.0,2.3502031419333,5.610555456895705,2.6590490146691463,3.263554692083605,1.661916504079231,0.38825112737347645,3.383135238843747,6.154091345787667,1.4634174261664732,6.638316448682624,4.632347513992883,2.920588380403961,7.6011674244357845,4.258930603770887,3.982602617376353,0.6672137985334409,8.833959681762439,0.0,4.984708753863533,0.0,0.0,0.38825112737347645,2.9944965103130246,5.786866706049599,2.8680920652050834,0.0
TCGA-44-2666,3.0843336358467943,2.2344347236453346,4.620167166993999,7.979475872181931,3.651572109303422,0.0,6.672125346255274,3.7926537123303907,5.368468233965489,5.524723589555695,0.6065538979748498,1.3659385808628168,5.374282541603737,10.222173983850599,6.50659539010386,2.398749453336826,3.8475122172393466,0.0,0.34861252984868774,1.1266488973619657,1.4670675711423733,5.259727254524063,1.6429887359451822,0.9814040877625687,3.838576660504695,2.6339586390702516,2.5398366566464614,1.1266488973619657,0.0,5.235601183942504,1.4670675711423733,0.0,4.788973977063197,1.6429887359451822,3.8910363174086617,0.0,0.6065538979748498,5.860532630060215,10.106028316511479,0.34861252984868774,0.0,5.023716033634786,1.2534198955286897,2.572207568189803,3.9727831474730646,0.9814040877625687,1.3659385808628168,3.0843336358467943,0.34861252984868774,3.1578978906442874,5.494336350465589,6.56584930631991,1.194588913015595,7.086980380034674,0.34861252984868774,2.703077859475652,1.2534198955286897,0.34861252984868774,2.6035559767723417,5.827918619840249,4.2925257979126785,5.49946885550138,7.188344758355677,5.034683796853395,3.856370750878269,3.9245423108662982,2.360127322056396,0.0,3.783209608395542,0.34861252984868774,6.897547354954696,0.9814040877625687,3.5959387149666786,1.7205498568712587,3.209726093449763,2.360127322056396,3.1578978906442874,2.824243826166366,0.0,0.9814040877625687,1.7205498568712587,4.425773148615352,5.681390297367722,3.8705549689343743,2.9627182589352308,3.9727831474730646,4.747311903147313,6.442946135007233,2.2781079571868847,10.222054004574149,0.8114634073779876,4.717936213032618,0.0,0.0,0.6065538979748498,0.0,5.551516683975428,2.824243826166366,1.2534198955286897
TCGA-44-2668,4.279973144773551,1.2402565164031827,4.377114590312861,5.11113200058788,2.3564196556224513,2.3033048339183946,7.646282052414793,4.901341125835779,4.205475894640352,5.905410893173364,0.0,2.6267244484561636,4.370233619620503,10.330867434871841,1.7299017958492382,0.9699073253111687,1.6281026376632557,0.5981769429687184,0.43560626502015126,0.43560626502015126,2.73865053196188,5.065685190278085,4.6460529786601015,0.7380249393380308,4.133765575826728,5.926021617115989,2.478033080844828,8.175499747986375,1.2402565164031827,0.7380249393380308,1.316247362807856,3.5509125247385667,4.7970046842650556,0.5981769429687184,5.221641484750119,0.43560626502015126,0.5981769429687184,0.24129776189425178,9.593566687746378,3.6828135939262294,0.0,9.043469634140324,7.1354723557663124,1.822272508597135,4.895231924786641,0.24129776189425178,2.586447379342961,0.43560626502015126,1.5730228597320515,2.720841377418511,2.0571448066812255,6.481675133662206,2.5812995765435627,6.342434749909497,1.822272508597135,5.1028740953760945,4.00314259879563,1.7771533168386928,4.465649464516831,2.8707131202329803,4.969973009043986,6.040833115398066,5.780413214335228,2.783003054338611,1.7771533168386928,5.340950519929444,0.0,0.24129776189425178,3.186365029780017,4.107175229369952,7.688666053545543,4.635515086940057,0.8606511640034763,1.8654590246576863,4.697129302701655,0.9699073253111687,2.500673365962608,2.606784991921358,2.1877801185082197,2.0914442204709864,0.43560626502015126,3.417005111867669,5.436891647410646,3.617719056667478,4.859897672044109,6.919130337003642,4.614106141150014,3.805417270361888,0.0,10.132974939109394,0.0,5.340950519929444,0.5981769429687184,0.5981769429687184,5.315788847460041,3.6759259181513544,6.766286180244419,3.6263256288306094,3.1975786412789544
TCGA-44-3396,1.6149626230768004,1.2416731315087617,6.137398706449547,5.2102727286554416,1.8158990834145352,2.0714975717378437,9.385972940619341,5.456013183515586,5.836817494107941,5.884007390589562,0.20196077204630308,2.5004682705720236,5.518969817646955,11.053179446095147,4.765220571135815,2.4241919197452746,1.2416731315087617,0.3698379304650133,1.3632560044933142,0.5136017667127425,2.341623097149362,4.876959129087956,3.925442559087611,0.0,3.757560943793271,6.428885259207604,1.2416731315087617,4.835170178098788,7.834815807835558,0.9424651728436177,0.5136017667127425,2.4438155218323687,5.450501828921753,0.20196077204630308,1.569448904217737,0.5136017667127425,0.0,0.20196077204630308,8.532932673344993,0.3698379304650133,3.0286253168560164,6.698022647926862,5.930854300188228,2.8782035805497728,3.029708489108922,0.20196077204630308,2.3837594677830425,0.0,0.8512614236536372,3.9210184250531315,1.6149626230768004,4.778484633622072,2.565503050299208,6.581048207557139,0.9424651728436177,6.451386274345444,2.5540828378047835,1.5217426652949397,2.7996991412863514,5.366083485882165,5.9595609980949735,6.73140466060296,4.121311010451915,2.802826905300391,0.0,4.769030715138462,0.0,0.0,2.5004682705720236,2.013448630095693,6.493231767135529,1.1748323145795188,0.3698379304650133,1.7002470687219475,4.828033698094982,1.1748323145795188,2.8782035805497728,2.5882902125616054,0.6392716075906274,1.8158990834145352,0.3698379304650133,4.095570477147906,5.633309937575276,4.226188281526818,4.991234985858909,7.045785287642967,2.5713289644255757,5.181766696217472,0.5136017667127425,12.62339385810987,0.5136017667127425,5.907400640239237,0.0,0.3698379304650133,6.9060688577729215,2.4630614378353854,6.604373271670271,2.865538163146053,4.364956769978287
TCGA-44-3398,3.1833025317836134,2.1139033530474087,5.022234429939608,6.650489893111064,2.1139033530474087,4.137886055551102,8.813361156618317,5.899968583922263,5.022234429939608,5.506939997761362,0.6186929946349977,3.1285790568870415,4.784403646182813,11.683123831961872,4.805650863397956,2.7983539301258076,2.422889392037474,0.0,2.2581419667495553,1.814694440510551,2.920949458360303,5.634078636206409,3.9587519992255817,0.8262784931631282,3.864530898417874,3.6331235856589803,1.4875188351377437,8.893211637661556,5.275217609689143,5.1542333474410285,1.3857692232591372,4.006632940118077,4.162724134568465,1.4913973436188994,4.37415322053526,0.3564849258864457,0.6186929946349977,0.6186929946349977,7.032544822744891,0.6186929946349977,3.6718731634216812,7.0826745060093295,3.6555139656272577,2.3019448881066227,3.218191590833475,1.4875188351377437,3.3764093478526576,0.8262784931631282,0.6186929946349977,5.113853516682049,3.268340047523445,5.815547437987021,2.460152785321771,7.478825216962676,1.1446367269793891,7.591942438170571,2.2581419667495553,1.5798855101720761,4.197571804068525,6.053055760447809,4.074410526292184,5.840760836317817,7.19607964511916,3.1715200314969483,2.0607937473073528,6.4674300564755285,0.3564849258864457,0.9980918925625548,3.974967757189759,0.9980918925625548,6.276735590363373,0.3564849258864457,2.9660665655982346,2.1643340086977987,5.797515654073048,3.1285790568870415,2.920949458360303,1.7423766294611336,0.3564849258864457,2.2123321040164834,0.9980918925625548,2.8737002236081928,5.942463360674918,4.1613222935662,3.268340047523445,6.896269570039045,4.60016869937982,7.657178817818707,0.3564849258864457,11.658652191294628,3.1096545326612053,5.580635076500667,0.0,1.3857692232591372,2.496085598518323,4.203989387106469,6.1722912371451635,1.814694440510551,4.755338661640481
TCGA-44-3918,5.089612819279683,2.390238763668917,6.169056185453226,8.171099213950246,2.0624225365102413,0.7627665224400024,8.147754276333997,6.430938090068507,5.851288268907589,5.6299601027404895,0.0,4.337485493108864,3.9605731407929694,11.083741270241472,4.275807417103742,0.0,0.5669034539856949,0.3230974776727355,4.347405427556606,0.3230974776727355,1.8413588297193393,4.940391640707651,1.8467841267467753,0.3230974776727355,5.2775481722764646,6.360303706082479,1.0670872212602527,4.023920309655,1.5715075663989666,3.438162347400977,0.9264786582616449,2.354674570343807,4.834645648375332,0.933973466726463,5.6948729020262565,0.7627665224400024,3.900684972161216,0.0,8.652042215582926,4.54391905545605,2.4600673597743548,3.553735333170477,7.298783339292532,0.9264786582616449,5.9845960126383675,0.0,4.506743354466483,0.5669034539856949,0.9264786582616449,3.9310782947132985,1.488963758966226,6.548474084578394,2.8109376612776384,6.658052123332578,1.300109914856057,2.725739485750983,0.5669034539856949,0.5669034539856949,5.940434375995203,5.016524584796488,5.9922467411144735,6.995555511410149,8.26851898895542,1.3664487328991846,1.7847348542910906,5.959318350446562,0.3230974776727355,0.0,2.4245814623032977,4.023920309655,6.078891462749466,0.3230974776727355,1.9052071950685003,6.833198744701003,2.1549895479151724,1.300109914856057,3.828724001772837,2.457783794882855,1.3989884491787754,1.488963758966226,1.7847348542910906,1.9604045952057658,6.036053039461308,3.9647786300894143,4.901460104404904,7.795201993095444,3.413353199432168,7.334505574980933,0.3230974776727355,12.248926175085018,1.6477543707183049,5.458695756725271,0.0,3.9235661265231294,2.198246277445086,4.121322366649601,7.192302442738431,3.3213313250515677,2.9404943672993755
TCGA-44-3919,2.375473035499882,1.7712165679967256,5.409138446152506,8.308583509879064,1.8761772078659562,1.18674525865931,8.598905888496295,4.629501757801329,6.205181810234677,5.44768519819886,0.0,3.4725718593168104,1.9247886524332019,10.969767746940878,7.1971583696321515,2.3130996210936545,1.18674525865931,0.28156339144360376,2.9210626052169615,0.28156339144360376,2.567446237660124,7.381831852517875,3.3661745118890805,0.0,3.0973046231623926,3.9709049331643684,2.2115766474494136,2.2115766474494136,0.6808721496843327,0.6808721496843327,1.4473894604797015,0.28156339144360376,4.084349780381002,1.5943648829365793,3.3992989140457053,0.0,3.6731056999978957,0.501017682774905,5.676948988697624,2.5162518813041306,3.6596360021442678,3.0973046231623926,4.893037241329482,0.9654617758806044,3.7370884970841947,0.0,3.0050388328742907,0.6808721496843327,1.5897248811240805,4.134580785211707,2.4896371101636467,6.37837015491732,2.2115766474494136,7.028910400538604,0.0,0.6197697107551698,0.8332568885445905,0.0,4.0187963226117365,3.907623341083459,5.384086722548826,6.401835933060541,4.001104737752352,2.1342137775268153,1.5897248811240805,4.938329799068284,0.28156339144360376,0.0,2.462294579700635,2.0985699221148355,6.094927764032325,1.8250814085164808,3.0210198310807406,2.1753083847002577,3.907623341083459,1.082211867300329,2.4341833683507925,3.818872092727795,0.28156339144360376,2.6625855014413533,1.082211867300329,2.6161468780321524,6.207150358481604,3.9213137128370024,4.95221490783338,6.6903166734744985,4.4103808281704096,9.106426587076333,1.8250814085164808,10.802744021654489,0.9654617758806044,5.403298810367211,2.3130996210936545,0.0,5.689122202757419,2.1753083847002577,6.6646602642962085,2.6161468780321524,4.160278983637394
TCGA-44-4112,3.139330326898764,0.7906368018372024,4.977953687639885,9.039590009943304,1.337944100178844,1.8279145908176058,7.4051126111209875,5.6814346109922935,5.803694172431399,4.851311255495,0.33761444119998996,2.989487817456662,4.1966273465199615,11.30798645096085,5.93199051311144,0.0,0.0,0.0,4.566228713843411,0.0,2.0049469563393276,5.323088024873249,1.949347093133522,0.0,0.7906368018372024,2.813172688433542,1.5292035197234943,6.652728826800201,0.33761444119998996,5.15031607375752,1.6896713711442701,0.33761444119998996,4.31598832274549,2.5784501183615447,4.789797416006816,1.1012754060875933,1.6126527393360428,0.9579699588656436,7.3274388243278565,3.7926424444073503,3.809248033259038,7.296887732469404,2.836988561886519,1.6126527393360428,3.5003939391020804,0.0,2.5373884043435777,0.33761444119998996,0.33761444119998996,4.121353189964683,2.3644888963088606,6.169836648393131,2.650180946439483,7.412896778679783,0.33761444119998996,6.480050696877159,1.2265949823622158,0.33761444119998996,1.8904729421640876,3.173526932724218,7.029184990758718,5.161890357097185,5.317193093816844,3.637480891027936,2.9052111080928045,5.543688054638957,3.657156561917988,0.5895628643033748,2.9052111080928045,1.8279145908176058,5.482125318109753,0.5895628643033748,1.1012754060875933,5.039637307055205,3.121778849695372,2.47177075039486,3.06721072010497,1.8904729421640876,0.33761444119998996,1.337944100178844,3.9357551569233933,3.2065926951543666,6.259749709949031,4.1116637160925675,2.3644888963088606,4.165948688081544,4.634806655116398,6.26587329241493,1.8904729421640876,10.94694471356355,0.5895628643033748,5.299301881753859,0.0,0.33761444119998996,0.5895628643033748,0.0,5.500339421240135,1.6126527393360428,0.5895628643033748
TCGA-44-5643,2.7503367226789948,0.9895783676439744,4.3518212609500395,6.0992129594698,1.5981140387026571,0.446862936804093,8.388049871389217,3.9123049656736195,5.687260061570151,4.922445040686614,4.548823089999614,2.9750957987035487,2.049059650793751,9.819671066443018,3.889517649047951,0.0,4.177848963621849,0.446862936804093,0.446862936804093,7.908339364030221,4.601076819583309,12.205552510283287,3.5657565617658085,0.0,3.0839766400994906,4.827865636920319,3.0310173676932517,9.079222065515934,0.0,0.7546185026480464,0.0,2.6756027641029476,4.66992743320337,0.4611520695224181,1.477117215193491,2.819865837565997,5.593245621888791,0.0,3.80541059536631,8.281688555716265,0.0,2.819865837565997,0.446862936804093,2.1191308950041563,2.3587291036120854,0.0,1.803424500758558,1.7060200102803444,0.0,3.271547968206469,1.477117215193491,5.728406792231595,0.7546185026480464,3.956376676231618,0.0,1.8540924349153634,0.0,1.3394385748346274,2.049059650793751,2.2460888128363767,3.003447435008818,5.868381239795585,2.4106140452061453,5.921682971818797,0.0,5.091846549521079,0.0,0.0,3.85433456879799,2.4106140452061453,6.950096119471662,7.1967464941325465,0.7546185026480464,0.7546185026480464,2.9459220893409475,0.446862936804093,4.3590535116636175,3.4827558630469904,0.0,1.803424500758558,4.9058968071606674,1.8921777923465621,4.728387319045424,2.9459220893409475,6.649331640041134,6.740602098500052,7.826135825671366,5.297682164850147,1.7060200102803444,10.013843072363715,8.73979739730985,5.444247204807257,0.446862936804093,0.9895783676439744,9.060943209595218,0.0,6.389999027134518,1.7060200102803444,4.16917370284275
TCGA-44-6145,3.879053433117851,1.0630196527427216,5.84436437063258,4.866526250084654,2.462925150473272,2.993299316312288,8.042062842974698,4.2819769913346315,5.0920186411726,5.431168527867695,0.4896224161148877,2.9611201246362953,1.5665930399417842,10.524233380761036,5.295097187331771,3.315345332392372,1.425178479169857,0.4896224161148877,0.4896224161148877,0.4896224161148877,4.111080400220323,4.831883358616565,4.03584466075455,0.0,1.6904647510764736,6.510076776422338,1.5665930399417842,9.536819991135875,0.0,0.0,1.0630196527427216,3.5585543444376984,3.873947236575916,0.8168681075497042,3.024470350743335,0.0,0.0,0.8168681075497042,7.610516100058053,1.0630196527427216,1.741570827644768,3.140261097145815,7.394511545893543,4.6621552514707485,5.166795382281051,0.4896224161148877,4.237360624491157,4.989922252498714,0.0,3.315345332392372,1.800669655357811,4.725731580650343,3.340048664198253,6.408219023152272,5.304562823019865,6.891568984863679,1.260390944230735,0.0,5.498024416034329,1.425178479169857,6.139981530282352,6.304081276025884,4.535068485691916,2.7568721107994936,3.723995601203214,5.359525347589152,0.0,0.4896224161148877,5.2887416655123545,3.865909954590893,7.306491129672333,0.8168681075497042,1.6904647510764736,1.9902140746118377,2.2205395476461476,1.5665930399417842,1.425178479169857,3.8254079135435646,0.0,1.260390944230735,0.4896224161148877,3.1125459506452455,5.711509213046795,3.8043865684918456,5.675338417522058,8.021535287331178,4.365650779282479,6.468808358681555,0.0,12.014488321457033,1.0630196527427216,5.259623314684348,0.0,1.5665930399417842,2.8209502231176597,3.879053433117851,6.321546768139558,3.1125459506452455,5.202191854450653
TCGA-44-6146,0.3724597064941801,1.9902960709493807,3.649486126063561,7.52819734907145,3.8313854542035926,0.6431688107537038,9.208814207980137,7.5349709686724955,4.85402826658229,4.7266176106738405,0.0,1.7857246294916314,1.926639951421873,10.794852194566218,4.168650848043701,6.278596468254282,0.6431688107537038,0.3724597064941801,0.0,2.645223990900935,0.8560310434614248,4.542872352633635,3.2511300203975333,4.885208116288116,2.4706640369248833,7.071097869178289,0.3724597064941801,2.210765812902886,8.033408639961287,0.0,0.6431688107537038,4.698241497760373,3.2574001417477216,0.0,2.1065945396723404,0.3724597064941801,0.0,0.3724597064941801,7.153106406520432,0.3724597064941801,0.744600462148861,7.535451522279488,1.1805915814880241,1.9902960709493807,2.873383832274676,1.425226571121678,1.0314391889630772,2.923123945602361,0.0,3.215550301439624,3.350854512670249,2.1600417862085033,0.0,6.559436751310574,0.0,4.364591776997488,0.0,0.0,6.634538741033487,5.370168150310509,7.782811431234508,4.706435327035607,2.2590510909703174,3.4464288401910808,0.0,2.970506769001916,0.0,0.0,6.769683307800893,0.6431688107537038,7.593933230785273,0.0,6.869682626554869,7.0825317766030516,1.8586701745106817,2.3051118979319156,1.1805915814880241,0.3724597064941801,0.0,0.3724597064941801,0.6431688107537038,0.6431688107537038,6.068326046252934,3.7438173488696025,2.7657969603515693,1.6216431248724625,3.015745662952004,7.271516058983782,0.0,8.926605167052081,2.1065945396723404,4.533220805475119,0.0,0.3724597064941801,5.626271282214591,5.1735588084052235,5.307648693976921,1.425226571121678,0.3724597064941801
TCGA-44-6148,2.2011501953386916,3.4339452681219584,5.582108127658865,5.213140669140444,3.2442238323964796,2.00529703039703,8.859207186943785,6.869044595741484,6.641836002942459,5.294334445237094,2.3131985702536566,2.2587376932137695,4.047383973358598,10.36808283299386,6.744056830595969,5.91374892134447,3.285154081787491,0.4289863031495102,4.009235011976613,2.2587376932137695,2.8982352042489974,8.414981047763268,2.805479346433756,0.0,3.949137656234363,3.678063673867456,3.285154081787491,1.302505060390182,0.4289863031495102,2.4139565069517017,3.6366014645468634,0.9582384924819115,4.3213406828518,0.4289863031495102,1.9304483723343249,0.0,2.772544971282722,3.704779869833058,5.24472142309781,0.9582384924819115,0.0,4.973729233400276,1.1451141223195294,1.9304483723343249,3.0098767668952116,2.00529703039703,2.5893342303972253,3.285154081787491,0.9582384924819115,5.280799826450324,3.4679210137050633,3.0861167053925618,0.562639782480163,7.087289621768056,0.9582384924819115,7.551591409735278,1.4384360455228369,0.4289863031495102,1.7615064260570341,3.451079013456093,3.3807089192348188,5.991687022358528,2.00529703039703,3.9887080825637864,5.406166782322734,4.218938425520129,1.8495408371399658,2.7384888750427736,4.637801931801441,0.4289863031495102,6.953368974942494,0.7282247071726413,4.309316147121984,4.528322618413595,3.484487119714539,3.780893297876357,2.07493138620195,3.4339452681219584,0.9582384924819115,1.302505060390182,0.4289863031495102,2.666693341344821,6.20761168046936,4.21181940224294,7.66931783097464,6.417970078218548,4.908661629171634,10.676607438319495,3.780893297876357,10.763030139339769,3.5325998430532337,5.294334445237094,0.0,0.7282247071726413,0.4289863031495102,0.0,5.8792612283384535,1.8495408371399658,0.7282247071726413
TCGA-44-6774,1.050366976040115,1.7310890130279075,5.4877221115635075,7.199894901778178,1.7310890130279075,1.050366976040115,7.535659690480145,5.43644754353529,5.732113986868513,5.853879234155357,4.883112480418901,0.0,1.7310890130279075,10.707746677533232,4.590904919174048,0.0,4.39353144975945,1.050366976040115,0.0,0.6572090737543161,1.3318645741306072,9.217474860876782,1.5512789982605681,0.0,5.750020177717376,2.7040756463467988,2.7040756463467988,2.0156494085920564,1.7310890130279075,0.6572090737543161,2.331532057615684,7.160977885532345,4.272708297161711,4.288904808675778,3.4842662750441264,4.2971588676008725,2.5712219512399206,1.3318645741306072,8.160538247277508,1.3318645741306072,3.1684032462329017,7.543072055261241,3.7350996520807307,4.204470206599373,2.132377860563104,0.0,2.0156494085920564,2.0156494085920564,5.56181176140831,3.8984736257616497,2.417965244034119,6.176870924280525,0.0,6.872836658543186,0.0,3.0937433481106487,1.5512789982605681,0.0,2.926275008538769,4.779375562179788,4.147374930356422,6.443054365455429,6.127412704502485,4.469576096036812,1.050366976040115,5.4991907687365185,0.0,0.0,4.218249561103497,2.0156494085920564,6.799991878708,5.245243540586104,2.5712219512399206,6.281251278211131,2.417965244034119,2.4975266811441026,1.883457070916698,1.050366976040115,1.5512789982605681,1.7310890130279075,3.9534566528506203,2.236904586706245,6.44895426546039,3.1800643079827062,3.592258415509511,4.890123538868615,3.6421729925276485,5.283695993342686,1.3318645741306072,11.2177782643227,1.050366976040115,6.240435676451651,2.417965244034119,0.0,5.495383847352127,3.0212391886564025,6.471158572436671,1.050366976040115,1.3318645741306072
TCGA-44-6775,2.259834155926413,2.1484894116543427,5.19407844389178,4.763053889404457,1.259596708073933,0.6979356972917425,9.385738013697313,5.447581842586558,6.302946760845337,6.059256364284545,0.0,2.4065756707152506,4.682288622144381,10.75547226957436,7.156309233993522,0.9220342065012208,1.7997276388772319,0.4086599990046836,3.029505483660912,0.9220342065012208,1.7125719513310345,6.151561796704557,2.871205927801602,0.9220342065012208,1.1049918956321487,2.259834155926413,1.6170885713646233,1.7125719513310345,0.0,6.293661393711761,1.393468564867891,1.7125719513310345,4.100893073839864,1.1116601275173676,4.320216388407469,1.1049918956321487,1.8798924392192553,0.0,8.511217371719146,3.6336336218878937,2.332959096849028,8.101780772450345,4.061165163524282,1.6170885713646233,3.8048207948909485,0.0,2.3111780674120648,1.259596708073933,1.1049918956321487,3.6981884902727002,1.259596708073933,7.246959494633582,1.6978882536179845,7.127958511793526,0.0,3.0048010278138673,1.6170885713646233,0.0,2.023175376726259,4.584157967431275,6.286171263871727,6.751234793381995,6.0533425008228186,2.40975197618724,0.9220342065012208,4.677602469244763,4.745662296508206,1.9540908811455073,6.262393948913623,1.7997276388772319,7.049194075520748,1.259596708073933,1.259596708073933,1.5115163258732724,5.769994594545781,1.393468564867891,3.490492537730868,2.4065756707152506,0.4086599990046836,1.7997276388772319,0.6979356972917425,2.7815422693403344,6.949271432518265,4.513684085064918,3.4269593409966297,4.763053889404457,4.152528561081009,8.818211440429348,2.1484894116543427,11.025863567228477,0.0,5.26438305571509,5.387092603687994,0.0,4.837780783075214,0.9220342065012208,6.186037827422601,1.7125719513310345,2.647925037868902
TCGA-44-6776,2.5252725403086385,2.1863096703178897,3.6654751987348817,5.354168259288042,0.8906857031587604,1.149051885426179,6.630926100248123,5.904437715453475,5.6984817841191235,4.173414489205581,0.0,1.6696483308330834,1.909112782937557,9.950204139758652,7.695557879583464,0.5413936253324085,0.8906857031587604,0.0,0.8906857031587604,0.0,1.6696483308330834,4.989295886557988,1.6696483308330834,3.5277125513923786,3.6654751987348817,7.085876359447975,1.354184307201657,4.345743801721248,0.0,3.3678887576184144,0.8906857031587604,0.0,4.636726990892309,1.5321032014921052,4.746878059896749,0.0,0.0,1.354184307201657,5.200241365383692,0.0,4.207883046948238,4.954452874407264,3.9513533279587154,1.7965313987734532,3.207082556849084,0.8906857031587604,2.1021688096108413,0.8906857031587604,0.0,3.608739866747714,2.0102924079845814,4.795550847449948,0.0,6.733498315759852,0.0,6.184550871987944,0.5413936253324085,0.0,2.684399378992972,4.258217824197482,1.354184307201657,4.864391053617837,0.5413936253324085,1.7965313987734532,0.8906857031587604,4.765408015755,4.6417913694437365,0.0,1.7965313987734532,0.0,5.841777639807938,0.0,2.777961761576288,3.083436327254374,4.278341104333493,1.6696483308330834,3.4845944571482654,1.354184307201657,0.0,1.354184307201657,1.7965313987734532,3.6654751987348817,5.556449611717998,3.9594713173354266,3.7015858844234306,3.978606309571299,3.5690480720276536,9.233099409096697,0.8906857031587604,9.384881741451174,0.5413936253324085,4.73432827966598,0.5413936253324085,0.5413936253324085,0.0,0.5413936253324085,4.726343025318144,1.149051885426179,1.909112782937557
TCGA-44-6777,1.7464831243584196,1.914920609511388,5.667357051038349,5.093872892666312,1.914920609511388,1.2892877431777403,6.119079094677655,6.506674545441772,5.144215852178804,5.812663785035924,0.0,1.989585212557975,5.338782497400027,10.84240241770822,4.066257110346863,0.0,1.8342440808342102,0.42264993286226527,2.7555124999215557,1.6502535069338755,1.2892877431777403,6.672106360487637,2.531543704028154,0.42264993286226527,5.034032759402258,4.5935347561527875,1.5437894421975387,4.886658114276544,0.0,5.539501208841905,2.7214993544262143,1.5437894421975387,4.098029431411589,0.0,4.68501595119281,0.9470526935241959,2.9101362581038606,0.7188636590645816,4.821031284495583,1.4246011952744773,1.5199070004438109,4.750801824464214,7.514390957594103,0.42264993286226527,3.1620811095877945,0.0,2.7884067056901904,0.7188636590645816,0.0,3.530484362836085,1.989585212557975,5.302782383507195,1.1327560332349471,7.135790844856772,0.0,5.566009719202928,1.6502535069338755,1.2892877431777403,1.914920609511388,6.082533929245942,4.995623173975752,6.987065410695109,3.981621826623819,1.840946380079938,1.2892877431777403,4.68501595119281,0.0,0.0,3.5608329917199835,1.8342440808342102,6.332007060331695,0.9470526935241959,1.8342440808342102,2.572528257215824,5.087398784856396,2.938383841661756,3.4334773971361057,3.432799402553462,0.0,1.1327560332349471,1.4246011952744773,2.7884067056901904,6.516056972106687,3.145009669628258,4.001058998166105,6.143094910747747,3.7508467036140707,5.533282763665015,0.9470526935241959,11.78302130211347,2.1239965597891985,5.912835215148258,0.0,0.0,1.1327560332349471,0.42264993286226527,6.328040349794616,1.5437894421975387,4.773282940831404
TCGA-44-6778,3.883393051673253,1.2635898598944049,6.019889211312417,4.89969628457166,1.9940470386628875,2.519412740915101,8.342141941774443,5.104162066392538,6.712592829684052,5.547950938536709,4.312195465485004,3.994515018794364,3.248287043404272,10.556773214670942,2.705339864790154,0.4913369471821282,1.9940470386628875,4.950375605683526,1.0659513464285486,1.2635898598944049,1.8043630427942736,6.10412336524692,1.4285393427136366,1.5700939916910757,3.116781081876132,1.5700939916910757,3.7875295048802755,3.4486183549491507,0.4913369471821282,3.144501355668834,4.125741479919134,0.4913369471821282,4.328309352167894,0.8193392057977046,1.9940470386628875,0.0,0.8193392057977046,1.0659513464285486,4.579305561860434,0.0,1.0027986488157077,5.192590116984885,1.2635898598944049,4.690136139190685,4.559577454577977,1.8043630427942736,4.02897013625786,7.5045897774001675,1.8043630427942736,4.6423888964707,3.5073695678263355,3.386195412743808,2.3048624977380863,6.939961060318355,2.897678333078603,5.996489401355728,6.181812142247058,0.8193392057977046,2.0769008167700833,3.8017995738265253,2.616694857281105,7.065656061234409,3.0882704330394297,3.616628602597531,0.4913369471821282,5.174798537635086,1.0659513464285486,0.4913369471821282,3.4074378692516096,2.786762793795663,7.575056306880116,1.0659513464285486,4.409377905021484,4.476528533361563,2.466980261254545,1.8043630427942736,2.786762793795663,4.105032244926941,0.4913369471821282,1.4285393427136366,1.9037032674500391,3.5447030322463298,6.0245051449359055,4.211619320579312,6.329087906647199,7.2195322244379625,3.7875295048802755,6.5022036671326315,3.1977420720173715,11.042097496049886,2.825115942527548,5.293154059591156,1.4285393427136366,0.0,1.4285393427136366,0.0,7.051301356824685,2.9975057001031327,4.312195465485004
TCGA-44-6779,5.17237992390138,0.0,3.7481502187026514,6.8608502368531035,1.221095372882658,0.586118607801422,7.714449870926793,4.475857311462265,4.41990149064447,4.6113649587012215,6.954085276564744,4.107143965923583,3.563027073690346,10.273304757397767,0.953162534650006,0.0,0.953162534650006,0.0,0.0,0.0,3.2772617072824928,7.021744460399267,4.297617323917132,1.4321994149772717,0.0,6.474108265275032,1.7547150528886735,10.055955388604357,0.0,0.0,0.953162534650006,3.820574161063501,4.933235756834752,0.0,4.665324108807838,0.586118607801422,0.586118607801422,0.0,8.569895692405584,0.0,3.478670637273061,4.650200911362394,3.871644662479977,3.7481502187026514,6.363714075104716,0.0,4.811672029033737,2.4301512287996503,2.9195745097042596,1.8838523578849768,2.100799331632479,1.7547150528886735,0.0,5.072651887846561,0.0,6.920039517815356,3.0409111630083347,1.9982043709192132,4.84356484566284,0.953162534650006,5.457511023449968,6.0942896011979695,1.9982043709192132,2.202698457171461,0.586118607801422,5.176889571819618,0.0,0.0,6.017724223894561,4.44827073173956,8.061663507420885,1.9982043709192132,0.0,1.221095372882658,2.4301512287996503,0.0,1.8838523578849768,1.606413343032052,2.9195745097042596,0.953162534650006,0.0,4.093942814865771,5.617345478133069,3.702824271619584,4.390703878267526,6.854145619681082,3.802953397361526,3.078293345944985,0.0,9.54457439137123,0.0,4.9729680403664975,0.0,1.7547150528886735,4.350397929159877,3.492831114640514,5.939352496578448,3.4682920081771367,1.221095372882658
TCGA-44-7659,2.136979050320936,2.9411282415599502,5.174085456528683,5.625936241853505,2.3717379516823622,0.0,7.7163048860179195,6.69847025315393,5.013810248589899,4.403268177215193,0.5581289688818571,2.221505180943304,2.67089508646401,10.543497634682945,7.66682127763137,0.5581289688818571,2.221505180943304,0.5581289688818571,0.0,3.273784376331481,0.0,5.615107897133228,2.221505180943304,0.5581289688818571,2.0446559786916123,2.299440152849967,2.136979050320936,5.9221064303556705,0.5581289688818571,7.7729379624675365,0.5581289688818571,0.0,4.3280745456645215,3.5040427369543132,4.4213951734388806,0.0,0.0,0.5581289688818571,7.299844662936976,3.4306073055079453,0.0,2.8589097568312547,1.5553829133113561,0.5581289688818571,4.178609114585193,0.0,1.7018894647990122,2.3717379516823622,1.3836659097661985,4.178609114585193,2.221505180943304,3.500665571615144,0.9142085656698304,7.192257300427287,0.0,5.984223393118864,0.5581289688818571,1.1762521117253357,2.3717379516823622,3.792074376566579,3.2450775420895965,6.896736797859533,2.221505180943304,2.228777075849322,2.221505180943304,5.426961209537166,1.1762521117253357,0.5581289688818571,5.211462340971251,1.5553829133113561,4.936385773463482,0.0,3.7750777923437764,2.0446559786916123,4.212382380233518,2.136979050320936,2.5617210752383026,4.327285297349538,0.0,1.5553829133113561,0.0,0.5581289688818571,6.049778265548715,4.789597856699622,5.903919391320157,5.655127801307473,3.647255054419404,9.934370720137045,1.5553829133113561,11.02625409752476,1.9429199686327465,4.936385773463482,0.0,0.5581289688818571,1.1762521117253357,0.0,5.64185742431567,2.439159351403237,4.13172865392083
TCGA-44-7660,2.2856322013413832,3.7124421603077473,4.6568134191399295,5.128750126553844,2.611319012142438,0.3510793175815725,9.762108303024558,3.2986144863243703,5.138664913015025,5.349210080714043,1.8667741730335006,3.9965810421046473,4.722508678405324,10.09220941692777,5.7650280800929785,0.0,3.482543854449094,0.3510793175815725,3.8377540972479935,8.297971937825396,3.7324728048764935,9.017200912097081,3.1297997724478637,2.2856322013413832,3.0333459268472716,5.792339600804254,4.049273971853199,6.345680219515912,0.986674635427245,4.146995517903664,2.1961907097459217,4.533716073846028,4.541500620532485,2.5932377488906595,3.482543854449094,5.304244764762827,3.3140259918711603,0.3510793175815725,6.684179134112826,2.1961907097459217,0.0,1.2594264325109028,5.7650280800929785,1.6497541790955768,3.0333459268472716,0.3510793175815725,2.5475527564382707,6.564776118172391,1.4735036351932673,4.049273971853199,1.4735036351932673,7.57983713537965,1.4735036351932673,6.532251319347881,0.3510793175815725,5.437157144730031,2.4794501233207065,0.3510793175815725,3.443001293943339,4.063832088713972,5.521156871644879,7.620038197850558,1.4735036351932673,1.2724815586470803,0.610363219081024,6.308092977013726,0.610363219081024,1.2594264325109028,6.947994703841635,2.2856322013413832,7.044939990104562,3.495385720316731,0.986674635427245,4.205122377777869,1.372195436740389,2.443572371294937,2.6417323200645617,2.6712548111401593,0.3510793175815725,0.3510793175815725,4.408780535982352,0.3510793175815725,6.625701338839192,3.8196532981938303,3.4695380405046725,6.076366200194354,4.3562407684494735,4.874853752737197,4.120036675145556,10.226805796340617,2.903792407855126,5.723290941044244,2.0449924263254187,6.304254999365503,2.14829106956025,0.610363219081024,7.24877430612445,2.327511824517904,3.75269896682689
TCGA-44-7661,2.1395130693914517,1.416581053724763,4.358493131306789,7.287964115674137,2.5786929417921636,3.7280905518363743,7.963964462722332,4.6237367555619295,5.524831231967706,5.811826386783209,0.6610887568660565,2.244129367420777,5.310428727030382,10.774496359167935,3.269443456025866,2.9001460556546563,1.890321930384882,0.8105745974359096,1.4896178033517915,0.0,2.4791149099961904,7.123052125270044,4.089554776156165,0.0,3.101744077077824,7.789114963914925,1.7912426690431746,8.515768176564691,5.523582665363221,1.6812561222245697,1.7912426690431746,2.210458839113844,4.670836196270826,0.6610887568660565,3.6581341232256035,0.4852616316347165,0.27178132292010393,0.6610887568660565,7.198445322948222,0.27178132292010393,3.0467485295699555,6.030812655992237,2.647365577485703,1.5576602902524608,3.315853704197401,1.2523057211165738,2.6249946259648844,0.6610887568660565,0.6610887568660565,4.1405345233950115,1.6213664832993742,6.555888756035709,2.4791149099961904,6.549205721910788,1.3378128992969858,3.937322263240383,3.3816645179765006,1.8420088856311818,2.5049543450917784,4.002163481676388,5.440441733590578,7.217876206707963,8.273157919959475,3.6590180060797737,0.4852616316347165,4.547319650334147,0.6610887568660565,0.0,2.752277590677219,1.2523057211165738,7.099870388663669,1.3378128992969858,2.810317939049788,0.8105745974359096,5.844911597955485,0.6610887568660565,3.608620681433371,2.5301428871866753,0.8105745974359096,2.397331477532047,1.1587975983148082,2.5786929417921636,5.636620069699869,3.806120120492468,4.57666679660241,6.105982257387397,5.393291126133061,3.7864166976244356,0.27178132292010393,8.364773678920406,3.472913209203756,6.335759676386271,0.0,1.1587975983148082,4.401517939004291,0.6610887568660565,6.523773737540814,1.7377607641290111,1.7377607641290111
TCGA-44-7662,2.899557219854037,1.0209389939396023,5.68561850402853,5.3855953746550975,1.9762037714029883,3.0916649868168733,9.475132456133718,3.645238385569154,5.510379747851429,5.428077281081587,0.6354651002188605,2.7966896964320322,5.100341924513825,10.465739861792681,0.0,0.0,1.3761682648208815,0.46492827137895315,0.25928259793008296,0.6354651002188605,1.9762037714029883,9.379390923910087,1.6936871448790003,1.298473565730462,2.849445591283519,2.7217163918660248,1.3761682648208815,4.004895671453482,4.321318103087121,1.0209389939396023,1.3761682648208815,7.8994428663286556,5.596167567915444,1.4517074996681227,0.9081779117636046,1.298473565730462,0.9081779117636046,0.0,8.172935123721158,6.079164020638212,0.0,7.209843088741519,1.298473565730462,2.3486095313053252,4.474132823540282,0.0,3.1567237871457743,0.0,3.1938205465225535,3.411174114807044,1.2142300187785844,5.777692570090759,1.9876277424071818,6.708150015745448,0.0,5.786811488107435,0.0,2.196235199174129,3.2412359632567735,5.778605429244293,5.74604343337071,7.3269852156660145,7.021922898000112,4.394303465047876,0.9081779117636046,4.7236640800358805,0.0,0.6354651002188605,3.2412359632567735,2.6615524074426293,6.947965886643529,3.340349818329441,1.0209389939396023,5.146173837711532,2.849445591283519,1.298473565730462,1.5784837371121954,1.6377337815889477,0.25928259793008296,1.7466749307391853,0.25928259793008296,2.552464047030163,4.8836651862307034,3.791720298063451,3.169244306859869,5.636192190512158,3.645238385569154,1.6936871448790003,0.0,11.322615687126069,0.25928259793008296,6.502236669442796,0.46492827137895315,0.0,7.099127422046479,0.9081779117636046,6.999550196576534,3.411174114807044,0.25928259793008296
TCGA-44-7667,3.6709165834272492,0.5103655179335341,5.104762956820954,5.592288372139278,2.5638564527664016,0.5103655179335341,6.637382532052919,3.591580798601557,6.444005652628159,6.234532286956956,3.4953553828119883,3.2946954741236345,2.7714756029523087,10.161712492577813,0.846640501517054,0.2873570196278354,0.2873570196278354,1.7336182196220506,3.9371759998314237,0.2873570196278354,0.846640501517054,9.43548990995313,3.2822711928551165,0.846640501517054,4.298380044978357,6.61577196945854,1.0978119684973406,0.846640501517054,0.0,2.6379567241712256,4.082003726387302,0.980091480924817,5.3397663644605755,0.0,0.0,0.5103655179335341,0.692547000487913,3.4852045282450663,8.03700345952535,0.0,2.537617688700669,6.197295089452846,0.5103655179335341,2.6379567241712256,2.2325273690386065,0.0,2.1961684642895554,7.108424156260817,6.057937913973749,4.065006718900669,1.2031524679420336,3.0899099941865975,0.0,5.8355736039004285,0.0,1.6730134700711097,4.320752114219069,0.0,2.035855313516913,3.0899099941865975,1.0978119684973406,5.73753634876142,2.2676209079579506,5.134185372054284,0.0,2.58916906275169,4.643217133624994,0.0,5.035776586502587,5.247597591877135,7.767488357699972,1.99140236395667,4.256803489919804,5.699262273924446,2.4838227292249626,5.622836303426791,1.2031524679420336,0.846640501517054,1.0978119684973406,0.692547000487913,4.769505964016569,0.692547000487913,3.2569535773984635,2.446174483942713,1.465428964283618,4.302894137632936,3.9371759998314237,5.128720506314925,0.5103655179335341,10.588650443316968,9.00850566598322,6.095392036473925,0.0,3.0899099941865975,0.2873570196278354,2.4838227292249626,7.180374473756872,0.5103655179335341,0.5103655179335341
TCGA-44-7669,3.0116646760847066,1.8267404381233006,4.707663595422132,5.013005815522217,2.90001401049502,0.4783437535207369,10.191984293055746,5.276812791760527,5.889010913482873,4.568288335561763,0.2675048750129634,2.047318579788993,4.328508498739769,9.884895791844997,2.916743177303619,0.0,1.0438392628208182,2.380832343645002,2.6523612952416213,0.4783437535207369,1.8749203871499682,8.181320375106768,1.6068144742273862,0.0,4.21740697076612,2.047318579788993,5.489160841760417,3.616007640678026,5.725080714991556,0.9295622740673951,5.4556672093064345,0.2675048750129634,4.844029593742304,0.81283950347795,2.630506590305325,0.2675048750129634,0.9295622740673951,0.0,5.816813496618247,0.2675048750129634,2.3722883787436846,4.837289335832487,3.0983475244183305,2.585309898476509,2.8656805341937175,1.0438392628208182,2.2919184056188016,9.854780384922387,2.159534248103414,3.320767932547121,2.735289162488959,2.7549910372706297,2.871947513526947,6.918002595433687,5.726081982150968,5.382290800324215,2.735289162488959,0.2675048750129634,1.1463860634729504,4.63892406009331,4.751000634199631,6.120064424776949,2.8118635204689,3.030056402597945,0.0,5.1606459874219475,5.692532766644722,0.4783437535207369,5.748816386585791,2.352060736454571,7.353933575691407,0.0,5.562430101549644,5.952367626292113,1.6068144742273862,2.6081635652796256,1.9208853384361433,3.0983475244183305,1.1463860634729504,0.8005206688282747,4.93893877103499,5.273676252631586,5.542212114731866,4.859796900365517,6.612583898208791,6.157773161669653,2.949395098345626,4.996549892275763,1.9208853384361433,10.489380759310604,1.6664985437157127,4.545761949075489,0.0,0.4783437535207369,1.1463860634729504,0.0,6.921263629006929,1.6664985437157127,2.5619217018111935
TCGA-44-7670,2.201404717253849,2.6379138189131797,4.601328817369874,6.133408888924816,2.6597769033343233,2.907556582650266,8.737367539004662,4.286632951383238,6.3026537736742485,5.951519771885016,0.65617194443505,1.3303322901998202,3.443490293852407,9.98184576532137,5.257755754791914,5.572735612076815,6.931422976282321,0.9344056612993261,5.002401489169152,0.48137621554070265,2.3880836595961914,9.13110125800139,1.9717032012360456,3.6641922165091194,3.718161519038115,4.503605789278065,3.403175424045783,4.15020333559883,2.3296456315409,3.1598644011477353,3.9394494386987158,5.20317667238021,4.35664600420348,4.940227135849023,4.042259726578234,4.410426999195184,3.0920283308577137,0.0,6.015393453514864,5.132752626805376,4.837741159185173,4.43271261968642,3.2596568585495724,3.710626268684021,2.3296456315409,1.1518370499054076,1.3303322901998202,5.949104912691852,1.3303322901998202,3.7835280514844927,1.9717032012360456,6.907287169435957,1.1331103290756772,7.610397241103872,1.7293697488746755,5.691139555371506,5.093694984558447,0.48137621554070265,4.88805326165316,4.447299261290078,4.901935877172915,6.636090902223565,2.3296456315409,2.469530710236372,0.2693398782039163,6.176073070133304,4.40666314812975,5.486923301871576,5.796999556367335,1.3303322901998202,6.761004320230738,7.294098727882714,5.782818521971021,3.9864512120156337,1.7293697488746755,2.6811790505536495,4.003524121770588,2.9885918412357295,1.8334450907151618,0.2693398782039163,3.7477401682182783,2.819370919411182,5.163287709228163,2.7616857502681196,5.485643048463449,6.047324896604604,5.587892645752429,7.053490649208048,3.491699049383262,8.870261238315575,3.063549787912626,4.252031838057695,4.042259726578234,2.5926917238272593,1.1518370499054076,4.069037010595471,7.442258366102484,1.1518370499054076,3.951409089522284
TCGA-44-7671,0.48870270667821997,4.159147111001306,4.3752046678831595,7.736896442500494,2.7605793981140505,2.655605366753962,9.350354456473887,3.850198664236133,5.492999713040211,4.69202655096398,0.0,1.0614294975403937,1.1648992803397977,9.812407911370544,7.348619705442163,0.27391270836578213,3.780808925758784,0.27391270836578213,0.8154975478374058,1.4233010867489861,3.368760274405493,6.292355867044116,3.7139573583236167,0.6654162068216343,1.4964707617655733,2.7803150471706912,0.27391270836578213,9.282177195594866,0.6654162068216343,1.1648992803397977,0.9460048618575464,4.522435107133851,3.6445382536127098,4.3727424194164515,3.625668051964268,0.48870270667821997,0.0,0.27391270836578213,5.374759754688432,1.4964707617655733,0.02185933435289352,4.159147111001306,6.896481973383678,6.736855445260223,1.2586598334756176,0.0,1.1648992803397977,7.713525538824839,2.53829732646411,3.1379217019819725,2.070892603417211,5.82252800992415,0.0,7.340887433451968,5.829036789924474,3.8662240630907383,0.48870270667821997,0.48870270667821997,2.346841184248583,4.844454767164347,1.1648992803397977,5.201492540245624,1.8494621793563442,3.597328698809502,0.9460048618575464,2.6989219988753383,8.292092726595184,1.0614294975403937,4.99178541279344,0.48870270667821997,6.896481973383678,2.0303563339893445,0.6654162068216343,3.491147768860417,2.8911825402344276,2.070892603417211,2.53829732646411,1.943994028754474,0.0,0.9460048618575464,3.1379217019819725,5.008766883036229,5.67506744966782,2.7033659136050243,4.846931349019292,5.211854929772246,5.122057401132677,7.018715089290395,3.400790632284175,8.962139235227115,2.21835529836023,4.005139872588955,0.0,2.284665491691095,4.756353610722121,0.48870270667821997,4.840479434201172,1.628475541311238,0.9460048618575464
TCGA-44-7672,3.094921284592983,1.7379542506691081,6.520990720517372,5.2449060412420785,2.7624121157882207,4.63767609754435,7.166289139888476,5.667011292284614,5.92085429694043,6.219330928283278,1.7379542506691081,2.9827838027675635,2.685565981549221,10.782217632592399,5.932311498246748,1.3172925610216506,1.666800749822576,0.3296633946918825,0.3296633946918825,3.1466018621981635,1.8666504680696812,5.74989922717327,2.0331357888033246,0.0,2.3006732666180896,6.130802486563128,1.206808779145144,6.638545537610056,3.021575443511509,3.9541606141483947,3.0023701937341745,3.0404235726510516,4.6114414802502735,0.7807458850390134,4.409377905021484,0.7753721208156147,0.3296633946918825,0.3296633946918825,8.438634715059585,1.9806703795798155,1.9144047391160663,4.026361894593082,1.8043630427942736,1.5072501360895079,3.0404235726510516,0.0,2.9827838027675635,2.685565981549221,1.206808779145144,3.5204519267099386,1.7379542506691081,6.491826113085716,1.9806703795798155,6.055881967163113,0.7753721208156147,1.262486965391818,0.3296633946918825,0.9407491707065289,5.13393788376452,6.004230218100045,6.363150509841612,6.897377616835956,7.81227297989406,3.8711447593258006,0.5771188544998229,5.791289562094436,4.521572249304055,0.0,4.689235561105759,3.344030732494179,6.467260742004561,1.08261839891376,1.9252846118330462,3.344030732494179,5.945684971565368,1.7379542506691081,3.7651689735335214,4.63008716365064,0.0,1.7379542506691081,0.5771188544998229,2.786762793795663,6.196531700334679,3.186753379299461,5.129324585645355,7.645306829685565,3.6297767985191123,5.973896122122052,0.3296633946918825,12.595625150378282,0.5771188544998229,6.0099967599261745,0.0,0.5771188544998229,1.5072501360895079,4.330347739636165,7.139216145336384,2.5115242376922704,6.363150509841612
TCGA-44-8117,1.825049167092697,2.970404209106847,4.290126509020311,5.379560891413472,3.0139159439876195,0.7683474131228805,9.238626520076684,3.230053125458326,4.893269671310997,4.509731397914077,0.45622159177194993,2.1752743121825793,0.6244399825501544,10.5140381420368,3.2069165975330223,0.45622159177194993,0.8941678147863844,0.6244399825501544,5.019337321390156,0.0,3.28564809932019,9.698202337648215,0.0,0.0,4.2861584241993995,6.499305721833013,0.45622159177194993,2.0344964756366672,0.25394430046692207,0.7683474131228805,0.7683474131228805,0.0,4.662570792719196,5.414588148213423,1.3585633873815797,0.45622159177194993,4.500145169599646,0.0,7.912375518729581,7.129994421441925,3.375869317215012,4.603751179674677,0.45622159177194993,1.0059120333791893,3.146631960339606,0.0,2.7745305856021223,0.25394430046692207,0.25394430046692207,3.263776530127444,2.2692144348522088,3.121457023483156,1.6187543790714491,7.931457222399258,0.7683474131228805,2.76692898610655,0.25394430046692207,0.0,0.45622159177194993,6.774685494086086,4.405945777481901,5.835073860337377,2.2388675680801593,1.5469452970034498,1.430239473626123,3.5828576087146837,0.0,0.0,2.1073606508445675,1.87058605310734,6.931735442719133,0.25394430046692207,1.825049167092697,2.7745305856021223,1.4970975385863967,1.430239473626123,1.7773224214302854,1.4970975385863967,0.0,1.2813504253472805,0.6244399825501544,1.955888768051508,5.011668093908206,5.15278279456081,6.181524832549,6.042639959547729,2.4341483000113624,4.362688349554185,0.0,10.119558149376457,0.0,5.750475202648183,0.0,0.0,1.0059120333791893,0.0,7.181865671403823,2.0715857657142522,2.1073606508445675
TCGA-44-8119,3.277695524674811,2.2968889004491646,5.649072824850674,5.5820478919111896,4.31281454273131,1.6995710782331521,8.14037676277564,6.449760849762124,4.953888560210367,6.3278528516355665,0.0,2.721558551127002,3.056535702912816,11.113755997661933,4.010702049685449,0.0,2.721558551127002,0.7188636590645816,2.5725893291815205,1.65031110564368,2.721558551127002,12.879759190308175,4.057263824354167,2.2700825622320715,2.3974770035177877,7.186477330062407,3.9568472203691143,0.5817127001136401,5.174504311814648,3.80504117615142,3.466932062115843,2.820318800907552,4.714750784556824,1.0589354715152113,1.8342919999467575,1.8754570282496217,1.7465354388382077,2.552308255883459,6.172120133610415,0.0,3.0599973198007127,7.117254163780884,5.460023715992044,5.680073628009394,3.1621446138817646,0.0,2.0921109447804986,0.0,6.308406226561438,4.19714480317195,3.732195136807734,2.820318800907552,1.9013161685797848,7.040580172094643,3.4586892584156845,5.24490076691093,0.8394960768950823,0.5817127001136401,1.9529992476274491,4.784403646182813,5.401270987958418,7.205798488983568,4.302187656246133,2.902432072388531,0.7188636590645816,6.868882425318727,0.23348984336835407,0.0,4.110421302766451,2.881129176529232,7.6190566701221245,2.6863429611823717,5.613244887890013,7.48299129067699,0.5817127001136401,2.721558551127002,1.4246493149963546,1.5438321553361065,2.738708722056003,0.7188636590645816,3.646785818066875,4.131762369064793,5.488698028009893,4.3087191113063055,3.5150199925868626,6.440570074244051,4.3972378552225795,4.779988664960896,0.23348984336835407,12.05619117298845,6.454325540857435,5.868539564270618,0.23348984336835407,1.9529992476274491,2.721558551127002,1.3592828118730407,7.025378301837155,1.2141112362988604,5.020301756279687
TCGA-44-8120,1.8447471606471812,1.2593412838554905,5.437035285859859,5.007844737445627,2.8483858918957403,0.0,10.087582535879225,3.999035215750762,6.658668082862981,5.496253872974267,0.9866000697721512,2.1803722602582765,0.24709442546999627,10.968363793073468,3.9570499069227028,0.9866000697721512,1.0859997506172658,0.9866000697721512,0.44513443856637086,0.0,1.9296646163616078,10.087387030424207,1.8447471606471812,0.24709442546999627,2.590399656668477,0.44513443856637086,2.956071063396148,2.895961660792501,0.6103089022509408,4.283412753653409,0.44513443856637086,0.24709442546999627,5.194089542486144,5.834813661034938,3.066423701676524,0.24709442546999627,0.6103089022509408,0.6103089022509408,6.198805898734718,5.732748868448797,0.894699305630679,4.235891866411692,0.44513443856637086,3.7558626408699793,2.4312157465900848,0.0,1.4070279275067974,0.9866000697721512,0.44513443856637086,4.092208950091679,1.8447471606471812,2.2711563434903854,0.0,7.7098869008421165,0.7520762480892328,4.389714507106956,2.590399656668477,0.24709442546999627,0.8761768199375802,4.816322124449923,2.2418048340667838,6.134098448414717,6.5525307113104905,7.385243329937499,0.6103089022509408,3.8732322798169703,0.0,0.0,2.00793211346143,1.0859997506172658,5.397207494321361,2.5474431682548984,3.3189962351234135,1.7519439125237564,3.348977342189531,1.3358954035360386,1.7994299755322747,2.709189551795636,0.24709442546999627,1.2593412838554905,0.6103089022509408,4.88643923891764,5.5662009866949225,4.232927549032614,6.0836220351253925,6.308737581478354,3.0532792230153096,4.302566673837086,0.0,9.414594638769687,1.5356837238454384,5.715348661027566,0.24709442546999627,0.0,5.552160816378544,0.0,6.123880004808677,2.00793211346143,3.9570499069227028
TCGA-44-A479,3.7999802130063975,1.4827856613086519,6.57855930603169,7.335581829328686,3.064852470268075,0.7585134839911981,9.349249777131694,8.084358942008286,5.4294114162640925,6.034456984512061,7.406625723528855,4.337060649003918,3.0909924521082743,10.809024671012063,5.900880431846503,2.5586449107498184,5.947909654955883,0.7585134839911981,1.1848205654813269,0.0,3.064852470268075,7.414175211929139,3.8733985944513782,0.0,2.3653814724837225,5.255889917308083,3.340803149970544,2.1911506125477405,0.7585134839911981,3.5239193119857535,1.8984291275845095,4.140933893636418,4.575459152159907,1.8095666428779207,1.8984291275845095,0.0,1.1848205654813269,5.5037367690323915,6.0796310899698645,0.0,4.1024648367048675,5.388770314532464,5.027374410100532,2.642857243645676,4.056187416613625,0.0,4.185086748856309,0.0,6.398405232682716,3.588708228547648,1.8984291275845095,2.859832363920546,2.7824709814691984,7.060493533234418,0.4494819935249387,3.3606982516822015,1.3448732288191017,0.0,4.937914052295085,4.848594681559232,3.7611466258909156,7.1565665770449245,3.038015599808727,0.7743123349774533,1.6039830617511366,5.882062542290436,0.0,0.0,3.0909924521082743,3.1655383372775265,6.798579717504806,4.185086748856309,5.992828616342383,6.1450007524701835,2.642857243645676,4.394729362324188,3.064852470268075,3.417372522545082,2.1256092225248433,2.3653814724837225,4.291516416599554,1.1848205654813269,6.054638856882236,4.493560182900312,4.449252946713113,8.26464400113039,4.695010889987881,2.859832363920546,1.712048650917595,12.840933717818222,2.5586449107498184,5.6274700231403445,0.7585134839911981,1.1848205654813269,2.720531978604266,3.1891998157581996,7.546388193917924,1.712048650917595,4.821538839421101
TCGA-44-A47A,0.0,1.6281026376632557,5.597236070925805,5.3654945907445635,2.2721361947345473,0.4133009938759393,8.116417072794205,5.173530486131736,5.670401477123871,6.2267698436812315,0.0,1.4037904087366417,4.31341315549428,10.057718229163557,6.980271270320873,0.4133009938759393,2.3724469201629623,0.9303119732364092,0.7048286853337833,0.7048286853337833,1.1633382922297528,5.828333665699943,0.4133009938759393,0.4133009938759393,0.4133009938759393,2.217930935578094,2.2721361947345473,5.783674401732146,1.5222228783441347,7.904253628008436,2.506260361112857,1.2694515083530302,5.108928897850106,2.217930935578094,5.98678863203638,0.9303119732364092,2.660679029686192,2.160629746866664,8.811324423262198,0.4133009938759393,5.788561639891683,2.794417481817473,4.9058968071606674,1.8111862088938662,2.4636149143203783,0.0,1.2694515083530302,0.0,0.0,4.347096105506532,2.729785599914472,3.3546506990050338,0.7048286853337833,6.061083888988039,0.0,4.806395273201279,1.2694515083530302,0.4133009938759393,2.8252345390563662,3.2412242285319626,4.398736248236829,6.777845890402897,3.0902512313337995,2.447801696834759,2.9664939699472717,4.24976586303993,0.0,0.4133009938759393,4.21257490522904,0.4133009938759393,5.448115731636431,2.660679029686192,5.1045323547056745,2.912361534121084,7.0948238840260025,2.6242554633589443,3.760390485706057,2.0998322313275697,0.9303119732364092,2.0998322313275697,0.0,3.0178508444323167,5.928567344935869,4.408938733600713,4.278554612467023,6.425147753290131,4.386074680270442,4.373249477882831,0.9303119732364092,8.953316820478195,3.042572919599641,5.829839335772189,0.0,0.0,2.035097727827784,2.586447379342961,6.648312044150639,2.8252345390563662,4.002519801282396
TCGA-44-A47B,1.3048131192520074,1.6155193827499683,3.8809409235851033,7.517401278237149,2.0434775197462494,0.8516455383806237,7.153215940687377,6.227717789671902,6.313236403518636,5.3477549401503675,1.3048131192520074,2.153284300096075,2.986126283408756,11.12969825177963,6.769276812599173,0.0,1.4194389597121926,0.0,5.615399248020085,0.0,2.099881220917292,6.405426785470093,1.9837012693990002,1.3048131192520074,4.2670225466632425,8.428289843960505,3.226157250826392,0.0,4.795939294863599,0.0,4.711024579668087,0.0,4.3250302665273495,2.310305216009184,4.56371778446976,0.370045162876904,2.5371432491235093,2.891343507816459,6.0638293937579455,0.0,0.0,1.6155193827499683,1.6155193827499683,1.3048131192520074,4.285687800986513,0.0,2.5010834305945395,0.0,4.161127437910755,4.627019736514629,0.8516455383806237,4.773485782303038,4.010892298613154,6.88108578865596,0.0,5.208491122443703,1.026507437133154,1.026507437133154,2.84035250537367,7.421949223580882,6.762049506998194,6.338083347095538,2.66964195780589,4.330585961005486,0.0,4.222066194156018,1.4194389597121926,0.0,0.8516455383806237,4.0188124996096635,6.81992138199748,1.026507437133154,7.040597684309413,5.8651782736790015,1.9837012693990002,2.3843678244093875,1.5222665226431051,1.6155193827499683,0.6395881634653823,0.8516455383806237,2.700199464557496,3.7634255445655334,5.121532454211844,4.3367546494487605,3.5038622673719715,5.874031450215886,4.0188124996096635,3.9860854051148875,0.8516455383806237,9.196438182806935,3.051748646624673,5.608856221142745,0.0,1.6155193827499683,1.1752955134390675,0.370045162876904,6.230912457042761,2.6381283267971667,1.6155193827499683
TCGA-44-A47G,3.850783569652336,1.9918527252768807,5.663349293427149,7.284718026617589,1.821059338272917,2.872762057710094,9.245099222732637,5.555928042904489,5.555928042904489,5.6593463180242,0.7657933705447992,3.0510770993925043,5.871709255332481,10.881556123369084,4.734205235194037,3.3739392308912914,3.225481956253137,1.002872016387274,1.002872016387274,1.4933983560340915,2.377822427178326,7.007727302759067,2.9047785904226426,0.0,3.225481956253137,1.9100905028542678,1.821059338272917,3.9877684932637996,1.821059338272917,4.039735249602411,0.0,2.4792322474420563,4.645918577799733,4.01075822218214,2.203339178336073,0.0,2.067432217554105,0.4545092082870869,7.175566221791506,2.526328464380223,4.578866250914629,3.838473338931274,1.9918527252768807,1.6149427330685453,4.488998102051924,0.0,3.7477825950320307,1.7233021685831473,0.7657933705447992,4.35059659525958,1.3550358652171184,5.637044202506127,1.5535868788940848,6.682694891711148,1.002872016387274,6.042687464019096,1.7233021685831473,1.6149427330685453,3.7612536026352035,5.997970835236813,5.753061408247285,7.37665830278384,7.064895770578833,2.248076107493653,0.0,5.3919989481787205,0.0,0.0,3.7612536026352035,1.9918527252768807,6.531271136297062,0.4545092082870869,2.4298078781340067,3.1040843101477713,5.318644366140951,1.821059338272917,2.935801785770777,4.514519832310442,1.7233021685831473,2.203339178336073,1.1943769106524889,2.4792322474420563,5.955643050067905,4.895673275626574,5.781854010076357,7.664632841723314,5.202175340855836,8.511509067347893,0.4545092082870869,11.86089563203128,1.6149427330685453,6.191015980065847,0.0,1.002872016387274,2.8054853941929103,1.1943769106524889,6.7865735994730105,3.431383818615031,5.593033392643176
TCGA-44-A4SS,3.1657956718412983,0.44070354353418334,4.1949980170305095,6.944858366933639,2.6597209307049243,2.734361015892007,10.089132746590215,3.776111640056808,4.670808102568963,5.84656882440441,0.7455973055608643,1.9590096885017247,5.764896388514465,10.583706522757707,1.692086452743989,8.025588326347316,1.463972737502153,0.0,0.44070354353418334,4.628427622864837,4.305365598531755,6.0959934670859495,3.0415847937360803,0.0,3.1421589139298707,7.945498749353612,2.230842014581144,7.21125410450049,1.9590096885017247,0.44070354353418334,0.44070354353418334,7.9656983392384335,4.310584337219516,0.44070354353418334,1.5845097721092494,3.0931357155010804,0.0,0.0,6.8361561570301745,5.65291715884819,2.121542717698471,4.5319336801511145,5.427246937012246,2.034195713922674,5.348787071879208,0.0,2.6977372044937664,4.61755319903342,0.44070354353418334,4.2904553315509055,2.803820880920732,2.230842014581144,3.0415847937360803,6.502371667553028,2.769697045369243,5.132079766652264,5.773544827793975,1.1679517667467225,5.559315313413215,3.533119980872258,6.347222821033105,7.030229515948843,4.186616798812975,1.3268627773504642,4.259637224696765,5.80406511972344,0.0,0.0,6.3635813987203145,3.813472581698869,7.578411421706551,4.211554100126747,2.343275878906828,2.49129453705692,3.014774808131307,0.44070354353418334,2.230842014581144,1.6869728629268186,0.7455973055608643,1.1679517667467225,0.44070354353418334,2.769697045369243,6.107156509104055,4.2227377769905,5.506765466711642,6.879241600408539,3.412918421112852,2.6201948316875154,3.750404846585233,9.1730226469918,0.0,4.933804644458786,0.0,0.0,3.448761397593586,4.957445465582136,6.379637673609844,3.6257719086421463,0.0
TCGA-44-A4SU,0.6622239479064352,2.68215786913626,6.046534949234564,7.258707881510496,2.5446289038087357,0.384922206876835,8.830655577380135,5.809441945622436,5.634453832518879,5.4806180897916414,1.2082735428776281,2.0848145810163428,4.081306602879596,10.873396773436356,7.2064588905168465,0.384922206876835,1.455540533856705,0.0,3.3732196289029215,1.5594700550561773,1.5594700550561773,8.781271370907294,2.340920799259619,0.384922206876835,3.7992372127282796,2.4274452488756335,2.468048682721216,3.870240132745628,0.384922206876835,5.7196262958174895,3.3569946789824225,3.435614911309416,5.195575641086123,2.8047472974808363,2.615752146955844,0.8790456658442425,2.2946738817227095,0.6622239479064352,6.039847485515114,4.665107512847919,5.739471317064708,5.2940332026089845,1.960658005689869,3.5498127699907367,2.9847471574952356,0.0,1.6536078961785745,1.5594700550561773,2.68215786913626,4.362766085426845,1.892283306994354,6.030858322208258,1.0571650987539363,7.172808233373557,0.0,5.058510754337288,0.8790456658442425,0.384922206876835,2.68215786913626,5.796686732246348,6.0953176772308675,6.872089758635003,6.4203482859043755,2.754042804952683,7.677182713439602,4.824217358587715,1.6536078961785745,3.0754533910614144,5.321936232146671,1.3395171695609618,6.578409190943174,3.777988629185712,3.0754533910614144,3.767193745859953,3.5362293145794403,1.3395171695609618,3.435614911309416,4.275280437180049,0.6622239479064352,2.1952448411733796,1.7396588314826833,2.910876752853505,6.123483546642415,5.6356106945528675,4.356763953375216,6.972906112618142,4.301067361248927,9.187814560176529,1.3395171695609618,11.461495319113679,4.307410841293092,5.4366217254251685,1.3395171695609618,5.230771661695851,6.491168048741488,0.0,6.662271533470467,2.0848145810163428,4.5479456523152155
TCGA-49-4486,1.9902414074714032,4.579054110755316,3.5140497630782774,7.043535391340175,1.7896572611361847,4.108382238059282,8.881154127929824,4.444062025593334,6.372496925519957,4.54432935329977,0.0,1.6074158694824618,1.6074158694824618,10.155389585921114,6.4510958189598755,1.7896572611361847,1.2021912182435053,0.0,2.454421668775281,0.2870568770578626,2.5866732149356104,3.9358567126795436,3.2556628096749285,3.5717555761653705,4.748205027450669,0.8458682675776092,1.2974358246356397,7.925515365757988,0.0,0.2870568770578626,2.2313361069649873,1.3843925538302944,4.378233198684982,2.1706067794319273,3.293396854559054,0.0,0.0,2.194977610351168,2.2313361069649873,0.0,0.6614500938166907,2.887980011059761,6.3668020078795715,3.9614986488886714,3.0421100063398865,0.6918963986582927,2.157247133490032,0.6918963986582927,0.8458682675776092,4.846907791430803,2.26640854167488,4.575635293460707,0.5098251234324072,7.063938178166397,0.2870568770578626,7.514265557882359,0.2870568770578626,0.2870568770578626,6.799864899248428,3.669604887369239,1.2974358246356397,4.790520484842055,2.4254396909544527,4.178538641018113,0.9792655310355435,4.660926506242945,2.509981303212616,0.0,0.2870568770578626,0.5098251234324072,6.366229868966508,0.0,2.364827229457459,2.2313361069649873,2.2313361069649873,1.73252242594577,0.9792655310355435,2.118037059439199,0.5098251234324072,0.5098251234324072,5.1194598031952445,0.2870568770578626,4.080681648252917,3.4026296887537804,3.4207254614697007,5.9498505723875175,5.675369282619293,7.865468145256579,1.5384573525169982,10.095627418267421,0.6918963986582927,5.068482729765394,0.0,0.2870568770578626,4.177008446992103,1.0969108420283522,5.492266889082773,0.8458682675776092,2.077226590485532
TCGA-49-4487,2.6127793538576833,2.046362927160537,6.063347903781429,7.718098656375575,2.1496786387969475,0.6111233450813547,10.143378087025305,5.7207313607008405,5.326506298907289,5.4276863583892565,0.0,3.1674309400440324,4.666340541217895,10.917509168308515,3.389246250542401,0.6111233450813547,1.4747172414697873,0.0,1.6510212170842429,0.0,3.014387183651157,5.209327670338377,1.2605610556541271,2.4808986283904613,1.9311155321438394,2.928079575062475,2.046362927160537,2.6127793538576833,0.6111233450813547,0.6111233450813547,3.4445314183608176,0.0,5.048913255306233,5.328264442915989,4.682057150306526,0.0,2.046362927160537,2.549007575194524,6.8004150271614705,2.928079575062475,3.948046304604802,2.7292766508832127,4.697539682582385,6.019269384868279,4.38441378316638,0.6111233450813547,3.2022951215959647,0.0,6.065307305524221,3.8748983340437233,2.2433232921151562,5.584905090418781,0.0,6.46345058508243,0.6111233450813547,4.512431896037887,0.6111233450813547,0.0,2.7292766508832127,2.549007575194524,1.6510212170842429,6.75533110788058,3.2359806988509634,4.264812811985054,0.9876434833193966,5.70962537163946,0.6111233450813547,0.0,1.8008513459062732,2.9721616562913873,6.968379900798572,3.6826903410047906,2.881958689294124,2.549007575194524,3.783405235449113,3.1674309400440324,4.512431896037887,4.847088385428506,0.0,0.0,1.8008513459062732,2.2433232921151562,5.782300944345931,3.7520678454863585,6.137009734238868,7.9586852895483435,3.744325986854533,4.799683783547408,2.6127793538576833,12.054330728968614,0.6111233450813547,5.176567724299161,0.0,0.6111233450813547,3.2359806988509634,0.6111233450813547,7.257771100095912,2.782805106806432,6.518402172652823
TCGA-49-4488,1.927236883789692,2.6008212743843564,4.438577085964268,8.565413669535857,2.7521436386127216,2.962449495915404,6.084693016200759,3.3633155052002564,5.382079303153351,4.851631747022306,0.0,2.7521436386127216,3.548332078366727,11.113128263886914,3.2274668163965745,0.550315531452403,0.550315531452403,0.0,0.0,0.550315531452403,2.2051817239969536,5.839737178688406,1.927236883789692,0.0,5.560816237340306,3.5051879593833606,1.5409663336219381,2.0287138767674526,0.9032460183533465,5.081224224536545,0.0,0.0,4.530917434123523,2.8835485325480392,0.9032460183533465,0.550315531452403,0.550315531452403,0.0,6.155647591198682,3.388402542361368,3.0102217916418375,3.5051879593833606,0.9032460183533465,3.035572986775195,4.23764227537159,0.0,3.7223045589735237,0.9032460183533465,0.550315531452403,2.485506469859968,0.9032460183533465,3.1675025272804795,1.16358821413046,7.992106358297978,0.0,1.6649672222265806,1.6869358464544841,0.550315531452403,2.0287138767674526,5.954585290604352,6.575353347418796,6.122409472708638,8.779725134132638,2.2220255851356288,2.653847415087894,4.12562195157139,0.550315531452403,0.0,3.5269926777064633,2.0287138767674526,5.636866017357032,0.0,1.8142871383926513,6.527144721571173,6.169562614178977,0.550315531452403,2.6008212743843564,2.1208353726704474,0.550315531452403,0.0,0.550315531452403,0.550315531452403,5.076653969265181,3.0944457464900235,4.137405648105283,6.533564975668754,4.137405648105283,6.538884842843515,1.16358821413046,10.424715880066755,0.9032460183533465,6.004699083011382,0.0,0.0,1.369961706498993,0.0,6.459921668626865,1.8142871383926513,4.949879830387061
TCGA-49-4490,0.0,2.02187863427869,5.350335648068894,5.550949814747847,3.3035808776689604,1.556943897470031,9.942140797017206,4.34148324717242,5.439539112456566,5.742278566360404,0.0,3.9425056526381423,4.0126264240205725,11.526157533738946,6.234842005253001,4.488527375028388,3.7855319144746935,1.0550434695213167,3.546693576379651,5.087621026285582,3.4622987525607822,12.466554369899702,2.02187863427869,1.889551415385929,2.9330746490873905,1.0550434695213167,1.556943897470031,6.33927229339294,1.556943897470031,5.506347280052198,3.432505462085595,6.586883125837092,4.158986203042654,4.275244275341911,1.889551415385929,3.867094674771325,2.5778579891082423,2.338019802116319,4.43449929583496,5.052333704451931,6.174477531477455,4.154443555724096,2.1387123062685514,1.556943897470031,2.5041208687118046,0.0,1.556943897470031,1.0550434695213167,1.3371566365583423,3.5733142697062457,2.02187863427869,6.02539484837039,0.0,7.137389718826709,1.0550434695213167,4.197573307270721,1.889551415385929,0.0,3.6491688209694524,3.370119426091294,6.384509510214769,6.178230380126499,6.099493499320081,2.0655327614935866,3.6732250609850254,5.66425478105591,3.1555355189173433,3.4018005330631067,5.800591530584262,0.6606756404129825,6.513277587530082,4.412044069591458,1.3371566365583423,1.737004048239705,4.549728298074207,1.3371566365583423,1.737004048239705,3.0723923434769014,0.6606756404129825,2.338019802116319,3.4622987525607822,0.0,6.227476938558183,4.302217441400402,3.924178823198159,4.488527375028388,5.547307985763794,8.997170666090156,2.1387123062685514,8.964565145380595,2.7107798056730763,6.46345058508243,1.889551415385929,1.3371566365583423,6.2619896519176494,4.4006238789249785,6.342572021409862,1.737004048239705,2.1387123062685514
TCGA-49-4501,1.6020103966053039,2.9968566412157003,5.086966507302778,8.4668468169795,1.6020103966053039,1.428011954471759,8.482723892395633,5.910165008286294,6.310895981936623,5.469999188237646,0.7211513769695427,3.511446926516155,0.42422143659060785,11.8142663299577,7.418336872975285,3.956135580046467,2.3008636120957053,0.23443951105606128,3.261900830975483,1.428011954471759,2.425138952373618,7.814197674801478,3.6848086797434547,0.5836670799411242,2.2181376989164265,2.425138952373618,2.246480241609273,2.535663133451786,0.9498028744066033,6.193398762174752,2.596552372087841,1.7501732939071255,4.5521237768451135,3.123474440904903,3.730186930768667,1.047108445800994,2.5145139945406583,2.095979040318765,6.392863064499711,3.376546018221026,4.780500695593192,5.145597329529822,0.0,1.047108445800994,2.970111855685384,0.42422143659060785,2.8086674854028413,1.428011954471759,0.42422143659060785,3.888146209968465,1.795054036177485,3.651086720911806,0.0,7.486815086504313,0.8419981272923,5.759683802398109,2.3008636120957053,0.0,1.8791902027198986,3.9661967473406863,5.243729176263634,6.217396208029826,2.870429787558861,2.45620706164961,0.42422143659060785,6.605894495330378,6.835393166543436,0.0,3.2819445163351837,1.8791902027198986,6.2346361904953564,2.4708246285786886,6.5954785558082305,2.9426320845572493,5.263073535107459,2.5145139945406583,2.8086674854028413,3.860714974089902,1.795054036177485,0.9498028744066033,1.9567935663714984,3.3112763211005305,6.308493627529824,4.055579478587258,4.7597779042145305,7.514843356268606,4.864961913548945,8.735486599779794,2.6539459421090092,10.376399448671037,2.158922553170065,5.897186834126307,3.742782714574952,0.5836670799411242,3.5270984875486406,0.8419981272923,7.015344309654778,1.7031832321196114,6.097159256916722
TCGA-49-4505,3.8743481368412476,1.177207795805781,5.029378536913391,8.492332714737477,0.8768427929070438,0.24740680344988902,7.771147217818921,4.130104164430065,4.898093499109842,5.929496053950824,0.24740680344988902,2.9859041352350113,4.25709104916005,11.466557913902498,4.470998588476146,0.24740680344988902,1.3367364022715467,0.0,3.880158687526653,0.0,2.764751843971514,7.250692288143514,1.930636962622484,0.0,3.925476105307893,1.5365660989981897,1.4742823444076438,2.27217743057262,0.0,6.402881905375478,0.9873082191094353,0.44551880756533757,4.235024923301369,2.7512246264860063,4.245093749240706,0.9873082191094353,3.6088834120182116,0.44551880756533757,6.049634393721755,4.418279004343764,1.4322949236805749,4.850928094253718,0.44551880756533757,1.177207795805781,4.2960724259576315,0.0,2.9859041352350113,1.7528973584359273,0.44551880756533757,3.578006550904147,2.8330839239170853,5.719252199059892,1.177207795805781,7.283805307853444,0.7526417523455851,6.931208098956913,3.3598752621002177,0.24740680344988902,2.5702047544087727,3.89739452909605,6.323557566080241,6.607765779908302,7.1357828838656285,1.9833710729291023,0.6108519378331151,6.661243300456983,0.0,0.0,2.9999732678112454,2.328438007783149,5.925757343326807,0.7526417523455851,2.3007033235760272,4.404653700857138,4.866179687024037,2.7822791183227347,2.5702047544087727,2.799498387546639,0.7526417523455851,1.8003722723262776,3.710007183466624,3.750397794092353,6.252102322049772,3.538756900482114,4.833213712790493,6.371232288028888,5.676914748219897,7.457915071003597,1.177207795805781,10.782859080751027,1.7030375391672503,6.67018186618184,0.24740680344988902,0.24740680344988902,6.083480671099109,3.3401797659670747,6.574618274286373,3.0675132546485773,4.055149715400949
TCGA-49-4506,3.5951015996991766,1.431219924472883,5.025385966042164,9.456153026551336,1.9415578343164495,4.301746190409908,5.864789595279945,3.1978687124709952,3.0770587721997593,4.966146864186516,1.8827573340500448,2.804620193070445,3.181477130829524,10.383262041085432,1.6822607734718618,2.277810727061961,1.431219924472883,0.0,0.0,1.8827573340500448,3.3344163479718043,5.816197051817437,4.86402059177117,4.268869134713831,0.9523911974988778,8.230222865612706,1.431219924472883,9.749864233629653,0.7856807819628782,0.0,0.5855062890425538,4.854760907317149,5.036043098030789,0.0,4.072536826037998,5.440810358817825,1.2201807431701444,0.0,7.788994833096462,0.0,4.877842676129569,8.254320797873032,6.842286191668801,5.627574350007305,4.514581144053302,0.0,3.320131928940935,8.081509053164044,2.619954600190555,2.23616747412433,1.0952399420272512,7.6579489226713395,1.2672292539609509,5.150542153506666,6.206727124971316,5.640377532996792,1.0952399420272512,1.0952399420272512,4.038052831527321,6.9558309022137,3.584113206288443,6.276440461214032,6.964145064169418,1.9317967360168093,0.0,5.173349204584002,0.0,0.0,5.988886226093181,2.560253734876483,7.660010638021656,0.7856807819628782,0.5855062890425538,4.985379022680091,3.039677386060223,1.2201807431701444,1.6053696482581463,3.181477130829524,1.7536421471149268,0.3350426438116185,0.3350426438116185,1.7536421471149268,4.820063799960336,3.888305966810699,3.6988075074912405,7.526577540780224,3.1130885514955864,3.746886535511456,0.9523911974988778,11.012396646681605,3.6167199670450008,7.256283125265031,0.0,4.86095129046834,4.70449049627864,1.3312572251899821,6.4514825480026,3.213991917986908,4.031012424222794
TCGA-49-4507,5.304682068790508,0.5257930508877771,5.0518412149073795,8.909351488655895,1.1234349740994554,1.6391520424174917,8.537048758487554,2.9618031352909067,3.9212582291680116,5.808337666127535,1.3263320199472077,4.832496975348507,5.16669272634374,10.80594301695381,1.7041479121663927,0.5257930508877771,0.7118217208247538,0.2970629342575329,0.0,0.8686119498906868,4.866364535602769,5.674048090334359,5.6500053964755335,3.4805321464955914,3.95495605011318,6.803544102580833,0.7118217208247538,10.544319864447601,1.82269273099794,0.8686119498906868,1.1234349740994554,2.5463622987547208,5.380335045757677,0.7118217208247538,3.619518657808092,1.5696362305511637,0.7118217208247538,0.0,8.213389867082824,4.085258407860843,9.116913916847963,7.439847164291292,7.064288831796903,7.079260213133854,7.258088154452253,0.5257930508877771,5.630347609248631,5.398131026807969,4.401766760016855,3.2544321400006635,1.8770805295481547,4.87300408010626,2.760079557862708,5.699844731913558,5.802088163440325,2.0376294738653957,2.3688596064246665,3.757798989578534,6.411404388970458,3.628744556113216,5.308114220277659,6.766392155400256,6.53523691686775,3.8589702693936645,1.7041479121663927,5.831944058965039,0.2970629342575329,0.5257930508877771,6.394210962919074,5.366326420912256,6.373181554767049,1.6391520424174917,0.8686119498906868,3.227363700716554,3.3797660287121545,0.5257930508877771,2.15290108936613,2.5238869494288845,2.15290108936613,1.92866225564576,4.158164074935055,1.1234349740994554,5.320029933453687,2.7951387973325796,4.443286348894083,7.206584985035982,5.962058908136345,2.9618031352909067,0.2970629342575329,11.970692025770205,0.8686119498906868,6.310447229216364,0.0,4.804553689737962,3.2135496660327862,5.920231668677683,7.00395597125342,3.741524085034853,2.4906236101172294
TCGA-49-4510,2.645515005301104,3.8220961097139576,4.9316786630945435,8.651505529023831,1.639132627769139,2.5991352276892266,9.209514030650212,4.867465217289792,4.9247432903745425,5.753131212952785,0.27710129290759383,1.8606323335144304,2.97136273376998,11.83904428951195,5.880421248314658,2.2965670206684825,0.49384221872557726,0.49384221872557726,1.639132627769139,0.27710129290759383,5.048688659497531,8.920703055947547,3.703553757930937,1.174028927952864,2.358823639441235,4.0408523607814155,0.822902703552482,4.500703714997646,3.0192730034699724,1.0701099281953976,3.6876962544091563,3.0347462345662906,5.063234069306112,6.414543614615369,4.335343748633467,0.0,1.4333687685058194,0.822902703552482,4.809310310560264,1.8606323335144304,3.6730447442111407,2.1590379959509787,4.49715281066898,7.84629270780302,1.8606323335144304,0.0,2.1214947779108355,1.0701099281953976,3.6876962544091563,3.49433854418164,3.1505927014504898,4.617642087483412,1.0701099281953976,6.923638470609675,0.822902703552482,6.052862987096952,1.4333687685058194,1.5751362807370792,4.206064811832508,5.781101476408141,5.046864357236652,7.151908571874096,1.7560113861759667,3.113119675402084,0.27710129290759383,5.009214284940809,4.073980277225761,0.27710129290759383,4.725172978382788,3.5416808028393145,6.609859894433986,3.928061695245624,5.235281715535212,6.405372249345268,4.335343748633467,1.4333687685058194,4.248002263412499,2.5751129176741494,0.49384221872557726,1.0701099281953976,4.372289381118134,1.506762677070727,5.094958060008108,5.9196731204588415,3.6301321315680286,5.570228224627593,5.876847432131834,9.105622982801512,0.27710129290759383,11.143419989236017,0.49384221872557726,6.031619919485061,0.0,3.9026047929748673,5.793827301636225,0.9541258701771764,5.7879060749182605,1.6992786164338898,0.49384221872557726
TCGA-49-4512,0.9311005235276348,2.7475401087886224,4.283358949752062,5.536869592144754,1.7248715236864232,1.1957087509074735,8.296027682485656,6.1124048156773325,6.413070357081959,5.756191479740366,0.9311005235276348,2.1617585841690494,1.4047725823656638,11.690954488678827,6.518266369071828,0.0,1.5775756592853172,0.0,2.967708242947697,1.853246464191894,0.9311005235276348,7.877268243645387,2.324708554481668,0.5701882731594976,2.587628687722783,2.3971950276839773,1.1957087509074735,2.587628687722783,0.0,7.913904996224625,1.4047725823656638,0.9311005235276348,5.017226855278977,2.766564362168092,4.206228752367172,1.4047725823656638,2.587628687722783,0.5701882731594976,6.571300242213006,3.5720309816173286,4.961164898621959,3.4816769169895214,0.0,1.5775756592853172,3.3558861589521523,0.0,1.9669864746572294,1.5775756592853172,0.9311005235276348,3.7314095889315464,1.853246464191894,3.749657005412532,0.0,6.547340493402483,0.0,3.5278740844886585,2.5280938450145363,0.0,2.069113389461164,1.7248715236864232,5.210403764493931,6.424350250792139,1.853246464191894,2.074918829618847,2.246543702110421,4.3146761637085,5.444977202787905,0.0,4.17126084927036,0.9311005235276348,5.578381747925849,3.0797654701636814,2.324708554481668,2.967708242947697,5.390413295268435,1.853246464191894,3.5050437515796657,3.043788835369672,0.0,0.5701882731594976,0.9311005235276348,1.5775756592853172,5.672556650371854,4.670845560662725,3.852663582909433,6.125934249382287,4.795029925820335,8.058605748824975,0.9311005235276348,9.126212832726365,4.673501505364359,6.4489732513902345,1.4047725823656638,0.5701882731594976,3.4816769169895214,0.0,6.515390979301434,1.4047725823656638,4.722535356573248
TCGA-49-4514,2.791293933870112,1.8493520480639996,5.460108781471248,5.773246346316266,1.9630341219298915,2.9230271630833595,9.731571668456054,4.943419414252609,4.846098644094353,5.84662083940786,3.428786608021448,2.5833709410579835,4.130491646357113,11.047152872252308,7.206073090905281,5.254950469842824,5.396287641523565,0.0,5.731958444202522,1.5739143563650537,2.0650890354554354,6.099257851134997,2.6395429259799714,0.9282983509984322,2.3930106350834635,6.00948126689478,0.5682073460040963,3.708326626086494,1.1924972108509115,0.9282983509984322,2.6927267274033633,0.0,5.228104107834288,0.9282983509984322,4.299800607792622,4.683195475425858,0.5682073460040963,2.6927267274033633,7.497112931459045,1.9630341219298915,6.955468673166596,6.578466181732226,6.397059646766879,4.166724136795004,5.076060921638562,0.0,3.2676088445477744,7.36915953941441,0.5682073460040963,2.3930106350834635,0.5682073460040963,7.155411914577353,0.0,5.904601340958693,0.5682073460040963,1.1376086176747922,1.5739143563650537,0.0,7.430428442662499,4.61738527706735,5.25893704065732,5.736904500358221,4.602152637765431,1.9884905965904316,1.8493520480639996,5.8197327206681555,3.2075438599981725,0.5682073460040963,5.4921309694316705,2.9633433703519874,7.372532775756274,5.046980080863045,3.428786608021448,4.84006837999947,4.790462326226879,2.791293933870112,4.142715590947495,3.0020969757964626,0.0,1.401281490928139,0.0,1.1924972108509115,5.599595344386476,2.440780591745445,4.563026485065285,7.494135399608915,5.443702598984668,6.940348308248998,1.401281490928139,11.11946204758366,0.5682073460040963,5.756450823223285,1.5739143563650537,3.2963404428919056,2.2424316101742017,4.462360453816516,6.376539855568017,1.401281490928139,5.7827168760775045
TCGA-49-6742,1.9409981046942926,1.827769906751088,3.5848652539887245,5.083439559650859,4.054808199256659,5.937736712683919,8.687302143677842,3.475683139588702,4.9864382253704065,6.020749039885465,0.5571556213485969,2.2974217860371655,3.2429243276253397,9.769350262106883,5.055315436383558,6.196307662271712,1.3819850895317922,0.0,5.1286257156541035,6.265265090412303,4.187789366931964,5.353236330245882,3.4284395868058883,4.001704647418099,1.827769906751088,4.496913257551387,1.7000644136472818,3.886204559324991,1.5536291756055218,3.0149710164070203,2.135006325254239,7.261098679487818,4.892744752661333,3.6516733103523666,2.719220909104382,4.838501663689791,1.3819850895317922,1.9409981046942926,5.124202046301181,3.475683139588702,0.0,4.354249394507767,4.764999000368615,2.6688102877646065,1.827769906751088,0.0,1.3819850895317922,6.724395983924039,0.5571556213485969,2.719220909104382,2.135006325254239,5.612876249857358,0.0,6.446324398495554,2.437115985951652,8.364293728490537,3.9740565166465838,0.0,8.265560140952102,6.258152144795476,6.41141588791543,5.931818040530836,3.0149710164070203,3.1318571751248516,0.0,4.410159663702132,1.3819850895317922,0.0,6.93956397549679,1.827769906751088,7.38922418008713,7.167269331605997,3.2995300378419468,6.570744297263842,1.827769906751088,1.3819850895317922,3.119086428333901,1.3819850895317922,0.0,0.5571556213485969,3.6832888558006913,0.9128448014698552,4.354249394507767,3.347349951050958,3.1515130526186987,4.141452359624894,5.524711628572422,7.239925417693591,0.5571556213485969,7.904419740659034,9.610390847382849,5.718687507376387,0.0,1.5536291756055218,2.719220909104382,5.752398020406121,5.8582959458095845,1.3819850895317922,1.3819850895317922
TCGA-49-6743,2.5600991526732244,1.448235762660074,5.433237169884182,4.3362509847871955,4.2076196746655325,2.7151846900028094,9.225780556464061,4.475232328873699,5.323083147193268,5.512944758093907,1.3118401751949431,3.336825957674189,5.2287904238990395,9.778485396623013,2.3247476784950143,0.4334693045177617,0.7348647739118138,0.0,0.4334693045177617,0.7348647739118138,3.9302282792028302,4.1321716765623595,3.4969014232866686,0.4334693045177617,2.472488192281191,5.220026040975795,2.5600991526732244,6.262641786059198,2.6786076587688874,3.3746788531013467,1.3118401751949431,4.031484631463084,5.3231904506573215,2.5600991526732244,0.7348647739118138,3.793408374091904,4.540988934355503,0.9661469942255847,8.22146281810486,6.891808807152449,0.0,7.029131850148651,6.524167115873089,2.1513318781247417,3.0220528286193407,0.4334693045177617,2.1513318781247417,0.0,5.260283149230103,2.9394581744748143,1.448235762660074,7.429004388972369,2.270216847961316,6.837430449404145,1.7721178289727662,3.6204346466981447,2.1513318781247417,0.0,6.358247730223786,2.6786076587688874,6.505683905636103,6.381475858035616,2.849422440455876,2.5071328085461664,0.0,5.477295841465732,0.0,1.5682408475837621,5.574489705409965,2.472488192281191,7.531788152110656,4.909436476915929,2.0163819264216643,1.8603366987923133,1.448235762660074,2.212540028113994,0.7348647739118138,2.1513318781247417,0.0,2.1513318781247417,4.487514392236114,1.675356730523388,5.254626677923303,3.288010019701871,6.389708646372805,6.16036097208108,6.277017479548964,6.13835320790302,0.0,10.920960282209164,0.4334693045177617,4.629521276851922,0.0,1.1538577628940883,0.9661469942255847,4.569506738257137,5.666364402435695,1.941399993577427,3.0220528286193407
TCGA-49-6744,3.2755661291619695,2.789624043682515,5.37937186987598,5.142020218037571,2.789624043682515,1.5182432522491733,9.136551733445435,5.757898115806847,5.162640817577126,5.670591015632633,0.0,3.085381003003531,4.3810336418196245,10.934060086785443,6.408373919100405,2.0306582524867713,1.9615022438151495,0.0,1.1107713994919195,0.41157970910801833,2.5424520257854724,6.05956468689521,2.9075347388118655,1.6239914934416115,1.8069107729953988,3.642023667828673,1.719636704732176,7.268076566921023,1.3999506875673762,5.147953673692008,3.7672446016237715,2.4144215941192075,4.416088631810835,2.8324954393654753,4.355219256291788,1.5182432522491733,0.41157970910801833,1.1107713994919195,6.538021148129758,1.9615022438151495,2.1346633593050304,6.031836040167691,3.1528770380615008,1.3999506875673762,3.681263022597649,0.7022555729239363,3.4187622128416275,0.7022555729239363,2.9616531199011153,4.120509261492709,2.156113189093788,6.223694690023353,0.6844595521623797,6.9087547793152195,5.67932583422221,7.071734641528227,0.9272306719124894,1.1107713994919195,3.543995290533836,4.294579708300934,5.232999875425444,6.740772282701223,4.374641934773121,2.9510643512586907,0.7022555729239363,6.3505226490684565,1.265763804482143,0.0,3.6683552665557526,3.037708801344148,7.003792467179079,3.061828955128842,3.6552761338249224,5.848526190265614,5.9152690128966485,1.719636704732176,2.267558771070367,3.835480996485764,0.7022555729239363,1.1107713994919195,2.6195176677406415,5.213793801477383,6.4574852550427755,3.8067069332271393,4.424663381534561,6.706496744109583,4.987851026124113,8.999340289383666,0.7022555729239363,11.731506624384494,1.1107713994919195,5.416247058116583,0.0,0.41157970910801833,0.41157970910801833,3.384837620893582,6.666489762268004,2.267558771070367,4.060899802752696
TCGA-49-6745,2.426518067836731,1.2404011609394874,4.364897006729742,5.3649287378465385,1.4906093303845298,0.6845099871642818,8.783596978323565,5.016464935336463,4.7013072965182126,4.910033806648632,0.0,3.11890520205029,5.5718345895264125,10.71125722393277,3.0969431915277688,3.720736584049596,1.2404011609394874,0.3997152761275574,0.0,1.2404011609394874,2.2357826778478302,5.6228471464932825,4.195038707287987,1.7773224214302854,3.6719672455300034,5.281054212059575,1.4906093303845298,5.039008928284095,4.4991816954175095,1.0870793728543855,1.3733104335615958,5.492110373933434,4.392688346099246,0.0,2.1247733516779195,0.0,0.3997152761275574,0.0,6.2935098477579325,0.3997152761275574,0.0,4.88805326165316,2.586635579211777,1.0870793728543855,4.5046302548422945,0.3997152761275574,3.003928591778477,0.3997152761275574,0.3997152761275574,3.4489330217625036,1.2404011609394874,6.098582018414913,1.9688171963469105,6.251780561496574,3.140395229794552,4.790902585904128,3.9903035460122296,2.8168926477963057,4.7013072965182126,2.6918666171614185,6.0762605553126345,5.777240473718409,8.689723638014076,2.509778108173127,0.3997152761275574,5.955233560265736,0.3997152761275574,0.0,3.5940411629526503,2.509778108173127,6.962281342336702,0.0,2.6918666171614185,4.149588459358771,4.6787365829450085,2.426518067836731,2.7870708481881823,1.3733104335615958,0.6845099871642818,1.3733104335615958,1.0870793728543855,1.4906093303845298,5.51413011305294,1.9998841328964083,4.5367125283914875,5.860435734701427,5.367227567951244,6.062624069710307,1.0870793728543855,10.272046599948313,1.9998841328964083,4.910033806648632,0.0,0.0,5.703022185709792,1.7773224214302854,6.388230258285453,2.7563322997202584,3.367633703935125
TCGA-49-6761,4.182477532213301,1.5403878964572908,6.990477470553337,5.765943171007808,3.5262811096981745,2.2823109545539557,6.939941693984789,8.678253657873658,5.614987690158529,5.7403522412561045,0.0,3.255450733272646,5.636135126118542,10.223706996592934,2.2045311525186575,0.0,1.8136677212769348,0.0,0.0,0.0,1.5403878964572908,5.282106680500054,3.255450733272646,0.5500271059651276,6.571546607624549,6.587833721132829,0.5500271059651276,5.704365637916782,0.0,3.8065802641676654,5.88082344700623,1.1630883078524745,4.883347228425567,2.1315594959419424,5.7497336921924855,0.0,4.648143464835958,0.0,8.870608227624903,4.716031544231238,4.803578323795984,3.666894547377161,6.1264957519516585,1.3694279190099896,5.142359220904807,0.0,2.9230809323058695,0.0,1.1630883078524745,2.8409480597531247,2.0280824556543786,6.254130689082796,0.0,5.770527933713782,0.0,5.255676009657981,2.3544657148710346,0.5500271059651276,1.686324876752535,6.561230080241348,6.727109517258941,6.179519635749697,7.994841395811624,4.974759380857758,2.6001382852410897,5.48083473750248,0.0,0.0,2.120187533311945,3.5889790051254704,5.697009590368772,0.5500271059651276,0.9028001416916559,5.120702714875487,1.9266108236529125,4.480280205721761,2.7514544587094956,3.504475731115657,1.1630883078524745,1.3694279190099896,3.5262811096981745,1.8136677212769348,4.641097018730169,2.9617514083882504,4.038280255510953,7.563496498729225,2.2823109545539557,5.107477632878657,1.9266108236529125,9.051219192992663,0.0,6.772615736835187,0.0,0.0,2.4217715877852086,2.8409480597531247,6.274807217960665,2.0280824556543786,5.75902794888218
TCGA-49-AAQV,1.7784040141808966,2.254308297028605,4.994702369832071,7.1997007502198755,1.8323414349437013,1.2876335742959204,8.612694262090649,6.061636390001608,5.420654461162979,5.784108219194102,0.9708167952287203,3.190064743014081,3.1345328844328444,10.777014823129171,5.636502421172924,0.5044654406133082,1.1927702898179424,0.6851654108182876,1.7214085331315323,0.5044654406133082,2.5631246167112285,6.76351879074117,2.946626059446038,0.9708167952287203,3.1055637794227544,3.714047563393934,2.1061564981974104,3.363232413064879,2.1061564981974104,4.788108219387956,1.8835026889266964,3.203477882688104,4.821740178730865,1.7289971474917396,4.362011409780434,1.6609671789780316,0.8381562024699203,1.4540231005952178,6.422800435283189,1.1927702898179424,4.687855552606699,4.8819151658974835,6.345287177064023,3.586265164124135,4.148286512488397,0.5044654406133082,2.7575575683374867,2.413133130165577,4.864352470244951,3.2803922841734496,1.9321733729432686,6.573364474676979,1.0879557084795808,6.738968512273852,4.696627498476881,3.4605568898341983,1.6609671789780316,0.5044654406133082,4.288240542857198,3.0907605954582915,6.110861834713887,7.171879532221915,3.6648761663845826,1.501897244191978,6.21249987768573,5.894796696085039,5.042424616585663,1.5278590254410724,5.215153125287268,1.4540231005952178,6.779680969358087,2.2192795681170505,2.7575575683374867,5.4192022531535065,3.9855076404905203,3.044984235840162,2.550148048848999,4.4839467388974885,1.3742976879357065,1.2876335742959204,2.946626059446038,1.3742976879357065,5.642332512339978,5.101426186377893,4.734811522144489,6.7966862786628655,3.7377529481446725,8.299770743336635,0.0,10.670094280782367,0.2836740510542421,6.298138256327299,0.8381562024699203,2.413133130165577,2.413133130165577,3.4708073960106036,6.942330603621827,1.9321733729432686,5.713026285355712
TCGA-49-AAR0,2.072039211913074,3.961987717641123,5.277318423951979,7.927840100308927,2.007569529442041,1.37994927356005,8.71680114054532,5.4887393593758596,7.041227919880811,5.536747480719897,0.6889383357858906,3.547125779556445,3.764492364708087,11.090051192945815,5.0760921434413735,0.6889383357858906,2.189707505926931,4.416484823065264,5.739361951161671,0.0,2.244775879194442,10.872239796166129,2.072039211913074,3.0364614637680596,3.9037287026033263,1.784718069994478,1.6026750960547114,4.118807880233796,3.1699418503585575,1.697833331195892,4.46327131200008,1.8646381146406275,4.903740268346478,4.5012797004175,3.4417921503685807,0.0,0.40266118077543017,1.9386553249147191,5.978009431666204,2.4771516574149333,1.20453264758445,3.971376231127659,4.086021689673287,3.3417374979415446,4.126839180186102,0.6889383357858906,3.409542464397654,9.575608290332934,5.267141407412862,3.787216865407675,1.697833331195892,5.420919880948043,0.0,6.361450998494858,4.354742792746683,5.364535725966906,6.845899024016881,0.6889383357858906,4.295715467025917,4.335451141309652,4.457542187150027,7.6668540443347855,2.072039211913074,3.7319054181081968,1.37994927356005,5.254271430709303,5.3874722778589295,0.9112379882375036,4.968326083106513,1.37994927356005,6.512905132296453,1.6026750960547114,4.911580779678855,6.452236633985201,3.883528876221073,1.784718069994478,4.025926525485992,3.798388353318074,3.98989289269774,1.092963028269411,1.4975002591932356,2.795413738298377,5.382925023582862,4.1368659120199265,4.134804891349312,7.053309111583877,3.8203615608858255,10.911512988905027,4.485869624471567,10.574064429314301,1.2467161518647685,6.369126710554058,0.0,2.5571420364139916,0.6889383357858906,0.9112379882375036,7.251600269932763,2.5179464413661985,4.992179359602131
TCGA-49-AAR2,2.7232671669070703,3.0641849991884333,6.179944187258831,7.981248030607265,1.7833239904069533,1.2455369234036284,8.941565100851687,4.956270621184219,6.392627079062766,5.362291666042508,1.409400349834366,4.801115187472328,0.8053144774306931,10.452905807637919,6.060337411394357,7.028981269749505,5.875301448644551,1.0494570578699642,1.0494570578699642,0.4816233579577778,2.2846858531062137,7.831656973857627,2.0548542360444926,0.0,2.268179966269868,4.61738527706735,0.0,2.638528618443565,2.6817952019546913,6.1786616988486855,3.248353070386028,3.4636994556480736,4.8798202089659615,1.6735200794579712,0.4816233579577778,0.4816233579577778,3.120354093548569,3.8050500794240403,5.658917596461827,0.0,1.4199225420998747,6.303883743354618,1.6735200794579712,2.3302488969765194,3.6568855644520917,0.0,3.5561563062002124,7.926259580068246,0.8053144774306931,1.2455369234036284,1.409400349834366,3.5201915354706323,0.0,5.827258901786876,4.48700582763745,4.770125145952846,1.5501548902702613,0.4816233579577778,7.182618033971659,3.858670750730569,5.329849947760999,8.204704633224118,2.3886893920461776,2.3302488969765194,3.120354093548569,4.392124231910546,5.1056727094310075,0.0,2.131132257085191,2.873835789256065,6.818046084334614,2.131132257085191,6.197720298885066,6.891737679422258,3.120354093548569,0.0,2.131132257085191,4.216846815205122,1.5501548902702613,1.409400349834366,3.7337094060317284,1.409400349834366,4.790894280911582,4.4375488495589686,3.76285920376179,6.447042753446106,2.6817952019546913,5.171000906870753,0.0,12.427578857135007,2.545939031596284,6.675737467642821,0.0,0.4816233579577778,4.665116931039155,4.764862624721684,6.914631582921569,1.0494570578699642,4.12118608376506
TCGA-49-AAR3,3.889969607046047,2.7038614404807553,5.93766548432445,7.734869382309582,2.273238668198815,1.0087605179404175,9.1217899931487,3.503453082366503,5.4038208719823375,6.395982540177596,0.0,3.6266156771163685,4.4278672149994165,10.847222230560117,2.579845548554838,0.0,3.1257512548777258,0.6265264932180495,2.075508818652123,0.0,1.5005824075214134,5.251723538665277,2.9135238891612727,0.0,3.1632827734442657,7.085382501275675,1.2845938062935514,7.823749967039645,4.8933821180394785,2.579845548554838,0.0,5.775882956959389,4.984619806892974,1.502520630088023,2.5115485807344213,0.0,0.0,0.0,9.061070926185312,5.161036094763781,0.0,1.9597566987338562,5.595800006163716,1.8288143771790661,5.507950055834299,0.0,3.1257512548777258,0.6265264932180495,2.075508818652123,3.94202054636125,1.2845938062935514,6.567798377964119,0.0,5.3432333691688685,0.6265264932180495,0.0,4.154463958394334,3.0461782090343643,2.273238668198815,5.589306464757314,5.44603022514541,8.065598277245806,7.219627398735117,2.100346502359732,1.2845938062935514,5.050189285039657,0.6265264932180495,0.0,3.796701936642682,3.0867560069317634,7.322556668067288,1.5005824075214134,0.6265264932180495,3.9587863550912763,4.329586630434247,1.5005824075214134,2.8650824395345316,3.300728585714361,1.8288143771790661,2.579845548554838,1.5005824075214134,1.6781053976553488,5.5925603689515135,3.5288163301850743,5.269815006075325,7.666699563332131,4.374463103147656,3.6719240197145226,2.438251704415579,11.251065773184528,0.0,7.402146596284703,0.0,0.0,4.545479627798371,0.6265264932180495,7.851143534207263,3.42154561172406,4.1406984276911825
TCGA-49-AAR4,2.347348111467561,2.1478242270410925,6.260917091793453,7.4972183157652,1.4237346440937357,3.3135203286139183,8.904040729770076,4.966314129057799,6.2013891113279085,6.074876955572723,0.48888671624723673,3.138450710753307,6.250021573232519,11.075119483246295,4.921381404553846,4.119518359837395,2.2188447240561477,0.0,0.0,2.4611943898282487,2.740962597057969,6.670152697890307,3.2665491751569173,0.48888671624723673,3.191673164742553,6.259711474733629,2.6108268590361634,2.285154051264366,0.8158071932958327,4.921381404553846,1.4237346440937357,3.2422094656941067,5.189400534687433,0.492743116215225,0.0,2.6108268590361634,1.2590574026294883,0.0,6.812977457449998,4.022759047022812,0.0,1.565088871859909,3.988306038991299,2.740962597057969,4.9750633826288375,0.48888671624723673,3.8640568017100496,1.2590574026294883,3.837239112583801,3.82355675243767,1.7990825896078364,7.460892986533744,3.1683401381603065,6.294071561442855,1.061809982144005,1.5451127018775428,3.9646609953073297,1.061809982144005,4.623825096085257,6.585071739825032,6.375673672310157,8.1867594861113,5.914807559742821,3.002206271929475,1.7990825896078364,5.770418793875918,0.0,0.48888671624723673,4.83000830071837,1.061809982144005,6.558606230032813,1.4237346440937357,1.061809982144005,4.689676761914431,4.874334355531793,1.565088871859909,2.7808296721413592,3.6911793074227037,0.0,1.6889143059358787,2.4058904983585894,3.3583838219585065,5.613179199973282,4.469482183837778,5.357637608619206,6.179426417385612,5.182766213387935,6.219119904898715,0.8158071932958327,12.467297799919594,3.1107381230630784,6.422847533122463,0.48888671624723673,0.0,7.092906162786251,3.052892076281864,7.633224431004207,3.766872370091463,3.380086098449229
TCGA-49-AAR9,2.2741444653621956,0.6512308374586538,3.514043807843775,7.255499462129456,2.781585628431039,0.3776827270957127,8.06780127383434,2.2741444653621956,5.430082199724839,4.8601224338169535,0.3776827270957127,4.420619747080854,6.543101445336768,10.942512597791382,2.3202776525249638,1.4380562956784801,1.6351641370049808,0.3776827270957127,4.050878450101864,8.988583358973306,1.0422888202818212,7.3094466086707275,0.0,2.2741444653621956,2.121398891440343,8.140744019778053,4.908713304370872,6.915147886201635,0.3776827270957127,0.0,1.0422888202818212,7.321651412568154,3.909624130426893,0.6559643894322293,5.756634220693546,4.090043659920395,2.4471442061759894,0.0,6.087210995369746,6.395995886056055,0.0,1.5414588126212394,1.1922847645307448,2.559712592589243,2.4471442061759894,0.6512308374586538,3.2317170226410843,0.0,1.0422888202818212,2.7230504658191053,1.0422888202818212,1.8728938884599202,0.3776827270957127,6.632798561328262,0.8657550451662609,0.3776827270957127,3.249676574020913,0.8657550451662609,3.567262515936587,1.3227153794770192,7.481674004770611,6.552311006028549,6.050040012012211,5.367890069899997,0.8657550451662609,3.90492185181192,0.0,1.7997607071135404,6.736575422287017,2.121398891440343,7.54599738737275,7.4699733922156835,0.8657550451662609,3.895633427048476,1.5414588126212394,0.8657550451662609,0.3776827270957127,0.6512308374586538,0.0,0.0,2.781585628431039,0.3776827270957127,4.315981646050427,3.571139855014172,3.2673192622681864,5.099372403375189,6.218892905511037,1.0422888202818212,0.0,8.612828772817174,0.8657550451662609,5.948781446804248,0.0,4.058834821551698,3.457829731228629,1.6351641370049808,5.704712042474133,1.1922847645307448,0.0
TCGA-49-AARE,1.6285540296263303,2.312862103154985,5.065678880672025,5.524998652692391,1.4317934011911089,0.0,9.46084224800368,4.714965851810976,5.847799121043718,5.530428587844507,0.0,2.552121274464193,1.6285540296263303,11.480847422105105,3.5848458355164863,0.0,1.5349944994109956,0.6472602977874691,1.997729733499382,4.349863657009073,3.0116942014642327,6.853605276507813,1.6285540296263303,2.399139952408677,2.653227880000985,6.704104257869364,1.4317934011911089,5.9747074275416425,0.8609894160890657,1.186562114066142,1.186562114066142,1.186562114066142,6.220703483759027,4.079340901443883,4.197861880234339,0.3751433482217754,1.9340110634696301,0.0,6.71464978398093,2.1141690021988935,7.306658907588455,1.5349944994109956,6.204264790363595,3.435308911290923,4.283049866141106,0.3751433482217754,2.653227880000985,2.955253969965241,1.186562114066142,2.7153700124644224,1.0369850810971648,7.639998164882212,1.5349944994109956,6.254492053120628,3.849547421638026,2.737706086009721,3.3903217895534485,0.6472602977874691,3.933163952461097,3.9151760294195506,4.8590524257285725,6.899160449022396,1.186562114066142,1.6636609110441405,2.1141690021988935,4.950113583650931,3.359162846756285,1.4317934011911089,6.679247365168776,2.829134448424975,6.006594509784779,4.98806925208432,0.3751433482217754,3.5592689362326504,3.8299752890673946,3.343215099123808,4.920674116173108,3.7476223065123526,1.3166762942390207,1.3166762942390207,2.9312737492165906,1.7928921608239887,4.883468367129531,4.345682879106561,4.211450331548373,6.833218137825495,4.486916914788303,7.130154553390994,1.0369850810971648,10.91788455151661,4.56095285048254,5.706957429149845,0.0,0.3751433482217754,2.356931222734159,3.669543717807194,6.8881738072292675,1.6285540296263303,4.497110475222953
TCGA-49-AARN,1.5542000061794847,1.1752028908298222,5.50442055200679,7.841602981296619,1.941629571871808,5.392067238796299,8.24537396937797,5.982731525033747,5.736427125651949,5.580405069656006,1.1752028908298222,1.700667048824716,2.9784182471203793,10.793623202933425,6.166201160812081,5.307009480435543,3.0156819488616113,1.700667048824716,0.0,1.8283967199089712,2.5009440274856245,6.690508060083488,2.1356682716371136,4.002435757842851,2.22018126673923,5.879739375485461,2.3703839185584807,3.946352932004863,6.359342007884708,6.5011770515865,3.0156819488616113,5.571925869268458,4.1498644121268695,3.480550620937741,3.5646871730542995,2.4377975718010534,3.0516068080178576,0.5574992639636625,6.646913754557331,2.560346472729823,5.071717850260437,7.17888867429501,1.1752028908298222,2.8574984130667898,4.029341933403219,0.5574992639636625,1.8283967199089712,3.9747874538288666,1.5542000061794847,3.4992190336162747,2.3703839185584807,4.956143908807066,0.9132862228538563,6.50899116895265,0.0,4.392604243994294,4.285540513721708,0.9132862228538563,5.444998792247069,4.446507341640245,6.118064157847949,6.62438257451845,6.7859581978136845,2.2386437268572648,1.700667048824716,5.980848394644792,1.8283967199089712,0.0,5.32533897224432,1.3825624060302124,6.783427120664747,1.1752028908298222,2.669503394156456,6.124617743225221,3.4046746622417,2.6164172519902107,2.813706672960679,4.508067700963924,1.941629571871808,0.5574992639636625,1.3825624060302124,3.453062179377231,5.746011478873911,4.644246657969885,4.592704815071447,6.606387989665547,3.4992190336162747,8.665914875162867,1.5542000061794847,10.911160760876628,1.5542000061794847,5.967561123026423,0.0,0.5574992639636625,6.356755020557718,5.49220099095302,6.6944147704470165,1.3825624060302124,5.371470239882913
TCGA-49-AARO,4.726041780465823,1.9935976647149287,5.950171087298765,8.176692451260017,1.911821387738774,0.7669086641219989,8.989625119955328,5.340193205579049,5.872098070971148,6.202407978690862,1.1957692469752477,2.379647980795478,2.5731616975428877,10.980319359242413,4.809326617389564,2.1394777551238953,1.8227412068367834,0.4552072000029785,1.4949693777455466,3.6939764423717802,1.0041550783152229,7.51194555487658,2.735237260946174,0.4552072000029785,3.1314992903075685,7.276418080566197,1.3565307879142032,2.874665728074547,0.7669086641219989,6.707506383438779,0.7669086641219989,2.324796581359265,4.247584827747997,5.51862088879482,5.40959931586206,2.324796581359265,0.7669086641219989,0.0,7.493500973631822,5.6162400475935295,7.103025966062302,4.367321542839185,2.379647980795478,2.65747945263302,4.156415980061499,0.7669086641219989,2.616212651399078,2.0691891652154846,1.1957692469752477,3.989746718618955,1.4949693777455466,6.411272963064909,0.0,5.875340759138493,0.4552072000029785,2.4361977323179658,2.324796581359265,1.0041550783152229,5.1319557693328095,4.516513820382634,5.476919514910198,7.42027346954846,7.922674315952737,3.4442568711226023,1.0041550783152229,4.595230955073319,0.0,0.0,5.626674622743898,2.2667506399848296,6.619195488114888,1.4949693777455466,1.4949693777455466,2.9066879223811006,7.0344231715852565,1.6165525433195078,3.5223082074112133,3.6500034815307956,1.0041550783152229,3.180608896717359,2.379647980795478,1.4949693777455466,5.758715636681011,4.469632210092654,5.178519803092441,6.715922634853454,5.6968115675753666,8.302050051294932,1.4949693777455466,10.670660916190876,1.911821387738774,6.497436912846503,0.4552072000029785,0.7669086641219989,4.3599816702177865,4.403236359778746,7.1043987852836405,2.379647980795478,5.5286073213826805
TCGA-49-AARQ,2.783064904907656,1.5958662324040056,4.653322051250017,5.317183280755659,1.3373666874964671,0.44583900224643763,8.657031652602887,4.873478289256675,5.159250682424837,6.175399385196911,0.0,2.943254066908786,5.2662950824251755,10.640259197028,6.014758621223554,1.1777930865425508,5.855974093919675,0.44583900224643763,4.334422579299217,0.7531127617273793,2.873688925641262,5.394086531911463,2.6334200413502216,0.0,1.4749460587144532,1.5958662324040056,4.38469182988376,1.4749460587144532,1.9712715275189676,4.521910308769868,6.4558162970316735,2.1166650694778024,4.619723766995603,0.9940662560437217,3.3703910348937764,3.530648377445468,1.5958662324040056,2.0466083845845957,6.1397142791099215,1.7037293917210192,8.822472519943329,1.4749460587144532,3.2472339065332263,2.1166650694778024,5.896936811114645,0.0,3.4800301268570046,0.9878296926564707,5.79974092913357,4.32703044037508,1.3373666874964671,7.556323416144115,0.0,6.016130330070149,7.934115820362643,0.0,1.3373666874964671,0.44583900224643763,5.391529893270205,4.783642677960415,4.112714791576978,6.993198760799604,1.1777930865425508,0.0,2.408061601924392,4.90310947289252,0.9878296926564707,0.0,6.911000009147026,3.920748824496439,6.640668983252641,1.8897932094994205,4.783642677960415,5.645524633137657,2.8172214466968946,0.44583900224643763,2.356182730342837,2.5112401917398413,0.9878296926564707,1.4749460587144532,4.257920682696514,1.3373666874964671,5.292062847760145,4.852030263919617,3.6969914626241573,6.749707515378635,5.2778289041207005,5.388966701470167,0.44583900224643763,10.529166591474675,0.44583900224643763,5.647508375577024,4.647951859083368,0.0,4.036326955852527,2.747700309231759,7.378146333169137,2.747700309231759,2.8822219717557114
TCGA-49-AARR,3.2181835853256855,3.258219607371216,5.831410225027509,5.010628627407367,1.6257442387084102,0.7033450055363913,9.39104395388776,6.322911679012668,7.364711661878439,5.695299932740289,0.4123083065901588,1.8087312962014428,2.158021641802693,10.453549273952442,6.225856596192939,0.0,3.7575212639859696,1.2673137336365992,2.3208964127652987,4.738651577362572,2.5959783256786912,7.0918835360431585,4.186683666081471,1.6257442387084102,3.351814541895234,2.4163958049646705,2.5837333665948297,5.110884770617525,0.4123083065901588,4.462744498993252,1.6257442387084102,2.3208964127652987,4.26960933392977,1.283015011665889,2.3208964127652987,0.9285354582905921,1.6257442387084102,1.519928873427396,7.121575502835463,3.696120673090552,0.0,5.16770741663676,2.0972569015498372,2.2695038943919217,4.610182602811628,2.3208964127652987,2.791661916897981,3.4208562077697664,2.215315500851571,4.395834614233044,2.215315500851571,5.282914346769543,0.7033450055363913,7.176101615127176,3.815366720030074,6.796243661806469,0.4123083065901588,0.4123083065901588,5.350534983617727,6.183602349858536,2.158021641802693,7.218873076911534,3.5009522147991476,3.674874338721658,2.03254645571486,4.688288160178556,0.7033450055363913,1.8087312962014428,7.20456556226079,2.0972569015498372,6.710526763526142,0.0,3.6307046415628332,2.6215259781610487,3.2181835853256855,3.9419040858295924,2.5444483324963163,3.9117389650925087,1.1122192920743266,2.0972569015498372,2.0972569015498372,4.795071278721867,6.738715132494097,4.73417007684964,6.321079396932261,6.945417085363726,4.94016275701533,10.322793104954032,2.03254645571486,11.342795290353433,4.122640431376948,6.280828329692257,0.4123083065901588,3.1329518564355254,3.6170907135392456,0.7033450055363913,6.521108490368721,2.6930922195358145,5.404733824502513
TCGA-4B-A93V,2.8540189284303663,3.6000864910418757,5.833696080976545,8.738103851683658,2.316576751620782,1.225391771699236,9.713143904639262,6.077447270214567,3.884220060766057,4.1888756507348175,8.930569589249068,1.5787312516549383,3.97855952922839,10.940940493113855,3.651328146727109,0.0,0.39278505495078986,0.0,0.0,0.39278505495078986,0.8933495845725876,5.151862828633024,0.39278505495078986,0.39278505495078986,2.3629273220002074,1.8392948782674472,2.529433771838078,0.0,0.0,0.0,0.0,0.0,5.514657829242507,0.0,2.9838064426849633,1.225391771699236,0.0,3.0078584533518313,3.0767268357625386,0.0,3.0962787201535624,3.0542935917521623,6.710273382780017,8.060274776119156,3.0542935917521623,0.0,2.933894103185287,3.2587578577629084,0.6740662927471535,3.8438426608946035,1.0730893314370238,6.223034496402063,0.6740662927471535,6.355960080362005,0.0,1.1923454680849566,0.39278505495078986,0.0,1.0730893314370238,3.5035644213381167,4.2927185313171865,8.331677739565269,2.6721328259154102,1.2282067751708938,0.6740662927471535,3.97855952922839,1.225391771699236,0.39278505495078986,3.7578386583674863,3.790964360817629,7.159307456776165,0.39278505495078986,3.6759968282829227,6.9874902470009905,1.7597526730929685,2.163047125534633,2.26797294407635,2.9838064426849633,1.474236554765253,0.39278505495078986,4.217638311889952,1.0730893314370238,4.848343789715821,4.60093623545603,2.7969886090633165,6.212483843790074,3.2587578577629084,1.0730893314370238,2.3629273220002074,11.606962106896612,3.941884674422284,7.387145961658214,0.0,0.0,0.0,0.0,6.581893551288188,1.5787312516549383,0.0
TCGA-50-5044,3.1577618333299338,1.4037904087366417,5.006714283638725,7.952386453783733,4.011826710572077,2.0998322313275697,7.51990930033255,3.2804787914786693,5.17063171140028,6.817829477361647,1.4037904087366417,1.6281026376632557,3.6862409763908928,11.09779782459091,3.711572507942863,1.8111862088938662,1.8111862088938662,0.0,0.0,2.323553706930195,3.5190781903163812,7.755625832492182,3.914619631275412,1.1141903186314281,3.872926604547774,2.506260361112857,1.1141903186314281,9.367352667757869,4.133765575826728,1.9658808294566696,0.0,0.0,5.441352208010614,1.1242150560476143,5.439265561568967,0.0,0.7048286853337833,0.0,6.841073663056539,0.0,4.50714051170846,6.282806787963463,1.6281026376632557,2.660679029686192,4.299614664179147,0.0,0.7048286853337833,0.0,1.4037904087366417,4.166038670969342,2.323553706930195,6.3879797237965565,1.6281026376632557,5.326457687492347,2.217930935578094,2.3551206154966655,5.158928854439116,1.6281026376632557,2.506260361112857,3.066693872491335,2.660679029686192,6.0823376247907985,6.817829477361647,2.766495194351221,2.323553706930195,4.271435798036466,1.4037904087366417,0.0,3.993127303261552,3.5190781903163812,7.121623951274222,0.7048286853337833,2.217930935578094,0.7048286853337833,5.5526068095253995,2.729785599914472,2.217930935578094,2.506260361112857,1.1141903186314281,2.660679029686192,3.200365562109104,0.7048286853337833,5.37026586586062,3.387351974840102,3.6862409763908928,7.1747396236548004,4.964744921464439,8.605870513282111,1.1141903186314281,11.481677286535962,1.1141903186314281,6.977887501162515,0.0,0.0,3.9546437013147644,1.4037904087366417,6.517895767652361,2.217930935578094,0.0
TCGA-50-5045,3.913410043046567,2.616694857281105,6.285916154466583,6.106953843042466,2.1030604072784698,2.885945308943251,8.976370931619577,5.19493822001468,5.096421476396858,5.967668657341495,0.0,3.2564682900680335,3.319614877999899,11.74223397382184,6.601495029289149,0.6130211360806604,1.654430398352929,0.0,3.8251418017837806,1.376521764471063,2.448873517563,7.651495758990331,2.5529001331640844,0.0,3.2564682900680335,5.5220767282121255,1.4779843596045434,5.8309377496439305,3.5747864768102,5.709635313331437,1.1362612544528667,1.1362612544528667,4.890957965399171,0.8230783501519764,5.009968405108552,0.8193392057977046,1.2635898598944049,0.0,7.541285142723579,4.459547704150046,3.9589104081136055,5.204275881609926,5.999641028392117,1.1362612544528667,3.686804803513885,0.3527673191077153,4.2170915533365445,0.9902844117824814,3.1535732786044166,4.905978234658778,2.885945308943251,6.956212054250331,1.1376086176747922,6.516380928220124,5.088626668454296,5.965500376430172,2.33275535873911,0.3527673191077153,2.3729783168630942,5.173604122374395,5.305829082831876,7.010329917685836,6.364662973308859,3.1743093284429627,0.8193392057977046,6.154785904574305,0.8193392057977046,0.0,4.289253234521527,2.247093524489354,6.670856304122987,2.1030604072784698,2.616694857281105,4.454642601483835,5.800685324881335,1.7322040672589638,3.28853993768894,3.7042433231135488,2.0500384773105194,1.7322040672589638,1.7322040672589638,2.885945308943251,6.305419081092314,3.833594327840318,4.9368093334556,8.054455898290547,4.191831159788933,9.009801889995666,1.2635898598944049,12.179091917198399,2.616694857281105,6.352944677623645,0.0,1.376521764471063,5.204275881609926,0.3527673191077153,7.539633255026849,3.0785833417812043,6.552629135033255
TCGA-50-5049,3.240778206919908,0.7495747718585887,6.330198509811679,7.788787677098969,1.795469246155133,0.4434029474485566,8.827970992361298,5.575323907752398,5.713392813725313,5.85248404932545,0.4434029474485566,4.827385306443722,1.3324187881505727,11.42417840072841,7.395936441263574,0.0,1.5904997114138495,0.0,4.133307229263835,0.7495747718585887,1.795469246155133,7.6383571911906225,0.9836128751383112,0.0,1.4697619663611536,3.5878484415062175,3.240778206919908,2.5430812138390726,0.0,4.458750379138863,2.5860181511564115,1.8840955337631282,4.882582201479759,3.792827222313847,1.795469246155133,0.4434029474485566,2.4512378296489237,2.1107585061857863,6.922042725590207,2.936889500801202,0.0,2.627187157044771,0.9836128751383112,0.4434029474485566,5.614725370228726,0.0,3.7960912550851456,0.7495747718585887,0.0,4.23527104364967,2.498209440670648,4.728846930681689,2.536913855946555,7.025929349285618,0.9836128751383112,5.113065520647422,1.8840955337631282,0.7495747718585887,1.5904997114138495,2.7767674790611983,3.100335502542636,7.113239823802519,2.2375664566195974,4.557757772284463,0.4434029474485566,5.850879766294108,6.008056142200902,0.0,5.632859169652302,2.4512378296489237,6.802389207753323,2.9068518783101145,2.875883981723468,2.741414052687549,4.282601249013109,1.4697619663611536,2.1107585061857863,4.515265171920454,0.4434029474485566,0.9836128751383112,0.9836128751383112,3.7313784416949627,6.218831168695064,2.5439535570789165,5.8476634583529155,8.172686766966695,3.7313784416949627,8.028768124592506,1.3324187881505727,12.258778941161108,3.1961188377455847,6.21771925375557,0.0,0.0,3.100335502542636,0.0,7.382149256529165,4.168463605743106,5.432319273463348
TCGA-50-5051,2.33166805388571,3.535363989161651,5.019072930248363,5.485311323990751,4.591059091149134,1.2011087067112858,8.203785706553246,5.452659456626613,5.439295959807609,5.325411970095782,3.7389402392739393,2.4042116460823237,3.6624097008440883,11.091233409197189,4.079137857475707,2.0758475911696195,3.7571920942960237,0.0,2.168585019127055,1.2011087067112858,2.650992958614856,9.20367923578651,2.9750294411947893,0.5735750454191003,2.0758475911696195,6.460319078894042,1.2011087067112858,2.594769514643244,2.4042116460823237,0.935779584458002,2.0758475911696195,2.8028693512803087,5.038094806992406,0.9598098857876508,2.650992958614856,0.0,0.0,4.280306706251262,5.771151361527009,0.0,5.127244307524829,3.44070971895565,5.097821655775172,5.4788665202298255,3.621828445989326,0.5735750454191003,0.935779584458002,5.58897002244465,5.442651449436491,4.982571839930952,1.731230676153233,6.136988120234721,0.0,6.440740777838414,1.731230676153233,4.213829851925323,2.8028693512803087,0.935779584458002,4.280306706251262,4.955658029232263,2.650992958614856,7.530007780765534,2.535195690081168,3.3582272482093414,0.0,5.488520283667793,0.0,0.5735750454191003,2.9750294411947893,1.8597607381285135,7.359531289953551,4.3625800189980435,4.429405088563382,7.212117461685116,3.249870488970424,2.704222886267823,1.8597607381285135,2.4042116460823237,1.2011087067112858,1.731230676153233,1.2011087067112858,1.583709763861369,4.911028563991468,4.841032509710076,2.33166805388571,6.104659294874325,3.5576910288821515,7.212117461685116,1.4105966536428554,10.624976775968605,3.7014081413160627,6.0477338157754925,0.0,3.121862595698202,2.535195690081168,1.4105966536428554,5.553897129785175,1.583709763861369,5.238843332551495
TCGA-50-5055,2.137132452606931,2.868540741475648,6.5715200142808605,5.9173658056808875,0.9787395711466436,0.604643781968542,9.508301929024887,6.561002376953304,5.567569394281037,6.142652270282752,1.639540256250544,3.3755102747261705,1.2503887236339033,11.63397427329237,6.1533048714053225,2.7159919153749916,0.604643781968542,0.0,2.4678706917304805,2.4678706917304805,2.5359086517540326,6.586520559497612,2.230616369476954,0.604643781968542,2.4678706917304805,4.974579699998125,2.230616369476954,4.6362714872864395,1.4637876679848876,4.675740479357382,1.9189793192387747,4.441320960273837,5.254443845854049,4.2245274381502655,2.7159919153749916,0.604643781968542,0.0,1.2503887236339033,7.57873353477102,3.403521345830996,0.0,6.199888291679948,1.2503887236339033,1.4637876679848876,3.9285634548582067,0.0,3.6474166293058063,1.2503887236339033,0.0,4.489084583875913,2.59961087669896,6.993813702055382,0.0,6.890332377890114,0.9787395711466436,1.9054749844686159,2.3161131744737373,0.0,3.580283153390102,5.484933853577253,5.402362016834638,7.268606490164282,6.258806785493862,2.5193322308029873,0.604643781968542,6.551560219880256,3.689791538038904,0.604643781968542,5.672866118021202,1.9189793192387747,6.496714656540787,2.8202294164979214,5.332622170240027,3.7304459714083147,6.015273842859608,2.0339864350185315,3.689791538038904,5.873949912928699,0.9787395711466436,1.4637876679848876,1.4637876679848876,1.2503887236339033,6.712262156725102,3.287061437275868,6.142652270282752,9.895157957580693,4.799354435324558,8.78086122099713,2.0339864350185315,12.352926770124794,2.230616369476954,6.348435947099276,0.0,0.604643781968542,4.316424881839093,2.7159919153749916,8.08998541534939,3.041355523578408,8.751596315162606
TCGA-50-5066,5.322195012997356,1.5005824075214134,6.002181910449178,6.934523784196179,1.0087605179404175,6.303160953390608,8.847693344881446,3.42154561172406,4.488401510694241,5.419379464642591,2.179252939422107,4.417411876802996,3.991497551728573,11.6656723027293,3.853698735771749,1.2845938062935514,1.8288143771790661,0.0,0.6265264932180495,0.6265264932180495,3.300728585714361,7.126111388763972,3.449600169223655,1.2845938062935514,4.126740759197505,4.007460449861258,1.2845938062935514,2.579845548554838,2.3591449944278384,2.643774756468092,0.6265264932180495,4.29455651611479,4.9164930985992905,5.2864370745173215,0.6265264932180495,1.0087605179404175,0.0,0.6265264932180495,8.43274144486674,2.7038614404807553,0.0,6.8234156025473025,5.566254535037614,1.8288143771790661,4.306369193482008,0.0,5.5254529391317835,0.6265264932180495,2.7038614404807553,4.6081966017684355,3.5545506007449577,5.260812780006762,1.6748510509823324,7.134476423072776,0.6265264932180495,4.417411876802996,2.273238668198815,1.6781053976553488,1.8288143771790661,3.5545506007449577,5.00450990548266,6.531664490080151,7.13932721149226,5.2769149602876,0.6265264932180495,6.186603607612551,0.0,0.0,1.2845938062935514,2.959726786018707,6.4344678640088535,4.154463958394334,2.3591449944278384,5.535809483078881,4.258253192305214,1.2845938062935514,2.3591449944278384,3.0930994272453165,1.0087605179404175,1.0087605179404175,4.873600629316315,3.362962315932154,5.5219767847800245,3.234363272802538,4.691476314348359,8.575420589244711,4.72293544370867,6.963776379659917,2.814174425060599,12.821874311053373,0.0,6.693012591389933,3.332329502363355,0.0,6.084847871718592,0.6265264932180495,6.874533496211213,2.3591449944278384,5.283168195111752
TCGA-50-5068,4.7862910222055275,2.686567763714731,4.696791753035315,9.22234799110046,0.0,0.0,9.822591981277814,5.101809660475265,5.337191865930092,5.76814285492763,0.0,4.764649500533414,0.9970224329064764,12.72220814691104,8.604540845191824,0.0,0.6179386029621904,0.0,3.028523709278907,0.0,1.6630545058711141,4.932075375436418,3.028523709278907,0.0,3.2165571387920977,4.252218302849483,0.6179386029621904,0.9970224329064764,2.342363343002458,3.9067953650956917,0.9970224329064764,0.0,5.2960999098070785,0.0,2.4213365484694385,0.0,0.0,3.3450643243174616,8.99510422457606,0.9970224329064764,5.599143920543631,2.847603426045227,2.5627238058346387,2.342363343002458,4.2023136725364765,0.6179386029621904,4.938222294920312,0.9970224329064764,0.6179386029621904,5.009187579997055,3.6538557213043275,5.23327738636756,2.297833823568559,7.256297239690681,1.2712201532744252,3.0264554461968314,1.8132763126903046,0.6179386029621904,2.686567763714731,2.162828650603762,3.028523709278907,6.587693255254101,1.8132763126903046,3.891726416152833,5.580552129311586,6.027931472064642,6.658163794152787,0.0,4.108498915065416,2.6265581102468087,6.71780832258664,0.6179386029621904,2.94215215585173,2.796756807045601,4.7350574468225135,1.2712201532744252,2.686567763714731,3.8894542358856072,0.0,1.2712201532744252,0.0,0.9970224329064764,5.912253576778357,3.896775348485651,5.152539866934696,8.515778190774855,4.239973319107124,8.253303163563551,1.9438365721084045,11.189489091078656,3.73870717507321,6.534487721564252,0.0,3.73870717507321,1.2712201532744252,0.0,7.202676088445115,2.494526893164991,6.276647248733074
TCGA-50-5072,1.1967971205768404,0.8694925823255157,4.252545599693564,7.469061066634659,3.6838442989693863,3.4347320882806383,7.968423372734103,4.404661033032802,4.679331013887781,4.974310118159395,2.5295055029897524,3.0379005614145362,3.6116662811952613,9.874532368080708,3.965224378275629,6.400898435843776,3.636309028752219,0.8694925823255157,3.2908652688106232,9.185089228436436,4.328451792165286,9.292813968796976,4.448827438668799,1.1967971205768404,3.3246690468951217,6.724323906570592,2.3702250497043855,6.060790029940313,2.0104263485151863,1.5465407102619877,2.9691726692186413,8.61029001446177,4.773595637589935,2.1320221321461386,1.8051362662696937,5.021093746658803,2.0104263485151863,0.8694925823255157,6.875920899577682,4.935236232434792,0.0,6.601057549491836,6.6066907259170105,5.568229993388241,2.3260965204549677,0.3797369595354331,2.2799304024292395,7.389001720298908,2.8953648273079007,3.2558748411103466,2.492006386903223,7.072667841453426,0.0,6.16505434279099,1.5465407102619877,5.2706069549794465,3.1022116630389824,1.046476534247581,6.336776172396302,5.587439651395881,5.812598014836976,6.5704655082709795,5.446508897292166,2.3563154154150134,0.0,5.30789138898231,0.8694925823255157,1.046476534247581,5.761607888224588,1.640355015068822,7.5001922256551055,7.6756712847129105,3.449511241940706,4.841308932797112,2.1270762766932507,2.070451249841703,2.3702250497043855,1.640355015068822,0.8694925823255157,1.046476534247581,3.533873408565702,3.5991133773294672,4.837653981100103,3.1939968949218285,5.091680575947379,5.577005363288929,5.545040716382703,5.125189418721886,0.3797369595354331,10.61467600619671,8.581254723812764,5.1361101531676265,0.0,1.046476534247581,4.443412143413017,4.811696431478864,5.739673934040523,1.046476534247581,3.122761321682532
TCGA-50-5930,3.040743879383339,0.0,6.301704638452014,8.252292312460762,4.190784406745204,4.611191024309829,8.408975263909431,3.9409213954707947,4.802815400203098,4.93531530569621,0.8450524842730983,3.642455862401536,3.160267419121428,10.253069903396618,3.6766423856681767,2.6588949703040647,0.0,0.0,0.0,7.120783845888527,3.053359466388784,6.975488691016228,3.642455862401536,0.8450524842730983,1.6062729090909438,6.908774759135603,2.1936961374850985,7.915026832499388,1.2963970055154292,3.741699582297309,1.2963970055154292,3.160267419121428,3.951189870977825,5.453306266399284,5.866281070613918,2.4531063372382023,2.1936961374850985,0.0,6.815688234524584,6.103064059685736,0.0,8.183888732086334,4.484711824837706,8.816140076945416,2.904970235256074,0.0,3.215064571259205,0.8450524842730983,1.6062729090909438,3.160267419121428,1.842484268719666,5.733690730394866,0.0,6.8358682233818495,1.6062729090909438,5.230718166307141,2.1936961374850985,0.0,7.244777364408786,3.9912426052105374,6.180188481539419,6.471469557883975,3.160267419121428,2.6727476685109006,0.0,5.858727124919783,0.0,0.0,5.388158070547826,2.7478220444066475,6.651476261783922,6.383477918255471,0.8450524842730983,2.033436869423207,0.8450524842730983,2.033436869423207,2.4531063372382023,3.267018160194215,0.0,2.1936961374850985,3.570360522752716,3.040743879383339,5.230718166307141,3.316401729957439,5.475295506014665,7.354227964389008,5.475295506014665,7.524901157708818,0.0,12.562449044908913,5.639133725221492,5.648534000425722,0.0,0.0,2.975157047880532,3.607056412586153,5.99781931274599,1.842484268719666,4.855874428143302
TCGA-50-5931,4.679275300994874,3.139659442360634,3.644078198659397,7.791080572613816,3.768106444565239,1.0626050733621075,9.43366790636447,4.587232259057054,4.8160387064266885,6.413814631612619,1.259965539025868,4.404376260711236,3.5579418375990692,10.416236325863967,4.90407405786191,0.0,1.259965539025868,1.0626050733621075,3.192884969925792,2.960524696985166,2.7310959298682786,7.295205760367979,0.48937724296011986,0.8165145945102293,2.927282111916262,3.3596042565637925,3.9042145990161434,7.768647459314579,1.0626050733621075,2.0724672779424993,2.0724672779424993,0.0,5.323824281650448,1.9134607444739336,4.747259851894167,2.6572900978763183,1.5660919019304194,0.48937724296011986,6.884496887404936,3.139659442360634,5.179094544897061,2.927282111916262,1.8001409132559703,2.7421424012699793,1.6899482030813702,0.8165145945102293,2.70061596888307,1.259965539025868,1.0626050733621075,3.977792019199044,2.348485371176803,6.937964355186625,3.2389764469752023,5.960992452942302,0.8165145945102293,4.046324851177422,1.989667260474004,0.48937724296011986,1.6899482030813702,4.218318763370709,2.78201292461262,7.301188290866462,2.219974925547909,2.5876136479802634,4.089534679928728,5.125736217584855,4.263746913189512,3.443713939598479,5.663821220703588,0.48937724296011986,7.563133092676073,7.442381410213954,1.0626050733621075,2.89289634621739,0.8165145945102293,3.723377494521504,1.989667260474004,0.48937724296011986,0.0,2.6572900978763183,6.454364882591545,1.8001409132559703,7.368314449399873,4.187165282254853,4.419692052443621,8.558327457174753,6.451379960994918,4.67339876547831,3.083436327254374,8.343618072770521,0.8165145945102293,5.817786527089572,2.1489442831609873,3.5757723442572797,0.0,0.48937724296011986,7.002283334825423,1.5660919019304194,2.89289634621739
TCGA-50-5932,0.8095514884300478,1.9196835032946329,3.5810909933814425,7.581474961875984,4.333736720358624,0.0,6.8234177785417325,4.928390719647837,5.4253948524483615,4.4899063494832205,0.0,1.7177361088792689,2.630773110027561,10.492157160862288,3.750980632343041,0.34755346948917126,0.0,0.0,0.34755346948917126,0.0,1.7177361088792689,4.066572462875896,0.34755346948917126,1.3633839095367846,1.3633839095367846,4.758268884105143,0.9792655310355435,2.5032294244723063,1.7177361088792689,3.861788098119762,0.9792655310355435,0.0,5.012586722154722,5.947544007049845,1.1243125235179232,0.0,0.34755346948917126,0.34755346948917126,2.892630316542428,0.34755346948917126,0.0,5.461345666294757,1.4644121403838426,3.77032118270118,2.660266530248404,0.0,1.9788474264441334,0.6050260971647659,0.34755346948917126,2.569033314437435,2.231368321903057,4.052226589395733,0.6050260971647659,8.365849235717802,0.0,4.471072919001154,0.0,0.34755346948917126,3.2231227937155236,5.708766699412155,5.225499331298631,5.286204298664234,2.5032294244723063,1.937200904878228,0.0,5.427224960873936,0.0,0.0,2.275028884223,0.0,7.952636215895416,1.9196835032946329,1.9788474264441334,5.845151820118726,3.1546103331213797,0.9792655310355435,2.0347056478384444,2.064150223110877,0.0,0.8095514884300478,0.34755346948917126,1.250989969088992,4.699516264832767,3.7541005547411146,2.137863739941071,3.418041388187047,4.676569493018382,6.24844898159091,0.34755346948917126,9.689675328650802,1.250989969088992,4.6208663540944155,0.0,0.6050260971647659,2.821009770675334,0.0,4.290903178298937,1.1243125235179232,1.250989969088992
TCGA-50-5933,2.46091275137335,1.6257245619967815,4.438916054004718,7.098640066436579,3.1764608956341727,0.9285354582905921,8.421422105410967,3.197533693142967,5.305953139689773,5.328487632293101,0.4123083065901588,1.7214085331315323,5.7306775381188455,10.272382032910684,0.0,2.7916496529784323,0.0,0.0,0.4123083065901588,0.0,0.4123083065901588,6.1655333937749575,3.386919266110551,0.0,1.7214085331315323,7.265961050606041,1.2673137336365992,6.890869513505352,0.4123083065901588,0.7033450055363913,2.822455687403256,4.6252864895729155,3.8132165206666477,1.2673137336365992,5.651457068877517,4.268524734366026,2.46091275137335,0.0,8.071811928391217,3.859337162948045,0.0,5.737278499672616,6.510250900019279,0.0,3.644122645021143,0.0,2.416386880656193,0.0,0.0,3.1764608956341727,1.5199070004438109,5.890969951414129,0.0,6.148233225555731,0.0,0.0,3.4208431339089898,1.5199070004438109,0.4123083065901588,3.7455267651408692,5.637015695015782,6.130630659837994,8.698946253314253,4.254783997736875,0.4123083065901588,3.1104439306858884,0.0,0.0,2.21530458888387,1.1122192920743266,6.9512840069919575,0.9285354582905921,0.0,3.258208070263069,2.5837182681529884,0.7033450055363913,2.5444326291020274,0.4123083065901588,1.8087149098774684,0.0,4.114326911929332,1.8087149098774684,5.507102324883334,3.3770378769445264,2.6579351596703624,4.929143203240854,5.170597624945666,1.4015769846510475,0.4123083065901588,9.87953291757327,0.0,4.786582996664007,0.0,0.0,6.722866830538851,2.3208865941639583,6.621758452372215,1.889022286848265,0.0
TCGA-50-5935,1.6968075585710074,3.5661042909984983,4.675805707586318,7.814242109281834,3.2996149054024797,1.5727324334256847,9.198367988151135,7.650901416636404,5.33402711578206,5.145276903535288,0.4926209191111443,2.2274627603968296,1.068118716331768,10.9970738989559,8.044940635228965,0.4926209191111443,2.9008280113539673,0.0,1.2659893980762418,0.0,1.6968075585710074,8.477029313622987,1.2659893980762418,1.068118716331768,4.2358484647641585,2.079816471384909,1.2659893980762418,0.0,0.0,3.899636609777097,2.86520208708717,0.8212325203231636,4.103908679890695,5.4976312328427595,5.3091484975016945,0.0,1.80715698340806,3.4518493037477898,4.69925233934923,2.9008280113539673,3.045583779063298,4.272028995268206,3.3455260967916907,2.293836939236336,4.245017774088844,0.0,1.9969291201053716,0.0,0.8212325203231636,3.9741410996944997,1.4310765038917836,4.108313211449497,0.0,7.541247991973793,0.4926209191111443,5.416531420413836,0.4926209191111443,0.0,2.750004354488684,5.099744469168032,3.912446915565546,5.7337716050052965,2.4700383287550434,1.8206546208815435,6.4547723719045225,4.9759058135751575,6.661239461786083,0.4926209191111443,3.6522595559074653,0.8212325203231636,6.917151000622499,0.4926209191111443,5.244098744928418,1.9969291201053716,6.379937774069453,1.9065305661400425,2.708450121123537,3.226538392270212,0.0,0.0,5.29647066243916,2.1563678599909117,5.974239544880111,4.249025101648965,4.69925233934923,3.38941827962586,4.744566844263832,6.7455610026611685,2.9684895371601168,10.372399961617646,2.079816471384909,5.606566479939782,0.0,0.4926209191111443,2.1563678599909117,0.4926209191111443,6.0306371821824545,2.4700383287550434,3.226538392270212
TCGA-50-5936,1.811071780260428,0.5486992761940722,4.477203851093512,7.6101297567922135,1.923956638839441,4.925048356656189,8.168914330094015,3.718552327519021,4.156779309478421,4.925048356656189,0.0,1.3671115417031166,4.179413080861915,9.8011003898577,4.914373995455111,4.638014846017173,0.5486992761940722,0.0,0.5486992761940722,7.306558244216751,4.133621363546001,7.957782882368582,4.579762117520191,0.5486992761940722,2.0253680703900288,4.903584461768899,0.5486992761940722,6.074147612122026,5.189411685321347,4.09784675571027,0.9009740277622618,4.04806499386792,4.684858984889459,0.5486992761940722,2.5412791066965537,3.7361374927973547,2.70061596888307,0.0,7.342215923931554,4.477203851093512,0.0,6.595772317206407,2.9960222315121188,2.650272772182541,2.3516514095061,0.0,2.201758726970688,8.988508460086768,0.5486992761940722,3.9684146809549414,2.201758726970688,6.4405174214612195,0.5486992761940722,6.851654658422735,0.9009740277622618,1.745628266884366,3.163819670320121,0.0,2.5412791066965537,2.5412791066965537,7.356318189993024,7.1684103913733,2.4189359925217526,2.8220572277122913,0.0,3.982138446597915,1.5379419107290304,0.5486992761940722,5.94693516788869,1.160960913732645,7.360975094724678,6.77202260817873,1.160960913732645,0.5486992761940722,0.9009740277622618,1.3671115417031166,3.3846885239464046,2.5972601573827894,1.3671115417031166,1.160960913732645,3.644945852728951,1.6838029943894073,5.001668546033571,3.3596042565637925,3.7006523804561624,5.12633022525314,4.121838126531023,4.719489451936621,0.0,10.531768158154737,4.794823135657846,5.519611208203623,0.0,0.5486992761940722,2.9960222315121188,1.160960913732645,5.705045010655441,1.6838029943894073,2.748545742342391
TCGA-50-5939,2.2918678681528406,0.0,5.8997521375597035,5.277971791882607,2.4214075882250916,1.8676242306567692,7.828981809735172,4.3159402495460215,4.334047578967025,4.979123986956999,0.5212312964798715,1.8676242306567692,1.4862754334832047,10.013704257795126,2.6389216061195273,0.8621301729147194,1.3181225810165567,0.0,0.8621301729147194,0.0,5.139550213855253,9.620865987424194,4.1895123076407055,0.5212312964798715,2.480379752164273,6.189091296280903,1.755925016218839,9.25010901191324,0.8621301729147194,0.0,0.0,1.630161683974076,4.14986125881108,0.5212312964798715,3.9829771523564284,1.630161683974076,0.0,1.4862754334832047,5.387005670043474,2.588816113178512,1.4862754334832047,5.737275276138236,5.011541549988971,7.191045220131036,2.6389216061195273,0.8621301729147194,2.536067018674681,5.194272651511434,1.4862754334832047,3.6539282137767928,1.755925016218839,5.48813988730674,0.0,6.317969417016632,8.16992246035279,2.6885003418574946,3.368970289365527,0.8621301729147194,5.931122541601796,2.536067018674681,5.865427856055243,6.0476014671785485,3.7056996973441856,2.7598390393542824,0.5212312964798715,4.080068137303292,0.0,0.0,4.0566651939196365,2.4214075882250916,7.542430830871685,0.8621301729147194,2.7757400017387663,1.3181225810165567,2.1430264833049466,1.1158954047906693,1.3181225810165567,3.3991252362509767,0.8621301729147194,1.3181225810165567,2.7321767998784443,1.755925016218839,5.368043968788731,3.5488872352271765,3.3207209688410253,6.6156393916844065,4.710808663011078,5.6253920123842835,0.5212312964798715,11.780981194586811,2.1430264833049466,6.160618540802683,0.5212312964798715,2.7321767998784443,6.269948193455356,2.9331598184413794,5.555344336040183,1.1158954047906693,4.483751424081561
TCGA-50-5941,3.5727781285900466,2.233588650072145,5.5556381648638125,7.431406304541878,3.6753255130498883,0.0,8.067406221390693,5.144659065482458,6.251805612441525,5.397583348204665,0.0,4.038993925133369,4.831181620989784,10.486392878620835,6.98219462479697,1.9123829115517936,1.0726446969705279,0.0,1.8129010689814304,0.4953058121079539,2.36230577696998,7.100472611958212,2.6714899457904075,0.0,3.417306923395224,3.4381141607451378,1.7024181072029745,6.880832080483707,2.16243757629466,6.308238686683824,1.0726446969705279,4.411710429103577,4.2200737214292685,0.4953058121079539,2.7148669144291326,0.4953058121079539,0.0,0.0,7.428362902602745,3.396057528552294,1.8884323564883159,6.6705394256521,2.4209368557833786,0.0,5.312826596740594,0.0,3.9063650292259857,0.8250960716892282,1.0726446969705279,3.1265368267288243,0.8250960716892282,4.608753757319444,0.8250960716892282,6.701740440100711,1.0726446969705279,2.0501671989758408,1.5781948926941687,1.9123829115517936,2.6261529971351356,4.890732513366893,5.213260442007677,6.917675906423866,6.954438463122507,2.827922903734787,0.0,5.233981491543018,1.0726446969705279,0.4953058121079539,5.548176848018079,2.871681511674685,6.546086457798009,0.4953058121079539,2.6714899457904075,2.6261529971351356,2.756433933483082,1.0726446969705279,2.6261529971351356,3.866918939244471,0.4953058121079539,1.0726446969705279,2.6261529971351356,1.0726446969705279,5.969691730262341,3.1889443131791184,5.0465621268383325,7.5724772645250065,4.313719688600583,8.04566199603521,0.8250960716892282,11.473737551279038,0.8250960716892282,5.838628003425454,0.0,0.0,3.5361157286872684,1.4362980743549847,7.42930717010845,2.6261529971351356,5.181350872430856
TCGA-50-5942,1.5760672542922636,3.9037408024756726,5.056194848636024,5.626980620849097,3.393467583600214,0.8235612192818783,8.608256182853214,6.353433950627713,5.5942317106757455,5.084300787418275,0.0,2.4184997175904015,5.126929815056705,10.640845379644253,6.906718741963204,4.7487249266019464,5.819008169027003,0.8235612192818783,1.0708641794653844,0.0,2.2311964969063927,4.573644430561834,2.000547132792154,0.0,2.8322010671709243,1.2689737185433478,0.8235612192818783,1.0708641794653844,1.4342746736384575,6.842630986313916,3.6055358879295114,0.0,3.663741117203237,1.079599349486179,3.349567188425297,0.0,1.0708641794653844,4.6680135211094,7.921923800618054,2.2311964969063927,2.7930467719546557,0.8235612192818783,0.4942693214502735,1.5760672542922636,3.6055358879295114,0.4942693214502735,2.2311964969063927,1.9101053094432003,0.8235612192818783,4.369395952386059,3.2049594396083534,4.001902099915874,0.0,6.90029854652666,0.0,2.0057277226068124,0.0,0.8235612192818783,1.4342746736384575,3.0046573265141143,1.0708641794653844,5.702308054900072,4.5332519684170105,2.020235444531387,5.440302921819117,4.599693214725849,5.999249168167116,0.0,4.679952930431777,1.0708641794653844,6.819855871446437,0.4942693214502735,5.795954401960023,1.7002288047157372,2.972463646614637,2.8691537961532125,1.4342746736384575,3.12397596087283,0.4942693214502735,0.8235612192818783,4.726316448540045,2.52633645955114,6.401238691304217,3.8650990987164224,5.879792488836353,4.9071618856199795,4.369395952386059,11.94874517509214,2.7123608966892947,11.232936392036663,1.7002288047157372,5.353435088480806,0.4942693214502735,0.0,0.4942693214502735,0.0,5.856031347193863,2.0834833625061675,2.0834833625061675
TCGA-50-5944,0.4761099476774964,2.5799895310346925,3.71965111278069,6.928214553383508,1.8700467909589478,0.0,9.122902722327089,4.076447019100148,5.231130007000147,4.766276618381355,0.4761099476774964,1.3985193307424595,3.8314374837910963,11.359440896574815,5.30648392921443,0.0,1.7713526594503923,0.7973720516174779,5.905113860905029,0.0,3.1011142889806957,5.520732652741566,2.5799895310346925,0.0,2.860250408565784,1.7713526594503923,1.6618216121136626,0.4761099476774964,0.0,5.668013663494723,3.689636667355615,0.0,4.425800667637879,3.035039521424574,2.375612481527523,0.4761099476774964,1.0401000176004414,0.4761099476774964,3.2345129256475995,3.8314374837910963,1.5773278585158668,3.6586934051943185,2.4307496096693177,0.7973720516174779,3.0504571732432377,0.0,2.749601529593774,0.7973720516174779,0.4761099476774964,4.520347321547813,3.0504571732432377,4.718436369341888,1.0401000176004414,7.426495499533733,0.0,3.2318670719997074,1.3985193307424595,0.4761099476774964,1.2352970375679622,1.9598834941214915,1.8700467909589478,5.373735551426651,2.118445885273066,3.1071349982460874,0.4761099476774964,4.338875105977954,2.375612481527523,0.4761099476774964,3.347909116186284,0.0,6.676836579388927,0.0,2.8247126090898904,1.2352970375679622,2.860250408565784,1.8700467909589478,2.189192405638955,1.6618216121136626,0.0,1.0401000176004414,0.7973720516174779,1.3985193307424595,6.601050754818044,3.665116846434904,4.656661460776229,2.317247078824692,5.602720116080263,9.864996173354156,1.3985193307424595,9.149850178623836,1.8700467909589478,5.345048269035643,0.0,0.0,2.483013191660357,0.0,5.826386463413811,1.0401000176004414,0.7973720516174779
TCGA-50-5946,1.9616850681706755,1.8668669417148605,4.164560685231748,7.280442341975731,2.5320526058449433,0.49670641520510717,8.13337606571222,2.165561896827378,4.9014377970014475,5.161168008400688,0.6754413534410131,3.7340702913278965,5.528972634146085,10.269168322017345,5.655918381550563,0.6754413534410131,1.4390054000325592,0.27884312378457654,2.838042839716069,4.264354530364389,2.8567000648584338,9.848497961569237,1.4390054000325592,0.0,2.6747829309860642,5.987845506272594,4.422947824274142,4.0021378948704065,0.0,0.6754413534410131,3.856871752363215,2.8567000648584338,4.491191529495574,3.611577154755844,0.9586603282406644,1.0749682927537119,4.086643316945444,0.27884312378457654,2.838042839716069,2.9106590171946203,0.0,4.482865819502578,3.3328578681189827,4.291129079904004,2.7996565605273735,0.0,2.165561896827378,0.0,0.6754413534410131,4.4570923623190675,1.0749682927537119,6.925644311817877,0.9973913413107045,7.731307720906088,0.27884312378457654,1.5809972848022502,2.365503552540219,0.49670641520510717,1.2734615528455469,5.807962293565865,5.6792643468424755,7.150983770679613,6.217569708522345,3.8781931753183425,1.2734615528455469,2.875009922338929,2.5061461527804196,0.0,6.141639476961896,1.1791164283270694,6.852240454884739,7.428267832577658,3.1299134550200107,4.816621650472474,1.4390054000325592,0.8270659981257324,1.645075290025232,1.8158502747526148,0.0,0.49670641520510717,1.7621074959795604,0.8270659981257324,4.449604672422104,4.417995672626138,6.154016976044645,5.13120555294586,4.1341180072063795,6.821161996397041,0.27884312378457654,9.157904319626244,2.4522370975099954,5.342841300427502,5.190253199315896,0.27884312378457654,2.2367443910536124,0.0,6.233103989958023,1.5125084222541263,0.0
TCGA-50-6590,2.680130721104076,1.3130244991921156,6.3273937791860515,4.95029771441262,3.2369711131372925,0.43405256496007694,8.02322468471667,4.330733340286331,5.086793543945869,5.786897381366708,0.7357276280950636,2.561597592722498,1.9428053341018345,10.675404323006692,0.43405256496007694,1.6766852613825896,0.9671359258797237,0.7357276280950636,0.0,0.7357276280950636,2.3779337237838942,12.03774866398007,1.154961115621756,1.154961115621756,2.3779337237838942,6.266332999654106,2.0177921762429585,10.285431528269612,2.3779337237838942,1.8617207605340158,0.43405256496007694,5.126288656199512,5.641233084995358,2.0875585097817835,4.662410263160166,4.351959103051486,2.213994287545519,0.0,7.05309295238611,6.406700101904329,1.8025675179446472,3.0236003268964637,3.258096538021482,2.9410014988474864,4.116205527203414,0.0,2.561597592722498,0.0,0.7357276280950636,1.9428053341018345,0.9671359258797237,5.4879496348494285,0.0,5.221646883195906,0.43405256496007694,1.085864715845607,3.258096538021482,0.9671359258797237,2.0177921762429585,3.2369711131372925,4.542600924585149,6.703347609723076,6.502431660863792,3.8596997070843866,0.43405256496007694,5.01005512583119,0.0,0.0,3.5621562615818037,2.680130721104076,7.222981990688037,6.938177785793385,0.7357276280950636,1.3130244991921156,2.4271097968950865,1.6766852613825896,2.3262137251237545,2.8509550255323735,0.43405256496007694,1.6766852613825896,1.5695113502279778,1.7734766863829536,5.494669203698879,3.3383960174600547,4.5654798425757805,7.571350057280058,5.548990478118224,1.9428053341018345,0.43405256496007694,12.383398410779058,0.43405256496007694,6.281698361096332,0.0,3.1933364538791023,3.4127240272339994,2.213994287545519,6.743982622720831,1.8617207605340158,4.769395658512638
TCGA-50-6591,0.0,3.1399494938143317,3.654143071305075,7.549003718750947,2.5136641602071963,0.7860453629266759,9.549352238149405,3.50429834645656,6.021003931685277,5.775749585371993,1.2206824178888833,3.8996892564893217,4.182295913963678,11.404605017477508,2.606002709831885,0.0,0.0,1.6451138888865704,3.2383725230198905,0.0,1.754230657335641,11.512308274547397,0.7860453629266759,1.0267940008776375,1.0267940008776375,0.0,3.8500965365764697,0.0,0.0,1.5226156084781288,3.8243474078928825,0.46837730750115153,4.534280874537944,3.073951781747426,2.7302616894674294,5.512274854881971,0.0,0.0,5.358800801927547,3.327970559643142,5.453935540507442,4.532547878918038,1.2206824178888833,1.2206824178888833,0.46837730750115153,0.0,1.6451138888865704,0.0,4.708773158070641,3.622731638756776,2.2367871124036136,5.381044161142963,0.0,6.284591146189434,0.46837730750115153,1.383013986569748,2.4640830014271677,0.0,1.0267940008776375,3.969750257448975,3.306311445187235,5.462844029200065,3.66948764242147,6.364297986552794,2.1708577863131158,3.9117129573682132,2.805279749860106,1.0267940008776375,4.876928648020506,0.0,7.4973569624078165,8.529740148116671,0.7860453629266759,3.086851866921475,0.46837730750115153,2.7302616894674294,3.1399494938143317,0.0,0.46837730750115153,1.6451138888865704,2.8750550537842714,2.100285293484426,7.243405749474607,4.459266572100009,4.5887521445138715,1.383013986569748,4.252702095107145,6.763188361179737,5.757045161849395,6.382452024924307,0.0,5.139638114867051,1.383013986569748,0.0,0.46837730750115153,2.805279749860106,7.884625455181651,1.0267940008776375,0.0
TCGA-50-6592,3.7993155671072665,0.6185852592330404,4.846562216359034,7.201871607143161,1.8144500791477534,6.389722076244533,9.310809946457008,3.5865061389932844,5.07417957113693,5.8101434896476105,1.2722574250625263,3.07041757901876,4.259679606078348,10.16910804818539,2.9206800095431698,6.612385061670578,0.8261034078085708,0.0,3.07041757901876,6.313584277504795,4.4002814961708525,5.583575253033941,4.751363576106986,2.6583276023507367,2.2120803485682057,8.083297744112535,3.6771332366212754,3.8369373247038987,2.3016846877508814,0.3563448894767504,0.9979075845464774,7.2357488156557555,3.712039185124344,3.010867161138261,3.5253894650551056,4.8763798298713406,3.07041757901876,0.0,7.7609869281431445,6.041634711020558,2.193629232935564,6.184623005331614,5.960007419185849,0.6185852592330404,4.210084029733276,0.0,2.987614412701645,6.3774273828089205,0.8261034078085708,2.6583276023507367,2.004462036004929,6.56164716606174,2.6028230098896183,6.032431331145729,0.9979075845464774,1.0135626226283616,2.8238342029842776,0.6185852592330404,7.301114067095254,3.2349145146856793,6.691439614505188,6.000062478732913,3.9826976619215664,2.0605517476245923,4.247509041627831,4.815828115312855,0.0,1.3855440797291865,6.346390462387442,4.44166371020343,6.54701637404341,7.056899159970078,0.6185852592330404,4.184331507813259,3.4190995113458116,1.664191214086871,5.378901466104075,2.3016846877508814,0.0,2.5640258542405996,0.3563448894767504,3.3001497742524815,4.951811965643062,3.849594257153832,5.047031509287547,7.055053966003016,7.047638953078124,3.200626310866932,0.9979075845464774,11.025700801248162,8.263252746741882,5.434594984840585,0.3563448894767504,5.754744880972998,1.8144500791477534,6.26348778239413,6.089176386073321,2.257891028343161,1.3855440797291865
TCGA-50-6593,1.0730551358038027,1.7029464702917971,4.427780049727438,5.217383845551436,1.0730551358038027,0.8254465645734295,8.49180153455134,4.543383076244317,5.287867961177897,5.653036398938252,1.4367973432929972,1.0730551358038027,4.689152814278823,10.761044748363469,5.141552439218252,0.4955495362134742,3.9449450775703263,0.4955495362134742,3.2587117333654,2.9079278549172165,1.8870241934538363,6.596980613226162,2.9079278549172165,0.0,3.1271508106705053,4.821538839421101,1.912929355617643,3.854044255204295,0.8254465645734295,0.8254465645734295,0.8254465645734295,1.7029464702917971,5.014514427188054,2.8595058239523032,2.4215230170655593,0.0,2.00342405525592,0.0,6.745544537283741,4.866988147413092,2.1848933031746345,3.9934057379441423,1.0730551358038027,2.476908079676734,2.5293939189748436,0.0,0.4955495362134742,1.57869000348532,0.8254465645734295,3.2830705369101976,1.57869000348532,6.269590479753094,0.4955495362134742,6.763488756201447,1.2713603880276316,1.1672050801337215,3.9694689334874758,0.4955495362134742,3.2587117333654,6.350047669316016,5.4923286646357345,7.192008981283239,8.826219349565344,2.7251760463975288,0.0,4.005161738438325,3.208146470655115,1.0730551358038027,4.924539861138154,0.0,6.350047669316016,2.579254245244505,1.912929355617643,5.963756705780879,4.50867250137895,1.7029464702917971,2.6720913622479427,2.1630011347787668,0.0,2.086392328891601,0.4955495362134742,2.086392328891601,5.996198325080494,3.9821067483650885,5.258265908421685,5.536254944602118,4.472712502445898,8.023024730279392,1.8134394182199436,9.943568472528474,2.9079278549172165,6.270805050205593,0.0,0.0,7.051803673554599,0.0,5.9509992597934795,1.57869000348532,2.476908079676734
TCGA-50-6594,3.0967895435169823,0.5330957924117186,3.348668236205869,5.313762474415815,1.8921777923465621,1.6535313499446118,8.965162079051126,7.28725963742056,3.7991230282126955,5.0935784069099315,1.7799567571089034,2.8848789220787903,4.682520040415423,9.827863816808385,1.8921777923465621,0.0,0.0,0.0,0.0,0.5330957924117186,2.447844937647174,5.320670659697204,2.1686536203481834,2.5627777705032124,4.036605980117087,1.135490516754544,3.0644417715611367,0.0,1.135490516754544,0.0,2.99643702515823,2.844746579869889,4.640324952062467,1.3394385748346274,4.448598243936468,0.5330957924117186,4.096922902111901,0.0,6.325694987065465,3.733974705253759,3.8146130225796653,4.048963580181759,5.431383025735577,0.0,3.3969617573904825,2.1686536203481834,2.7136677265529165,0.0,4.816524516727324,3.0967895435169823,1.6535313499446118,7.544935100820178,0.5330957924117186,6.824388887318607,0.0,5.569366881717959,2.5627777705032124,0.8790041470881385,1.7799567571089034,1.5087553270680678,6.269976577951747,7.597877890140034,9.176784622572969,1.135490516754544,1.3394385748346274,6.453314714539007,1.5087553270680678,0.0,3.323617749237881,3.1879794084195185,4.769845289271562,5.160427919957896,0.8790041470881385,4.108562999459656,4.527741475511703,5.097888863977041,2.6156497838298773,0.5330957924117186,1.6535313499446118,1.7799567571089034,3.9455390161257884,0.5330957924117186,4.8050614868921055,3.6482787892651287,1.7799567571089034,3.37310650149563,4.86112162447826,0.5330957924117186,0.5330957924117186,8.705273136820857,0.0,5.488297025083813,0.0,2.960617917763109,3.297919880208294,1.5087553270680678,7.35804715180281,0.5330957924117186,0.0
TCGA-50-6595,4.097074166792967,1.2732096460497289,4.445522424856439,7.199394511538043,2.629129641362888,3.210609754851115,8.837229669329982,3.611266500529056,5.113631015831719,5.655596627850243,2.3029050418049657,2.165275142029439,3.7260427638018903,10.807531598951927,3.501172421643644,0.0,1.5807297482973566,0.0,0.826891050609541,1.4387444861208096,4.0739343503838095,10.509586082684526,3.7861604179198185,2.165275142029439,2.088649022430749,6.698624340822723,0.0,9.789753184951197,5.677842250789104,4.539078459250965,0.826891050609541,5.476220844656215,4.325855674317701,1.07476348663612,4.874464230126595,0.49658470147564826,1.7050389590234893,0.0,8.495291081748492,3.210609754851115,2.9796892700072086,8.717208945178161,4.169229375413816,3.071711351240301,4.437949632924375,0.49658470147564826,3.539233197456468,0.826891050609541,1.5807297482973566,3.4204116005859597,0.826891050609541,3.010256287570089,1.07476348663612,5.260823162120456,2.944775764553138,4.254951498358297,0.826891050609541,1.7050389590234893,2.8377442404954776,2.088649022430749,5.155295365953015,5.990749291373574,6.800288101425103,5.010355254888937,0.49658470147564826,4.375210960646419,0.0,0.49658470147564826,5.794022245879742,3.771465846952459,7.038704590903612,1.815589921647247,1.07476348663612,1.2732096460497289,2.944775764553138,1.07476348663612,0.826891050609541,0.49658470147564826,1.4387444861208096,0.0,2.9780518926989124,1.2732096460497289,4.95919462042786,2.435751418989855,3.3093232917337123,6.664766099447221,6.196509298786935,4.8793642022091595,1.07476348663612,9.861002717929948,0.826891050609541,6.505072297169066,0.0,2.674479629129462,6.345867912965699,1.7050389590234893,6.316554392252229,1.2732096460497289,0.826891050609541
TCGA-50-6597,0.0,1.3422118485497019,4.904059225137955,5.952203833154679,1.3422118485497019,0.0,10.157373671184851,6.73320068111965,5.631355140720615,5.244394301553412,0.6639758032596654,3.238882352943831,3.9672287362451377,11.567546217224486,7.750352106810691,0.6639758032596654,3.8540294193995637,0.0,0.6639758032596654,0.6639758032596654,2.8884309869290603,4.38415686412315,3.553354647387642,0.0,2.2494585402674674,1.7426567562203232,0.0,1.0595248999600628,0.0,6.034495300523369,1.3422118485497019,0.6639758032596654,5.291181970047026,7.212781075751543,4.38415686412315,1.895368451847075,2.93956395764058,4.335990549544778,4.441275015787727,2.144772717333795,5.778141367707594,1.0595248999600628,0.6639758032596654,1.3422118485497019,3.6558473519436743,0.0,3.3101852851833407,1.895368451847075,0.0,3.2012290320899686,0.0,4.546568142380652,0.0,6.747685113518784,2.2494585402674674,5.229363780003707,2.9882090449038854,1.0595248999600628,2.8345418729354943,5.947290586855601,6.100011729944303,6.247174025214595,1.7426567562203232,1.56234630490025,0.6639758032596654,6.135318107386395,1.7426567562203232,0.0,4.882862526810504,0.6639758032596654,6.399222025725997,4.991037845749435,7.090751608066055,0.0,4.556512363061171,0.6639758032596654,3.553354647387642,4.4632390425966575,1.0595248999600628,0.6639758032596654,3.3440166146311996,2.510420063640215,5.644775294076169,2.7775824826369555,5.010075137237693,7.59667855138886,7.1352732485623545,6.116781354725557,3.2012290320899686,11.510951518018215,0.0,5.835360293631068,0.6639758032596654,0.0,1.7426567562203232,2.2494585402674674,7.443183755212619,1.895368451847075,5.638087729793966
TCGA-50-6673,0.0,1.176622162303137,5.5654242133263585,4.781976562093936,1.3361320059268265,3.7362924799873776,10.445151741821467,6.052100933561095,6.059987308110314,5.659604159543688,1.3361320059268265,2.6318600627441637,4.942292211450801,10.635937173678808,6.717969131321924,6.040152325083746,4.544373986953127,0.7522176541369336,1.7996780344723504,1.9698219691016263,3.2456151220578224,4.946288754529044,4.215697514433221,0.44526257798223046,1.176622162303137,4.880367142732244,0.7522176541369336,5.703562450452651,0.0,0.44526257798223046,2.5477171161986756,2.5477171161986756,4.022594321255032,1.7023452076221148,4.1292756393101335,0.44526257798223046,0.7522176541369336,1.4736410985365924,9.916630800402269,2.880635626322915,3.1820417015424707,6.336218467152962,2.81564222509227,1.8883566992157244,1.4736410985365924,0.44526257798223046,1.176622162303137,0.9867864734858529,0.44526257798223046,3.3878925975830767,1.3361320059268265,6.813600631293348,0.0,7.052548023883678,2.0451347354858407,5.076934763853306,2.781486519175392,0.44526257798223046,2.911611260888584,5.839713901559638,7.081246294391275,6.089654666810558,8.086933215489815,0.7783151929298235,2.1806321252429326,6.135610344594167,0.0,0.7522176541369336,3.8134681674089297,0.0,6.91823022467612,5.561119996457817,4.640884759812085,1.176622162303137,4.656993839710263,1.9698219691016263,2.2999416020486283,2.1806321252429326,0.44526257798223046,0.7522176541369336,3.5453294711637637,2.2420704651280547,5.906007416197366,3.0778789202409764,5.284715276129751,5.633874899240849,5.633874899240849,6.938565724775448,0.9867864734858529,11.124686137527133,1.7023452076221148,5.537117708138284,0.44526257798223046,1.3361320059268265,2.502828424421923,4.73875657710017,5.746497077063738,1.176622162303137,3.994174257788861
TCGA-50-7109,3.0794574234760805,3.0217021189157,5.70173037053007,7.9052498902627635,5.391124416134243,1.0404887033176016,10.135428294845703,7.129001030613187,5.8527770273340884,4.627831468531171,0.0,2.4312685031187176,1.6622959819222791,10.631367022946558,6.278688389588444,0.0,2.960405568899025,0.0,0.0,2.118938658937675,1.2357040024873895,8.613513769686977,2.118938658937675,2.2557764642858347,0.0,4.812501378286075,2.483530703608069,3.210746874294464,1.5392729257169713,0.4763583948837433,0.7976873598338692,0.0,4.7027414439910356,1.3989637642205535,1.0404887033176016,0.0,0.0,7.509598245133183,5.049785491942878,0.4763583948837433,0.0,3.9677698679425486,2.0427905240291553,4.907073160379809,4.117559661062185,0.4763583948837433,2.5805122404996808,2.1896963109154277,4.989316317723689,4.5075408189468495,1.2357040024873895,5.041933682703304,1.497835735852798,7.431412228063293,0.0,6.255529288022452,0.0,1.5392729257169713,0.7976873598338692,2.92828820205689,5.053694783556702,5.768733410739037,3.050996672657668,1.8891583752151877,2.2557764642858347,4.331442299441704,3.0794574234760805,0.0,2.3761236173288443,3.4107945148348344,6.520512137819825,0.7976873598338692,5.001708905501907,6.675094078194669,2.483530703608069,6.312451430721235,3.8186832829969464,2.4312685031187176,2.0427905240291553,0.7976873598338692,0.4763583948837433,2.3761236173288443,5.471240731698579,4.08780992457476,4.203213914705576,6.250833946826236,3.4694757757486836,5.234946163829139,0.0,11.739423384097012,2.483530703608069,5.39666837289499,0.0,0.0,1.2357040024873895,0.0,6.200494975158925,2.3761236173288443,0.0
TCGA-50-8457,2.954806106941345,3.1627921274312847,6.314831642404848,4.99363154628007,2.035724736234563,0.3673477859950363,7.764754500052375,5.392804480453807,5.372408552846591,5.326010351564785,0.6353591567925511,2.6918801679395723,1.7719648418998755,10.564651168492889,8.972624914261553,0.8465547271892576,1.2983097834513384,0.8465547271892576,2.0920615730359384,2.196034981158288,1.9760097204501437,6.467231225538644,1.1691639446190545,0.8465547271892576,1.4126928349744217,2.805467250805721,2.6918801679395723,5.481625936084618,0.6353591567925511,6.669999233300058,2.6298507935067565,0.3673477859950363,4.453237378196705,2.6006357256605845,4.745540638835367,0.0,1.5153030416834243,0.8465547271892576,3.2525310795486004,2.907463743041545,3.4570577311587773,1.608377350236779,1.1691639446190545,0.3673477859950363,4.50218905955945,0.0,3.124512396753027,0.3673477859950363,0.3673477859950363,3.8905153654235445,1.693503287551768,4.96617474360802,1.7839624849258306,7.021441043385954,0.6353591567925511,3.547684485446894,0.0,0.0,1.4126928349744217,4.6398614257780215,4.564186720098703,7.240111915269663,1.9125158578638373,1.9403087763312938,1.693503287551768,5.672759534420878,6.7353725678268805,0.8465547271892576,3.9084927815137944,1.608377350236779,6.550543047873357,0.0,2.778260109477013,3.1627921274312847,3.7442739520574335,1.4126928349744217,2.244235381605574,5.512549327331504,0.3673477859950363,1.4126928349744217,4.159306431235313,3.3812191389464905,6.45334464463648,4.1344591065584755,5.238068299202193,6.528088026117137,4.186657831530494,10.347641180926015,1.2983097834513384,12.186359614220153,4.353967894276788,5.443970616692733,0.0,0.0,2.805467250805721,0.0,6.752697854853155,2.831959617292685,4.414843473260976
TCGA-50-8459,2.9393735398846066,2.043036859786036,5.80243252542254,7.429574253822976,2.239911498465987,3.3664299379687814,8.676394523769389,6.4889784619140585,5.397633149565158,6.400092979957894,1.3343429554877908,2.239911498465987,2.813370715960015,11.010649852132953,4.135883099963935,6.769022956366587,2.043036859786036,0.0,1.3343429554877908,2.7438676939676037,3.66473787717553,8.733697149332864,3.692993479892812,1.471783747135305,1.7003749074262025,6.6866621241676,1.886311786169278,8.87709452495795,6.503334125763393,2.453630957867825,1.471783747135305,7.684880490586105,4.732525043028186,0.0,2.9393735398846066,0.985256936338878,0.0,0.0,8.062193241935386,2.453630957867825,0.0,5.653278342482433,1.1749558552554433,3.526666360196633,3.1755256371591116,0.4443652570657209,2.178494707762995,1.5925968952380738,1.471783747135305,4.300474872283141,2.3524698959230435,6.435704756278593,0.0,6.674726782177091,0.985256936338878,2.1873201343190773,2.453630957867825,0.0,5.0918772823452745,4.529990716909594,5.746841964116648,7.530249281937989,5.491838473595592,3.2382548330387024,0.0,5.829110309930035,0.985256936338878,1.3343429554877908,5.883542419989879,1.5925968952380738,7.285156932924998,3.4932112254245764,4.373613846196401,5.975761903380691,5.965764614841456,2.1130576359497617,3.3469312517219727,4.367033547972891,1.471783747135305,2.1130576359497617,0.4443652570657209,3.9814165966162327,6.8154908561474015,4.117829942335455,5.36676542298355,6.037739646389677,4.135883099963935,7.2606982678311915,1.471783747135305,11.330632307773001,3.927805799303328,5.859894087739367,0.0,1.3343429554877908,4.117829942335455,4.7842698915221,6.933315807507413,3.07737677459437,5.186944367639125
TCGA-50-8460,2.331532057615684,2.7245991749910745,6.159346942473256,5.125664912947647,2.4451951495517723,0.0,9.006192750115906,6.211647720825279,5.154695233213343,5.52174487754188,0.8061186592191067,0.48217920517586904,3.094024366668788,10.97833296665282,5.1108304924418615,1.5512789982605681,0.48217920517586904,0.8061186592191067,0.0,2.2032618716992602,3.4249529700165517,5.136651014679115,1.050366976040115,0.0,1.246543668681451,2.802723814704891,2.331532057615684,5.577164273618435,2.875179154757495,6.932603976951528,2.683122060777359,1.5512789982605681,4.785080504749397,3.9678568757808748,5.982148789870382,0.0,0.8061186592191067,0.0,4.672342735026305,0.8061186592191067,0.0,3.1748988586546445,0.8061186592191067,1.9734975224835933,3.0362262142704806,1.050366976040115,1.883457070916698,1.410474647371582,0.48217920517586904,4.2971588676008725,3.503094908088315,4.502243373138357,0.0,6.756625365376362,0.8061186592191067,4.871311922201669,2.132377860563104,1.050366976040115,3.296662451041124,4.005573455998611,2.7245991749910745,6.899426692390576,0.48217920517586904,2.0733857422844673,1.246543668681451,5.025044317056889,1.050366976040115,0.48217920517586904,3.947496321235172,0.48217920517586904,6.4336424183980325,0.48217920517586904,5.481292876134912,2.4451951495517723,6.486000715157354,1.7844998484987948,2.7245991749910745,4.339014744080591,1.6746824342945015,1.5512789982605681,0.8061186592191067,3.2734662776500443,6.098608970655543,4.077622186077712,4.817673328400037,6.676379183074775,5.526687236833828,7.877749797671213,0.48217920517586904,11.561363186086522,4.122586964408585,5.668928745665616,0.0,0.0,4.695248521714662,0.48217920517586904,6.73148577153652,2.802723814704891,5.049182703708495
TCGA-53-7624,1.966888555440505,2.026515335870431,3.443713939598479,7.419967940366549,2.795517585215897,2.5875309253529455,9.165488392965797,2.5539428536694233,4.196254130203668,5.174283585624589,0.3640874036541863,3.498315017941542,5.843176233318025,9.415824916796565,4.895082270114517,0.8404890184578732,1.014034312192812,0.3640874036541863,0.0,8.73137510695718,2.4070351943505104,12.47360813153861,3.537396462839331,2.2806972932360163,2.6514939588617223,5.523263292608592,2.989940533762181,7.24750784372492,0.0,0.3640874036541863,1.903494623634081,6.866180918171998,4.829552969137252,3.054095516850906,3.9069783022834117,3.9157659917069805,1.8357923034809633,0.0,6.349778646896441,4.816484041548723,2.8746600845585237,4.069570196290016,3.484943990647251,7.999060939134474,3.011787692748699,3.0745989053058924,2.026515335870431,2.026515335870431,3.259361122712491,3.429587216137388,3.599312997504893,1.8357923034809633,2.186624146324839,6.3589439125061835,3.5245382770958837,2.605205037810034,3.484943990647251,1.014034312192812,3.0946903371868317,3.1712431905025795,4.7503435471465405,6.814026847554018,1.2906091109854827,1.40467440840132,0.3640874036541863,4.612072311423523,0.0,3.276091348188483,7.1555446125219015,2.026515335870431,7.4353790210240085,6.865265227361185,0.0,2.186624146324839,1.5070507497556729,6.372536206205222,3.133696949639322,1.5999126912090287,0.3640874036541863,1.014034312192812,2.8477831575500345,1.014034312192812,3.8801359749654702,3.55875653176352,3.8801359749654702,6.375532357108066,5.991986910652387,1.40467440840132,4.89836205161347,9.83198080963481,1.763171362375931,5.699640575488866,0.0,0.0,5.491191383110177,3.3859585245065698,5.34402182243174,1.5070507497556729,0.3640874036541863
TCGA-53-7626,3.11905548958599,1.346877628756099,5.6991986516398825,6.658285719312709,1.9423753375351815,0.0,9.145178723401695,5.563692478477277,5.784975289933134,5.966784996932297,0.0,3.1560893679692947,1.4182531936047396,10.280405712971872,6.619569079479665,0.0,0.8848826207144749,0.9959148904297671,0.0,0.7599643535972626,2.1935623239095117,5.484240762258594,1.6061324554253738,0.7599643535972626,2.9405366380860407,2.684979439267261,2.3130501428418095,0.25036953756780117,0.0,6.72809378109235,1.0958752129582234,0.0,4.20395204672725,0.6217585844722924,2.582879947011809,0.0,0.45050220658288553,1.4848945773595001,5.219339092164329,1.9823660546371578,2.7299551920458036,4.5528005230500135,0.6171296941360294,1.2700133219018956,4.842342867246228,1.0958752129582234,3.526551682814857,0.45050220658288553,0.7599643535972626,4.053925264386429,2.0578220148208266,6.38828069388089,2.9302599832563287,6.956364474396759,0.45050220658288553,6.437742049690321,0.7599643535972626,0.0,3.281230713614967,4.087907220258096,4.596794205195253,6.6361328900313605,4.555795050756445,4.229795777473942,0.6171296941360294,5.67703800845322,0.45050220658288553,0.0,2.1613210229898647,3.2149200109431693,6.1818018087969575,0.25036953756780117,2.723063600555229,1.2700133219018956,3.3633155052002564,1.8118398357289085,2.5389291332154484,4.431832949054438,0.6171296941360294,2.0208055661948787,0.9959148904297671,2.777613576487527,6.321011070533431,3.642552753125896,5.3119145050540615,7.500977146374195,4.1253796205395545,6.99334564681632,1.5473497201206787,11.160390510863676,2.582879947011809,5.142563736014805,0.0,0.25036953756780117,1.9823660546371578,0.0,6.6882501007539465,3.2596107756002555,5.357189866058981
TCGA-53-7813,2.510021937266397,2.3272484368634094,5.651291972673476,8.061994624375995,3.2042980840488435,0.0,8.208524430944973,5.704032443411409,3.9586680132511898,4.8393328037847345,3.3937362834305347,4.137803078063485,2.3272484368634094,11.418287259340678,7.4044860351555295,3.161691528340357,3.523060969418996,0.7069021457922811,0.0,0.0,0.0,7.543246863303916,1.1169432453528332,0.0,1.1169432453528332,4.699943858261622,0.7069021457922811,1.9694173903811334,0.0,0.0,1.6313950797861425,1.406880994728279,3.612360115412923,2.7065423982719645,3.7643973247506675,0.7069021457922811,0.0,7.267999844235133,7.671318983820986,0.0,3.8906870031131504,6.555290033245667,1.6313950797861425,4.015854953421447,3.7879439413149427,0.0,3.9186410577297215,0.0,2.221591933784514,5.186273455564937,1.814612993357491,6.111808744631949,0.0,6.974319871250733,0.0,0.0,0.7069021457922811,0.7069021457922811,2.7336204772137402,2.3272484368634094,2.422809590300414,6.469868730189949,0.0,1.980822142443734,1.1169432453528332,5.017617528135163,3.1171841264180093,0.0,3.0706078081990977,1.6313950797861425,7.410099033177737,3.8980092701177216,4.797829787243456,5.916175108066267,1.6313950797861425,3.161691528340357,1.6313950797861425,3.7643973247506675,0.0,1.9694173903811334,4.622214109597219,0.7069021457922811,5.010795281297621,4.787691722784713,4.137803078063485,6.728068647720917,4.879189344470689,3.2451671588222695,0.0,12.270286113843799,1.406880994728279,3.7879439413149427,0.0,0.7069021457922811,0.0,0.0,5.463810618360497,1.9694173903811334,3.523060969418996
TCGA-53-A4EZ,0.7794624820118654,3.4682608374676263,3.907719759733311,5.323936379165656,2.579936487269785,0.3317468036138815,9.27272344680748,8.858894589254463,4.285022771397101,5.2462132171906415,1.2121195294617044,1.5962108188530062,5.155151136154312,10.70090465427187,5.532578883596093,0.3317468036138815,7.151877236681538,0.3317468036138815,0.0,0.5804822749024786,0.3317468036138815,4.545874430837115,1.9317242895728113,0.0,0.7794624820118654,3.1538251726138733,4.332640730586658,2.0896022464424653,0.0,0.0,5.98439964938586,1.2121195294617044,3.876903470933131,0.34017964140953494,3.9464708078817017,1.422481631881603,0.0,0.0,2.267527701178643,0.0,1.5793291589971152,3.961561460986302,3.4179627213280432,2.0396996927588957,3.3918336787091894,0.0,1.5962108188530062,6.17419643637072,0.7794624820118654,4.476745730731714,0.3317468036138815,7.006495931616748,0.0,6.654225971093882,0.0,4.412070756022258,2.4185175284568117,0.0,1.744178573598608,6.125510182487032,6.049584859286467,7.581643184603271,0.3317468036138815,0.3317468036138815,0.7794624820118654,4.6564239795954965,3.378505183574529,0.3317468036138815,5.443092807268021,2.579936487269785,6.204856707779108,4.6564239795954965,7.262355071282291,7.598153685120809,3.583941071567612,2.3074631757783783,4.126837566805367,2.267527701178643,2.3074631757783783,1.0875850448189086,3.969021295337831,0.0,4.4495380760515815,4.626412952256742,2.6925980965432883,5.3162358670503815,6.564099502409341,1.3228219381643171,4.6675720511010566,9.281618629976812,1.3228219381643171,4.610532781535681,2.0896022464424653,0.0,1.810679354080566,1.0875850448189086,6.30255120788095,1.9317242895728113,4.472261456611424
TCGA-55-1592,2.049780984261409,3.155463069818131,4.843021052574526,7.867128488558254,2.3991671908402896,0.0,9.685312885842501,5.640711320852853,5.7719954865761585,5.86908785173394,0.23948922985029583,3.9117729741729366,2.423447825955129,10.597067139594907,6.712910027071596,0.9646617605995498,2.782316255998292,0.43262621617053704,4.3374358283460035,4.076161922037941,2.744240686724293,7.392197912273729,1.234249795210208,0.43262621617053704,2.423447825955129,2.2957014550277197,1.8583271801667258,1.8151992648505477,2.37429161253868,5.230766312285757,1.5081579488767312,2.8471742589128417,5.245254085605428,3.9578010185745396,1.3100880351146373,0.5943760184599247,2.979338629067557,0.23948922985029583,6.467375692568179,4.15984043744997,0.3074846997479606,5.483945949099487,3.7215087801870452,1.8996567645378513,2.7307505866229858,0.8557761040081638,2.5150558925719473,0.0,5.52900042421987,3.2749158357508734,2.049780984261409,5.869853255521786,0.7336171131136585,7.525467453421992,2.1802818566059075,5.683042207913513,0.9646617605995498,1.1522162447529012,3.3630419675429764,3.7537304264335525,4.2487166461090995,6.310185515242797,2.470300497398638,2.8079498332403423,4.961585096120964,4.0194611612960545,4.375609841018426,0.7336171131136585,5.634928879184181,0.7336171131136585,7.391865195080271,4.03394147836432,4.382396566240761,3.9278845434910634,2.8780854786164194,0.43262621617053704,2.2104149780219156,2.348771871293363,0.5943760184599247,0.23948922985029583,2.782316255998292,3.315043818463232,5.025806296927566,4.700516728767639,3.5960786232583937,4.209293957278774,5.7977827059433915,5.149359016548158,0.9646617605995498,10.5437058914036,2.2680764605303825,4.485150525951137,0.23948922985029583,0.8557761040081638,4.603037914311738,0.7336171131136585,5.924742310064101,1.234249795210208,0.5943760184599247
TCGA-55-1595,1.7721008315648705,1.3209021423528384,5.316417565142315,7.618629404688027,2.1899985322444797,0.0,5.8816189886654815,4.67193123547876,4.600957324335112,4.995866774391077,0.4764825953434447,2.2560803153382922,4.487485145530021,10.532365509028125,6.230357424139862,0.2663562857370285,0.2663562857370285,0.2663562857370285,5.141640164416201,0.0,2.976406732434101,6.632959158222506,3.525230474585366,0.0,1.8708170764648289,8.432562977207,1.4718296492261533,6.490277304455929,1.3209021423528384,0.7978674913303484,3.507093753723291,0.4764825953434447,3.9609769657060725,2.8624979796484156,2.7504453575540913,0.0,1.662561530756373,0.0,4.47017028706438,2.690157748260622,2.529864081588046,2.3180646638424323,2.843489771996034,3.812291064029136,3.3049507635362967,0.9266370239282994,2.4043832710550817,0.0,1.0407006500491165,3.690518110782445,1.0407006500491165,5.658321263369465,1.6133303271494441,7.32524776730302,0.7978674913303484,4.805364404316676,0.4764825953434447,1.7188302892052973,2.0430887122140375,6.555733776683909,2.843489771996034,6.230957712099284,1.6029368260917405,2.1474389178256836,0.9266370239282994,4.107905528594804,0.4764825953434447,0.0,2.6478471570760362,1.8708170764648289,6.198614886082598,1.399210586386437,2.9121549932986435,3.973855368219986,1.5395303370187485,0.6500308894863173,2.223585174759896,3.1991872710653926,0.7978674913303484,1.8708170764648289,0.9266370239282994,2.0430887122140375,5.578570663851267,4.393003666012456,3.825689217005343,6.1259495474041445,5.065647332044546,4.335778486841493,0.2663562857370285,11.217445064445375,0.0,4.3787914069638445,0.2663562857370285,0.4764825953434447,1.2359364795313286,0.0,6.512373661177859,2.2560803153382922,4.072146668564473
TCGA-55-1596,2.4559240148635175,2.3488100651078794,4.067836302341305,5.703759141050641,4.694535457060682,1.6379281828337278,8.296369447267502,2.162966640323747,5.5550852311109065,6.19932185688449,0.0,3.565009807565972,0.0,10.524332821340668,3.629874925487532,7.218997615842931,0.4650538995198219,0.0,0.0,1.9345169205830122,4.015844136841793,3.762053240051561,3.4015706453239396,1.6379281828337278,3.5979695787540935,4.415282477924741,1.5156545664255976,0.4650538995198219,0.0,1.3763197799726865,0.4650538995198219,2.721926807437553,5.461685435424903,0.7812038443802285,1.5156545664255976,0.4650538995198219,0.7812038443802285,0.0,5.534258676092107,1.0210830861588718,0.7620667160245431,3.38164752241744,2.4037960109678234,1.3763197799726865,1.0210830861588718,0.0,2.552666539242693,3.0783393826454506,1.6379281828337278,2.0924564787573305,1.214408166047464,6.516127985167203,0.7812038443802285,7.1110144396576365,8.244234200517338,4.903844125913337,1.7468492682570607,0.0,8.349709014276561,4.356306181536347,6.00482736562803,7.718009711352435,2.4559240148635175,0.8184573715253919,2.016594921803132,4.633125762001423,4.6157045047029905,0.0,7.05996979994864,2.3488100651078794,7.107146975054983,6.293354581744427,1.0210830861588718,6.767307451441517,3.275592585638233,0.4650538995198219,6.794196807276261,1.7468492682570607,0.4650538995198219,0.4650538995198219,0.0,3.0222865667752368,4.2004957652043,3.4869896825470397,3.0507080293501776,5.503390629200662,4.408097565240152,6.054683447929535,1.3763197799726865,10.752143775645104,2.721926807437553,4.603920405337502,0.0,1.3763197799726865,1.0210830861588718,4.561537996566323,6.90278092738411,1.0210830861588718,1.9345169205830122
TCGA-55-5899,2.197346792089914,1.8154108895593362,3.981155333857193,6.829936430034067,2.1317493213031806,2.423669340316811,10.560821009556909,4.712247227571982,6.440633892082435,5.306285536197214,3.6414785744417295,2.5650801181427556,6.49820985770682,9.559115191950578,5.067248744655871,2.649339995620877,7.419440533160009,6.506780573906781,4.551006460061391,0.0,2.3169021135888386,7.005154184969269,0.76220671649144,3.327227861461981,3.2416114017616198,1.8154108895593362,3.172220180988594,0.45203057725548523,0.45203057725548523,0.45203057725548523,8.168426891545545,0.0,4.449425903717367,0.0,2.5650801181427556,1.3500452284447695,0.0,0.45203057725548523,6.339997686323841,0.9986077743633687,1.7340420756586312,4.225931148269013,2.423669340316811,2.2589152973346516,3.306502012822831,0.0,1.7177720026337593,10.483908266419025,1.3500452284447695,4.200560212148376,1.6095579052346765,6.6089138384194435,1.6095579052346765,7.199177847049626,0.45203057725548523,1.7755623343254838,7.601257396544491,0.0,0.45203057725548523,5.546992203058655,5.579873211932381,6.138487024414881,2.520128995497761,2.6756578548305034,0.76220671649144,6.673802265367002,2.197346792089914,4.191958147755481,3.6996759615121966,2.423669340316811,7.3075376039548035,2.688948927799809,6.44245576800229,8.08624410767255,1.3500452284447695,1.3500452284447695,2.7637560790409945,1.6095579052346765,1.904358721897078,2.473061775420077,3.443298557680791,2.649339995620877,5.088620501952583,3.921264173994081,3.7810779795574856,5.380040200480207,2.2589152973346516,2.423669340316811,4.722464213210449,9.804683275477526,6.072198554240515,6.053575123170885,3.4966469456914417,0.45203057725548523,0.0,0.45203057725548523,6.443910246587931,2.1317493213031806,1.904358721897078
TCGA-55-6543,1.6973205764096286,2.809860421915015,3.9881373919570953,5.115307572973473,2.0397907360500436,0.0,8.34429826401134,2.99333440095399,6.051227621428344,5.357811938333676,0.0,2.1097767414759088,0.9829021031726566,10.63155052026101,8.14442951512792,0.0,0.0,0.0,5.597210113899515,0.0,1.6973205764096286,8.778595454847537,2.175183446459339,0.4430177641607487,3.4191322527151895,5.561439036419317,0.9829021031726566,6.203164873757394,1.4689106772971237,7.278739357204721,0.0,1.1723892536640539,4.873241212790757,0.0,2.542050711673108,0.4430177641607487,0.9829021031726566,0.0,4.451166661999548,1.58962288506104,0.8912190474451317,5.292711684027203,4.167365753567243,0.9829021031726566,3.53935804267034,0.0,2.0397907360500436,0.0,1.6973205764096286,3.3031581480423684,2.294411782304884,6.890207208262208,0.7489602453791581,7.285636766226409,0.0,5.490424224076788,0.4430177641607487,0.7489602453791581,1.4689106772971237,2.3490869266454655,3.913070456659519,5.876698829764858,4.538289724648112,4.071643839501268,0.9829021031726566,5.111951643124999,4.132210190996451,3.171951918156477,5.695562113209346,0.0,6.887936171550161,0.7489602453791581,2.1097767414759088,2.4009270359927255,2.4971892423016904,0.0,1.9645215909813398,1.7945389362616386,0.0,1.3316005546972436,5.198745619149828,3.047703088372731,6.130685038577226,3.717641822781588,4.8657020033186065,1.9645215909813398,3.716830167957622,12.786577305318378,0.4430177641607487,10.173640636016097,3.1240859097027553,5.993128162532148,0.0,4.226059723162605,0.9829021031726566,0.4430177641607487,5.214354066720509,2.0397907360500436,0.0
TCGA-55-6642,3.8612958665337986,1.7204782672230914,6.874119898776239,5.013364898667122,2.3822831258894395,0.0,8.460231228866705,3.1190643293259246,5.174017517515245,5.203264653596277,1.8313807431717912,1.8313807431717912,1.2868054626191483,10.303729041269067,6.1447627207979805,0.0,1.8313807431717912,0.5039822612839827,1.595704032979458,0.5039822612839827,1.2868054626191483,7.949409133812964,2.0219580750159416,0.8375072310667812,0.8375072310667812,6.462375577041164,1.0871805277056898,2.777084849494272,0.8375072310667812,1.2868054626191483,1.4531349180386992,2.692022440025013,4.70816891482181,0.0,2.253289801269168,1.2868054626191483,2.0219580750159416,6.378105249305376,6.379194988215388,1.4531349180386992,0.0,6.347595843297053,0.0,5.856858291310669,4.393802031753314,0.0,3.3734218551056143,0.5039822612839827,3.728799441948448,3.175375246142185,0.8375072310667812,4.853045373521485,1.909112782937557,7.17098839665657,0.5039822612839827,4.456554161659308,0.5039822612839827,0.5039822612839827,2.3822831258894395,3.4173626829469312,3.3734218551056143,5.65160457859762,2.181964284666838,2.510996659547741,0.5039822612839827,4.837582647922616,0.5039822612839827,0.0,1.595704032979458,5.456559664278548,6.576340034196552,3.8612958665337986,3.9659295822168406,6.394662086223735,1.2868054626191483,4.756465364176923,1.7204782672230914,3.576027055364481,0.0,0.8375072310667812,1.7204782672230914,2.441033129094013,5.923908143406992,3.7746419265468347,4.09397282647026,4.821877066310141,3.3507072734061794,3.7444182237046393,1.4531349180386992,13.089137459505702,5.1923955822973475,4.698487472207601,0.0,0.0,2.441033129094013,0.0,5.570875648853971,2.646614417049292,0.5039822612839827
TCGA-55-6712,2.298838081707111,1.0269372519612188,5.214049495429438,7.589006988129015,3.784653162835768,0.6399046191642257,9.530131390345584,4.6450637496497675,4.8816952498438635,4.825782536514769,0.6399046191642257,2.6062094098665787,2.7872556352831777,11.011261081929776,2.7872556352831777,0.0,1.3053012019103587,0.6399046191642257,1.0269372519612188,1.7013422991035925,1.3053012019103587,8.21411046873509,2.9404943672993755,0.6399046191642257,3.1139685398191967,5.796151971250494,0.6399046191642257,6.290922634322543,1.0269372519612188,0.0,0.0,2.204564242639605,5.0778327770595695,1.3596680050521803,2.9404943672993755,0.0,0.6399046191642257,1.3053012019103587,6.744949249451562,1.3053012019103587,0.0,6.078973925074538,1.0269372519612188,0.0,4.391568466261,0.0,3.1139685398191967,1.0269372519612188,1.0269372519612188,2.6702721801012976,2.384975811162951,6.427332761127191,2.494328788366905,6.803330991592489,0.0,0.6399046191642257,4.456026118800133,2.7872556352831777,4.854129621226174,2.1004811486990853,6.915227293820838,6.994712487838033,2.7872556352831777,4.26730858464655,0.6399046191642257,4.997117674695169,1.0269372519612188,0.6399046191642257,5.122200520661582,2.6702721801012976,7.01181795280748,1.3053012019103587,0.0,0.6399046191642257,5.342008840172461,0.6399046191642257,2.1004811486990853,3.3598196772081774,1.0269372519612188,1.0269372519612188,1.3053012019103587,4.832943005685963,5.7401304757770095,4.093160528197056,5.459257800877563,7.223572811106763,4.019471938822756,5.909348441429615,1.0269372519612188,11.079597775224622,0.0,6.2398137501172,0.0,0.0,4.111681734479513,0.6399046191642257,6.245236231638145,3.030988407368894,4.003243013691808
TCGA-55-6968,2.5215760341450117,2.37313674894499,5.962349796261022,7.052824850073202,2.062918281377041,0.0,9.59641196908868,3.388466689183337,7.516357130264842,4.71380035051354,0.7630463079396125,2.133136325182723,6.041625200299598,10.529669269314228,4.338049929699863,0.0,6.4980577267051665,7.86514572680838,4.79749157736038,1.3511851840063227,0.45260311456556823,6.765764203935822,1.1907659768386543,2.7652304665552623,1.1907659768386543,2.062918281377041,3.3287449614027356,5.553006095467892,0.0,0.9996019383350099,5.604882526001319,1.3511851840063227,3.7902733631792698,1.835170110309802,4.140278269648285,1.6108169611092187,2.133136325182723,0.0,5.4576389399462535,2.133136325182723,0.0,3.51534121083958,1.905698087535721,0.9996019383350099,2.9609907139980423,0.0,2.609554954353111,9.062278782619305,5.672081947224396,3.7562086090583833,2.609554954353111,5.138342257616987,1.7190633204952837,6.856520930225679,0.0,1.8684118207491376,6.915594472060225,0.45260311456556823,0.9996019383350099,3.686975142062161,6.393630886924558,7.171288091200915,4.176076611385205,3.465073183249628,0.7630463079396125,6.499779521830595,6.385942854079848,0.0,4.628075837059675,2.7652304665552623,7.708199598733413,0.7630463079396125,6.453987138036805,5.397279959074084,1.1907659768386543,4.950460571060185,2.1987456421525984,3.6578788629941483,0.45260311456556823,0.0,1.6108169611092187,6.571195238506278,6.016822791774699,3.8357702733818972,4.044737564534986,6.199900469549918,5.2673528767905635,0.7630463079396125,5.683831436347652,12.566013749755527,1.6108169611092187,5.4600790093766305,5.546329124791127,0.7630463079396125,2.062918281377041,0.45260311456556823,7.097449590105505,0.7630463079396125,0.0
TCGA-55-6970,2.4783770449081697,1.9143015330946405,5.2207179216756,5.44797798110243,2.3020349416885644,4.074515934587915,9.320780962177167,5.071215993379483,5.1049085728681,4.639320373418008,0.4962194713766285,2.695505173599915,2.3336767004717194,9.93102003132562,4.60777878064464,1.4380088168065692,0.8263222597123616,0.4962194713766285,0.2785404145344975,0.0,4.079963312664672,4.77822392896113,3.128684123275963,1.6440325571985994,2.3336767004717194,2.6511693957842732,1.704257062612199,6.8181226513329625,0.4962194713766285,1.3586918940062729,2.422986918846341,3.4606731084572644,3.884292031689835,4.59627473854972,4.5850950215570405,1.6440325571985994,0.4962194713766285,0.0,7.545611712291296,0.6748304487740475,2.4396477433823853,3.3316186242918695,5.371860536373806,8.50647798812271,3.68560660417869,1.2725375841947448,2.0877940620599813,5.962056333527396,0.9578932217286685,3.889036836035049,2.909444271229446,6.023793780004748,2.7211967387720972,7.090210160221326,6.8299980409653775,5.158043293056122,2.004812279832094,0.0,4.639320373418008,3.50023998125302,4.101455883399971,5.997001688804947,3.7251004803940764,3.2280575435830396,0.0,4.598120394500564,0.0,0.0,5.610957869915904,2.3336767004717194,7.720377396459333,0.4962194713766285,2.9933694843648024,5.213750272590518,2.2693695128826152,1.5115163258732724,2.2693695128826152,3.50023998125302,0.0,2.047163671120252,0.6748304487740475,3.296573631562954,5.263197832053022,3.5429544339306087,4.817948200262974,6.531156014628632,6.030766987690717,6.60946513941611,0.6748304487740475,11.284785703357405,5.607425747412095,4.7563708043742245,0.0,1.0741146570677094,3.583921635140693,0.0,5.849483268827755,2.2693695128826152,4.362044566279111
TCGA-55-6971,2.535021333219784,2.0510935061643476,6.452217709913308,5.121013201565865,4.631286175340863,0.0,8.005734033676639,6.052107992276668,5.280901588459601,5.630609449918286,1.0770821701177464,2.6777834149658695,4.216498771106192,10.36404041362647,5.091692871230909,1.5835455804681504,1.3620528967468564,0.6770686103472546,2.9137084380754,0.0,1.7647821653837632,7.168726265596352,1.3620528967468564,0.6770686103472546,2.2734137156937657,3.4948637869666936,3.2268995485297802,5.250906001398216,2.0510935061643476,1.5835455804681504,1.5835455804681504,1.5835455804681504,4.653665068470938,1.369453343923864,4.216498771106192,1.0770821701177464,1.0770821701177464,5.606004251737496,7.236476122456449,1.7647821653837632,3.0587117675400397,5.573457364979963,5.787712999579971,5.493119054849698,5.3336652051796785,0.0,3.2645907892635595,1.5835455804681504,3.705987277214102,4.1727181854411315,2.7421810598183556,6.207873471646076,3.8121982502466647,6.69978232010603,0.0,4.873049981143631,0.6770686103472546,0.0,2.535021333219784,5.138207298119301,3.6319413101304487,6.966071355804973,3.9571282935350744,4.664485716023544,1.0770821701177464,5.0797197169478085,0.6770686103472546,0.0,3.7295006284711723,3.9754653009298924,6.754287032910651,2.6777834149658695,3.1044611100445723,4.542583891349047,1.5835455804681504,4.612241127851947,4.592829350153292,4.2922345769908405,0.0,1.3620528967468564,4.763591732665995,4.298700730705019,6.063431657823774,4.407627371380066,5.5128398631299795,7.255803116220351,5.819830673018868,6.196108022437605,2.368419648915592,12.607067778166886,1.9181424561051392,5.4187147595699034,0.0,1.0770821701177464,4.65918477429433,2.4551860011166955,6.736443689448144,2.7421810598183556,5.397021779420377
TCGA-55-6972,1.903271028370388,2.6877522511540173,2.606910395333233,6.606089218074204,2.6877522511540173,2.3157382102389583,9.20460193861641,4.608316231991559,5.200511575294319,2.6877522511540173,1.188788098000733,2.5189456920114233,0.0,10.454713962126444,4.6849605541343795,0.0,0.0,0.7615532132240057,0.7615532132240057,0.7615532132240057,1.903271028370388,3.0158485771388155,1.7167125949051438,2.606910395333233,3.5942417981147727,0.7615532132240057,0.0,2.422499189659383,0.0,0.0,1.4872024795514294,0.0,2.8321362936573804,5.751216163673509,2.762551012569195,0.0,0.7615532132240057,0.0,0.7615532132240057,0.0,0.9548188975794955,2.5189456920114233,5.108270042723016,2.422499189659383,1.4872024795514294,1.4872024795514294,1.4872024795514294,0.0,0.0,4.137464713954943,3.070278364005588,3.170991450347437,0.0,7.1910376870892305,0.0,1.6705518262923644,0.7615532132240057,1.188788098000733,6.310076447535274,3.6841884686258126,0.0,6.200527429454152,2.060424355843738,2.4143589988290355,3.121902262409683,5.928069372101048,6.7293651838551,0.0,0.0,0.0,5.1219798695012235,0.0,0.7615532132240057,1.903271028370388,2.422499189659383,1.4872024795514294,2.196212954707439,2.196212954707439,0.0,1.7167125949051438,3.4236240142237118,0.0,4.561729139744112,5.065969081354141,2.422499189659383,2.3157382102389583,4.935394372705542,6.08531001838667,1.188788098000733,8.134144937592072,1.188788098000733,5.237584926419417,0.0,2.3157382102389583,1.188788098000733,0.7615532132240057,4.661389825984399,2.422499189659383,0.0
TCGA-55-6975,1.4708422896437532,0.608786831941872,5.4410011232200315,5.27967466627633,4.016103702467389,2.724566388213323,9.754935338678665,3.985422154997914,4.19541689675939,5.161993507186387,0.0,1.92681470022092,1.256954173113836,10.357148997739671,0.9844726079265248,1.256954173113836,0.0,0.0,0.0,8.262801461667761,3.325866610912815,8.153715158857766,3.541796654537685,0.608786831941872,0.608786831941872,5.815475895074658,1.4708422896437532,7.880649381799539,0.608786831941872,0.0,0.9844726079265248,8.526569099894715,4.964975226060731,0.0,1.256954173113836,3.231140307688183,0.0,0.0,7.522551653129413,3.541796654537685,0.0,7.894183826644295,5.84259033885508,5.317384429265262,1.6469456207705027,0.0,2.145229282217839,6.727470047469828,3.7784778984238674,3.612095597279742,1.4708422896437532,6.537932855896884,2.0419732920649283,6.142843532192881,4.5257621935069094,1.7670056047618257,1.7966309177650763,0.0,3.263722987518989,4.629130823432935,4.1028714381996885,6.666418479625934,5.693371804529833,1.979123845164969,0.0,3.8160802255745963,0.0,4.045870098214128,5.787605719393139,0.9844726079265248,7.457961218548844,6.229076918381887,0.608786831941872,4.620915574201824,2.324395507257895,0.608786831941872,1.6469456207705027,3.325866610912815,0.0,0.608786831941872,3.162601725789024,2.8288627173189527,5.353723690819542,3.2324630983767166,3.009590799039994,5.497516525285454,5.017557943834946,0.9844726079265248,0.0,11.315945395207596,8.698842855874414,5.835269696052299,0.0,3.0500973451992817,2.8772020838475223,2.4762778619786894,5.860524080847384,1.7966309177650763,4.169836932796819
TCGA-55-6978,4.507595945130698,1.0300835951481808,4.4419392383596765,7.3350927663961025,3.102571195829998,0.892407791410823,8.731476809178009,3.781239832984743,5.387216127973254,5.836335889216034,0.0,3.102571195829998,5.738051847566246,11.009328650292158,1.8568915641658372,0.0,1.6720558404128056,0.0,0.0,1.3563504847468186,1.7936077600856726,4.627244740306402,1.9635114757142627,0.0,2.3385890996282335,3.7044599454309255,1.4451055749997035,6.416720844538416,2.3727546053009343,0.892407791410823,1.2589722225445406,0.892407791410823,4.769463540262655,2.9711065337275864,1.151046598516531,0.0,2.6368549060600586,0.0,8.050684248634205,2.2665536885845423,0.0,7.514636259384674,3.7646801000296484,2.2665536885845423,5.7834220241493215,0.5426149462553981,3.6308795098159474,0.30770526365724726,0.0,4.471195266448618,2.3727546053009343,3.4763728790460995,3.3942264745813207,6.166545369607495,0.892407791410823,4.926507029667763,1.8568915641658372,1.3563504847468186,2.468751861031301,6.07972493542478,6.646578808807621,7.298722464933808,6.6563537040469285,3.3945889271811875,0.0,5.120613133489245,0.0,0.5426149462553981,4.561710340395822,3.358279442183037,7.013618668177869,6.20291803511173,1.2589722225445406,2.0128475762298517,3.7307121377158694,1.2589722225445406,2.405782270322011,1.7989998608835487,2.303224888281385,1.3563504847468186,2.9451124365536248,0.0,5.89058010995854,3.4984057587495605,5.503757126468251,7.313233720334747,5.40518324857314,5.262773087023145,1.151046598516531,10.060747678734712,0.0,5.7553085752756115,0.30770526365724726,0.5426149462553981,3.118626668373547,1.3563504847468186,7.403932131490168,3.4984057587495605,1.737532049941577
TCGA-55-6979,3.188614535940652,1.1359401859340874,5.861446973783256,7.284059305747314,2.085286924095355,2.997066383233788,9.005520413549334,4.764513077211635,5.107114487307766,5.735458774516743,0.0,3.64672062893362,2.8453685806979623,10.953116158311266,5.300455080009584,1.6540670505773052,0.5333891421747421,0.5333891421747421,1.8927353865680572,1.5092860304836593,1.7804962769493444,5.022590215075495,3.031649459140773,0.8793777538506153,2.666470975510415,5.468363892466379,0.8793777538506153,5.468363892466379,6.361038193948491,6.180035287019344,0.5333891421747421,2.997066383233788,5.0562330664136645,3.0353807798061396,4.279078484698531,1.3399362371417411,2.246681186048812,0.8793777538506153,7.40466857353473,4.440982806577994,3.4557581653210003,6.459506879267386,5.6425168140849875,1.3399362371417411,5.612091072503897,0.0,2.507572820286912,0.8793777538506153,4.782378693395223,4.1320930383198995,1.3399362371417411,7.523384063112345,0.0,6.460609995722034,0.0,5.031829110103257,0.5333891421747421,0.5333891421747421,2.9612443430953177,4.727794815523919,5.188987873799598,7.5760358318119545,4.165459846463474,2.131500168126079,0.8793777538506153,5.739998678789184,0.0,1.3399362371417411,6.399255282181494,2.9240912559640564,6.800251356757669,1.5092860304836593,2.1692365407960508,1.9936385252375404,2.885504375832357,0.5333891421747421,3.298559083332225,3.3242551403493095,0.5333891421747421,1.7804962769493444,0.5333891421747421,2.1692365407960508,5.999876566653917,4.397967648863676,5.271922055188505,7.875085072929546,4.407202057521889,5.271922055188505,1.1359401859340874,12.124260456580963,0.8793777538506153,5.830887847906312,2.1692365407960508,0.0,7.04229491316028,2.246681186048812,7.285451714942687,2.759914998817286,4.622725191233977
TCGA-55-6980,2.657640726557129,1.8413429694168828,4.332766797725456,5.234104125834385,1.5121998755068466,1.2954118646427175,8.928843133944394,4.321089620317978,4.640189779089131,5.475806432310005,0.0,3.315101948704053,2.973875137198682,11.186667484766806,5.515720472990591,0.0,1.0182334133854625,0.6335033276324303,3.868305155295864,0.6335033276324303,2.372661377377239,7.559903366007389,2.717789288522943,1.2954118646427175,3.018070898175219,4.022108938693304,1.6902618533270204,6.306828053852266,2.19250233396385,5.275652446798343,1.0182334133854625,6.625811378354095,5.058237451277452,4.201706074550094,5.386818050635756,0.0,0.0,0.6335033276324303,5.540314074946364,5.170858924743225,0.0,5.3786892508062465,2.19250233396385,2.8282067141277003,3.8306567555923094,0.0,1.6902618533270204,1.8413429694168828,0.6335033276324303,3.37736564840881,2.19250233396385,5.995284740867015,0.0,6.59365119939892,0.0,7.5525049682665575,3.5690480720276536,1.0182334133854625,5.119340211004472,5.124612578541165,6.258934983630955,6.569144757859214,6.393284687050047,2.9725199398100837,0.6335033276324303,5.613890589346671,1.0182334133854625,0.0,5.257396408797749,0.6335033276324303,6.479662587143082,1.9725798998957425,2.927640781416872,2.5252725403086385,6.486422949698906,2.19250233396385,3.018070898175219,1.9725798998957425,1.5121998755068466,1.9725798998957425,0.0,2.4518754089371333,7.022983943898495,4.778316444846594,3.5936590202823213,2.657640726557129,5.315548061809703,6.67943836889393,3.6640615211712975,9.76971041543319,1.0182334133854625,6.019215891638807,1.0182334133854625,0.6335033276324303,5.673354194528288,0.6335033276324303,6.173142146605936,2.717789288522943,1.8413429694168828
TCGA-55-6981,1.289673322515465,1.6838029943894073,4.533731110697054,4.832791696261885,1.6838029943894073,0.0,9.280463271407655,4.075751103586755,5.825170855091219,6.239113376393359,0.0,0.0,4.893771835499256,10.689193403695688,6.9558309022137,0.0,0.0,0.0,5.3667140603563865,4.045511397128142,2.3654753815422596,5.350193241202744,4.045511397128142,0.0,2.4446313807861086,6.000503571758652,2.9201408940030458,3.9488793872901535,0.0,6.635324314890895,1.0131996330421769,1.0131996330421769,5.00559595124355,0.6297813049381256,0.0,1.506031042722224,2.3654753815422596,1.289673322515465,6.0091571066389005,0.0,3.0656034259060307,6.276083182022872,7.507239921630066,1.8346912366115675,1.6838029943894073,0.0,0.6297813049381256,0.6297813049381256,1.8346912366115675,3.9488793872901535,1.289673322515465,8.557955024126807,0.0,6.770850201878475,0.0,4.336487804186035,1.506031042722224,0.0,3.132437374633781,4.524264856363199,6.7505270349753115,6.308546428580031,7.926710896566108,5.144688217366692,1.506031042722224,2.9663601038955023,4.987803282846527,1.0131996330421769,3.132437374633781,0.0,6.459464608050556,0.6297813049381256,1.289673322515465,1.6838029943894073,5.192662363088489,0.6297813049381256,1.96576879719126,2.9201408940030458,0.0,1.0131996330421769,1.0131996330421769,1.506031042722224,4.969688291762849,4.21355620656061,2.081626652585173,6.007000733131958,5.3909922588486525,7.60795751401576,0.6297813049381256,9.438025594271659,0.0,6.303742886045583,0.0,0.0,3.132437374633781,0.6297813049381256,6.644326047638675,1.96576879719126,4.99969567405787
TCGA-55-6982,1.3259072111047956,0.0,5.089612819279683,5.403798374946321,3.72719350637442,1.7244437619431878,8.971878847256017,6.346891712895244,5.432419846071389,5.416167066648963,0.0,1.7244437619431878,2.6965240292635873,10.46056583801932,5.9177964781826455,2.6965240292635873,2.4105960930128356,0.653314280058222,5.031150086043634,1.3259072111047956,1.7244437619431878,6.613317102033348,3.0135378099517878,2.0086300532253496,3.476416165207829,4.385531734627629,2.3242193751191955,4.4413598347287895,0.0,5.524763458466721,1.7244437619431878,2.0086300532253496,4.302734478599346,2.9186136199976778,5.464158022997182,2.9186136199976778,1.3259072111047956,1.0451060211449685,6.274905137177389,4.747641498182086,2.67197387251952,6.045704121945581,3.7047651063441496,1.0451060211449685,3.6096468348967927,0.0,2.0086300532253496,1.7244437619431878,0.0,3.7491322421028586,1.3259072111047956,6.806289391626429,0.653314280058222,7.3963046184837,1.0451060211449685,2.8137186693377734,2.3242193751191955,0.653314280058222,4.582888789079327,4.250498947575725,5.70580709040453,6.069434338543663,8.407050146564243,1.577782113030089,1.3259072111047956,4.078856912007743,6.1745628854623416,1.5448993912965292,5.456316346446633,1.0451060211449685,6.783586774544534,4.362298304617593,1.5448993912965292,4.8959723857761155,3.8121982502466647,1.8765906936333887,2.4105960930128356,3.322669914320836,0.0,0.653314280058222,2.563740935305809,1.0451060211449685,6.010151356031888,3.579251512599544,4.882089547695498,6.1354263533473015,4.747641498182086,7.420333366286501,3.253876106052822,11.87392305280765,1.3259072111047956,5.912824397057164,0.653314280058222,0.0,4.26355554986596,4.554202101871843,6.146322833665394,2.4105960930128356,4.831931186436423
TCGA-55-6983,3.1348766339603102,1.8981894128439016,5.712983349820108,5.716491373397537,4.132723575091216,0.0,9.195220642777024,6.635471377190426,6.796792432869272,5.789614545426415,1.247692995015479,2.3243367999918756,2.2524069660497648,10.734436059066207,6.597029733361744,1.1402979101552164,4.6428223619375135,0.30350620779866627,2.174910799739635,0.8831061644831113,1.589378052056328,9.925077796778906,2.09090063476873,2.4843148080175395,1.9499590839015999,1.8981894128439016,1.433058665095775,5.601594698311609,1.1402979101552164,2.513453613432643,0.8831061644831113,3.367785365316913,5.205351935670175,1.2517624681617845,5.0654201525402085,0.30350620779866627,0.30350620779866627,5.386218347722499,7.035365425579195,1.247692995015479,0.9552421780090956,5.283706140579087,6.074628532368718,2.5693014119805864,4.51939549852809,0.30350620779866627,1.8435767929549112,1.247692995015479,6.121637180410288,4.121283430577758,2.4543013835272625,4.495941085886534,0.0,6.665738493352263,2.541767334125734,4.455583740843079,3.546390922971697,0.5360254247877329,4.6325226726091895,5.746385282586588,4.121283430577758,6.428242581512558,3.6437251721068264,2.542326140655487,1.344664748897569,5.480668089583319,1.247692995015479,0.5360254247877329,5.261881571906823,2.2890134129639508,7.099143938414199,0.5360254247877329,3.1035368001824275,6.079512053796462,3.798114952320026,4.64623535094002,2.9489079259005213,5.205137915128875,0.724548943699477,0.5360254247877329,0.0,2.513453613432643,6.475235470750074,3.246296420444193,5.686880436580845,8.683537793687051,4.396198241411956,8.644907195802151,3.1348766339603102,11.191649379754725,2.809571355837315,6.029576472706549,0.0,0.5360254247877329,4.177220176500776,3.732420149615263,6.7931364818386175,2.3243367999918756,6.812126148318394
TCGA-55-6984,2.3165668905144647,0.649247538269927,4.985919014559157,5.505221773811161,3.4962863248742577,4.342094868782509,9.85852679681389,7.520066520677187,4.901229570569325,4.947723892925173,0.0,1.869414713793659,3.0497326504849704,10.32503596151246,3.0054647588983707,4.880625313065352,1.039640466891539,0.649247538269927,0.0,9.207694875734779,1.869414713793659,6.681056665917673,2.402864722784384,2.001277276960452,1.3196736737779948,4.116254444819636,1.039640466891539,6.179434703814306,4.914733606052087,0.649247538269927,0.0,6.51423109344162,4.455091205530887,1.039640466891539,4.131047685827742,0.0,0.0,0.0,9.444692867697714,1.039640466891539,3.3270340233592646,3.8438255318141348,0.0,2.748884995540546,1.5382211413431115,0.0,2.1177724359848,1.3196736737779948,0.649247538269927,2.805739367055461,4.268072353722723,4.928064950195615,0.0,6.796786846086705,1.869414713793659,2.9591460869859474,2.1177724359848,0.649247538269927,6.397985764003551,2.4823116189394625,7.964711892381414,5.861045449123251,4.59316035582137,2.494460862592812,1.5382211413431115,4.681640365930833,0.0,0.0,6.5961370077868855,0.649247538269927,7.764576221963554,1.3196736737779948,5.052372070076337,7.729832030006292,3.2806893866741165,1.869414713793659,1.7174668646462,3.9008831874155403,0.649247538269927,0.0,1.3196736737779948,1.039640466891539,5.9971483635762795,3.8240613588935775,4.388563969659251,5.694274079468413,3.1718638787315276,6.503332627327386,1.7174668646462,10.378699470070819,1.3196736737779948,5.691193565815788,0.0,0.0,1.039640466891539,5.839999009058733,5.809930680005032,1.3196736737779948,3.4392796264934162
TCGA-55-6985,3.18363406516999,1.8283967199089712,5.435284101620807,5.093382034882496,3.8869349146465826,1.700667048824716,9.331460057043694,5.522476402083571,6.836099221504271,5.724316860295717,0.0,2.22018126673923,3.738735716465366,11.04127728419061,6.181746006321172,0.0,2.8574984130667898,0.0,4.56201317577265,4.61512051684126,2.5009440274856245,6.536410398638295,2.669503394156456,0.0,4.354985547825342,2.8574984130667898,2.9784182471203793,4.46384737609277,0.9132862228538563,6.31848331156416,3.1197977554749565,1.700667048824716,4.5036168582287734,4.142186658069134,3.738735716465366,1.3825624060302124,4.315894844957747,0.0,6.469296827342047,4.918673502179114,2.1303603909715707,4.315894844957747,2.899452623965661,1.5542000061794847,5.402204297012309,0.0,3.152227346001222,1.941629571871808,1.700667048824716,3.83993391703338,2.560346472729823,6.838501659217593,0.0,7.015434105279996,1.5542000061794847,5.22212722818999,3.790614405348712,0.0,3.0156819488616113,5.088793149628434,6.065762322676467,7.173184073745537,6.27025470338811,3.5701634834089515,0.9132862228538563,5.6217514026068764,6.5134289042079905,1.941629571871808,6.3238498722434375,3.9021241732488985,6.623390365337283,3.9021241732488985,1.700667048824716,3.0516068080178576,3.2723445512866833,2.043347934031597,2.22018126673923,3.8073267135692865,0.0,1.8283967199089712,3.626131329259986,2.6164172519902107,5.971376629120282,3.8831007605409726,5.922618093472842,6.634241691157154,5.02711869335461,9.487653876125705,1.1752028908298222,10.866492008555198,2.560346472729823,6.129505444116429,0.0,1.5542000061794847,1.8283967199089712,0.0,6.724576154582173,3.152227346001222,4.0683889440425185
TCGA-55-6986,1.5333556850280412,1.6790572543141573,4.6107943407383125,6.012991177652262,3.4735180432417816,0.5462120724362476,7.756520633501487,4.366425568445231,5.7570293595425746,5.579005035086858,0.0,2.274278206778511,3.891107799445767,10.676773589993278,6.041042496131521,0.5462120724362476,2.4136254477830366,0.5462120724362476,2.743089105746726,2.0203150159069527,2.6448547776050626,7.828217298925103,2.743089105746726,0.0,1.1569440878961597,2.4136254477830366,2.1123200702457754,6.41347862910501,3.976416516052201,7.1865151668571805,2.874417383235175,2.0203150159069527,4.972039985336871,0.5462120724362476,3.962693305795215,0.0,0.897515576547821,0.5462120724362476,6.193122936458078,0.5462120724362476,3.1993830695567382,4.228105928400678,2.4136254477830366,2.4136254477830366,3.8609738917523746,1.1569440878961597,2.476639235369573,1.6790572543141573,0.0,4.162419012089001,2.476639235369573,7.194189072658044,1.3627698160729336,6.654714218071523,4.104179374852141,3.712862058610644,2.5359086517540326,0.5462120724362476,3.403521345830996,7.0594371996439795,3.8761553843730225,6.027113987003327,2.274278206778511,3.9245324352301836,0.5462120724362476,4.2490765016566865,1.6790572543141573,0.897515576547821,3.600335084509519,0.897515576547821,6.514256290441399,1.5333556850280412,2.788806500262615,1.6790572543141573,4.184797510206528,2.5359086517540326,3.9203601546150475,3.538934086221159,1.6790572543141573,2.832530758206315,0.5462120724362476,1.1569440878961597,5.678204803850663,3.5069798083030244,3.962693305795215,5.348544592886922,4.269616327528529,6.795081419230074,0.5462120724362476,9.645610206776551,2.1965799251481966,5.191728318775795,0.0,0.0,3.4507269549409663,0.897515576547821,6.320624399006072,1.5333556850280412,3.3790540169764656
TCGA-55-6987,5.200913997550945,2.210634264246137,6.721966518377867,5.401289031171915,4.210410569072293,0.3023982562874615,8.600283557948336,5.482333320373567,4.495688969670779,5.378740002039859,2.4194877412231217,4.351880522499617,4.447260617047216,10.576192201104549,3.785985747213353,0.0,1.8945717408681957,0.5342686754924574,0.0,1.137384183168648,1.137384183168648,5.72501545106421,1.840009805176766,0.0,2.450418719329327,3.9883560716515185,2.1711543496030354,5.072326014094688,1.6558060983616285,1.429832663134374,0.3023982562874615,0.7223661192291653,5.028213226370324,0.3023982562874615,3.03370220480562,2.5095504807007605,0.3023982562874615,0.3023982562874615,7.165284797956991,2.4804216070033265,0.0,7.367916884009329,6.673619028737867,6.045614133407218,6.481866520783049,1.3415323231458947,4.495688969670779,2.592175343715128,6.497421839757092,4.076004065491871,2.5095504807007605,6.388438708943079,3.7088242281695316,6.636803144090601,3.5524381174202624,4.405030016438845,0.3023982562874615,0.0,4.8693558675909,3.4680270261709816,3.050556576586585,6.878675531975309,4.736145815430458,3.203388513189854,1.9463100690766402,5.6155266873454845,0.5342686754924574,0.0,4.387625929324313,4.872062644232316,7.46187599663558,1.0172214504525956,3.2051095023713714,3.39968957883191,3.3006364407075415,0.5342686754924574,2.130051477631187,4.807857936734897,0.7223661192291653,1.5109647356246407,3.083436327254374,4.593205898484986,6.36562644905305,3.9751837028023487,5.658310798210596,7.947066860738264,3.456956854477282,8.294916764041375,1.5860055054509783,12.4240709829037,1.9463100690766402,6.204551701944264,0.0,1.7210508409576004,1.5860055054509783,4.045576147816141,6.893674610014097,3.601789892249767,6.341658283321493
TCGA-55-7227,1.876207842305195,1.1227519028545898,4.582432636016726,7.825413075996787,3.7322741364331256,1.1227519028545898,7.654206231564394,5.579710957883693,4.885117421566486,5.469540058175728,1.4941168436486365,1.638316871984477,4.018105860136293,11.095339697548985,5.595235405844875,0.525379204773502,3.7486825621096895,0.8680244304646635,0.8680244304646635,0.525379204773502,1.876207842305195,7.162296717083758,3.4020503511135933,0.0,3.1101139756727063,2.8270177201662534,1.3255619209912703,5.534361348334756,3.3787642977464554,7.466656525979691,0.525379204773502,2.5981981320220253,4.570413096030086,1.1227519028545898,4.199501557170993,0.8680244304646635,1.4941168436486365,0.0,5.169602925191901,1.1227519028545898,0.7544774357115512,3.4470530857819157,0.0,1.4941168436486365,3.078813437363924,0.525379204773502,1.976827251690035,2.5454057735338034,0.0,4.4543879930997985,2.3009938276025528,5.605452740582992,1.7643197534692734,6.909443852539037,0.0,4.054719767438833,1.4941168436486365,0.0,2.7416654895862713,5.753981170188947,5.597799543115568,6.290373981196564,6.7431989813409965,2.9604573654628523,0.8680244304646635,4.3440573381720515,2.430652837036543,0.525379204773502,3.1699292484670134,2.3009938276025528,5.597799543115568,1.3255619209912703,1.876207842305195,3.3787642977464554,4.298154416275254,1.1227519028545898,2.5454057735338034,2.5981981320220253,0.8680244304646635,1.1227519028545898,1.1227519028545898,2.6483426586399257,6.682749995719979,4.427099182778367,4.4543879930997985,5.890942308090405,4.279187936559564,6.586526074799126,0.8680244304646635,9.87066989599245,2.367923294302181,5.690673594166162,0.8680244304646635,0.525379204773502,4.55374635676545,0.525379204773502,6.341989367749284,2.0682415553323907,4.135272151167069
TCGA-55-7281,2.470317409144692,0.760618895674958,4.153840704407588,5.612890851968094,3.2387333526181075,0.4509482227105763,9.605755144230846,5.089163008593101,5.659621578870431,5.9474238364073875,0.4509482227105763,2.6465577027898943,2.86358278280595,11.299963653375654,7.115281512361266,0.0,2.5623151216762565,0.4509482227105763,2.1946880296842224,2.4209368557833786,2.368990620190657,7.251834225375953,2.2562269690158963,0.0,2.9566587495678527,4.1627490384162655,1.485868166015983,3.9120790038602045,3.3446411394216677,4.2638833778956595,1.1875994902079907,1.9018089743720128,4.233197395830909,2.7692017428954574,2.2562269690158963,0.4509482227105763,0.4509482227105763,1.3478133743016092,6.287397487341295,5.4081667919580605,4.669730581886408,4.279787630913472,1.3478133743016092,0.996727208164499,4.459798689442122,0.0,2.7963418692803113,0.0,0.0,4.492215350790427,2.3141974083222117,7.38583247906818,1.485868166015983,6.744569068078106,0.0,4.287645897803623,2.89558039160355,2.8305273871602274,2.0589326650482955,3.9346158540807807,6.2713758804199005,6.890950872526486,6.6621066269778275,1.659446381787346,1.1875994902079907,5.514609500413143,0.4509482227105763,0.0,3.47627393221139,2.1946880296842224,6.2205782415991715,0.0,6.661377644655978,3.3645403128959734,5.813840937657917,1.1875994902079907,3.1693493897177993,2.89558039160355,1.485868166015983,1.485868166015983,0.760618895674958,1.1875994902079907,5.805297606292723,2.9566587495678527,4.326036802482237,5.992538969709248,4.759340865615353,6.834329381854657,0.996727208164499,9.356335024510122,0.760618895674958,5.687032981798085,0.4509482227105763,0.0,2.5173738399255017,0.4509482227105763,6.741505870480252,0.760618895674958,4.724560817658178
TCGA-55-7283,1.6114359150967734,1.388167605501571,3.0469053107109305,7.255266362718566,3.557779389129789,0.4063313994361222,7.625897465431382,4.054244529247102,5.70794380430143,5.009781596466775,0.4063313994361222,2.199455420487579,1.1002775679871708,10.26079479653104,7.525170862329953,0.0,1.9480507135544243,0.9178095778434249,0.0,0.0,1.506031042722224,5.203742916028535,1.6114359150967734,0.0,3.8310905687297687,4.561602759549496,1.506031042722224,1.7068005300008642,0.9178095778434249,5.761397080720948,0.9178095778434249,3.093430508773765,4.279204561110702,3.9615519442554135,3.5859520870589057,0.0,2.253531394102389,0.4063313994361222,3.8736521710255873,4.286055236312741,3.7110004702999,3.963269198706457,1.506031042722224,1.2545613504367474,4.572019731478644,1.1002775679871708,2.5672620657043876,0.9178095778434249,0.4063313994361222,2.7431792213522352,1.7938406354318797,4.729871457590062,1.7938406354318797,7.815691206473538,1.2545613504367474,5.380081668350677,2.6764769712631042,0.0,2.9981094458397424,5.400652811289115,5.123469809702475,5.697908590459511,2.1422754858512034,3.872088117312626,3.093430508773765,4.951246158751999,2.304842543035261,0.0,2.835569389928551,1.506031042722224,5.702938785517256,3.4524100061293086,3.8310905687297687,4.747415997526311,3.7979356323903772,2.199455420487579,2.017073995602966,0.0,0.0,0.4063313994361222,0.0,0.4063313994361222,5.724444209937596,2.946809850638757,4.153503011693751,4.071486973278848,4.513335559445305,7.187127923562777,0.9178095778434249,8.570660021961752,0.9178095778434249,5.472661353648634,0.0,0.0,2.4446313807861086,2.6764769712631042,6.06580642047611,1.7068005300008642,0.0
TCGA-55-7284,2.6673393115206836,1.8402797557139396,4.818635049550805,7.148565845462105,2.6887450500442047,2.3369768578289536,9.321667054612513,7.007238557467087,4.909996944773758,5.542509827049954,0.939342975404308,2.395465049469074,2.100260808885238,11.034860631347719,4.387939121425484,5.455855160764252,0.4844611143346622,0.6601073264817452,0.0,8.235066326851468,2.980613559588927,6.335920897128821,4.055653975193798,4.281807048430894,1.556037135706985,7.133264031002628,0.809462472941294,6.6474432073257725,8.955155176217058,0.27132400583896293,0.939342975404308,5.997506259154124,4.053058918566529,0.81221827520096,1.6795794572764708,0.4844611143346622,0.0,0.4844611143346622,9.475592769461779,1.1574156451440873,0.6933471605626116,7.593560573736231,0.4844611143346622,2.020885092219812,4.584228430131261,2.13769865728145,2.552814488395175,1.0543120297715298,0.27132400583896293,3.9413798455291373,2.8270118012378163,2.70970882482508,1.8838523578849768,6.974843671432945,0.0,1.4978133742432085,0.27132400583896293,0.0,6.53997749745227,4.515056182645439,7.130522759590622,6.616232507144418,4.518460218115624,4.648181781581338,1.0543120297715298,4.5714168991827,0.0,0.0,6.915088326348929,1.6795794572764708,7.614682082950454,1.1574156451440873,5.7648713024378635,7.170611729998262,3.5089480386550966,1.6795794572764708,2.2086369851484053,2.2086369851484053,0.809462472941294,1.6795794572764708,2.964664633589094,2.2748644003934455,5.9434054906141895,4.242278817198966,4.418451375429001,3.846197256167821,3.5365467041836642,7.356592726714035,0.939342975404308,9.366292285749994,2.100260808885238,5.497569784001973,0.0,2.8982021314557764,3.9474152454756215,6.3496301294929856,5.762403522029735,2.5030657704039103,1.7895236382864788
TCGA-55-7570,1.5936336808891332,1.2849258667316017,4.960127655912309,7.33641594469349,3.8068558044171725,0.3616525351515112,9.732171215548847,3.199872398126163,5.898249421144936,4.608628200159382,1.3987415721716459,3.477309296960858,0.6267402483623467,9.68339559038393,1.5009168519565883,2.179637493909168,6.902203898543801,2.2277430052895837,0.3616525351515112,2.6127280212258848,2.5066355252515664,7.57268815306091,0.6267402483623467,0.0,0.0,2.5119542108864157,1.0090157548563534,4.478994530616345,2.7330094448100124,0.3616525351515112,2.8900105815687356,6.232567852199021,4.924169222945823,0.8360346681084928,1.2849258667316017,1.3987415721716459,0.3616525351515112,0.0,4.853848921658636,1.5009168519565883,0.8839741303976121,3.777382426455249,4.790736472946935,3.881452451538471,2.8900105815687356,0.0,2.644179901099603,9.167623875686852,0.0,5.245290992297406,2.179637493909168,4.719489451936621,0.0,7.179064037315973,0.0,4.550522852040545,5.231413383242817,0.6267402483623467,0.3616525351515112,2.960141364683172,4.87402870169766,7.058465762399368,1.896794932061936,4.441985152339255,6.190614541435506,3.3481833093395004,5.470592796233841,1.3987415721716459,5.889844250325133,1.6784601168241715,7.06667172732977,7.755480191026942,2.9824646465530864,3.7873052299499874,0.8360346681084928,1.3987415721716459,4.683879697658337,0.3616525351515112,0.0,0.6267402483623467,1.1564408482805821,1.829183697874054,5.435127129439444,3.844103843023524,2.7042697307875248,5.366312407033845,4.015773826222067,4.061831701041693,2.788123677533153,11.004674856338573,2.019678267546954,5.669498091089052,0.0,4.161704100546373,1.0090157548563534,3.661212735752216,6.796365512756079,1.6784601168241715,0.0
TCGA-55-7573,1.4357033813774334,3.955867627204564,5.255159312230234,5.7025784167359745,3.971076511335144,0.0,9.920644526312616,5.53418758913298,5.918079006245615,4.769785915663114,0.0,2.4343411606613747,2.7857640452308017,10.654802220982852,7.1704579477229045,0.5881199426922393,3.0064446901836366,0.5881199426922393,2.923919358049507,2.2830964164101832,3.1535006871979263,5.721108180704939,2.7857640452308017,0.5881199426922393,2.2830964164101832,0.9560113200690874,2.73511398398486,1.7585128754344193,3.589837821089271,3.251145512444304,1.224334099067805,0.5881199426922393,3.694647785256766,3.4572184823399352,5.020717629437768,0.0,1.224334099067805,0.9560113200690874,4.516037287434916,3.3952832610092183,2.6696350300793967,2.879956596803936,0.5881199426922393,2.565687546471436,4.706715432754758,0.5881199426922393,2.4343411606613747,2.879956596803936,0.5881199426922393,4.257818785281648,2.4343411606613747,3.5446308366482087,2.197935435727625,7.284388720421599,0.0,3.187120932986053,1.6100777077214397,0.0,1.6100777077214397,2.9660305110941216,2.002168952017505,6.426964072490267,1.6100777077214397,1.6243856364812215,1.6100777077214397,4.424439363305488,3.368067945621568,0.0,5.472228655982021,0.5881199426922393,6.4334174707375835,0.9560113200690874,4.462090495969832,3.2816815956605923,3.0064446901836366,2.5021733846867185,1.7585128754344193,4.029702924657102,0.0,2.104841221312551,1.224334099067805,0.0,6.538359770634025,4.92903470689165,5.438005393148013,7.432217500271037,4.926601298486246,8.26051612414117,0.9560113200690874,9.956260252064046,3.7143522500869675,5.229765469246248,0.0,0.0,0.0,0.0,6.451799712022448,2.73511398398486,4.920776229927919
TCGA-55-7574,2.67378306536744,1.8804874276040227,6.35285585151289,7.5664869827260475,1.994768338121884,1.994768338121884,8.374887416240234,6.023413694081388,5.581004484961306,5.639115945325931,1.4291622613470665,2.9158120583779423,2.4943040225074666,10.818631627250165,3.7442668561934944,3.413484913126302,2.6174615241070174,0.5843362747017656,0.0,0.0,3.0744972421896453,5.867744861867452,1.4291622613470665,0.5843362747017656,0.9507308051876933,5.831149070576642,1.8804874276040227,6.912911960417069,0.9507308051876933,1.6032186126201835,1.751423467705181,0.5843362747017656,5.109647703093903,6.012222600192492,3.7811304138180435,2.7777255063449338,0.0,1.218289824920729,6.036779632560525,1.6032186126201835,3.813360011218041,2.275409149488295,3.6247461841843345,4.894595737696247,4.166738089364022,1.218289824920729,3.037123705913741,1.8804874276040227,2.426526902188223,4.43497362345482,2.275409149488295,4.820604094232248,2.91365959020665,6.077658298266025,1.751423467705181,3.9776478113447102,2.275409149488295,1.4291622613470665,3.1105241735543463,5.735897876560134,3.7990670506484885,7.435898090956741,3.4392860440312636,2.528444951802484,0.0,5.443300437686624,0.0,0.0,3.2429087076896157,3.0744972421896453,6.726831544778823,1.4291622613470665,3.3318294398451207,3.3318294398451207,3.037123705913741,2.275409149488295,3.1105241735543463,5.38520123540885,1.4291622613470665,1.751423467705181,1.218289824920729,4.683648593859348,6.216803686354029,4.809473366888433,5.404801250990809,8.112701609277853,4.376850762929817,6.99984208748438,0.9507308051876933,11.226956590822487,0.9507308051876933,5.800394836556317,0.0,2.097318296064871,1.4291622613470665,0.5843362747017656,6.994712487838033,2.9158120583779423,6.372027145598935
TCGA-55-7576,1.9952579808285096,1.2366045501392857,4.359607186486517,5.036868183266018,2.0279508593915225,1.3051656472884163,8.180262049514102,4.368936329256265,5.8114403493627105,5.429503511227221,0.5499694108836173,1.68621375123615,3.3013549466882344,10.689202519611394,4.222539868225794,0.0,1.7728654290415677,0.39797042634590396,3.166655785395576,1.591314674174411,2.581314711547801,6.088257717646856,1.4295932855150384,0.2186534860413449,1.8526193574848175,3.3103167104171747,3.6604799795922385,1.4864563880188717,0.2186534860413449,6.520878826310283,3.3103167104171747,0.6818334206596719,4.722775428062355,4.992641030723977,4.353339052809627,3.9193203151804994,3.7390282187771495,1.0835324912330162,5.587765378809846,6.04345434887794,0.2186534860413449,6.910491532025018,0.2186534860413449,1.9614600488321268,3.4437458849081115,0.7983626857042553,2.3772750386254895,0.0,1.3693007847433196,3.5544848318710547,2.563024429051952,6.297652450496539,0.0,7.37609502474117,2.581685447614452,1.6236366318339135,2.6356587036804515,0.6818334206596719,2.3068061716932657,5.101395745626247,5.618395232590583,5.922119828015635,2.05959591345913,2.889671512781771,0.9027190518440603,4.414317139309905,0.39797042634590396,0.2186534860413449,2.617986898995967,1.3051656472884163,6.543294388790536,2.7667969824479712,1.68621375123615,2.3068061716932657,4.417270701439431,2.8118575111604813,2.735594029663288,2.4431032710900076,0.0,1.7728654290415677,3.1870466071829906,2.9359981925883174,5.266940212105709,3.5644295567398174,4.1558707383006475,5.916867609276179,5.804098287169293,5.065028777926587,1.6398895198899288,9.728312399262608,0.9027190518440603,5.123469809702475,0.0,0.2186534860413449,4.645659325118137,0.2186534860413449,6.0053995030453935,2.4641085271507173,4.835344960217433
TCGA-55-7724,2.946337176449521,1.7934247485471162,4.877187707483721,7.910021851863562,2.081190012213953,1.0999447339018884,9.03165977882231,5.131890812219245,4.8303037559011655,4.176359170574788,3.8306003460590836,2.48673830461697,2.199000776737475,10.970579933919295,4.027317614183547,0.0,1.947622967058988,2.199000776737475,3.7861468083114347,9.804782617063651,4.129103412978556,5.926253800077205,2.8350997988750226,0.0,1.0999447339018884,3.334134788845201,2.9976354613426346,11.254341247115999,1.7934247485471162,2.081190012213953,1.0999447339018884,4.936464755882755,2.0648100211351177,0.0,3.0929542610524536,2.7099217819349914,2.8350997988750226,0.6941466808930289,6.407226460693515,7.132098110871829,3.311010057596571,4.822263471299573,0.6941466808930289,0.0,2.3043834749354253,0.6941466808930289,2.081190012213953,1.6110366337977975,1.6110366337977975,4.2786405574179485,2.081190012213953,4.42081816920473,1.6110366337977975,6.278641492004318,2.081190012213953,1.8326614605484808,0.0,1.6110366337977975,1.3877932372436264,1.7934247485471162,4.456325570735693,4.6933275727242965,5.367969354103594,4.84759073628404,1.3877932372436264,4.861794933974529,1.3877932372436264,1.0999447339018884,5.874112980855286,2.48673830461697,7.095404286344006,3.7396248484316525,2.3043834749354253,0.0,2.5667938092601843,2.946337176449521,1.3877932372436264,2.199000776737475,0.0,1.947622967058988,1.3877932372436264,3.9337884110963244,5.963003342285947,3.137409771385109,6.8574089045454,7.033744551185619,5.8397255401917505,5.077165580352096,1.7934247485471162,11.243244397867997,7.916986111513346,3.0929542610524536,0.0,2.7099217819349914,5.131890812219245,0.0,4.999338390353959,0.6941466808930289,5.551070204266337
TCGA-55-7725,2.5300871322852077,0.0,3.7615907370655184,9.543198944313254,1.8329174073129513,0.0,8.360822382258004,5.196406449732226,3.225243508072758,3.6588093461779114,1.4234215382011741,3.1825935103899776,4.352606835270995,10.822923333554355,7.036632105903023,4.018575210741712,5.039294015010704,0.7180348960677243,2.879574790970021,0.7180348960677243,1.6489854952365999,5.21939861033768,1.13166014271431,0.0,1.6489854952365999,4.108804511424298,2.3469655486747776,1.4234215382011741,0.0,7.383486225788365,2.6104373722352094,0.0,1.4234215382011741,0.0,4.721565592665879,0.0,1.13166014271431,2.6104373722352094,2.2410713260051724,2.936889500801202,4.88071641609535,5.280041373352793,1.13166014271431,0.0,4.073684267234113,1.13166014271431,3.940031091367324,1.4234215382011741,0.0,4.908632099287389,2.2410713260051724,5.662144174827184,0.0,7.145046281498403,0.7180348960677243,0.0,0.0,0.0,1.8329174073129513,1.6489854952365999,3.7857157415506695,4.721565592665879,5.643724567226829,3.225243508072758,1.13166014271431,5.690926860886075,2.818774306958889,1.8329174073129513,4.379291648005198,1.4234215382011741,6.5959061891239665,0.0,2.754036437938908,1.8329174073129513,3.8322890834087455,1.6489854952365999,2.1226087839554295,3.225243508072758,0.7180348960677243,1.6489854952365999,1.4234215382011741,2.9911015683692965,6.505884204590435,4.491276701211892,4.968819750614096,8.175398415178385,3.5741389726916233,9.049791265807801,3.3796774806952317,9.53091548772999,1.8329174073129513,3.4816277065101398,0.0,0.0,1.4234215382011741,0.0,5.1510173340262515,1.4234215382011741,5.1177901988745536
TCGA-55-7726,1.020506592664488,1.5149513933281524,4.668989698701045,7.178293735830708,1.6931538654739329,1.020506592664488,8.806710079563729,5.636584420092723,4.771743385813907,4.968819750614096,0.6351472362619566,2.5969249531098932,0.0,10.259639859924167,3.350139147365115,0.0,1.8443361064454786,1.020506592664488,1.5149513933281524,1.020506592664488,4.885238346034188,6.694024785502921,3.8341241646954045,0.0,0.0,4.962634818041073,1.020506592664488,9.576170281043657,0.0,2.777843640937678,1.2979821383972128,6.611610834783437,4.767909591179314,0.0,2.4551087356281465,4.041305885892155,0.0,1.020506592664488,9.254950382894652,4.871740975226946,2.1604683803222096,6.430272550872608,2.0916788593443143,0.6351472362619566,1.8443361064454786,0.0,1.9756353729542468,0.0,2.4551087356281465,4.025589162536489,2.777843640937678,5.028671656582354,0.0,5.574599708273944,1.2979821383972128,1.5918847531865112,2.0916788593443143,1.8443361064454786,1.8443361064454786,1.2979821383972128,5.831413158959755,4.844171338303093,5.889564703079136,1.9756353729542468,1.2979821383972128,4.4036083157698735,3.252105550919577,3.644590519195052,5.332022899013208,1.2979821383972128,6.680751787675274,0.0,0.0,2.528524731610257,1.2979821383972128,1.6931538654739329,1.2979821383972128,1.020506592664488,0.0,2.977237290917747,3.380790571884493,1.020506592664488,5.965228368832811,4.158869020760794,1.2979821383972128,5.5263370103770075,5.550759492072657,4.336264070195656,0.6351472362619566,10.68595199116399,0.0,5.045950956556924,3.180970406335582,4.545077235309505,6.372872590622355,0.0,5.400088447887323,1.5149513933281524,2.2898138872116656
TCGA-55-7727,2.225369219390882,1.0420066631889888,4.271684285822057,8.556077309466204,1.7204782672230914,1.322368985303636,8.323673974176897,5.84630581824248,4.9116396646911635,4.074111242191119,0.6509701016607592,2.8091797789522155,4.804848571091311,10.9207288906955,6.081526890163765,0.0,1.0420066631889888,0.0,2.752315859400196,0.0,1.872509618913164,4.989561459157905,2.0044485626384057,0.0,2.0044485626384057,4.245738588826967,2.225369219390882,1.541094829788646,0.6509701016607592,4.35753156507061,2.962620065437112,0.0,2.2362102201275853,1.8218844541999748,3.0089495393867933,0.0,1.0420066631889888,0.6509701016607592,7.685771961019837,1.0420066631889888,0.0,3.9407795441948186,1.7204782672230914,0.0,2.3198649328933048,1.541094829788646,2.8629891415989506,0.0,0.0,4.436588207416541,1.7204782672230914,5.875059935987833,0.0,7.692072261618049,2.3198649328933048,1.872509618913164,3.5796893928755718,0.6509701016607592,2.752315859400196,4.042407200818789,6.222084083476337,5.411360296745223,8.959533957491557,3.2773183028337205,2.692022440025013,4.509851306145921,4.931700306008113,0.0,1.0420066631889888,1.0420066631889888,5.774865160958226,0.6509701016607592,0.6509701016607592,1.872509618913164,2.4061970808677535,2.225369219390882,0.0,4.074111242191119,0.0,1.7204782672230914,0.6509701016607592,2.3198649328933048,5.766284548642119,4.499707442882995,4.369216180063423,7.416059727254412,4.042407200818789,4.702060934217606,2.4061970808677535,9.377869728295265,1.872509618913164,2.962620065437112,0.0,0.0,0.6509701016607592,0.0,5.372598895068553,0.0,5.920398098674122
TCGA-55-7728,3.1766862289406403,2.912926585697073,5.431317368009281,7.633645507077579,1.1701884871573316,0.5544022208825352,9.107290518015597,5.532990199536034,4.699652750686221,6.0322033381669256,1.1701884871573316,3.70467898164784,2.8926026010475243,11.21534119384024,4.352609409909773,7.086771378767365,0.3151026680277731,0.0,0.0,6.895155230726371,2.6148597730358647,8.000446740763865,1.6947528512859045,3.8408277103859945,1.880472175912991,6.486628667276827,0.9089841033583822,5.498716206879112,7.748503163607648,1.0480906263205296,0.5544022208825352,6.993336467072343,4.965121755919941,1.1861651856759712,1.5484982409947445,2.7611232441305034,0.5544022208825352,1.5484982409947445,9.127414094140798,1.3771274732950733,3.2881667852555743,4.786749800944592,1.0480906263205296,3.879834468463243,4.6583696624556685,1.9875318237461328,3.8566138842127295,1.880472175912991,0.3151026680277731,3.7835280514844927,2.8290222206142155,5.677318711170349,1.880472175912991,6.143973165203792,1.0480906263205296,6.774916218069269,1.1701884871573316,0.0,6.75526355565861,6.545800708022403,7.033330101890203,8.031147981264045,3.6769510932486407,3.2125156417155183,0.7473038715119003,5.934195538917409,0.0,0.3151026680277731,6.853405740086212,2.172385287322574,7.160768263898625,4.01556286469652,6.796677338846826,6.847915036959424,3.9815919776038906,1.3771274732950733,3.3725715440737116,4.759375150056219,0.5544022208825352,2.2915747004739933,0.7473038715119003,1.6947528512859045,6.132779630560955,5.087645716729147,3.6289569295195547,7.146575309681355,4.897750243702064,5.178006764284743,1.0480906263205296,11.25881484527303,0.5544022208825352,6.248800807707382,0.0,5.0344885301184155,2.5244157828827127,5.980193769849049,7.630135966162296,2.5536550469490944,4.6583696624556685
TCGA-55-7815,1.0999447339018884,1.6110366337977975,4.2786405574179485,7.409318135468943,2.774468204905185,4.512839961702631,9.116051670285406,6.885462634163822,3.334134788845201,3.8521073822127927,0.0,2.48673830461697,5.178142096779974,10.590201584698717,5.131890812219245,1.3877932372436264,1.7934247485471162,0.0,3.7396248484316525,0.6941466808930289,2.081190012213953,3.557291885324874,1.6110366337977975,0.0,0.0,2.081190012213953,1.6110366337977975,3.58546426729863,0.0,1.0999447339018884,1.7934247485471162,0.0,0.6941466808930289,0.0,4.5345803257073705,1.0999447339018884,1.0999447339018884,2.8350997988750226,8.608486222362602,0.0,1.483148802483773,4.42081816920473,6.077344033751357,3.3692284440429163,1.7934247485471162,0.0,1.7934247485471162,1.0999447339018884,6.097822565094898,4.70246022276333,1.0999447339018884,5.664955017500976,1.9390150035098077,7.53247906872737,0.0,0.0,0.0,1.6110366337977975,0.0,4.396426211352951,3.612864665139986,3.612864665139986,2.3043834749354253,1.947622967058988,3.873161587720525,6.097822565094898,0.0,0.0,6.337052254160732,1.0999447339018884,7.82684608698161,0.0,4.626951247049749,4.292434202352128,4.236079918453479,2.64091987970573,1.0999447339018884,1.6110366337977975,0.0,0.0,4.408696559386215,0.0,6.497265066157445,3.7631563405722623,4.999203533133835,6.308273289610689,5.5854905595426265,0.0,0.0,10.5611552129448,6.156856096679091,2.081190012213953,0.0,0.0,0.0,0.0,4.52972978808777,0.0,4.045017754085049
TCGA-55-7816,2.117676191909751,0.8286828133526378,5.275094797913386,5.475835739835971,4.128348164246024,3.464726018037725,5.5520832320443345,5.3054419264903325,5.490135355819337,5.281674641498003,1.0007789283193465,2.5000251209197013,2.168127557345726,11.05558531434451,4.495379873250879,0.3577443718967526,5.796580410507553,4.5190969142946065,1.0007789283193465,8.246520305752517,5.165893931340521,7.892500604164201,6.501854075798338,0.0,0.8286828133526378,2.261992238885788,2.168127557345726,4.6214863504730275,1.3889907226676332,5.160967263349096,0.6206840088262295,2.3477878778248744,3.9298845343249273,1.8857657690471763,2.4640830014271677,0.8286828133526378,0.8286828133526378,0.0,2.3477878778248744,2.117676191909751,2.8719248778259185,2.568251591388146,2.30580988774966,3.169504892085321,3.7546765579039842,0.0,2.9701375041425027,0.0,0.6206840088262295,4.959377086812443,2.748788992161153,5.381481351808772,0.0,7.001819228017927,2.117676191909751,7.768841921373953,0.6206840088262295,0.8286828133526378,1.7459249328842557,2.0084287744334164,5.5913488553247745,6.428904630011606,0.8286828133526378,3.0938748021053395,1.0007789283193465,4.475991591890071,5.250580897047344,0.3577443718967526,6.485587453887244,1.8182877942408784,7.304240185509521,0.6206840088262295,0.8286828133526378,2.0645436166427236,2.632119029468387,5.696334809521043,1.5832992548244056,1.3889907226676332,6.582426720298081,1.2755303841350356,5.102551843256626,6.132931556768518,6.650334674465888,4.955869310229732,6.471713946233746,5.094670023039329,4.638276087885086,3.2886443954228244,1.7459249328842557,9.364828137840702,3.6143983354266283,5.204418690103979,0.0,0.0,4.003022087608942,0.0,6.020673773691969,2.0084287744334164,3.3658119709913596
TCGA-55-7903,4.021920811995689,1.3836659097661985,3.493120012012493,5.650761372678948,3.397821690422239,0.4043311320669615,8.074574352474242,2.800076206024319,5.401446895404493,4.534505203015883,0.4043311320669615,3.0171022992901833,3.254737055118903,10.348756537058154,4.359649370843669,0.0,0.9142085656698304,0.4043311320669615,1.2502741596927784,1.7888552560806652,1.3836659097661985,6.540423754854876,0.9142085656698304,0.0,2.136979050320936,6.0450669235125165,1.5013626039475654,4.300618620393304,0.4043311320669615,1.3836659097661985,0.4043311320669615,0.0,4.057096036361685,2.2481711449543234,3.4306073055079453,0.4043311320669615,2.67089508646401,0.0,4.611661074518453,1.5013626039475654,0.0,5.604157332109021,1.7888552560806652,1.2502741596927784,5.535821312055537,0.691395647521139,2.439159351403237,0.0,1.0962762288705619,3.551953735849965,1.2502741596927784,5.302314367884855,2.299440152849967,7.058267920594749,0.4043311320669615,3.2155222077753454,0.0,1.6066339851013662,3.1747065678434625,7.13497849712729,6.4278435259925,7.103116449283895,5.294841332134382,2.16481616324915,0.9142085656698304,4.300618620393304,0.9142085656698304,0.0,1.6066339851013662,4.003903674814945,6.551156046462937,0.4043311320669615,2.299440152849967,2.8299255923776796,2.7693146182059842,0.691395647521139,1.6066339851013662,1.9429199686327465,0.9142085656698304,1.5013626039475654,0.4043311320669615,2.9411282415599502,4.7964514841535175,4.752494763758639,3.9947709736593184,5.183910500212705,4.403268177215193,4.576394097346321,0.0,8.981792242203113,2.2481711449543234,5.470891571887111,0.0,0.0,1.0962762288705619,0.4043311320669615,6.211719931681009,3.1101764079448597,2.1941197623827406
TCGA-55-7907,2.8575673053365303,0.9414515275326548,4.891363651013413,7.073972860027533,2.943533306010397,0.577680210751232,7.4579554502221495,5.3825436186755775,5.2398775438189915,5.058612429434602,0.577680210751232,3.630919248336488,2.340102433153993,10.868996928197783,5.657316108375807,0.577680210751232,4.837059382416864,0.0,1.207646049692232,0.0,0.0,10.102166265317486,0.9414515275326548,1.9816771026436375,4.267842583645903,2.0840185511729423,1.8676396795633732,1.5911313654514576,0.0,5.0024149326494,0.9414515275326548,4.711708008348334,3.839544781436215,6.0402332824763905,0.9414515275326548,0.0,2.943533306010397,0.577680210751232,6.707871607069022,6.337717368917542,0.0,5.01805437122278,0.0,2.8575673053365303,4.371800778367062,0.0,2.811641152003438,0.0,0.0,4.697557917779964,1.9816771026436375,6.577510809498993,1.9576834283603715,7.5578801293912194,0.577680210751232,1.6633198533831426,1.207646049692232,0.0,2.712938235174986,5.816027239400166,6.751772588714735,5.738560641992077,6.412291062328846,2.261815180450834,1.4176476687778865,6.139587094196899,0.0,0.577680210751232,4.600303362190376,1.7389211222120537,5.58368801972729,6.549939684749134,5.822992639627081,7.228852784973322,2.4804048652779236,1.207646049692232,3.196867406602853,1.4176476687778865,0.577680210751232,1.7389211222120537,0.0,3.2588462569120282,5.461957167634485,3.1975091751263096,6.0292082084186065,6.630473601106153,5.028350777501899,6.042297860720595,0.9414515275326548,10.588453860827299,0.9414515275326548,4.535387002286696,0.0,0.577680210751232,7.740860034953764,0.577680210751232,7.22901234979687,2.0840185511729423,2.176863127261005
TCGA-55-7910,1.728038391670202,2.012433306641337,5.663088944106319,7.394450082322982,4.538951320529094,0.6553933909480294,9.284046120391638,4.214594182984394,5.1164417103256445,4.865254931247768,0.0,2.328184611294258,1.5483494330523775,10.776428096701194,5.0233935601949185,0.6553933909480294,1.0479854388237198,1.0479854388237198,0.0,0.6553933909480294,5.436791523561715,10.472847143634421,2.7609462104557068,1.0479854388237198,0.6553933909480294,2.5677914686806416,1.5483494330523775,1.3291418296155821,0.6553933909480294,0.0,1.8803196462075353,1.0479854388237198,3.685400910991928,3.066330522399528,3.1842057020553054,1.0479854388237198,0.0,4.5487955825355675,4.954001448528663,0.0,5.5626028611934215,7.043544121647875,3.9318256327243257,6.496830795566873,1.8803196462075353,0.0,1.5483494330523775,0.0,6.510698719732466,4.85087334494687,1.0479854388237198,4.61512051684126,0.0,6.7993857964761775,6.225805176515408,3.3328650062853304,0.0,0.0,1.3291418296155821,5.1492139279422915,3.1842057020553054,6.867203039741321,4.035224225068611,2.617665869363634,0.6553933909480294,4.775697462899335,0.0,0.0,3.451751069274699,2.8178428801966224,7.055597531026344,4.659942421835071,4.9342077106462705,6.798353274164591,1.5483494330523775,4.558543878990186,2.494122387461311,1.728038391670202,1.728038391670202,0.6553933909480294,0.0,0.6553933909480294,4.694398270930899,5.0515724819815,2.328184611294258,5.719340813572053,5.070996351770948,3.9848607426034675,2.233588650072145,11.260972118338742,1.0479854388237198,4.5189661193993444,0.6553933909480294,0.0,0.0,1.0479854388237198,5.821784745538046,1.8803196462075353,3.50877743232878
TCGA-55-7911,3.580411337083083,0.721345834918624,5.028547246303286,5.745819730447258,3.6514734933010793,0.721345834918624,7.79497964734689,5.373499047784088,5.640814275473033,5.1019435374303725,0.721345834918624,3.385914524797638,4.560396644379208,11.371958496843083,5.27841053382266,4.503528303192314,0.42435228382664664,0.9500349378383158,0.0,0.0,0.9500349378383158,4.418053551160814,2.9704862578643674,0.0,1.4283236265952108,6.1040697564836615,1.2928349675536104,8.396206780427342,1.2928349675536104,5.566835732550237,3.535218237813193,1.136036517314109,4.2872969113720805,2.654318849347379,3.8155847896303836,0.0,2.3528028091546633,0.0,5.580880107554867,3.550510665848776,4.558625598622744,2.4486056700616685,3.1211791997671305,2.1283031318697976,5.720151107963192,0.0,3.4210719017988196,0.0,2.1283031318697976,4.259529850490489,1.136036517314109,2.997231149677727,3.171419370911774,6.716150364858715,1.2928349675536104,4.015425806011743,2.997231149677727,1.4283236265952108,5.133601908800335,3.048666221333427,2.9704862578643674,6.380801967051766,8.859812212079305,1.14282054333243,1.4283236265952108,4.887518056849171,0.42435228382664664,0.0,1.8383408466166407,3.6236526961957556,6.377214924056988,1.2928349675536104,3.3678611873832387,1.7505033527127032,2.690829437924554,1.2928349675536104,2.3012241673547043,2.855717049105636,0.42435228382664664,0.9500349378383158,4.764683603456038,0.721345834918624,5.558722019923581,3.8547434077751475,5.270288193826534,7.444248649496705,2.726053825541785,6.436522094142636,0.0,10.5182541849364,0.42435228382664664,4.941820978095896,0.0,0.42435228382664664,1.9190820436366434,2.616424558380014,6.548438276449802,3.0975846428559297,2.3528028091546633
TCGA-55-7913,2.1688251028145213,1.0012934261440802,3.682363269823639,5.056939831972029,3.517913181358116,0.45355661557541815,9.287866068479275,3.101685613456796,4.658284321637578,5.498585253621053,2.0652411922786946,4.208993803782184,3.836014150818508,10.4790160589316,5.872438864685817,0.2523139286139896,0.0,0.2523139286139896,0.2523139286139896,3.0621986227363656,3.8045625085746795,6.9501057048558685,3.630495289348169,4.076976269527675,0.8898646176376324,4.6798230096832505,1.8644366563921682,3.021088080816299,0.0,3.351607898122094,1.3531511425266365,1.1015413281739896,4.5551550218124355,3.123263199331776,1.3531511425266365,4.853006349892673,2.0652411922786946,3.2344341637840532,8.275037550248767,1.1015413281739896,1.058657973161077,7.943015897481901,5.7246629522355565,4.894685576884161,2.9927127192851066,0.2523139286139896,3.320988271255563,0.0,6.9309443227548355,3.7453283107221265,1.8189530169121846,7.286931167267332,0.8898646176376324,5.970136206502953,0.0,5.1576347504828925,0.2523139286139896,0.0,3.717831276063704,6.458883589183986,6.097925956559799,5.528662921064982,2.4769332801253032,3.664586761544892,0.0,5.506773585110369,0.2523139286139896,0.0,7.2470592168361,1.3531511425266365,7.5369131209095235,6.494216667677413,1.0012934261440802,5.4127971747730435,1.7212297030375279,1.1015413281739896,2.5467462195307253,0.7644906206280805,0.0,0.45355661557541815,4.208993803782184,2.5907295585256676,5.019720564423789,4.298321603874402,3.4473905256985296,4.333160655130537,5.942644507492283,3.021088080816299,0.2523139286139896,9.452729532735832,2.4769332801253032,4.4162456776105445,0.0,2.292120529946163,0.6210602416650445,4.262953079154839,6.565281871300985,1.6685555169171893,0.7644906206280805
TCGA-55-7914,0.692897149304736,0.40533176588515196,5.960507793187158,7.786261066493534,4.04255991907234,0.40533176588515196,7.559059110283271,6.494766942223867,4.033750252446251,5.698270645730531,0.0,2.8327426450595286,1.252420052563563,10.571970557601365,5.246523947118804,2.30213499171366,3.828152146390999,0.692897149304736,0.40533176588515196,0.40533176588515196,0.40533176588515196,4.604675063435147,0.692897149304736,0.0,1.6090378324127608,4.72245531993421,2.30213499171366,1.7913427157317126,0.692897149304736,1.9454814857637597,1.9454814857637597,2.014476262827477,4.519444527562549,0.0,4.255120390067179,0.0,0.40533176588515196,0.0,5.939673760570678,0.40533176588515196,1.8874029268225,1.8713867059901192,0.0,0.40533176588515196,4.64389077409969,0.692897149304736,1.8713867059901192,0.0,0.40533176588515196,3.0199516034320593,2.5252725403086385,7.059978387952059,1.1783164775121504,6.9650520165882455,0.692897149304736,1.7583060929688354,2.602230320693291,0.0,1.7913427157317126,5.302807271820889,5.556329868123655,5.834313537455971,1.7043480122170855,3.1029889902856986,2.30213499171366,5.312708318283399,6.703302217160211,0.40533176588515196,2.014476262827477,2.014476262827477,6.757014943979352,0.40533176588515196,5.370140229828041,5.211718631682661,1.7043480122170855,1.098278899766872,0.692897149304736,4.085485435788776,2.4844482113878397,0.9160106926668362,0.40533176588515196,1.098278899766872,6.962215054771752,3.6159565487219054,4.579357896793757,6.4186813622139764,2.2508495955859917,5.686476927059836,2.802893605317091,11.73457189615916,1.7043480122170855,5.023380395804594,0.0,0.0,0.0,0.40533176588515196,6.319000545652947,2.8898994241419156,4.653464989391397
TCGA-55-7994,2.804208505995237,2.0345487727890994,4.606162693289731,7.493244863168867,2.075107161812281,0.0,5.555754126163791,3.2086557776448426,5.660238027622837,4.711159503908331,0.9489902280371708,3.2213727050667877,1.426980346391307,9.608505567101938,0.27505265605163925,0.27505265605163925,0.27505265605163925,0.8181926695341697,0.0,0.0,0.49054128046328366,5.594164761832076,5.532226757681724,0.0,4.722481999525658,6.316809027840282,1.262119063419393,9.656697872126639,0.0,0.6677268032130341,0.6677268032130341,0.49054128046328366,4.636106679553675,0.49054128046328366,0.6677268032130341,0.0,0.27505265605163925,0.0,4.540814048217663,0.0,0.0,2.5427509394724384,6.512461269435365,0.49054128046328366,4.888166296449158,0.0,3.2213727050667877,0.27505265605163925,0.27505265605163925,4.1389864516452155,1.5684700739457975,5.078742440110852,3.0020373546885852,7.5157312066669535,0.9489902280371708,0.0,2.3205919912865034,2.075107161812281,6.484332899860061,4.5641752598493595,6.002312989389802,7.65065882345684,3.7710560373010016,0.6725872665945841,0.6677268032130341,4.841782623249265,0.0,0.0,1.0646072833654243,3.026741479761669,6.109147577764032,0.27505265605163925,0.49054128046328366,2.7449669801851924,3.4054616102358324,0.27505265605163925,2.351213339293582,2.222664877817997,0.9489902280371708,3.4159152078157704,2.151611029042518,1.8535442021690052,5.111710641521172,4.100245451015275,5.892342862739999,6.057895807134657,1.7490607146949397,2.222664877817997,0.9489902280371708,9.717471178303201,1.426980346391307,5.698092986838488,0.27505265605163925,0.27505265605163925,7.512797757817998,4.474508956216968,6.333601068479314,2.9796079729120106,1.8026664380667294
TCGA-55-7995,2.6400354225549414,3.021424386477446,5.399894233225313,4.2569550708597115,0.8814922263314595,0.4483968754916767,9.571128843746454,5.779236207534278,5.501858030616694,5.83947527974498,0.6144826893762628,3.784225996893484,5.283477802851374,10.186709694265815,6.641889491331252,0.4483968754916767,1.6015468598113292,1.9773949732724718,4.1863964091175045,3.275690846422433,1.6015468598113292,5.644647992030677,2.510915468969051,0.24912314027315746,2.414537832121118,3.1135508641338463,5.3541398884816,2.279326701416844,0.9922883461006202,0.8814922263314595,2.964700737372001,2.088475611309707,5.2607972066341135,0.8931449223668426,2.2196707661660495,0.7568728714404901,0.6144826893762628,0.0,5.758027574841926,1.4804447777497287,2.8685918437227387,0.7568728714404901,5.813616967137474,1.1827083090212116,5.121765135144691,0.4483968754916767,3.8704152856399565,3.8033302774456446,0.8814922263314595,3.7777759281910477,1.413909528152864,6.290399937789726,3.26537384026109,6.821468366777238,3.949761851928414,0.0,0.6144826893762628,0.0,4.928767032223289,4.4724281959890275,5.677130443658775,7.1064093970636515,1.8524154631014014,1.62130719300419,0.8814922263314595,6.039540170339545,5.252864876143366,1.4804447777497287,6.516629371384853,2.993464704561579,7.280325225386032,3.138385683777927,0.6144826893762628,4.60250664190185,1.7095547037688732,1.3426297886336267,3.6828110787123296,3.887955697294187,0.4483968754916767,1.2658484080440036,2.9199359538664207,1.2658484080440036,5.893950941543104,4.57937841954939,5.566648409717903,6.424223759040691,6.229859206782731,7.310276056800851,4.567874259244385,8.638231367793281,2.1884528849490956,5.201222595307243,0.7568728714404901,2.463887282563925,0.6144826893762628,2.533625382834862,7.087640537075742,3.5375564393376706,3.6756700933873887
TCGA-55-8085,2.7917600228402137,3.161949854599387,5.317399145860431,5.542631236892524,3.70539236248815,1.1274264771840703,9.103427540988994,4.295556020536571,4.984250250151543,5.2539840060583085,0.7148108201959716,2.8931124432291657,4.2519393044519145,10.041125501703442,3.8031295897551542,2.074290799352268,5.70572059528646,0.5282135733672177,0.5282135733672177,0.2985478257620869,1.3158450724292392,5.622478416258649,1.5743080204503621,0.0,1.0078484253545203,1.499511433055496,1.8276412811158216,1.9827929666240312,0.0,0.0,2.1581140803311376,0.0,4.58788159585055,5.499329821785481,2.4960361531307433,0.7148108201959716,0.0,1.0078484253545203,8.166750216925447,0.7148108201959716,0.8936360413093488,6.234502878334934,6.40758600740465,1.8276412811158216,4.637598653207429,0.5282135733672177,2.8128665687383516,7.4295564504611065,1.0078484253545203,4.102626835974572,2.1581140803311376,5.557511225973074,2.6123099288213742,6.812118445832417,0.0,4.119732867721383,0.87204622055257,0.2985478257620869,4.373088054328513,3.6344866242833906,2.5518017669705824,6.50742993960383,2.9673945255222356,2.559905891309821,0.87204622055257,4.624041006738342,0.7148108201959716,0.0,1.770076074396896,3.3371884980196587,6.662479864807513,5.908311172990947,1.6439166308503428,3.0693962185708243,2.307234268808157,1.499511433055496,2.3412864405311207,3.507330598709356,0.0,1.6439166308503428,3.643628394917919,1.3306759373568784,5.023939729619718,4.772868678360618,4.9453996411298595,6.9853457516143225,3.1167412114991526,4.599846037831391,1.5743080204503621,11.177531047293439,0.7148108201959716,5.270221343922541,0.5282135733672177,0.0,3.1012087824843375,1.5743080204503621,6.775505350645701,3.019692910998834,4.972268616151065
TCGA-55-8087,1.1295293913028313,2.856751775771459,5.233175997067246,5.473727595039214,3.750346074291416,0.0,9.044381414714772,6.853192434911168,6.610305658971304,6.078222350283823,1.0098539320523425,1.1295293913028313,1.1295293913028313,10.935110318815624,7.895871666219624,2.527191573705037,3.3277696908850913,0.7164241574644385,5.413367783110492,0.2993635772256188,1.9855016725708128,4.931029157778243,1.4210338949237873,0.8738841492236616,2.439839546418692,3.561213682194819,1.576790746101855,2.0770386570635258,4.229950052418396,6.179343549321881,5.352436165435533,0.0,3.984027337911231,5.338936140420374,4.1506965398686635,0.0,1.4210338949237873,0.0,4.686787038660413,0.7164241574644385,3.617310947095135,4.034194619394434,0.7164241574644385,1.9363935812562052,2.72854539897353,0.0,0.5295099789701184,0.5295099789701184,0.8738841492236616,4.931029157778243,2.72854539897353,3.4785780878130215,0.0,7.097573664202715,0.0,4.229950052418396,1.576790746101855,0.5295099789701184,0.5295099789701184,2.469809932308576,3.71697116128012,5.663862850654957,1.4210338949237873,2.5296967609096086,2.160894792530974,3.4785780878130215,5.127167177017005,0.0,3.388493697140558,0.0,5.8884900714801525,0.0,5.292832351317464,2.527191573705037,3.104200953859686,2.200319782243522,1.884733589234832,1.8302748054563889,0.2993635772256188,0.7164241574644385,0.0,1.884733589234832,6.230099484876236,5.0065871112496865,3.222222219438974,2.3441204330228835,4.503738608600816,9.382190628902842,1.3329726951874845,8.330109111792641,2.72854539897353,4.6738376712093395,1.0098539320523425,0.0,0.0,0.0,6.069892104975183,1.884733589234832,0.0
TCGA-55-8089,4.7334666502539715,2.0351238610287106,5.656890008717923,5.424042116477201,4.376903533975111,4.508863009347549,7.691044763394272,4.452352284284037,4.392455811258171,5.375195070878417,8.182425101911136,3.1726391976464465,2.503671156724307,10.992926225296571,1.9200940484457028,0.0,1.4647820141686319,0.6052444973840342,0.34769474235795184,0.8098184873636383,1.1246373464922599,5.232658217741762,2.275460525597388,0.6052444973840342,1.4647820141686319,8.529192905995796,3.2068882602628306,10.280680064218632,2.1861299253306057,0.0,0.0,5.590841447533387,4.285552903205789,0.34769474235795184,6.61382573163649,0.34769474235795184,4.758749273916392,0.34769474235795184,6.903402820763006,4.737119077117375,0.0,7.357186234522044,1.2513333756857736,2.0351238610287106,6.61382573163649,0.8098184873636383,4.045444892057106,0.6052444973840342,0.0,3.3908776492553003,1.9200940484457028,4.8636036580807485,3.611539341139156,6.537931408418283,1.1246373464922599,5.625907415933235,4.03813922347353,1.6406070678461298,5.717478257785188,3.256156195234908,6.239234367348456,6.696765075640476,7.305745855581767,4.080835389530304,0.0,5.506704576620268,0.0,0.0,6.487948823603288,5.748440302950557,7.4845484024093905,0.8098184873636383,2.1861299253306057,1.979262025877925,3.0021118805180302,1.3637419566493791,3.0225591922576713,4.008376277386283,1.2513333756857736,1.6406070678461298,0.6052444973840342,3.741633181549802,5.6289008699926715,4.279236424061228,5.510072313188986,7.615086390308439,3.2068882602628306,4.392455811258171,0.0,11.395990444647182,1.4647820141686319,5.573620636795624,0.0,0.34769474235795184,1.3637419566493791,0.34769474235795184,6.7557398179518895,4.095132584983924,4.08818395794189
TCGA-55-8090,2.0946872332704,1.7308410542586379,4.529036162778344,5.294329425270176,2.7834668403869642,0.0,8.854383741417182,4.156815322013919,5.950072077397694,5.833824871139496,1.0501920560655573,1.4831034170479513,1.6146244391214004,11.4953020813966,6.308384375125707,0.6570535729117066,0.9355049507979594,0.9355049507979594,1.8349466644545909,0.2697981033532202,3.3066302590557735,6.290173721971454,4.449057749841254,0.48205571026987687,2.2029857277712908,5.159738973501971,0.48205571026987687,7.941352488532513,6.502086650165038,1.4831034170479513,0.48205571026987687,0.9355049507979594,5.066246585833835,1.5575760353814263,5.562691149042576,0.0,0.0,0.0,6.447659207397582,0.9355049507979594,0.4469908549366627,4.79967555116368,2.764134334405698,4.397045780519704,2.2366268979294954,0.0,1.8831985295448364,0.6570535729117066,0.0,4.275551609291868,2.497246861872605,6.857660213799581,0.0,5.613675401850057,1.78424799527752,5.598881112830378,4.180769934211001,1.4831034170479513,2.892208958098768,3.0057321081323245,5.804390716125461,6.582836444044812,5.48356380835905,5.145224460414211,2.0946872332704,4.1020001830329775,7.106311012214839,0.0,3.704772488115849,1.78424799527752,7.176659648723048,0.2697981033532202,2.497246861872605,2.300693304690428,2.417688987398861,1.6744200851437574,2.3609011698168816,2.389698131482637,1.4102305901633612,2.2029857277712908,1.0501920560655573,1.7308410542586379,5.163287709228163,4.473341343202717,3.3628861214977737,4.773849103740887,5.688729748696572,6.841577014199466,0.2697981033532202,9.926891530315144,0.0,6.047636919413166,0.2697981033532202,0.2697981033532202,5.129034436216364,0.0,6.040607030158209,1.7308410542586379,3.3301774570905716
TCGA-55-8091,3.559246168275134,0.7539600199564577,5.130241851311321,7.461048262911631,2.7249007629193533,0.7539600199564577,7.322193342778164,6.5384827461497546,5.71860211925448,5.804725246437479,0.31852645574676197,3.157328027055906,3.8042172804589915,10.64073534706493,6.551423133424183,0.31852645574676197,3.7527763632125177,0.9164907118768213,2.7000045884544015,1.0562613481275793,2.3752219836377577,7.195532346921704,2.5058442536695447,0.0,5.158675916913336,2.302895044953974,1.8911371232080219,4.034578634122666,1.386544329875098,7.007265716250918,1.5584182648123845,0.0,4.430784655469578,0.32128607986555846,5.20503363211566,0.31852645574676197,1.1789011198969126,1.0562613481275793,5.56006220844374,1.6344036584518484,0.9733513631557674,3.422149674636804,1.2881025333533556,1.5584182648123845,4.2106123764359795,0.7539600199564577,3.641205916285202,1.9983941628265138,1.0562613481275793,4.041193402720573,4.092596368354612,6.809658319712493,1.7470932897321612,6.142918737530347,0.5597872018146528,5.592728001367544,0.5597872018146528,1.4761807679144139,2.8187205943749127,5.156517599217308,4.254177638041925,6.555699649563226,6.233773267683203,3.6687558253022825,0.31852645574676197,5.447077830944852,0.0,2.0952533731959235,5.61892876822037,3.2632218427178237,6.882652832421296,0.5597872018146528,1.0562613481275793,2.1403719990767427,2.5937087364406244,2.1835425144464433,1.832869422284271,1.4761807679144139,1.6344036584518484,2.047989573530054,5.361048004449091,2.535995756664033,6.272748696427984,4.254177638041925,4.864985049647043,5.219344503053744,5.293646474898138,9.453592386167044,1.5584182648123845,10.97885509661361,1.1789011198969126,6.1445289228348186,0.0,1.0562613481275793,1.386544329875098,0.31852645574676197,5.9166790377854745,2.6213587729235,0.9164907118768213
TCGA-55-8092,3.106978434769343,1.6101976237803424,6.868912574374622,5.518388201902066,4.49950295663176,0.36804011501742856,8.215374330446886,3.7359371660733385,4.3389442749519125,5.981510166246613,1.2999736546533633,4.168451224851156,4.73615458778351,10.882229002603257,5.647166266737228,4.924154685315165,1.6953586949417006,0.8478405702364259,0.636418086313856,0.0,3.4266896744230912,7.841952724396196,2.5658182106684793,1.9779762077200558,0.0,6.827362676769312,1.6101976237803424,5.9553346524502295,0.36804011501742856,3.8927402829580275,1.9779762077200558,1.170715872424484,5.150855102649189,0.872297046188265,1.5170813663559484,2.5310265854015532,2.0376946403984944,0.8478405702364259,6.446481434045394,0.36804011501742856,0.0,5.973613663919535,5.417033300253021,4.3898745093895,6.099010922033822,0.36804011501742856,4.602761286919051,1.0222350770703446,0.0,4.297455459786074,2.246268677515142,2.378341705393292,3.105980325722523,6.32589362647564,5.94490214962261,5.1464881566896725,0.36804011501742856,0.0,5.916538933083924,3.3834135152962284,6.9061349669853636,7.399110580232598,2.7524115248009635,5.334427477560094,0.36804011501742856,4.891281024698387,0.0,0.0,5.957636268609825,3.106978434769343,7.442258366102484,7.05950593820548,0.0,4.616050777084303,1.170715872424484,1.170715872424484,1.0222350770703446,4.2791339048595685,0.36804011501742856,1.5170813663559484,4.6963445523671,2.9335642738423813,5.189562206710999,4.529554000128577,5.516601128190594,6.246397420911599,2.9335642738423813,5.453879906374603,0.36804011501742856,12.546227379143033,0.0,5.182092491328933,0.0,1.0222350770703446,3.25471775944943,3.510795904268816,6.310040088989102,3.002166529263234,2.0940591815032175
TCGA-55-8094,3.809030794233188,1.0253603602607748,3.1378089262234363,8.273831626544919,4.8039800602868485,8.45013630184921,8.868659594425358,2.4620388295841535,6.458593736607243,5.105399870540679,3.502128100240596,4.180092502522733,4.906074458608994,10.741245769155249,5.15476449768243,0.0,6.819273730911323,5.018610077480176,1.0253603602607748,0.46750049902761703,1.7523774097258182,13.539745198599954,4.250496096147944,0.46750049902761703,0.46750049902761703,7.306061489891822,1.219087992134783,0.0,0.7848599884831448,3.446741011696817,6.631424535724895,1.3813320692900757,4.42802242201604,0.46750049902761703,1.219087992134783,0.0,1.9402369439592861,0.0,4.198163890861098,0.0,4.971845954554665,6.492567054205707,6.172987868730329,8.414451465954324,2.4098777408816625,1.0253603602607748,2.5116053788617214,4.443134669039405,4.2419625216497705,4.8039800602868485,1.7523774097258182,1.5208689594161109,0.0,7.154224655599844,0.0,5.916576655511529,4.842327090020652,2.0983123624300872,5.330939433365292,1.7523774097258182,6.709974847125637,4.7842448105313995,4.377978451827312,2.2869840267653947,5.053471259215568,3.0847179503305724,0.0,0.0,6.287912462054776,1.3813320692900757,7.545506021921704,7.835966676551981,6.750544588761575,7.824118008264416,2.5116053788617214,1.219087992134783,1.0253603602607748,1.219087992134783,1.3813320692900757,0.0,0.7848599884831448,4.8185381111873715,2.5588306764533595,4.737110313221121,4.26734924026751,4.832879299245221,0.0,6.361570144683054,0.0,7.891401809737481,6.762332896500451,5.3338244619816075,0.0,2.838669022974131,1.7523774097258182,3.3258126974223887,5.1347802718371085,0.0,0.7848599884831448
TCGA-55-8096,2.9811768555447924,1.0546952316016531,5.66153585472778,5.856926934127797,2.949023192428297,2.3375177795340685,8.503935697924314,4.696143703322741,5.098554592134139,6.164650753362078,0.4847074956109317,4.238372753520766,3.7115382926701397,10.952690735530025,6.723927388236637,4.400077728931255,5.318188618940441,0.8097739924916649,3.291512715511913,0.6603656910355657,1.7763919920969333,7.995411097475291,2.623639076886878,0.0,1.55650116305074,5.638500566163596,1.8407718309320087,4.7807272484250225,0.4847074956109317,5.318188618940441,3.8333736599078816,6.679086491625089,5.1648202590500585,1.2521627884233355,5.80943894651467,2.0618756609998132,2.64601166351114,0.27140023987749806,6.426731146452936,4.082877398225637,3.659687484581046,6.716025604310987,4.278077622376323,3.6805775887945518,3.7778834278966706,0.0,2.6678877112831354,0.0,5.1541062914438145,3.9174522404230308,2.5036139061425846,6.412504403365147,2.0618756609998132,7.1579379559629634,0.0,5.1594977300631975,1.4884673018544359,0.8097739924916649,3.8400972658565573,4.251784113491974,5.984059698763561,6.95720237018489,3.2193717019008603,2.7281469028013325,3.6239782005302383,5.793409871325028,7.062200201230134,2.5773414876346052,5.340859480813706,0.27140023987749806,6.294223022301594,6.967824452448047,5.152302666363145,4.215614843695957,3.2068275348368736,2.477772931887104,3.1550069461367647,3.5814918853714777,0.4847074956109317,2.367182987368991,2.242824472820672,3.2317644090814635,7.02101253316657,4.955798888190422,2.9325475023500163,3.347895052972136,4.79887668764861,2.5773414876346052,2.5773414876346052,11.141664662703077,0.8097739924916649,5.755640942636398,4.282392746097801,1.8407718309320087,2.770636818514536,2.0618756609998132,5.945664034473477,1.6201800089660026,2.8458508010122676
TCGA-55-8097,1.6870653981133892,3.4217872806779606,4.52909227477791,7.568673645990625,3.5446423882941738,0.33668649937959433,8.936478361025264,5.672756096051078,5.739316914666017,5.762233756086261,1.4357033813774334,1.7585301053766131,1.8252264820609627,11.357595923892344,8.017195401174085,2.833977757700001,4.835495883830513,0.9560113200690874,4.48041049496974,0.7889118025443247,1.4357033813774334,6.785041733313387,1.610097694729885,0.33668649937959433,2.434358691603488,2.8572342820562735,1.7585301053766131,0.7889118025443247,2.596008154387334,7.683937608470795,3.4086263848231795,2.8572342820562735,4.767008383840645,6.295153448980394,4.217362759364876,0.0,1.3356061467923674,0.0,4.658568762712787,2.9239301025349,3.64916101711669,3.251157131321882,1.0991454798297684,2.1524828737466515,3.235528397909743,0.33668649937959433,1.4357033813774334,1.3356061467923674,0.0,4.1874204296266235,3.0064545835822667,3.8926158999029172,0.0,6.601226042633613,0.33668649937959433,5.431032801369515,0.33668649937959433,0.7889118025443247,1.22436349397367,3.2966180422881517,4.493923491832597,6.694134987141075,5.551439049648595,2.8684385291464807,1.3356061467923674,4.666124165325089,4.457472639833482,0.33668649937959433,2.760769145434439,0.33668649937959433,6.04818272516949,2.3986313654520512,5.411561226828928,3.0826848988177717,5.519867649283683,1.9466099041695866,2.2831168097986474,3.434773991661119,0.0,0.9560113200690874,1.22436349397367,1.5266865396371327,6.721031647258133,5.350881353264026,4.61195610944051,6.4842244642573394,3.955879112370515,8.891360252339519,0.7889118025443247,9.746436002584007,2.681781513825037,5.422228255170535,0.5881754781933227,0.0,2.1524828737466515,0.0,6.652351931022909,1.8252264820609627,4.091804672765296
TCGA-55-8203,2.2069768687788978,1.8337487821669831,6.195910380488783,7.707440281902325,4.691136850789264,0.3396101653121401,8.804661240966752,5.890903606153368,5.448120036034881,5.442885133730075,0.9622578674262908,2.889543637321176,3.405103077824646,10.749827811712468,6.358330881951485,1.1059188638505477,4.197413955261797,0.0,2.292231680914554,0.3396101653121401,1.0163894284102772,8.442984598815833,1.3430997625326166,0.9622578674262908,1.4434541638477636,6.539778133682074,0.592663641981623,6.520903856364755,4.244908818513939,2.063680486218373,2.889543637321176,2.511499894057521,4.605444148456947,0.7944394320418177,3.6429794843061316,0.3396101653121401,0.0,5.441135503564291,6.768111529621909,0.9622578674262908,2.353259195722001,7.220147037049276,6.958885560083744,5.051732450755937,3.092368846037765,0.0,3.5997175846538356,0.3396101653121401,3.653508720270201,3.27630286929039,1.4434541638477636,5.786099517145415,0.0,7.1703964281904335,1.2315101473190242,4.256437901169064,0.3396101653121401,0.3396101653121401,4.306735847886037,5.239866941950942,4.11507486367069,6.75123011563218,0.592663641981623,1.3711807233098425,2.2505125477009362,5.025517338423937,1.3430997625326166,0.0,2.2069768687788978,2.2505125477009362,7.445919767021569,4.968117417936841,4.55200883207384,6.4280018747705565,3.3778809883141774,4.128191890205482,1.8337487821669831,4.657164734439526,0.3396101653121401,0.7944394320418177,1.5346497089755142,1.8337487821669831,5.5458842259007195,4.666904779792929,4.101783491319099,7.047804136714887,4.390346924861027,5.1893057492787396,0.7944394320418177,11.7203216751888,7.346455272148724,5.823862130320048,0.0,0.3396101653121401,3.0738408042202616,4.9709237938600275,6.385162358012243,2.4078636052896885,5.659189489992785
TCGA-55-8204,2.7046109603546973,1.9317097996541719,6.327000631389585,6.578345246191417,3.886639554263749,0.9591203098495107,10.447156868641864,4.649579338955497,5.866272570404954,6.418568830319628,1.4395744305621747,2.6680611928858466,1.6661584526436042,11.06059199484733,4.952709527092631,0.0,2.9845095335315106,0.0,1.1461000177354652,2.59069957194466,5.536081514147295,6.015664355363413,4.010682116750712,0.0,2.773931570215723,3.8183253248478746,1.6661584526436042,10.923721996876298,0.7289968334536425,2.59069957194466,0.9591203098495107,5.2822642012257885,5.518203618618367,0.4399309449894429,5.251823064868251,4.7927694577774105,4.010682116750712,0.4295071025884023,10.85061588029707,5.805162076982796,1.5570071292461272,4.387002982092416,2.50683935978755,3.180912241196426,3.5648683140164272,0.7289968334536425,1.6661584526436042,0.0,1.1461000177354652,3.886639554263749,1.850782809677516,7.3928876396740115,1.6661584526436042,6.408896104151916,4.359949723152793,3.62382613382335,3.0112758439297873,0.4295071025884023,4.761147767442444,3.579934745124564,4.8277295667078794,5.690575647168919,4.0009144473210085,3.8475868790480527,0.7289968334536425,3.9710199503557946,1.1461000177354652,3.9710199503557946,5.330164809987156,2.20245531757498,6.831337410301139,4.1883538962933775,0.0,2.7398718134251663,2.2600637387128866,1.6661584526436042,1.3035647135208945,3.2663165074682605,0.7289968334536425,1.1461000177354652,4.380308910229599,2.7398718134251663,5.91377053741602,2.857406549323622,6.74300209068011,5.390659509722467,5.741790914841907,8.705564743359549,1.7627253626429995,12.148152176694177,4.41982205373178,5.322341463048387,0.0,4.029939365529764,6.662688152751653,0.7289968334536425,6.209535253272901,1.9317097996541719,1.7627253626429995
TCGA-55-8205,2.764663651661826,1.6319818768689949,5.044179670881468,5.337374604801563,2.946452739662727,4.065253833750269,6.730313795238126,4.4883722899223155,5.141312617737872,5.652022404679206,0.8179278974572511,3.718212502719706,4.2020637939208205,10.700701912755346,2.6596579577517865,1.426620232591456,0.8179278974572511,0.0,0.0,0.8179278974572511,3.0238337036648657,6.021996176970127,3.96839955813877,0.0,3.806400233161839,6.974235663482049,1.347605506504779,5.06237348950067,1.426620232591456,1.0642968582529893,0.0,1.6319818768689949,5.285596802138657,0.6675216329209726,3.9318452403752318,0.274976699954227,0.274976699954227,1.0642968582529893,5.349476151889651,0.274976699954227,2.2943412053381524,5.118849733436978,4.118131073369609,0.490357575126127,5.49604464349184,0.274976699954227,3.755907062402273,0.0,0.0,3.405006783336103,1.5680949488997178,2.0747053435793954,2.7676515544599645,6.367056186805729,0.0,0.6755940213123561,1.9015551350509392,3.1953287558921275,4.707835071697907,3.169067742796083,5.421954345505996,7.458883722520493,7.11153658601733,2.8975735404713494,0.0,5.064378252272621,0.490357575126127,0.0,2.859683429090715,1.8022706988537025,6.512461269435365,2.929693961625599,2.4646784319410084,1.5680949488997178,3.9743647403969122,1.347605506504779,2.822752941962357,3.5957713479647504,0.9486804746758062,1.1678895641528542,2.614362038449871,3.293979586772983,5.830603066811503,3.945281750547954,4.828737647439701,6.878607582225153,2.877652318821501,5.308034997061254,0.274976699954227,10.459508314674595,0.490357575126127,6.691003755063576,0.0,0.6675216329209726,5.449535178290658,2.9791607207102238,6.6691084200378254,2.946452739662727,4.3513599314366145
TCGA-55-8206,1.0195690813276568,3.906610383583262,5.108977237094935,5.0818452615641,2.4280452506583448,0.4641741709221777,9.417484614201483,5.2470977536564645,5.7928123686245865,5.457920298654883,0.6344581842112658,1.8430860963933957,1.296916549968674,10.965416838671166,8.13888594735039,0.0,0.906927028921189,0.6344581842112658,2.1262416317265926,0.25874232855407325,2.2135680696761666,5.418116147002892,1.691939133945844,0.906927028921189,3.969889945981529,1.5767700821697148,1.6360214190837874,2.0903814817181705,0.6344581842112658,6.602950106093493,1.8430860963933957,0.4641741709221777,4.601311751795403,2.628068602672577,4.451562025637192,0.25874232855407325,1.2127442227130223,0.4641741709221777,1.691939133945844,3.997382018015317,0.0,2.929592471049446,0.4641741709221777,2.8644098678917005,1.6360214190837874,0.4641741709221777,1.0195690813276568,0.7799210293419838,0.25874232855407325,4.616288151721938,2.47882989029437,1.9743587652266834,1.0227746163169276,6.955440070547548,0.4641741709221777,1.5254474225124666,0.25874232855407325,0.0,2.7946803943394323,3.603740867811107,1.296916549968674,6.891794582011139,2.8125723654417527,3.1072065619579488,4.148128585500873,4.819143821845803,4.931772445670531,0.6344581842112658,3.786883728856002,0.6344581842112658,6.752259862067778,0.0,5.467941990695727,2.5271676085025097,5.986271084396628,2.226707864320949,3.3487103926484334,4.224438177455568,1.2127442227130223,1.9324919549663526,1.0195690813276568,3.5111483450743566,6.450492538803235,5.448180295667832,4.772784113909772,4.065511180133056,4.912419563932401,7.924057847800889,0.6344581842112658,10.127666567572694,1.79520353163061,4.9816457964367675,0.0,1.5138076814188501,0.0,0.0,6.625542224152969,1.79520353163061,1.6360214190837874
TCGA-55-8207,0.7370205150039152,1.9706166988307916,4.115745584606579,5.68156413186749,2.7658661764789545,1.1566924997446342,8.852666357704274,6.349161718394265,5.592273466066171,5.154308418397554,0.30983487709291424,1.4514264560576728,3.852941567291047,11.004039625272707,6.009063768294704,2.9717059389511364,4.388873143750939,0.7370205150039152,2.7884682229519537,0.0,1.9706166988307916,7.375475052213023,1.0353884585010742,0.0,2.71908245471664,1.6787587301408116,1.7443358708820587,4.4111703022152495,2.7658661764789545,6.859669466698666,1.1566924997446342,2.0199966924080113,4.330662285130394,3.5477219133442133,5.026974414029587,0.54609623784791,2.445299195193221,0.30983487709291424,5.530864564657446,4.46691795342736,0.535498723970875,4.8755026201047595,0.8973117652763523,1.8058924596939676,2.3460468004045816,0.0,2.1120055325530984,1.3624882304882548,0.0,4.676830164248271,2.8321892904805277,5.244505112770787,1.5108764529434384,7.535179236922754,0.0,6.490462498918233,3.0941240639516665,0.54609623784791,1.7443358708820587,5.875629924561377,4.227748655077685,7.321003354405399,3.353623477548504,2.47324727601927,2.0670652706117805,5.66533959224747,2.2358575109433363,0.0,3.110452846878139,0.30983487709291424,6.286262491582673,0.30983487709291424,2.3802403375596497,2.476303078313833,5.416629151280875,2.563941157090608,2.7884682229519537,2.7658661764789545,1.2648891482932085,1.2648891482932085,0.8973117652763523,5.211375078080831,6.413114635600407,4.29534338566256,5.274705794422805,4.835924700303636,4.269258192401438,8.514192694423999,1.4514264560576728,9.173750036344739,1.8058924596939676,5.500171906444305,0.0,0.0,3.327902412265445,0.0,5.884914435272224,2.6183734569935964,2.0199966924080113
TCGA-55-8208,3.667757957491825,1.8176383697704703,6.529211517502689,7.221631275516393,4.479134062097086,3.2077582530542768,8.608975336837913,6.365088049359987,5.488301159955043,5.940331766153251,1.1193621795867068,3.025179419076719,4.348056115102728,10.954337149004651,4.986588472937703,3.463978108784646,4.496532082681131,0.4158773784554742,2.6313995118019684,1.634286610403491,1.8980695339214695,7.035831820923696,2.8016558987988525,0.0,1.8176383697704703,5.925292692807733,2.041804573739771,4.5136325810659494,2.330501770988254,2.37944427709107,0.9349947166679268,4.257362950303002,4.570053758718775,4.286439041393996,2.041804573739771,0.9349947166679268,0.4158773784554742,0.7087744364456444,8.764643719997466,3.3620891955108068,3.623468552563202,6.519372926198983,4.41885265591679,0.4158773784554742,4.6702554326440255,1.1193621795867068,3.447702397184547,1.8980695339214695,2.279050309860382,3.9015402528636898,1.8980695339214695,7.432797368219404,0.0,6.623292020585691,1.2749716624756244,4.334627065678646,2.4706640369248833,0.4158773784554742,5.997043953233595,3.8144719166618017,5.870073447710934,7.110132698979209,1.634286610403491,2.8714833792139958,0.7087744364456444,5.980234222412104,6.822161442261938,0.4158773784554742,5.808532804188332,3.32567969838374,6.336282220639503,4.665408850979831,2.041804573739771,2.5935741912033228,3.306967285024616,1.2749716624756244,4.099479688198567,4.830639031708569,0.0,0.4158773784554742,1.634286610403491,3.463978108784646,6.008515843943695,4.101530349170159,5.546294008390008,7.637595943478558,4.141349005957298,6.798282988217903,4.3278449624098965,12.233249973534965,2.6313995118019684,5.546294008390008,0.4158773784554742,1.5282495487472594,5.05465217951303,1.9725242593337584,7.099812622164096,2.919650046147932,6.134583890577533
TCGA-55-8299,4.5950046919889935,1.9927255755975617,5.022458457561832,5.35345874754424,1.7309473298312976,3.9451443861829563,8.131836546184724,4.360454367488265,5.084498950693076,5.919589848572054,3.814372689640218,3.170009057764839,4.472606325153696,10.611126715218258,3.642000088206182,1.262486965391818,2.3313668944194976,1.3753850706118547,0.0,3.433596805708815,1.916157613763019,8.356359899256784,1.3753850706118547,0.0,0.3523455857775031,6.965505184523041,1.3753850706118547,9.446178998734933,4.203033034085545,1.3753850706118547,0.8185014817126468,1.4767975512945226,4.48000597636685,1.8723251170676223,3.630871561922338,1.9334181623582867,0.0,0.0,8.145404609667457,0.6123166626453966,4.209515299908411,2.8844989913557044,3.6196204757951307,1.870370383143168,5.552176332523093,0.6123166626453966,3.44713586460332,0.0,1.8030949788918005,4.270185442500217,2.101716600193513,6.581407219488091,2.679294010015477,6.263691552911146,6.107310151600536,3.716606482594465,0.9893553027311602,0.0,2.703908301934875,3.4604909219040123,4.1709521458377505,6.504791041089537,6.6113916304673275,3.232419691231499,0.0,5.193417855722263,1.1352013368987253,1.262486965391818,4.196698061333917,4.866156578549003,6.979750306153285,0.9893553027311602,3.3630142633544478,3.9119089989296523,3.1153181276007316,1.7309473298312976,1.9927255755975617,3.805014465857939,1.262486965391818,1.8030949788918005,2.2894694578466708,4.258306949433352,6.009586841867226,4.3639008506898005,4.965198501087649,6.237619298230025,4.270185442500217,5.357444396945793,0.0,10.45332425209841,1.262486965391818,4.3496067434177705,0.3523455857775031,3.6853105932993833,1.9334181623582867,0.9893553027311602,6.839696970654962,3.1338842249367334,3.6958525852256314
TCGA-55-8301,4.276217407248875,2.568251591388146,6.465709170610972,8.455209271172146,2.0645436166427236,1.6679143461929533,8.931668254369216,4.456221120942292,5.006540254187147,5.6166910944664,0.8286828133526378,4.608711906684355,4.003022087608942,10.996127039483724,3.0342267615311314,0.3577443718967526,1.2755303841350356,0.8286828133526378,0.8286828133526378,0.0,1.8182877942408784,7.307705206402192,1.2755303841350356,0.0,3.335655690851435,4.523773562183612,1.8182877942408784,3.5547335870243564,2.3477878778248744,3.464726018037725,2.9919601681011976,0.0,5.078007297129821,2.9804561860014744,4.582660738557478,1.0007789283193465,0.8286828133526378,1.147561170399973,5.602517265475349,1.6679143461929533,0.0,1.2755303841350356,3.7546765579039842,1.5832992548244056,5.357449109869808,0.8286828133526378,4.201800381197959,1.490857058605419,2.748788992161153,3.9629613368237875,1.948976870426098,3.8227807783053387,2.507409875549259,6.2898343022646035,0.3577443718967526,4.725864535211101,0.8286828133526378,0.3577443718967526,2.117676191909751,3.272465879681089,4.155685789960266,7.062577162073507,1.6679143461929533,1.7399046136857779,1.490857058605419,5.230070645193256,0.0,0.0,2.8023841469694535,4.2641928164780865,5.1410376296571645,0.8286828133526378,2.534720099745711,2.8281416813600306,3.1874181809673683,1.2755303841350356,3.566954728488214,4.806395273201279,0.6206840088262295,1.2755303841350356,1.147561170399973,3.3658119709913596,5.89244499608483,4.299609234649019,5.243792540592706,6.89403762065389,4.100240480420485,7.191015087623331,0.0,12.473478028335974,0.0,5.099933498745625,0.0,0.0,0.8286828133526378,1.5832992548244056,6.905384470836134,3.51714762767411,4.351040226387579
TCGA-55-8302,2.169396498750301,0.44070354353418334,4.418363385510419,5.696522853926941,1.6919943810384799,1.877616012987738,8.701110141559832,3.2968733656899283,5.621241092338023,5.266403493302506,0.978852300127505,2.5360353472968944,5.6871821146248696,10.581764720429344,4.251680164794123,0.7455498593529937,4.032091427598208,0.0,0.0,1.463880207024861,3.2550303034637658,5.747276097198022,3.4661108325048,0.0,2.343189463835986,4.909488112091298,1.5844277494299326,5.319295772933229,0.44070354353418334,1.3267831816963447,1.3267831816963447,8.486952516752524,5.243850621034134,0.44070354353418334,3.2761706738448972,0.44070354353418334,2.4911951688728746,0.0,6.143384884426613,5.769991474766536,0.0,1.6919943810384799,4.888851767134464,2.958808919449393,4.675880248924184,0.44070354353418334,2.57895087709735,0.0,1.5844277494299326,3.5648683140164272,0.978852300127505,6.681982023023562,2.5289953029643355,5.964103627751329,0.0,1.3267831816963447,4.97662339150455,2.0341041597912297,3.6256707150907523,7.61691851505077,7.618005367441745,6.172683412828205,1.6919943810384799,2.904186997596528,0.44070354353418334,3.825521316707198,0.0,0.44070354353418334,4.716326871352916,2.8996287791588413,6.200026298856541,3.014676689554929,2.8037239511704923,4.305412833243068,2.444249572223752,0.978852300127505,1.6919943810384799,3.1178481311878268,0.7455498593529937,1.7891059517624917,0.978852300127505,2.2885470186901182,4.628329916998499,4.193476218752862,3.3944043612545536,5.939618468384372,4.96895876790112,6.350026709129889,2.57895087709735,10.58230251578581,2.5360353472968944,5.938158702583523,0.0,0.44070354353418334,8.429268670364714,0.44070354353418334,7.177782416195197,2.697642899187002,2.868671330916826
TCGA-55-8505,1.2110775060558676,1.6341110126389846,4.9833463138585845,4.90790095664139,3.0462067327875215,6.496406898315631,9.87208460089589,4.00047334661203,5.20673373453127,5.508286515270803,1.511979426672128,0.4632936677206369,4.835694432835044,9.79546237871689,4.35164216666415,6.660076946371542,2.8279288172729458,0.0,1.511979426672128,7.807457173799569,4.00047334661203,7.887118457832138,3.3770822689532896,2.2246127406550857,2.6364897504889897,6.746100681723962,1.0180527808096929,7.590448001638223,4.042719633902728,0.0,1.2110775060558676,6.121024626998544,4.837146612351061,0.4632936677206369,3.1007182190691793,4.762917248215466,3.640851874103279,0.0,7.258806439050579,5.631706283191321,0.9498028744066033,7.096100324753651,6.023212698547413,5.520156066914408,1.511979426672128,0.0,1.2110775060558676,8.818078219987806,0.778682468666208,3.073831555537043,0.778682468666208,5.394581636518101,0.0,6.444396722256254,8.079029256344834,3.7008426093614006,3.472947337784739,0.4632936677206369,5.9035918902323825,5.775032796184368,7.704559525152354,7.096100324753651,4.77790426275722,3.106535451020497,6.239283149882758,3.743587785618594,4.1222077529693575,0.0,7.055761405360971,0.0,7.088258516969308,6.732852931662482,2.088314559766671,4.256101951821962,0.4632936677206369,1.3728037709373915,3.560420887210133,2.501124427810834,0.0,1.3728037709373915,1.9304773885398778,1.7429543049461218,5.0112151259612645,4.345013782401018,2.862183737925385,3.314818531857748,4.622676060117757,2.5483117163085134,1.9304773885398778,10.509556081116258,8.193342171101545,5.997188136077577,0.0,0.4632936677206369,4.531813162571005,4.538134683318595,5.489697767830338,1.511979426672128,1.6341110126389846
TCGA-55-8507,1.7698716694700256,2.5147566717568854,4.25226099981772,5.202555084560919,2.8777873497944357,0.43249644715919483,8.736420283406034,4.930480357903113,6.1285969483115625,4.58906722647336,5.789219835754729,2.8777873497944357,4.31927584791984,10.675062290963274,5.667878920309847,0.43249644715919483,2.470004495535894,1.3098451889564844,3.7534187565012025,0.43249644715919483,1.151995065233223,11.275879470986919,1.3098451889564844,0.0,2.78201292461262,6.286472842133571,0.43249644715919483,2.42315535184365,1.5660919019304194,1.4461657581572809,1.8580620584821181,0.43249644715919483,4.710889637220836,3.7688983153493023,2.1489442831609873,0.0,4.368461290024927,5.371967376710315,6.426299119145974,0.0,5.233282722361776,7.462364268078242,5.044849907873994,3.948659613425008,3.18917509255506,0.7334730520315107,1.9390869237071877,2.3740030216514945,3.687903978492257,3.95903826204734,1.7698716694700256,3.2328023983961476,0.43249644715919483,6.9290861496839655,2.1489442831609873,4.894670604246656,2.846872571783311,1.151995065233223,3.0957540635428398,4.9226343367243395,5.531898258819611,7.364154283568826,3.4262769112604055,2.773263494529745,0.7334730520315107,3.0194732139357887,1.8580620584821181,0.43249644715919483,3.1435529611863773,2.1489442831609873,6.874104385544227,4.25226099981772,4.894670604246656,3.353315804602416,1.3098451889564844,1.9390869237071877,2.1489442831609873,0.7334730520315107,0.0,1.3098451889564844,1.4461657581572809,2.0140359781029136,4.415340513703815,3.521670130129043,3.070969607738271,4.6426008363961575,3.660449114918398,7.693317543506859,2.0837572157474384,8.916504738476727,1.9390869237071877,5.693718670698537,0.43249644715919483,1.151995065233223,1.3098451889564844,0.9644711863989083,6.7017318386636555,2.3740030216514945,1.4461657581572809
TCGA-55-8508,1.2954118646427175,1.2954118646427175,7.0833710689610445,7.8185951820442625,3.315101948704053,0.6335033276324303,9.09452427562576,4.783140623711277,6.870033681593102,4.959117413087509,1.9725798998957425,1.0182334133854625,3.464050107645217,10.389392212641626,5.430362655467256,0.6335033276324303,1.5121998755068466,0.0,2.927640781416872,0.0,3.9222445866183278,13.14938887645388,2.973875137198682,2.927640781416872,0.0,5.547230023996206,1.2954118646427175,7.423938525024563,0.6335033276324303,1.5121998755068466,0.6335033276324303,5.504990014205823,5.0826148122217525,0.6335033276324303,3.9566540562737025,0.0,0.0,2.927640781416872,6.185234898955387,1.0182334133854625,2.7876682032164912,6.972071900501809,7.355704998696456,6.814338705173777,3.060395786879713,0.0,1.5121998755068466,1.0182334133854625,7.645909285428073,3.37736564840881,1.8413429694168828,5.97076426704208,0.0,6.575326855117945,1.2954118646427175,6.976208004616579,1.5121998755068466,0.0,4.86140029029009,4.083543102594912,5.35390816342943,6.942620366308216,1.5121998755068466,2.733997311034486,0.0,5.723715812363651,4.260560731829912,0.0,4.640189779089131,3.9566540562737025,7.427625873391348,2.973875137198682,2.19250233396385,6.324410932357013,2.372661377377239,4.1827323526311355,1.5121998755068466,3.28245138250521,0.0,1.2954118646427175,5.571069794414262,2.372661377377239,5.584443228732511,4.604737092216522,3.248702552379613,5.418674863211771,2.7745181097740392,4.605444148456947,1.0182334133854625,12.830068013401256,1.8413429694168828,6.107637398223855,0.0,0.6335033276324303,2.8282067141277003,2.4518754089371333,6.403643731941111,1.6902618533270204,3.060395786879713
TCGA-55-8510,2.486230772750132,2.045354627998093,5.303911689104346,8.05214685446782,2.258413745648642,0.7993073763883359,8.86389719028933,4.754064216669527,4.8054544431562185,5.56723702049883,0.0,3.2135737939105393,5.354347922372963,10.750790412910831,4.4692508015221435,2.3204151878914177,2.5359086517540326,0.7993073763883359,0.47747564408443655,0.47747564408443655,1.4011829736136412,6.083535395028302,2.045354627998093,1.042394608669881,2.9632039165458344,4.196953796574122,1.8730321893567914,3.9590516189779175,0.47747564408443655,4.941092271303823,0.7993073763883359,2.6716558899091067,5.247876340455612,5.330726471745979,1.6646833866600788,0.47747564408443655,0.7993073763883359,0.0,6.826602705635487,6.219046235306801,5.886331783290514,4.909996944773758,3.4335935786375593,1.4011829736136412,5.094847757779891,1.042394608669881,3.8609738917523746,1.9629077254238845,0.7993073763883359,3.3725166604612586,1.7742741548870355,4.694306803054353,1.8089442939821558,6.915455555608325,1.2377943528014466,5.746580116299825,1.4011829736136412,1.541587245525926,3.4136462387624475,6.026100245898378,4.958436326552662,7.903234199686421,6.161359208893809,3.368519219271573,1.541587245525926,4.537012322927407,0.47747564408443655,0.0,3.1631009241207306,1.8730321893567914,6.511702238077369,2.9632039165458344,3.188655764043382,3.5096241914315423,3.188655764043382,1.042394608669881,2.9943212785685946,3.1631009241207306,0.7993073763883359,1.2377943528014466,2.9943212785685946,1.4011829736136412,5.560196898166925,4.418928555736294,4.962725742074106,6.194372737510325,4.276546667437555,7.4561656630753985,2.5359086517540326,10.244822944823328,1.042394608669881,6.0363925006297325,1.042394608669881,0.0,5.102320730630766,1.042394608669881,7.090168498241626,3.188655764043382,2.6716558899091067
TCGA-55-8511,2.0867274349806357,2.0867274349806357,5.704355643696772,7.114541780175604,2.213141670067679,0.7352004167909448,8.84381276384331,5.128566466927934,4.94549926115072,5.099189369403573,0.43372857338102383,1.941988182474746,1.3123248409197161,10.260948687345811,7.032209347072558,0.0,1.941988182474746,0.43372857338102383,0.0,2.3770708509205924,0.43372857338102383,4.608783649557926,0.0,0.0,1.7726955690058286,7.302381861909306,1.3123248409197161,5.1317786036292645,0.0,6.241359078923955,1.6759182969340127,3.731030964436249,5.106248458299202,1.7726955690058286,1.5687617406145318,0.43372857338102383,1.1542992500823634,0.43372857338102383,8.444938577655407,2.5178738762288777,2.3039042225599435,2.6018078152296438,2.940097991752142,2.7851902385632195,4.150104035037228,0.0,2.473103937668849,0.43372857338102383,0.43372857338102383,3.2981379202509182,1.8609123279163715,2.151936606654957,1.9839213398224236,6.02502262313599,0.7352004167909448,3.5456901450218488,0.43372857338102383,0.43372857338102383,2.940097991752142,4.651156422824789,6.305842711648985,6.885848058582726,2.910980160685924,0.7455498593529937,4.351020886110225,4.57017803983038,0.43372857338102383,0.0,5.713359798657232,1.6759182969340127,5.157110881323063,1.1542992500823634,0.0,2.6018078152296438,3.1924250676469184,0.7352004167909448,2.325363679883385,4.385425850787086,0.9665655077477776,0.43372857338102383,0.0,3.3565869701436064,5.229465556540019,4.650583225514587,4.608783649557926,6.880283357689003,2.940097991752142,7.910836363421823,0.0,11.91093619141756,0.7352004167909448,6.839270849645138,0.0,4.5757846287387665,1.6759182969340127,0.43372857338102383,6.545703046162155,2.325363679883385,4.740391400059799
TCGA-55-8512,1.9285023661145497,4.314246866365356,3.7539389332793065,7.19109794983482,2.5461898782048986,0.0,9.297737507884605,5.450875350136304,7.185046048366793,4.69101755244691,1.3008453992874078,1.6631303266308743,2.866118909706364,10.030076149635702,6.882791254562907,0.0,3.3222876430478334,1.7596322046426494,3.6201776117024864,7.336591802080116,3.3785120032287725,9.68367594412989,4.878329816397539,1.4367022636637363,3.8493962556905292,3.0337744078405855,2.1991227746192994,7.712519860007501,0.0,2.953456097223694,1.9285023661145497,1.4367022636637363,4.228840489533451,4.180665979021709,1.9285023661145497,0.0,2.835223087873397,0.0,4.1431172659216395,5.30011075746079,1.0470733500774043,4.7665659850108915,1.1435537863715786,4.866056435652709,3.8719028478960174,1.9285023661145497,1.1435537863715786,3.6483985472500056,2.3627860956848026,4.2087842372942195,2.5033930517624308,3.7663820152682965,0.28623102018446617,7.427370163780922,1.4367022636637363,7.725815571240879,1.5563113597075222,0.7270170650675605,3.3965733740646553,5.036036598594615,5.014979179085303,6.4398837751407445,3.6892943680252532,4.09542231457167,2.138017006584065,3.6892943680252532,1.4367022636637363,1.1435537863715786,6.91089035947761,1.3008453992874078,6.630437972945387,1.4367022636637363,4.232338275534611,5.484709792764551,3.007710250313398,2.5033930517624308,1.5563113597075222,2.2567086797265192,1.3008453992874078,1.5563113597075222,1.3008453992874078,2.835223087873397,6.1544376234654585,5.423971565384953,6.093592343153793,2.3627860956848026,5.20209276879102,9.586259944421467,2.3627860956848026,8.339077975553202,4.789057183506752,5.403901857121609,2.3627860956848026,4.484737768817887,4.593185657557222,0.0,5.584150230266778,1.9285023661145497,2.072945487936134
TCGA-55-8513,1.8234034745625165,2.76233634577543,5.489342602860737,7.405447029798043,2.6109003301032905,0.0,9.510081935576558,6.3713177869063395,5.918678777382329,5.5284047535366545,0.9097493838307328,1.936537793999093,3.5589017396887113,10.524098985887191,4.532471527976814,5.918678777382329,2.0381767408019815,0.9097493838307328,1.1710879769901592,0.9097493838307328,2.76233634577543,6.87022577492821,3.678215293544948,3.2083769035668057,2.554852400474667,6.761294952438885,2.1304197864444654,6.757852895684036,4.339480498425124,2.972770661916644,1.5495180422219046,3.881103898391416,4.618935014563805,1.378110968311871,1.1710879769901592,0.5549190612765021,0.0,0.0,7.29894565280143,2.1304197864444654,4.305828402524987,5.944278595501228,1.1710879769901592,1.1710879769901592,3.0100197201620604,3.4472982185448187,1.936537793999093,1.8234034745625165,1.5495180422219046,4.25891081119706,2.808112707058736,3.715017363223351,1.8234034745625165,6.826941023742311,1.6957990780821437,3.045935724277622,0.5549190612765021,0.5549190612765021,5.703652466205469,4.784938485994329,6.811541691227708,7.214732497041869,2.2148680125088145,4.04671472461336,1.8234034745625165,4.300006869743315,1.8234034745625165,0.5549190612765021,6.316570647525033,1.6957990780821437,6.728114126692287,0.5549190612765021,4.850896809302559,6.513006050204273,3.7847962680603753,3.7847962680603753,2.3649869581070107,3.9112507072826905,0.0,1.378110968311871,2.1304197864444654,2.3649869581070107,6.117043779955169,4.743818464992076,6.130045357438625,6.777481431932892,4.368095039093324,8.96737541818954,1.8234034745625165,10.307494932007321,1.378110968311871,4.885117421566486,0.0,2.2927468558581423,3.659291001432822,4.248368091108878,6.360644229887432,2.2148680125088145,4.687367493919466
TCGA-55-8514,0.8286828133526378,2.9811109003486407,4.110873864173311,7.851925734330813,2.0084287744334164,1.0768777965221035,9.562608620680011,4.402383030180767,6.84831308282487,5.694166387937238,0.8286828133526378,1.5832992548244056,0.49786195737413197,10.782759465308061,8.953868811375958,0.49786195737413197,0.0,0.49786195737413197,5.347259900061052,0.49786195737413197,2.30580988774966,5.915331063451684,0.49786195737413197,0.8286828133526378,2.9134044570067372,2.4822113540730233,0.8286828133526378,2.091468921892554,0.49786195737413197,8.113058198312771,2.426800728380968,0.49786195737413197,5.774831009596282,0.834299460315829,0.49786195737413197,0.0,0.8286828133526378,0.0,4.033955641792578,0.0,5.9313880562903005,3.2886443954228244,3.2642812195438853,2.30580988774966,2.5846086864065336,0.0,1.0768777965221035,0.0,0.0,4.394449154672439,1.0768777965221035,2.0084287744334164,0.0,7.322444381617833,7.68605669644744,3.9990883809598285,1.8182877942408784,0.8286828133526378,2.368129358201452,2.5846086864065336,5.779449468998276,7.257749959564227,4.230358911423755,2.493469880448488,1.5832992548244056,2.9811109003486407,6.1136113808658665,3.9254800518480595,4.448704662309291,0.8286828133526378,7.154388768744503,0.49786195737413197,1.9178780379703908,6.798480445702434,3.789308329198237,1.2755303841350356,1.7076710888457685,2.4822113540730233,0.0,0.0,1.5832992548244056,2.632119029468387,4.746617663572073,4.491243081664139,0.0,5.040504727698534,3.7291861158730706,10.935058635406788,0.8286828133526378,10.27437846900396,1.5832992548244056,6.733824421606702,0.0,0.0,2.2393364063288987,0.0,6.991535608421604,2.091468921892554,2.4822113540730233
TCGA-55-8614,1.7965977458683042,1.256897267633823,5.0636008561311945,4.9936383272513085,3.107881692370943,0.0,9.467413741233246,4.13686431473531,5.68552345538392,5.878956325128873,2.1451824646425126,3.806760262768162,4.285850204783265,10.24750978748485,3.688261763382289,1.985995872594599,1.686473024900954,0.48772075005089394,0.0,2.0687596933329755,1.8957740795615161,7.207896907783658,1.686473024900954,0.48772075005089394,5.261305811407279,4.509701693652999,4.294463741991064,10.139345926803236,3.7038665839221845,3.419227196624691,3.2143897775879067,2.9564923602163873,5.827512237870948,1.985995872594599,2.9886573048820275,5.19385089555759,4.17624247102226,0.48772075005089394,7.167994209603761,5.843147236716424,0.0,3.1888082932458057,1.686473024900954,1.985995872594599,2.4584599997730168,2.5606400858734384,2.6080604223676622,0.8141694088073951,1.0598368097167028,4.311472723970395,1.985995872594599,5.466954044403554,0.0,5.727319948786244,0.0,5.464293562805855,1.4214684361275447,1.0598368097167028,3.3554989332104075,3.3554989332104075,4.6208663540944155,6.365146547707426,6.786848996062768,3.0124320527764046,1.0598368097167028,4.204791122002111,0.0,3.419227196624691,4.759340865615353,2.1451824646425126,6.419861368739882,4.846986314567686,3.107881692370943,3.107881692370943,2.888876195655827,1.4214684361275447,5.646354612753678,1.7965977458683042,0.8141694088073951,1.0598368097167028,1.686473024900954,4.241630303616768,5.925348782776056,4.27716182946466,4.709629295501442,5.051604477783654,6.094828571101994,8.141839160202359,1.256897267633823,11.046040168666604,1.5627235922090075,6.110300361731397,0.0,1.0598368097167028,1.8957740795615161,0.0,6.538005227155683,2.1451824646425126,2.696652156149841
TCGA-55-8615,0.7273070322066499,1.437130050822386,4.160469324613544,5.295292797145988,3.5464456956147936,2.546683548654644,7.925822511598668,4.61512051684126,5.487457292011657,5.372677806828999,5.06735583430576,3.3790267528621727,5.498458376296931,10.345133501654258,4.762541388645842,0.0,1.3012265487298267,0.0,0.42840007939066027,1.9289674283250013,2.003788145203643,6.998619225287257,5.169722341417296,0.42840007939066027,4.866587848723343,6.038305193153632,0.42840007939066027,3.9159731931533504,0.0,0.42840007939066027,1.437130050822386,0.0,5.2598883399282546,3.4610468011260886,4.878862354486596,0.42840007939066027,0.0,4.082420418013696,4.497251957725869,0.9571639250837349,0.5679807042670504,6.232489273066848,6.323792493724505,5.428195845399575,1.7600623824848005,0.0,2.003788145203643,1.7600623824848005,6.256365974868306,4.560720787050828,0.9571639250837349,5.800340360599873,0.0,6.234589141173936,0.0,5.588409033593616,0.42840007939066027,0.7273070322066499,7.034581743731511,7.214320438435419,3.6062828630546617,7.275019953274998,3.4828019459255195,1.437130050822386,1.1439042778598165,5.9751141041605464,0.42840007939066027,0.0,3.397088953617612,0.9571639250837349,7.022261841747614,2.546683548654644,4.4852655262782255,6.910351904829403,3.9265687019900914,2.9814609205164193,2.6271437872084853,1.3012265487298267,0.0,0.9571639250837349,4.349898509547342,3.449393718757535,6.717403163392843,4.537703649059671,2.003788145203643,6.7270603984327035,4.15209132147146,3.0342844940850915,0.42840007939066027,8.582817997332802,1.1439042778598165,5.494073276943244,0.42840007939066027,0.0,1.3012265487298267,6.085644543040502,6.616000926040134,1.7600623824848005,1.437130050822386
TCGA-55-8619,1.2028521766572329,0.7723279784343866,6.162261618049983,4.934696929847809,1.9204604642437888,3.9671662791252427,9.25229772173669,7.097962330050082,5.355798228396038,5.898320768960076,0.0,1.5028544270313169,3.0066524310029816,10.78833715169578,4.3170373452889015,2.214169093620475,1.7333002096550583,1.2028521766572329,1.831252581174852,2.0780530782103988,2.0780530782103988,8.228729480231145,2.816910585069661,2.8511399335700434,3.0350491359309415,6.034102491792216,1.010582211161074,4.650802989985289,3.461596095610388,1.010582211161074,1.2028521766572329,4.955432613621278,4.873554753547888,1.5028544270313169,3.5490367584783207,0.45894268188631065,0.0,0.0,10.441584899150882,1.5028544270313169,3.360726020107421,8.469690597971741,1.3640743142180471,1.7333002096550583,4.166398521573182,1.5028544270313169,3.3657670758301874,2.916272312717196,0.45894268188631065,3.79954387914366,2.275850897791409,5.4797593699816485,0.0,6.991360862836934,2.1484194130542864,4.689014887683138,1.2028521766572329,0.0,5.746752560375681,5.204720717810452,6.862918987944252,7.2849512195789625,3.7459967559976888,4.264646955158471,0.0,5.4476722793315,0.45894268188631065,0.7723279784343866,5.799280515601396,0.0,7.038958964597482,1.6247008391000128,5.325085871762078,6.123468210848782,3.8748464415773562,1.831252581174852,2.74472279877004,4.277418613598755,0.0,1.5028544270313169,1.010582211161074,1.9204604642437888,6.191294434644743,4.289390376751949,4.575718717986021,6.271455241600232,4.2277048985506624,7.8647271954632965,3.629445217258108,11.297985670631688,2.214169093620475,6.007234544466966,0.0,0.45894268188631065,0.45894268188631065,5.651204144437345,6.909194243176391,2.214169093620475,5.214267055816901
TCGA-55-8620,1.849698134148501,2.510509417167505,5.671014762699874,7.324687718531195,2.6873371595046684,1.024606875357614,10.583898976544068,4.112970026345265,7.77482635446828,6.32048947840664,2.021362115603003,2.5577310604337495,3.7535640583308547,10.264774345531778,6.095651123969221,0.46706180632481487,7.6003623136895735,7.819342968871425,0.0,0.0,0.0,10.952830812397435,0.46706180632481487,0.0,3.1870837707750628,2.097269180754391,3.9886895587625535,1.9392163670291718,0.7842211274593168,0.46706180632481487,8.304220243723071,0.0,5.093602950702194,0.46706180632481487,4.338681929543312,0.46706180632481487,1.024606875357614,0.46706180632481487,3.725264419563368,0.0,1.0725762741172682,3.9435759345811947,4.04236155635405,2.233727926584458,4.141768714456832,0.0,2.64597619610391,10.1686900929772,0.7842211274593168,4.483149433881581,2.097269180754391,1.6423503083898592,0.7842211274593168,6.945677071980693,1.024606875357614,6.614395787108264,7.7936569040072605,0.46706180632481487,2.233727926584458,3.0275119088900166,6.8969389932982885,6.395767313291757,1.3804271828418437,3.4801009792576214,1.751388761751371,4.694553747122777,6.88847867331232,1.3804271828418437,6.044758838165699,1.024606875357614,6.154248566466335,0.0,6.761831994461441,6.59748943543652,1.2182602509340055,4.948064613268053,3.619392710692315,3.7612070924134113,5.229727985076611,1.6423503083898592,3.999656522182026,7.755120279972503,6.0073821866220225,4.762473035361868,4.205905316612182,5.746046628764232,4.878063440966433,4.103183714889284,3.859370893529247,11.107418856000915,3.7674179541110626,5.872734500678414,4.943825751696492,0.46706180632481487,0.0,2.9049592851120796,6.579044246149702,2.353772381763199,3.1366717831941546
TCGA-55-8621,2.772544971282722,2.83736354358126,5.891796133986673,8.04757988598425,2.8982352042489974,0.0,8.141239311602462,4.5900118771295455,5.774172591762915,5.9782070536160585,2.666693341344821,2.364846022387559,4.750464621944969,10.928282852351794,5.517553293031229,0.9582384924819115,1.6649672222265806,1.4384360455228369,3.704779869833058,0.9582384924819115,1.9304483723343249,8.624387025518352,2.83736354358126,0.7282247071726413,2.772544971282722,5.755697908808002,1.9304483723343249,3.593348249885513,2.07493138620195,2.2587376932137695,2.3131985702536566,0.4289863031495102,4.988226072583126,0.0,3.906966241521292,1.4384360455228369,0.0,4.065926226068477,5.3916346527675465,2.83736354358126,3.51107667226072,6.306165791902557,2.9831129841976134,1.6649672222265806,4.7688269678862225,1.9304483723343249,3.2442238323964796,4.153804584587147,1.1451141223195294,4.316491617198714,2.364846022387559,3.5634352716720326,2.1241400129460115,6.96659006470303,0.7282247071726413,6.7968985758081555,2.07493138620195,1.1451141223195294,4.24998128020466,6.0207199052567715,4.642976437723846,7.216848977714349,5.075798620002669,4.566180886056705,0.7282247071726413,5.0207770257730315,1.6649672222265806,0.7282247071726413,4.76426576249387,2.2011501953386916,6.744056830595969,0.0,3.9594083738100534,2.7384888750427736,4.24998128020466,2.1400308687557716,3.7561595262638794,4.178728601892872,0.9582384924819115,1.7615064260570341,3.6223896972201035,3.133897289346451,6.303228679947407,4.120705700747748,6.046397709132791,4.904704245345002,4.450141954558368,8.427364759341147,2.5054851198311963,11.705774743650837,3.3807089192348188,5.50455887978689,0.7282247071726413,1.7615064260570341,1.8495408371399658,1.8495408371399658,6.515681110691539,2.7384888750427736,1.6649672222265806
TCGA-55-A48X,2.78201292461262,3.3957425309791915,6.2511232317160115,5.2831631187763595,2.4216029215353694,0.0,8.919528072137153,5.312501297314393,5.4642257951978985,5.612131259336138,0.6818334206596719,2.6179577187422427,4.0719881768598185,10.570339524534498,5.424095026530124,0.39797042634590396,4.240264317883237,0.9027190518440603,1.2365755128699485,1.8525879918239403,2.059570412037424,6.125776884715576,2.330822634405285,0.6818334206596719,2.922908860616077,3.236240187894905,2.3772471973024683,5.37326248819432,0.6818334206596719,5.684446738349458,1.3693007847433196,0.9027190518440603,4.516055872103112,4.685735833827659,2.543977123364989,0.0,0.39797042634590396,0.6818334206596719,7.9063962080730965,4.6642218065806516,3.6083253657075587,3.6667156414122144,1.6861767066529898,1.9952307847447441,4.353306892822695,0.0,2.4640830014271677,2.059570412037424,0.6818334206596719,4.443433303552957,2.330822634405285,5.470416013675927,1.7364933814562855,7.302752455638386,2.4640830014271677,3.9479864965115916,1.3693007847433196,0.9027190518440603,3.7389949301456897,4.334263942474295,4.254245818601118,7.321671244459819,4.504717606682848,2.1305385668078354,3.1768739679172633,6.023505702652777,1.4864337704925494,0.6818334206596719,5.402312450428035,2.3772471973024683,6.359961336849483,0.39797042634590396,3.091796714286556,2.059570412037424,2.6868401838973033,2.2309709317842485,2.1770332078229075,5.492192753381456,0.0,1.9952307847447441,1.5912943081978108,3.6913937905192653,6.0007636758760805,4.84428157018384,5.400106512450071,8.159266035215452,4.136503262952409,9.691827809163204,0.6818334206596719,11.296699184081767,2.2821476642540572,5.424095026530124,2.1770332078229075,1.3693007847433196,4.991377718232553,0.0,7.3723505594398695,2.922908860616077,6.286310894743781
TCGA-55-A48Y,2.3959843572525954,0.42212554900127164,5.53378861855078,8.050027132457306,2.786929154953797,0.9460825166818914,8.996469942062554,3.361628074423682,4.142734646370193,4.784971903986579,0.0,1.988216755279759,1.13166014271431,10.888682885334836,4.134359831426974,4.28982636408506,0.7180348960677243,0.0,0.0,0.7180348960677243,1.4234215382011741,6.285465364178881,2.3959843572525954,0.0,0.42212554900127164,5.974654038955347,0.7180348960677243,6.192198876909062,1.13166014271431,0.0,0.0,0.9460825166818914,4.057741087776317,2.738191358014197,1.13166014271431,1.2881576905513838,0.0,0.7180348960677243,7.615993022085899,4.575879367835603,1.13166014271431,8.509697166289293,4.352606835270995,1.5425499668924687,2.9643654378044912,0.0,1.8329174073129513,2.057668724834195,0.0,3.1150075286303105,1.13166014271431,4.5704565805480515,0.0,6.272663776267037,2.487353653431052,3.8092724142857244,0.7180348960677243,0.0,6.504313622314619,5.948956235720989,3.361628074423682,5.21084042665536,1.2881576905513838,4.575771240968701,0.0,5.484884066623914,0.0,0.0,1.9135787925491492,0.9460825166818914,7.414024538266911,1.988216755279759,1.5425499668924687,5.169887226097893,1.9135787925491492,2.442712186084871,1.8329174073129513,1.745174372110329,0.42212554900127164,1.4234215382011741,0.0,2.295419481209134,4.836281906951478,3.894689646976795,2.849636565164081,6.022878423751042,2.6104373722352094,4.037285555205836,0.7180348960677243,11.675647873764687,0.7180348960677243,5.843582097480863,0.42212554900127164,0.0,4.199474551310719,2.057668724834195,5.610072347418095,1.9135787925491492,2.9086427116898217
TCGA-55-A48Z,2.3155210614023187,1.6723751522046977,5.706631744960927,5.090437972965184,1.9119839665344232,1.224569234124586,9.212597822017399,5.727183196204011,5.278619633750236,5.930386697599392,1.3566595559902,2.7037476249488295,4.420910752723848,11.043625588032736,5.787890752840525,0.0,0.8926535621080008,0.6735055403046565,2.361872350348916,0.0,1.6723751522046977,7.8287588877847964,1.9805875901271444,0.8926535621080008,3.6120092088557376,2.7037476249488295,1.0723367572558469,4.391596942832522,0.0,5.864406443182325,3.95924241279525,0.8926535621080008,4.595081465559527,3.9553851310819774,4.237526735888731,2.2158391353230464,3.502432399142798,2.162011821580475,7.358499633289061,3.0302351444010562,4.250285067926414,2.9327871489523085,1.3566595559902,2.4061610172154033,4.930393677752813,0.0,2.7354124178580217,3.2389686061440743,5.888664639183077,4.336564987341046,1.9119839665344232,7.029353250729624,1.6723751522046977,6.545145616530393,0.3923798685595089,2.265433437863177,1.473343237406413,0.0,1.473343237406413,5.549570126260809,5.305213533235878,7.102762695583274,4.514601945397727,1.3616173734074501,2.7354124178580217,5.88599847032322,1.6723751522046977,0.6735055403046565,5.85618877679811,1.9119839665344232,7.258095198962994,1.0723367572558469,1.838309029881035,3.4730528187625835,3.346061626750126,1.6723751522046977,3.1190201298448192,3.311622722269361,0.8926535621080008,1.3566595559902,4.642803100794942,1.9805875901271444,6.029973468536089,4.688085686315399,3.789819212608125,4.828145723188721,5.241164835043728,5.372125293692757,2.8529179273305516,11.40258702442179,0.0,5.9716648198075974,3.2005652039767036,0.3923798685595089,3.180791745501924,1.224569234124586,6.68805454436738,2.105121471590066,2.489263810229409
TCGA-55-A490,0.0,0.0,5.620531291993882,4.698068368354822,0.40011750178156913,0.9066443548223496,6.6425715435392485,3.052703169813617,6.048881677477922,4.9184907649948775,0.40011750178156913,2.3368222550129416,2.8180638740126813,9.484253080341965,4.638014846017173,0.9066443548223496,0.0,0.0,5.979146490402945,1.087922017459919,1.3742470832092144,5.725348252570762,0.0,0.0,1.6915891647948154,6.090956878602832,2.5109235883235623,6.0218070227797975,1.087922017459919,3.052703169813617,2.8180638740126813,0.6851150088626811,5.667823635801934,0.0,0.0,0.0,0.0,0.0,7.2860684194306,4.078513238849381,1.940639138799377,6.921224164929101,1.5965755457171564,0.0,3.298673579466259,0.0,0.0,0.0,1.5965755457171564,1.8581868303836477,0.0,6.5659450204388,0.0,6.865325743059288,0.40011750178156913,0.0,0.6851150088626811,2.0653679719484765,1.4915773737744369,6.08088468736331,5.946231797828224,5.893383030695355,2.4701567360084717,2.587786591364294,0.0,3.567866520448292,0.0,0.0,2.7257853331250828,0.0,5.225730544550869,6.402288603700641,3.790921469635936,5.6658313552276285,3.896245187708583,1.2412974903860898,1.2412974903860898,2.1829227926253596,0.9066443548223496,0.9066443548223496,0.0,0.0,4.267708059587614,3.1626271147693616,2.1829227926253596,4.746209572952928,2.0009663548033916,0.0,0.0,11.94077157285996,0.0,5.319109700001896,1.5965755457171564,0.40011750178156913,2.236893907794426,0.0,5.672738904024739,1.087922017459919,0.0
TCGA-55-A491,1.4294256870804942,1.29387749165352,5.574330369461162,6.8835845052102025,2.794350214021294,1.1370313985720546,9.59205225946048,5.807908228309087,6.289439094845146,6.3317580448309725,0.7221232887964624,2.064568991557085,4.7105297016454175,11.02425264584537,5.621407605161705,0.0,0.7221232887964624,0.0,3.422479306414986,0.9509240157685057,3.2535052449167496,4.30480130861757,2.064568991557085,2.1906138858964415,3.0500547254080645,3.0500547254080645,0.4248755016279877,2.6177680263352068,0.0,5.186670466247502,1.6553668443225003,0.0,5.028815691255677,6.225001895286207,3.828584873152551,1.4294256870804942,1.9203285700227626,5.314303898275316,7.656223631130044,4.3329939410965705,2.8655666389771937,2.99861311992838,2.9718646955289856,2.692185011912627,3.781454077511501,2.129576039922399,2.4946094252493856,0.0,0.0,2.6177680263352068,2.4499355608439477,8.313173115257966,0.9509240157685057,7.17547441128832,0.4248755016279877,2.317247078824692,2.302535091744004,0.4248755016279877,3.473006284408588,4.954523391296088,5.7853931831429195,7.792947423754261,3.2535052449167496,1.3025594288999547,0.9509240157685057,6.785662218498443,5.752328164499776,2.064568991557085,6.293360127374332,1.7517010719820696,6.573210783074246,5.040323537798081,5.210070681424849,2.129576039922399,3.122567547129809,1.9950539921695718,3.0989745473206978,3.5519250668649316,1.1370313985720546,1.7517010719820696,0.0,1.7517010719820696,5.649745067756287,4.081905854592525,3.566985793904924,6.175074856436862,6.169552153369875,6.3947121984751885,2.8262124241172386,11.835059687490572,0.0,5.630942928479244,1.6553668443225003,0.0,0.0,2.4946094252493856,7.964583304742679,1.839565021842454,4.775098597352052
TCGA-55-A492,2.6286317429888113,4.688214538062439,4.616713307083075,6.050061231696062,2.139913210623106,1.4383411215805741,8.506950917951972,5.0063996698245825,5.098817096981303,4.73162660994065,0.4289211841445056,2.772419957999898,1.5579972387657044,10.162422867948395,6.164488851413328,0.4289211841445056,2.9554830316463057,0.0,0.9581617759494612,0.0,2.4606481096412196,5.149805757234227,3.0097485845210987,0.7281281494551908,3.9386298822061363,2.0051758647836824,1.6648536976673125,3.0097485845210987,2.927207149798868,1.1450186614822655,0.7281281494551908,1.7614033492131558,4.136702975845819,2.798201642924034,2.666568266647269,0.0,0.0,0.7281281494551908,3.2440951280010473,1.5579972387657044,8.668722151824246,3.8739970982098924,8.384242201753896,5.78232867851088,4.083997886167882,0.0,2.258622756089474,5.676209133415184,0.0,3.6078429194245563,2.8981084192678868,3.4843582995840685,0.0,6.4772338671559995,1.4383411215805741,6.475585247443567,1.5579972387657044,0.4289211841445056,3.6364723818112368,4.498839199575819,0.4289211841445056,6.50003813694809,1.4383411215805741,2.6095108130125313,1.7614033492131558,4.385415884671878,4.018778347862664,0.4289211841445056,2.9554830316463057,1.6648536976673125,6.485437966795481,0.0,2.0051758647836824,4.136702975845819,3.79290382753115,1.1450186614822655,2.7031113584053643,3.5006535006256545,0.9581617759494612,2.4606481096412196,2.772419957999898,1.9303322990919787,4.186770282940965,2.8790299037678486,3.433812995763301,4.637666417330224,4.498839199575819,9.667467706408141,1.6648536976673125,11.163694176730043,2.7031113584053643,6.559436751310574,0.0,4.2574606467206655,4.702895628513936,0.7281281494551908,6.166436243060466,2.0051758647836824,3.6364723818112368
TCGA-55-A494,0.0,0.6349352708115312,3.942627862305467,5.065293919400054,2.976809359196891,0.6349352708115312,6.545197349885197,5.659583255951056,6.300191122467934,5.558887715218021,0.0,2.454696552166324,3.2167375403664904,10.540902654497389,6.316343049656967,0.8460399266630878,0.0,0.0,1.5145996212728146,0.0,0.36707072012085273,7.903256372225732,1.0202182212400976,0.8460399266630878,4.621673258087106,8.25829292038991,1.1685424984939679,0.36707072012085273,0.0,6.3655817367936285,2.6290214236720755,5.9727174125832745,3.343299871228185,2.3885701101232115,4.643255639593424,0.6349352708115312,1.9117474795474956,1.29765438595662,6.785868961366975,0.8460399266630878,4.816815889662459,3.5595108137726545,3.365145243269653,3.2516720992832835,2.415869134447384,0.0,0.36707072012085273,0.0,0.6349352708115312,4.946544672636646,0.8460399266630878,5.746816421006262,0.0,6.282117203004596,0.0,4.968367810916018,1.412010839624527,0.0,3.365145243269653,6.810607612031834,7.231547462445976,7.687754240463604,1.0202182212400976,1.9117474795474956,0.0,6.488835562205088,1.1685424984939679,0.0,0.0,0.0,6.413235981490456,4.7637538826038375,5.771986145917674,7.753825242955858,1.6076563263516697,1.412010839624527,2.5965001996654262,0.0,1.9117474795474956,0.8460399266630878,5.491756064955823,0.0,3.2167375403664904,5.001614730875173,1.6076563263516697,0.6349352708115312,4.13740884094311,4.063983288086095,2.8046262460277687,6.830360063606012,0.36707072012085273,5.429560518144807,0.6349352708115312,1.412010839624527,3.6087507010719366,2.976809359196891,6.5835171001571515,1.29765438595662,0.0
TCGA-55-A4DF,3.123646041831969,1.8791443875535434,5.12610454390237,7.308790590010916,2.699318860312006,0.0,8.87510816619883,5.134309093234035,5.725524396774605,5.009748234108186,1.443666640977761,3.3899308182882266,3.5211942612529707,10.461453408653764,5.9477137887762535,0.6547181539401634,1.1974314562825137,1.1974314562825137,5.195071280574063,2.0712581488718165,2.3269264243802037,5.944084638061173,3.038782184424502,1.1974314562825137,3.5211942612529707,2.729935625190751,6.068154718228806,4.595241054910207,1.8791443875535434,6.231716904559559,2.3710564952061923,2.870373111389475,4.169238653874334,2.187207910949565,2.729935625190751,1.443666640977761,0.0,0.0,6.319549926442581,2.896237852006957,1.1295617093120447,4.399913211831541,4.438880627182358,1.7269008968795585,4.701461702306012,0.38001053863569634,2.9460429552666256,0.870037347356693,4.206361375496394,3.855073746184438,1.1974314562825137,5.814900384666039,2.4878689245831134,7.19027655741553,0.38001053863569634,1.641110982888966,1.0470733500774043,0.0,5.240169051152465,2.9934897610012112,2.970045166618006,7.590953128688414,2.9934897610012112,3.0029412264996607,0.0,5.933117485930135,2.3710564952061923,0.0,6.829987232304614,2.566509677989627,7.03281841693581,5.996034090822352,1.8791443875535434,6.2985171682292975,3.325561062694031,5.73751701238583,2.5303579126919176,3.4371145672489374,0.6547181539401634,0.870037347356693,4.697247874188999,2.127886408145639,5.717958189420579,4.4126043351380195,5.031117429036907,6.918863355230978,2.232355743096924,5.719475361335892,2.5303579126919176,10.748587284522554,6.286541708362809,5.340332249294138,3.3582655240564168,0.6547181539401634,0.38001053863569634,3.6125652037635443,6.442208901414906,2.3269264243802037,4.220044325875344
TCGA-55-A4DG,2.9408800220058406,3.6896166822944476,5.636702058973579,8.013879283934086,1.1345262585157783,0.7202271849636874,8.591561986695508,6.270901471555622,5.535904110974466,4.958288813724047,1.1345262585157783,2.3507750770914453,3.0465299451408496,9.909951615393128,6.6565966956996245,0.0,1.2911866608152083,0.4235669434721467,5.7930258034317355,2.399811617255029,2.3507750770914453,5.34895344501651,1.9918527252768807,0.4235669434721467,5.302777405770124,1.426620232591456,0.9486804746758062,1.1345262585157783,0.0,6.538719973827236,4.730409796606606,0.0,4.192527883327454,5.540074603353029,1.9171725809372684,2.614340073864104,4.563688598984534,2.446555558404077,5.251608285422343,4.6580472255888585,0.0,2.1263251275786863,4.998238773759704,2.2991993678898375,3.9939715880753135,1.2911866608152083,2.244828853433082,0.0,0.4235669434721467,4.489537087559524,0.9486804746758062,5.731689427909209,2.2352907781426756,7.349777299063182,0.7202271849636874,4.9358111681297,2.244828853433082,0.9486804746758062,2.96835593799851,5.414450152402045,6.288689070211407,6.652519744631437,6.627706664085033,2.7036806685842674,1.5458589307912292,4.279474671338094,0.4235669434721467,0.0,0.9486804746758062,0.4235669434721467,6.47249620598386,1.2911866608152083,2.7908828593954222,3.8249650819006975,1.9918527252768807,2.2991993678898375,1.748643178154427,4.744271040327483,0.7202271849636874,2.399811617255029,1.652382452759413,4.596142559312464,6.503789546248707,5.863156631201532,5.514891385663552,7.236850371264301,4.7935235150137645,9.063514136132667,0.7202271849636874,11.014099226426412,1.9918527252768807,5.926779348547137,0.0,0.4235669434721467,3.1190333898942795,0.0,6.448451006929981,2.7239563581192665,4.856994484263198
TCGA-55-A57B,1.3404859969629097,2.4791316733314237,4.086532460393708,7.142629753172045,2.2839322044948362,0.7216374509595729,9.71930626751915,4.17707442548774,5.540788922739101,5.330644178972448,0.0,1.4287550123086543,3.973798964201749,10.428298918276734,4.1607110990204825,2.12880297121756,1.5098606415320015,1.5848787909333968,1.3404859969629097,0.5336824059089182,2.616950478203974,5.778534287119309,3.8542201486853522,0.0,0.8797927088339544,0.8797927088339544,3.286179270077889,5.403064694244546,3.1598474284059583,5.654438156972068,1.2436645603672487,1.8388179762140886,4.76789259478255,0.30202866615870255,2.4491326565320404,0.0,2.980024550680911,0.5336824059089182,4.837677757695217,0.7216374509595729,4.723379797314802,3.846720459164362,3.776562896883426,2.5082568983962155,2.1698990572404107,3.0981354205046694,2.12880297121756,1.5098606415320015,0.0,4.803570123411386,2.085945346018502,4.372977060517566,0.7216374509595729,6.499201907092581,0.0,6.112092421260226,0.8797927088339544,1.3404859969629097,3.398326598237135,4.494293372385512,1.5098606415320015,6.803740524048665,2.980024550680911,3.9263479122716873,2.3192258641421706,4.3459278432477575,0.0,0.0,4.149649963998843,0.5336824059089182,6.162375415579013,0.5336824059089182,2.24734718673943,2.760617350458561,5.269043023844041,1.71988745699026,2.8663408707616473,1.5992259473576835,0.8797927088339544,3.174698206534583,4.840471530905893,3.7684551296680255,6.2052807334854565,4.833842425899179,4.31812790882365,2.886207544024554,2.7149860921033224,5.9686717537177305,0.7216374509595729,9.013029027570449,1.5848787909333968,5.712018465580916,0.8797927088339544,1.0163170459412794,2.418205792485746,1.0163170459412794,6.182793333409126,1.945109828884544,1.136453846094985
TCGA-62-8394,1.6406264538901174,2.3960936508517423,4.3611464019694965,4.5796031161714215,2.138323469416058,0.8098184873636383,9.224460216136864,3.817609023918136,5.798886572621062,5.343950170545234,0.0,2.0351630595496246,3.418542743988126,11.565280695304157,6.524642486127972,2.433271191605937,4.810898976781664,0.0,4.7298449744223205,0.9796035020859075,3.0226030001357946,7.508820064830099,4.074180969785843,0.8098184873636383,2.821503878597364,4.711321388970291,1.2513619875797397,4.984489793241357,0.6052444973840342,6.628818851644919,3.581597649517531,3.8796279046921414,5.85356649161595,2.897490801707916,3.615727947478126,5.62445062537407,3.2720942649730045,1.464805126738404,6.767667583555213,3.497113438491982,6.150547329809373,4.853965889387372,2.3574898581633317,1.556585508529872,3.5462583030946666,0.0,2.088066737503529,0.6052444973840342,4.023410522171674,3.3183228904939606,1.1246698229873993,7.245933202948401,0.0,6.642465940654235,0.8098184873636383,5.041326141417053,1.556585508529872,0.9796035020859075,4.870046676786178,5.17324155311403,5.349889372092024,6.641923409314962,5.425914310111037,2.916802696121052,6.564698612502108,5.4914346063552735,0.34769474235795184,0.6052444973840342,5.606279893294962,1.3637675265382794,6.768623088271768,4.422892628226165,4.2607300901176535,2.231829955342104,2.821503878597364,1.9201233666508444,3.303147117920945,2.2754913499959293,0.0,0.8098184873636383,0.6052444973840342,0.8098184873636383,5.695404140901227,3.977741455176085,3.4320724693233804,4.248923721667427,4.853965889387372,5.297181721947743,1.7181667489246817,9.515955678437988,1.1246698229873993,5.355798228396038,5.203413104348013,0.34769474235795184,0.9796035020859075,4.392496632456996,6.880830025903791,1.8572350511869664,1.9201233666508444
TCGA-62-8395,1.1609922317514696,1.5060532213265254,4.978834981546458,7.0091830716122505,2.081676542204401,1.7621246640983643,9.258768565880377,7.299209356075922,6.499224476431232,5.690994387846239,0.3636704184511188,0.8397552001960357,2.680822878847726,9.937623243465742,5.651730998184397,4.240234069479018,5.559846667145578,0.0,4.112354734356724,0.0,1.1609922317514696,5.38300771870895,0.8397552001960357,1.9024059893151186,4.4655482838068465,1.1609922317514696,1.8347231686601706,5.287958902419813,0.6297813049381256,0.8397552001960357,2.820795382870797,1.0132359379306342,4.461606927757962,4.162073301697427,4.485520283820314,1.0132359379306342,0.8397552001960357,4.347941014334466,5.4088654037195685,6.142155678162772,3.55776798824622,1.6838401270085606,3.68979903117332,4.4655482838068465,3.1700216586506813,2.1855005633255433,1.6838401270085606,5.20722677176009,3.700694382158473,4.045553398052169,1.6838401270085606,4.645111793081039,0.0,6.799646545987636,0.3636704184511188,4.500242909801824,2.2336315064497163,0.0,4.98784420579544,3.644987648374373,0.6297813049381256,6.110537861108246,3.711472302766571,5.477350188042224,0.8397552001960357,5.343974055077851,1.4037167068117598,1.6838401270085606,2.2336315064497163,0.0,5.727349250478093,3.9232319498354675,2.8962433750532486,2.2336315064497163,2.8962433750532486,2.5180190012382027,4.221097617066683,2.739180583298772,0.8397552001960357,3.052882631805938,0.6297813049381256,1.7621246640983643,6.30057292797204,5.00581033936727,3.1514274742802355,4.67007738915409,5.348154601395208,7.2620604171479854,1.965796806434312,9.837529357471578,1.0132359379306342,4.8805873510198,0.0,0.0,3.5233029137080782,1.0132359379306342,6.034255801362866,1.5060532213265254,2.552767769974872
TCGA-62-8397,0.0,4.155340879657042,5.48237075618675,7.859150571959207,1.3660151202615096,0.0,8.77396801788472,3.500040706491717,5.029293475914789,4.664466867658639,0.0,0.0,0.0,11.569286894635978,0.9001206987115172,0.0,5.613102558616474,0.0,0.0,0.0,2.6489157184766863,5.623699766182643,1.3660151202615096,0.0,1.922700008488651,4.88572945137104,0.9001206987115172,1.3660151202615096,0.0,8.34411993693285,3.407745893279919,1.3660151202615096,3.473235832881548,3.1462277096814937,4.691613901888648,0.0,0.0,0.0,2.836642751029887,4.4505202148690115,3.7750227460934442,4.939397046495199,0.0,2.1161711738965603,2.1161711738965603,0.0,0.9001206987115172,1.3660151202615096,0.0,2.836642751029887,1.3660151202615096,2.74717475578626,0.9001206987115172,6.883650068837165,0.0,4.177974673615193,0.0,0.0,0.9001206987115172,5.48237075618675,2.1161711738965603,6.383913646638078,2.1161711738965603,1.3660151202615096,0.0,3.192848021306948,0.0,0.0,5.665010460822322,0.0,5.019694138584602,0.0,5.649720438557668,1.922700008488651,6.2209678323747735,1.3660151202615096,3.3581924507133656,2.2782001830583565,2.918754032269941,2.4176087695628277,0.9001206987115172,0.9001206987115172,5.997595713038222,4.835877063108505,2.4176087695628277,3.5431771526912463,5.494443204318388,4.5932008382914535,2.74717475578626,10.591378442975362,0.9001206987115172,5.639393275702851,0.0,0.0,0.0,0.0,5.718444460486848,2.2782001830583565,3.192848021306948
TCGA-62-8398,1.7054569318613402,0.31867188913852507,3.994457926399516,7.056183904752907,2.964809040900481,6.472829948773247,7.999920161054531,6.214978029989071,4.2111315464283425,5.611254088739668,0.0,0.9168105967210062,3.0918739257711216,9.798554723185251,5.035379937853308,3.6318327987346604,3.651507231448936,0.31867188913852507,0.0,3.504899522977081,4.729359325342793,6.844753709462425,4.3365152768393,0.31867188913852507,1.0566090411876519,7.136952469989383,1.1792701916855641,6.9798991807546225,3.0027922928642132,0.5600157079567496,2.536478655331988,5.015656002553119,4.802339303530065,1.183872132618933,5.89492611330845,1.3869441499613877,3.892672995685186,0.31867188913852507,5.529802033831314,0.0,0.6081338062329886,6.724251824021626,6.866108986488302,4.503445275722904,1.5588391136707307,0.0,1.7714206982325245,8.9486443841621,0.9168105967210062,3.0571847878669574,1.2884885698661737,6.142637225659324,1.5061419308251531,6.606167637357816,1.1792701916855641,2.340189115391412,4.306611847470745,0.31867188913852507,6.058531899305278,5.265499710004358,7.216386380184301,7.362327961197329,6.7138258103063215,2.956840706226279,0.5600157079567496,4.8150744838677735,2.674962111579907,0.0,5.874042696216527,1.4765691573596726,7.765751422402579,4.177166481230626,1.0566090411876519,3.884990908376828,2.8842251282352507,2.1408305771400555,1.7714206982325245,0.7542422799197561,0.5600157079567496,1.5588391136707307,0.7542422799197561,1.2884885698661737,4.977595440018056,4.534495543974671,4.142005517646677,5.618093858795839,4.001346208088346,5.354499192570186,1.833317193033133,9.77121251322631,7.29226910033737,4.755527967576648,0.0,4.296442874517868,3.7265436680890747,1.9466527304163723,6.112260816191051,2.1840154980810182,2.409985526603752
TCGA-62-8399,3.71578425216308,1.3926988087928849,4.377876785950247,7.331865481959141,2.3102754462780517,3.0644931181247794,9.498484837507805,3.7430219357099777,6.73550919372578,5.437296393829488,3.678270881667297,1.5648797805698902,4.837780783075214,10.18771867731165,2.54354498652017,0.5632662597054253,0.9214374646936848,0.5632662597054253,0.0,0.0,2.8485770682391194,7.4343341659542315,1.3926988087928849,0.7582792754977276,3.2119519097953764,2.6012887045287556,1.0616370525432144,5.578279718484598,0.0,5.47761351808197,2.482253132322437,1.3926988087928849,4.794475631889725,7.131682523128883,0.9214374646936848,0.3207782999409705,0.5632662597054253,1.1845758947152043,7.607431101504782,6.160719861133328,0.38199175192252227,5.181811639785212,1.1845758947152043,4.849699424622976,3.4052724008152944,0.3207782999409705,2.1476024004735326,2.2322377331732253,2.7076434517242296,4.720238428815766,0.9214374646936848,2.780594093577919,0.0,6.233078466105491,1.482490511972298,2.4064585034588584,0.7582792754977276,0.3207782999409705,3.046682008931903,5.314904043902428,1.8980995049993814,5.907724178170084,7.662444307636678,3.6884443594739897,1.1845758947152043,3.5009914332656202,0.7582792754977276,0.0,1.7117417612420238,1.0616370525432144,6.6526397786283065,0.3207782999409705,1.7117417612420238,2.482253132322437,1.7777957622106686,1.3926988087928849,1.5648797805698902,1.7777957622106686,0.7582792754977276,3.8847566335590664,0.7582792754977276,3.5987413759028186,4.864398770113776,4.5389726895115885,6.232334061138402,3.9303421800110603,6.374133451638301,7.406243104160611,3.760776770281584,9.762799181158112,0.3207782999409705,5.695481449616815,0.3207782999409705,0.3207782999409705,0.0,0.3207782999409705,6.69244968050593,2.3471185913548536,1.2940420014148037
TCGA-62-8402,2.289307332381471,1.3752334137604656,4.329233531925318,6.914273985969253,3.076952748925246,0.0,8.257424555388772,6.173529821064296,4.817657157113772,6.03735766173604,1.692675511004156,3.9837090470744823,5.1299046320653305,10.274019542604176,6.701847337502038,0.0,4.248123744481253,0.6857700362208962,1.2422507655359134,0.40058656065705694,0.9074517832069507,11.279096275030337,2.660406379630847,0.6857700362208962,5.736265798900398,2.848287392847335,3.299961680581279,3.0063853277363037,0.0,0.6857700362208962,3.555185191083892,2.127052439359217,4.736970080434466,0.0,3.4197017810040626,4.5017355923291,0.0,2.289307332381471,6.1632095353361915,0.0,6.4732222631240095,5.643023468810637,3.792227696507265,4.4570436578012504,4.128605882506628,0.0,2.848287392847335,0.0,6.469129379250564,2.69427576768037,1.492611918666996,7.280642097448145,0.0,5.710499862403725,0.0,3.792227696507265,1.0887976152797183,0.0,6.026713440710747,6.828999909000416,6.070906305016605,7.223025767136315,1.0887976152797183,4.244880144021045,0.9074517832069507,6.658551336344557,0.0,0.0,6.795944001828848,2.0021149337323023,6.772532170498635,3.917352776929035,2.0021149337323023,6.352589325830344,2.876430585328319,2.066533591379052,1.859324655390479,2.1841055648430667,0.0,2.066533591379052,5.0125002207057685,6.417393828348501,5.5206565944809025,3.932235352699201,4.088123585342311,3.9837090470744823,2.625356761117679,7.839041021630432,2.5121488549317337,9.428141678879717,2.1841055648430667,5.300973835009246,1.692675511004156,0.6857700362208962,2.9038088522033405,3.512031887659781,7.761306404035016,1.5976486918591237,2.3380294539272404
TCGA-62-A46O,2.4009270359927255,1.3316005546972436,3.879090639112981,8.019435147042962,2.1097767414759088,2.6261529971351356,9.606502339758203,1.58962288506104,3.901871654371771,3.6020816906709445,1.6973205764096286,3.879090639112981,4.258115957057611,8.766766771967307,5.284269150821977,1.1723892536640539,0.7489602453791581,0.4430177641607487,1.58962288506104,9.654359304249924,3.6008648467842663,8.542814153444697,3.28245138250521,0.0,0.9829021031726566,1.7945389362616386,2.7037275385101878,7.914946482171917,0.0,3.769615767341363,0.9829021031726566,4.424813098360437,5.4133321296266965,2.294411782304884,3.8905460171716673,4.167365753567243,0.7489602453791581,0.0,5.6974323552573995,4.817301322637745,5.877402392878401,6.810533773758558,3.2397053756782803,8.458041733960144,2.294411782304884,0.4430177641607487,2.7037275385101878,5.962040885734499,2.665692305467247,3.867500422167768,0.7489602453791581,4.141115228259738,2.3490869266454655,6.7569021562324005,0.0,1.3316005546972436,0.4430177641607487,0.0,5.887580718388899,1.9645215909813398,5.98474451820697,4.852733141843045,5.9210286707043265,3.1169538351428168,0.7489602453791581,5.157893705285218,1.3316005546972436,0.4430177641607487,5.301083537167996,2.4971892423016904,7.825337176942493,8.407088104727654,0.4430177641607487,2.9649946768071236,0.0,1.1723892536640539,4.612910154998309,2.0397907360500436,0.0,0.4430177641607487,3.901871654371771,0.0,3.867500422167768,4.940184217087079,4.550138332943483,2.9057966250471146,5.776499956716971,3.020888193435109,0.0,9.55143050112858,9.09906573566542,3.782388011971633,0.0,0.0,2.4009270359927255,2.874829376186329,4.445427399437068,1.1723892536640539,0.0
TCGA-62-A46P,1.388167605501571,2.8645638013186483,4.61512051684126,5.992084354987388,2.0498711143707204,0.5607009132596392,9.322418275381533,7.105827145867323,5.868256824406371,5.831442497808794,0.0,2.304842543035261,2.226858889132455,11.097584248254359,8.265318320402352,0.9178095778434249,4.113336403403692,0.0,0.0,0.0,1.9480507135544243,7.582819951991317,0.5607009132596392,2.774935965308129,1.388167605501571,4.592534693312463,0.5607009132596392,0.5607009132596392,1.5601216098781387,0.5607009132596392,2.5078253321705666,0.0,5.355061527930616,3.132873393267404,2.5078253321705666,0.5607009132596392,0.0,5.082335608261447,5.795510488582731,0.0,0.0,0.0,1.1803765904707493,3.528789924175065,3.1269578849068633,0.0,2.4446313807861086,1.1803765904707493,0.0,4.864228993446856,1.8346912366115675,3.9536983957026366,0.0,6.8720348327409,2.820753691015295,3.0110296694794823,1.5601216098781387,0.0,2.6233633929350164,6.713631549734293,5.114472650335509,7.390983575556024,2.774935965308129,2.0785036019518595,0.0,5.53588439756797,0.5607009132596392,0.5607009132596392,2.3771729499846184,0.0,6.769555865223074,0.9178095778434249,6.828231436674682,7.494424653280838,2.5672620657043876,5.03456013234853,2.726917750826717,2.4446313807861086,0.0,1.7068005300008642,0.5607009132596392,2.1422754858512034,4.049887496606902,4.676196987636028,1.8346912366115675,4.161347232349282,5.870381070984919,7.140967965973131,1.388167605501571,10.124212180613029,0.0,6.75652183986741,0.0,0.9178095778434249,0.9178095778434249,0.0,5.7283417450235605,0.5607009132596392,4.0884371477576344
TCGA-62-A46R,1.0989122436771077,1.946281508664226,4.290886747100472,5.37802463335219,1.5044106745663945,0.40559843255339884,8.90139108023678,7.1393034126401576,4.241753999417309,4.431245278461381,1.7051116625023828,1.8721713395219164,0.9165706926814708,10.349390581417667,4.9093995930153795,0.0,1.8721713395219164,0.40559843255339884,4.23453394946157,0.0,0.0,6.154229446352718,1.6097778546471984,0.0,2.5261285643295825,2.918181458535432,1.253077204832244,1.5044106745663945,0.0,8.46749021075657,0.0,0.0,5.020387585538934,4.554306273087326,1.5044106745663945,0.40559843255339884,0.6933471605626116,0.0,4.466336762405907,4.5647772660688295,7.730842410654282,4.682557062369447,0.40559843255339884,0.0,2.6030896054657107,0.6933471605626116,1.6097778546471984,0.6933471605626116,0.40559843255339884,3.2585118363885606,2.140454323446567,2.9448494212393572,0.6045345222033417,7.070732603400905,0.0,0.0,1.253077204832244,0.6933471605626116,2.2516811964655177,7.134922723567927,5.145014660422767,6.417165195327997,8.53987793592942,2.7982991094047795,2.86261222488737,4.792081195115854,0.0,0.40559843255339884,4.844620063576611,1.946281508664226,6.102990268766681,0.0,1.3866193083188305,5.555328868973435,6.357408897053863,1.6097778546471984,2.5653492774828637,3.091456004198015,0.9165706926814708,0.9165706926814708,1.0989122436771077,2.0152762842040493,5.440684607834958,4.703584633473018,4.820708893642243,6.665479875351901,2.0152762842040493,5.239527622812739,1.6097778546471984,9.823724389119787,0.0,5.741832631180438,0.9165706926814708,0.0,3.7731838371659663,0.0,6.6978314606719325,2.3517656571379657,5.239527622812739
TCGA-62-A46S,2.8527564221014687,3.079641343361097,4.9853448361653,5.710771328953761,2.4880267771242437,1.0174022332425665,9.176313984922682,7.0576483365567535,5.230423890504386,5.2810949077524505,0.0,2.826958529305305,2.1407130130675003,10.87434411819478,7.74023387447099,3.3297586643886246,2.773275986019917,0.36568423809631984,1.9714386491281806,1.0174022332425665,0.36568423809631984,7.234487376943969,0.6328662496750154,3.3608822031334205,2.926382195419198,5.547631462163555,1.5111633431657598,0.6328662496750154,1.7675521555277922,1.1654918175076545,1.408667211971616,0.6328662496750154,4.618954740958708,1.1654918175076545,4.044289097897942,0.0,0.0,5.978427432034557,5.581460403145078,0.0,0.0,4.154077806487424,5.7267174459386965,1.0174022332425665,4.420275722105579,0.6328662496750154,2.1407130130675003,0.6328662496750154,0.0,4.3372476026471505,1.2944531574543106,2.926382195419198,1.0174022332425665,7.504154746982478,2.239485536050729,6.767332768479885,0.0,0.36568423809631984,6.493153054272445,5.131152366643093,6.867331121980707,7.18353682017553,4.2839065106715495,3.7607884030445633,0.8435049621485023,4.167845921852215,7.151532484742812,0.0,2.5588151972960445,1.1654918175076545,7.081674972095253,6.133493483127561,5.2421649171443905,7.208030227291462,2.6869287044800987,1.5111633431657598,1.408667211971616,3.1945667387221595,0.36568423809631984,1.0174022332425665,0.0,2.8779054869405485,5.174549582960525,4.94074201736614,3.592371307033267,2.926382195419198,3.639849386169895,7.062191632286556,2.4880267771242437,10.79673481124167,0.8435049621485023,5.491005834080376,0.0,1.0174022332425665,0.6328662496750154,2.6564059679498717,6.110222662774856,2.239485536050729,1.5111633431657598
TCGA-62-A46U,3.1614924445487205,2.3068061716932657,3.546831901721074,7.1449989546751285,1.847383372976052,0.34429867287067695,8.568500185709944,5.419760363035907,5.408780342486621,5.715404674483989,0.8033459728580209,2.3469177180335032,5.200902974440995,10.740022702178958,4.609816375712899,0.5999347988377666,1.547371001017882,0.8033459728580209,2.5587300576476197,0.34429867287067695,3.08873980429564,2.678518398496172,3.42077449333552,0.0,0.9723307427568277,4.605717036438125,2.9048552527634004,1.96923597435881,0.0,5.262399991361237,2.1758079816267735,0.34429867287067695,3.963554171521979,0.9723307427568277,4.809416300197838,0.9723307427568277,4.501921882483206,0.0,6.569886667883715,0.34429867287067695,4.68128827935096,4.792520742803487,3.393538124294666,2.0250117546905524,4.506468561731863,0.5999347988377666,2.492990553480475,0.0,0.34429867287067695,2.94888696692248,1.116812325312061,6.3093817706957225,0.0,7.654210972012982,0.0,3.6154831517401154,2.265018211506947,1.6312385423929532,4.3654131416787045,6.06783281999913,6.405545763056177,7.150819097731477,1.116812325312061,2.08809152249374,0.8033459728580209,5.120750488333758,1.2430300425794625,0.0,3.307069835604117,2.0250117546905524,5.955085791764267,1.2430300425794625,4.249217838056826,1.7803951391490052,5.357821360695769,1.7085952279672862,4.01935158318067,1.7803951391490052,0.0,2.7597883965066243,3.534917923063587,1.96923597435881,6.130558875374079,4.48986370613423,4.95567211602097,7.084871645581296,5.090856447385888,2.3068061716932657,2.649891286928678,8.676153998296838,0.0,5.617305500302589,1.7803951391490052,0.0,0.0,2.3068061716932657,7.046351324572395,3.3796332037463146,0.8033459728580209
TCGA-62-A46V,0.4029953942072367,2.826182805282027,3.5762565197061695,6.065590554813348,2.595769499801423,0.0,7.482501733154052,5.073979352146741,5.625557835516269,5.303304908059076,0.4029953942072367,1.603460080747564,5.3907233332049715,10.547336815041453,5.808172519559582,6.9122153182042245,2.7010792940213753,0.6894403186286189,1.4982605114547092,0.0,3.2480267769598874,6.043456722221495,2.595769499801423,0.0,0.6894403186286189,2.883313574084258,1.8654899892032841,4.519818158788523,1.3807037628066456,5.868884398682855,0.9118006666012902,4.009046262531864,4.066287964439575,5.031763839360192,4.9554255685646185,1.2474345117364718,4.6321723246906625,0.0,4.597772893357616,0.0,6.410635302272258,3.1498472384577645,3.1708949331494662,2.190580330913803,1.939503958880801,0.0,0.6894403186286189,0.0,0.4029953942072367,3.64337987004257,2.0084287744334164,5.045629137892526,0.4029953942072367,6.89628272012758,0.4029953942072367,0.5982319227636577,4.706616049383322,0.6894403186286189,3.6170692247416234,5.81559513041854,2.190580330913803,7.474653060158458,1.7855401694141382,1.2906641301046404,2.391108659382078,3.3600836779322387,0.6894403186286189,0.0,2.5188570891575477,0.0,6.559914059696964,0.0,2.7010792940213753,2.883313574084258,3.0609299523993796,3.50429834645656,0.4029953942072367,1.3807037628066456,2.478058252959161,2.2446063427701946,4.9830105536841245,0.0,5.223674636051941,4.939067682236836,3.1063787936410545,1.2474345117364718,5.263001021420469,1.0936332471209458,0.0,7.825233305742687,0.0,5.657249760527984,0.4029953942072367,0.0,0.0,0.4029953942072367,6.473473942855932,1.939503958880801,0.0
TCGA-62-A46Y,2.199455420487579,3.2982487698392253,4.292928992035607,7.676422648334025,2.4872040088366836,1.6114359150967734,8.805626981257692,3.8419009251963385,5.587866445058858,5.08389195160352,0.4063313994361222,2.1422754858512034,5.555452598809496,10.956645606629237,4.258080584095709,1.7068005300008642,2.1422754858512034,0.0,2.017073995602966,1.388167605501571,2.9179761163968827,6.983502620920317,2.253531394102389,0.0,3.0469053107109305,2.3536393588165447,1.2545613504367474,4.961830129814323,0.9178095778434249,7.107056855810776,0.0,1.388167605501571,4.006147027479975,3.85822130445979,3.0228074115290346,0.6943963999603772,2.253531394102389,0.4063313994361222,3.6787407305159694,2.9201408940030458,7.451717762121162,5.396119892421423,4.153503011693751,2.5280299941700872,4.292928992035607,0.4063313994361222,1.8739230032816787,0.6943963999603772,1.1002775679871708,3.904426222806269,1.506031042722224,4.670620791050631,0.0,6.823608159723509,4.729871457590062,4.892834758286745,2.3536393588165447,0.6943963999603772,3.6400226627249603,4.785798643631573,4.2997544644278936,6.8360712896836935,6.294067866988969,1.8739230032816787,1.388167605501571,4.409191797746524,0.4063313994361222,0.0,4.842721446003017,0.0,6.321467689904184,0.6943963999603772,1.6114359150967734,1.8739230032816787,3.9727473869742957,2.3536393588165447,2.5280299941700872,2.6764769712631042,0.0,2.7103874675656967,0.0,2.5672620657043876,5.640849774608633,4.707853120121829,5.086991213911797,5.630114405730865,4.54577149990527,8.171980871296995,0.0,8.950729912305313,2.1422754858512034,5.5972064056979,0.4063313994361222,0.0,3.0704407796368254,0.9178095778434249,6.6052099603815435,1.7068005300008642,1.9480507135544243
TCGA-62-A470,1.5464129120126497,2.8337955274957216,3.0303462380700386,5.8774864509794105,2.5889137499921744,0.8026740050871876,8.523531064600055,7.530640926501416,6.420485036037676,4.850834236463844,2.8337955274957216,4.096231114895346,3.69905005773498,10.212078258081187,5.904718589436983,3.459095151740536,6.569233142751628,0.8026740050871876,3.1427504344787094,1.5464129120126497,0.0,5.921366600965174,0.8026740050871876,0.0,2.2639170271031306,5.400165220025397,1.5464129120126497,1.5464129120126497,0.0,4.549616248992364,3.0881291228199585,0.8026740050871876,4.471667364383984,0.8245262586163251,5.155681799264914,0.0,0.0,4.468283456224811,3.840881398490334,0.0,6.009986943493466,4.468283456224811,3.98816333950598,1.242164141699867,2.6773710381575953,0.8026740050871876,2.2639170271031306,7.67036322155119,0.0,3.378443804593401,1.242164141699867,6.088262256355231,1.242164141699867,7.487442565627607,0.0,1.5385002940092216,1.5464129120126497,0.0,4.801476827348709,5.500613104549409,4.075532044605522,6.783068089411015,3.194542147852748,2.4123449174864957,0.0,3.2907163712109497,7.906197263217007,0.0,3.8140793610980195,0.0,6.820043656878114,0.0,5.48541085288739,7.32287364411844,2.7586355783088443,1.242164141699867,0.0,0.8026740050871876,1.242164141699867,1.242164141699867,0.8026740050871876,0.0,4.648689339901587,5.0758798159566565,3.6361588257802895,2.2639170271031306,2.7586355783088443,8.141984700272708,0.8026740050871876,8.881901580651423,1.242164141699867,5.540066750854363,0.0,1.242164141699867,1.5464129120126497,0.8026740050871876,6.458118823528569,1.779366323798061,1.242164141699867
TCGA-62-A471,3.7479075079761204,1.965446634496314,3.872425261207584,8.032278949434748,2.6237768903674303,4.133262344881188,9.584596850959908,1.8910918521475395,4.149528528121961,5.226638748814143,0.929996378930267,4.597235791768518,4.8862656140450635,9.9313556058786,4.227113997964527,4.099912366525564,0.7045815581856084,0.0,0.0,8.579935099610864,5.175918067323428,6.3207449126822715,4.165534352049098,0.7045815581856084,2.695349892523978,6.6040576392615495,1.5218299939125832,8.7256794474808,2.2174737280196735,0.0,1.11382925447297,8.292891469681512,4.9315993017369895,0.42323953620732896,2.2716824882542292,5.088367642636608,2.5057871273673555,0.0,7.073295140865347,2.8546467055728275,1.6296914184613434,7.95547068590889,6.565916870178338,3.8399747567407583,3.7834348036510157,0.0,3.0897643642229755,8.832988847526817,2.418606578030768,1.5218299939125832,0.41310253523737567,6.712327813732918,1.1772694214913861,5.99523742086048,2.8247541362204607,1.6276903191511853,2.6602035916449904,0.0,8.488231830670976,6.613027107643244,7.213039029004475,6.022878423751042,5.933493744546127,1.9033604724753357,1.7234092483398218,4.404502157189051,0.41310253523737567,2.9393100592408916,5.480117954327864,3.4063839083494556,7.185136984325207,7.547306516091856,1.4034218447804812,3.456016951426262,0.929996378930267,0.0,2.966009907936687,2.1601686304957797,0.929996378930267,1.7234092483398218,2.418606578030768,1.5218299939125832,3.439744791274394,4.732084735510307,3.6728313696923287,5.072470163659513,5.6005123651687505,2.992015374434884,0.0,9.061782357335034,7.065895134315066,5.251068513947426,2.5859729585228033,1.5218299939125832,7.287471717067524,4.657269155732072,5.73423408211203,2.2174737280196735,1.11382925447297
TCGA-62-A472,3.367030277489151,1.5812441780633184,4.124078106476923,8.557125190007582,1.5812441780633184,2.7999606690356322,7.37742135126193,6.3259974043481435,5.027453079022416,5.28292957948739,1.7623821505173782,2.6750792507655103,3.4314937758935056,10.517082738336592,3.815545144149082,3.6544122252316886,4.184669609603394,1.075173056934347,1.7623821505173782,0.0,2.1658485694205747,5.461948677120511,2.048569878012749,0.0,3.815545144149082,1.7623821505173782,1.359899049760359,5.27801771575614,0.0,5.39413650771864,1.5812441780633184,4.24179858368698,4.866988147413092,3.473967554599512,4.395877763354565,0.6756449054238033,1.9156718302804083,0.6756449054238033,5.112337124921781,0.0,0.0,3.749640537207343,5.486235731948453,2.962165148710043,4.941613850772562,0.0,3.1849466866051164,0.6756449054238033,1.7623821505173782,3.629116179981054,1.075173056934347,6.009724318146647,0.0,6.351573089494976,1.075173056934347,1.5812441780633184,4.66543709677474,0.6756449054238033,3.6544122252316886,6.968643395492561,5.316663050664812,7.536123909599902,7.808103603315526,2.5714588936143508,1.5812441780633184,4.407707782892113,0.0,0.0,2.36579460639193,0.0,6.152970964188016,0.0,1.359899049760359,5.316663050664812,3.101690110779764,1.359899049760359,4.213642006138765,2.048569878012749,1.5812441780633184,0.0,3.2618012057196317,3.1849466866051164,4.982153511660606,5.102113900364678,4.8921445080436365,6.754770752267283,2.5323466966098307,4.74406218485471,0.6756449054238033,8.46415100017869,0.0,6.117442798946933,0.0,0.6756449054238033,4.255585759100446,0.0,6.216701904878768,3.1441867608363685,2.910963833844324
TCGA-64-1676,4.612864508620787,1.124474948193837,4.424257236640683,7.078172931273267,3.683876962491145,0.0,8.87882900984378,2.6005763427969772,3.943116551677472,5.383880194897482,0.0,4.424257236640683,3.6302381766691094,11.659239806458181,0.8694925823255157,1.124474948193837,0.0,0.0,0.0,0.0,3.471310958257807,2.154259083458049,3.2559056783015436,0.0,4.866557049878297,3.081262971545983,0.8694925823255157,0.8694925823255157,1.3274728003115486,6.771503618352686,2.070476475294186,1.878380492261714,5.429174561691692,3.878472426637034,6.7176765126853475,0.8694925823255157,1.766441661243765,0.0,8.854797643981867,1.124474948193837,0.0,7.036412311190399,5.799425932250647,0.526443034661067,4.563538488747047,0.0,4.612864508620787,0.0,0.0,3.9564589417867895,2.5477797223356626,6.591948042804508,2.1851182573411716,6.256404338211369,0.0,3.2559056783015436,0.0,0.0,1.124474948193837,5.290617800821596,5.577039417628306,6.338035618406609,8.243842597634446,0.5665630284504923,0.526443034661067,5.010408601736818,0.0,0.0,2.4329991317159787,2.650731774460896,6.68358495071284,0.8694925823255157,1.3274728003115486,2.154259083458049,4.672903598022182,0.8694925823255157,3.381246343353606,1.124474948193837,3.2559056783015436,0.0,0.526443034661067,1.3274728003115486,5.442551900652094,3.531675785321603,3.5928117374510053,6.394007055245088,3.0489459727832022,7.314379714810148,0.0,11.332203028900913,0.0,6.659898864872522,0.0,0.0,4.77733197333148,0.526443034661067,7.2844024436784025,3.0489459727832022,2.4920312097302966
TCGA-64-1677,2.4799694820081837,1.4544902484326436,5.501184738457964,8.941862054722021,4.215670942441574,1.4544902484326436,9.608183170618641,4.247463281189439,4.949071898436181,4.733493037683002,1.4544902484326436,4.337190082171806,4.994560111239581,11.280174661444642,6.629387031226089,0.7391238667999696,0.0,0.0,3.6428119551255596,1.4544902484326436,1.4544902484326436,5.287943746120476,1.8672533852795878,0.7391238667999696,3.7766522078493834,3.7252451339971677,2.0234794707597654,6.155832141770835,1.6820190052148563,4.432612804107501,3.8013975431193656,4.91754731005166,4.916507748038217,1.6820190052148563,1.8672533852795878,1.6820190052148563,0.0,3.2643882421372212,6.857169102948517,3.6710514759143242,5.728221396533219,6.914204438376316,4.588778574557106,1.8672533852795878,4.1488832512813385,0.0,4.166002989068827,0.0,2.918067985197492,4.933437424918581,2.0234794707597654,6.939961060318355,0.0,7.485592613030588,0.7391238667999696,1.7935744877516153,1.4544902484326436,0.7391238667999696,3.95933207331578,5.086558760100391,4.956798416665171,6.6000555161097605,6.16736972959532,4.206584857828811,1.8672533852795878,5.392799931246166,1.4544902484326436,0.0,5.1392278440239325,0.7391238667999696,6.5211173225484735,3.8013975431193656,2.4799694820081837,4.039513438141243,3.2643882421372212,1.8672533852795878,2.857125164102529,3.382571661538958,1.1594564942174093,0.0,4.816548801048154,1.8672533852795878,4.495594130749037,3.6556199376688308,4.949071898436181,7.930598216169859,4.199387527466131,5.7172349167777385,0.0,11.739893692875345,2.975509157864957,5.735067940695276,0.0,0.0,4.379205158049574,2.15855304668795,6.5781478257255035,1.8672533852795878,5.15829063912041
TCGA-64-1678,2.1391716458876022,1.8899896241767609,4.825301204177593,10.085850775128717,3.4627972140806262,2.33848298399103,7.702583213172379,4.046429764807373,3.304076897578714,6.854197316906271,6.922919715501909,2.4249797012076515,2.9335589531227004,11.874362054260617,2.4249797012076515,0.0,3.5997449157205144,0.0,2.33848298399103,0.0,3.37061789202975,5.286624267956991,2.771638270703786,4.478461182139916,2.022315480257719,9.02792361065042,0.0,3.4917294980133806,3.156029737423104,0.0,2.7112583827131718,8.489910377147964,5.945169268122679,0.0,3.9786848956211927,0.0,0.0,0.0,7.398419010924175,1.3375241967504614,5.963296527280061,3.0728831114923816,2.33848298399103,8.041284159553808,1.3375241967504614,0.0,2.771638270703786,4.5098557061745215,6.4343346183285055,4.489036289753467,4.183909481700796,5.945878618887098,0.0,7.102310037443542,0.0,0.0,1.7374264719017112,1.0553915862135463,2.022315480257719,2.647004240535069,4.029919812390107,7.254354634223265,0.6608822199726698,2.39298322843735,0.6608822199726698,6.375501707802526,0.0,0.0,4.697202271434585,3.402296777105456,6.729109358752003,3.337898980147173,5.419525640483529,9.023756544598633,0.6608822199726698,3.4917294980133806,1.8899896241767609,1.0553915862135463,0.0,0.6608822199726698,3.0285624181446935,3.1153181276007316,5.116609621333205,4.6177605931273815,2.2437794408487663,6.707604115206691,3.8869923357029,3.402296777105456,3.232790564286694,11.742377078558851,9.370893370296988,5.495387953023907,0.0,7.136411606981567,5.110981257878266,1.0553915862135463,5.188016891580454,0.0,0.0
TCGA-64-1679,2.8809441237466036,1.433201801696048,4.180866235993347,4.998070013907948,2.4120402143008866,2.1787437427536984,9.765626801750376,5.7273427390652145,5.7922694291124,5.350952510252977,0.25479724511600427,2.302175008921065,6.024323722364747,10.511221169831042,5.66497234386911,0.8964961045459755,0.8964961045459755,0.6262592350183136,0.25479724511600427,3.502890179458409,3.233807786176073,8.704746041105976,2.9591772044127462,0.45767797955509865,2.759997281724957,2.8308871110612723,2.5110210154359813,6.327256195038387,3.877456405070399,4.3097045668432665,1.8738922987665774,2.8308871110612723,5.410457846218231,3.844972531978404,1.9993425824242088,1.3614636139893828,4.228505340075515,0.25479724511600427,8.248971203939583,6.5716963569346865,2.4946259308489105,7.126465015450397,6.646777452964533,1.9993425824242088,1.5001363075430119,0.25479724511600427,2.0378901145216006,0.45767797955509865,3.8953202884414173,3.52876351746776,1.2841785756269533,7.604585668193672,0.45767797955509865,6.951599900758555,1.7304335599003393,5.45293793595989,3.1869846647935227,1.3614636139893828,2.1787437427536984,3.6026023529323767,5.5898146518109755,6.061533839046512,5.167097585803166,3.3707106823906163,1.7805805506366208,2.8478527223641796,1.1089915704129787,1.3614636139893828,4.811208269399362,0.7704785234962688,6.849025984896806,5.673982843417682,1.1089915704129787,1.9592493563514302,1.7304335599003393,2.0378901145216006,1.3614636139893828,1.5628702766177656,0.6262592350183136,1.0083592996905475,1.7304335599003393,0.6262592350183136,5.757127329819735,2.983558472622282,3.420983668955557,3.648960697384917,6.017278482000962,3.58665844947434,0.8964961045459755,10.310318394272075,2.6010735654108124,5.535233637042617,2.1453463165675544,0.25479724511600427,6.5251469530169,0.8964961045459755,5.315774107147497,0.6262592350183136,0.25479724511600427
TCGA-64-1680,1.8296491687704646,1.7018894647990122,2.9008609974173583,8.989374447909746,2.439159351403237,0.9142085656698304,7.49593075717546,3.8883981226114086,5.223615371844003,4.952356252587604,0.0,1.8296491687704646,5.018762181307864,10.961194509878235,7.557107299542411,0.0,1.8296491687704646,0.0,3.3016863907932206,2.979836604148606,2.221505180943304,4.082541850102949,2.439159351403237,0.0,1.1762521117253357,2.136979050320936,0.9142085656698304,7.165470290866283,8.195421963485385,7.506663206091371,0.9142085656698304,3.477852820551118,3.8905378434640325,1.564817044656696,3.9621361036581058,0.0,0.9142085656698304,0.0,4.609183123373547,2.979836604148606,0.5581289688818571,0.5581289688818571,1.3836659097661985,0.0,1.8296491687704646,0.0,1.8296491687704646,1.7018894647990122,1.1762521117253357,4.578955565731452,2.299440152849967,6.689214866947686,0.9142085656698304,7.2758299978717424,2.136979050320936,1.7728993975866985,1.7018894647990122,0.5581289688818571,3.587043276230916,5.941935485020707,5.413733158047163,5.062284858345495,8.741631903647336,1.7471804258300876,0.0,4.255707740763633,0.5581289688818571,0.0,5.37642127288339,0.0,6.514920076773994,0.0,4.307351578681587,1.5553829133113561,1.8296491687704646,1.5553829133113561,0.5581289688818571,1.3836659097661985,0.0,1.8296491687704646,4.8288415979593475,3.454510634559172,5.085668552326468,3.5324098376302,4.0308082054167285,4.96807567967746,5.862275142964926,7.77827009925969,0.9142085656698304,9.093105186222632,3.2155222077753454,4.346829416398424,0.0,0.0,7.6348255109866425,0.0,5.164608815374722,1.8296491687704646,0.0
TCGA-64-1681,0.734433067465488,2.714429808066249,4.056041960808556,5.200461950375984,2.2694832214889287,1.604586161703076,9.652163124205222,4.688665388475151,6.685229037093252,5.677838829851255,1.0321875452868683,1.8017263015952374,0.5440089175562235,11.660836720007467,7.659383609292154,0.0,0.734433067465488,0.5440089175562235,2.015676055007449,2.7611991061123073,2.015676055007449,5.935787975973082,2.58692157519473,0.308513582031714,1.8596517352709734,5.091053315946,2.3415461570568037,3.0212781805217297,0.308513582031714,2.966982943601335,2.613754173538281,0.8943313805197279,4.846601492268375,5.436969998213347,5.227980735477585,0.0,0.5440089175562235,0.0,4.478538365054381,3.6147887895027457,6.12101584214188,4.853786533275332,0.734433067465488,1.9663288330481914,2.015676055007449,1.5291601771437373,1.2612978709452054,1.3587946874173058,0.8943313805197279,3.501576510790001,1.7402380786531082,4.514793516384394,0.0,6.853930361687215,0.308513582031714,1.5585024487543473,1.3587946874173058,0.734433067465488,2.714429808066249,3.323098893878788,5.561254543792734,6.686582284844196,1.447601103180582,2.8039178012765054,4.436650937587466,5.392117315618708,5.1152175069550205,0.5440089175562235,5.388820556722669,1.1532898499588053,6.604386815896232,0.0,6.215613592743305,2.613754173538281,4.004671464175648,1.8017263015952374,1.2612978709452054,3.227482679403646,0.734433067465488,0.734433067465488,0.5440089175562235,1.604586161703076,6.504059105386372,4.206818715854223,5.3738514641584025,6.427607572115541,5.0843627176600705,8.247701990563627,1.8017263015952374,10.14725300329456,3.1531205638027338,5.566797506250538,0.8943313805197279,1.447601103180582,1.604586161703076,0.0,6.386025419540403,1.1532898499588053,4.482631861847846
TCGA-64-5774,1.4529244434176536,1.0549390108781393,5.350150515188054,7.910876704857067,2.646352086631994,0.3838328079810505,9.33710517276768,5.121514553435845,5.7672923419107285,6.014978416472954,6.228213128856155,4.197388396444567,3.9239950536091373,10.518321778536663,5.984817504386188,0.0,0.6605723346277667,0.3838328079810505,0.3838328079810505,1.2058809825952377,2.3378460535879184,11.944714374881176,3.4016172934868436,1.889385148012495,0.3838328079810505,7.031352490623082,1.889385148012495,2.855210792802575,1.2058809825952377,0.0,2.5039491843653163,0.8770508185365514,4.674957408561331,0.3838328079810505,2.770981180837188,0.3838328079810505,0.6605723346277667,5.35458427200134,6.334115868091624,0.0,0.0,5.157168462786454,1.0549390108781393,6.293435914567627,0.6605723346277667,0.0,2.646352086631994,2.2431535092246193,8.033622747716699,3.5861792854816854,1.889385148012495,6.794479072298107,0.6605723346277667,6.789751844039615,0.0,4.467079845707346,0.3838328079810505,0.0,1.2058809825952377,5.067003025058498,3.2321157884464764,7.432377293368907,1.3370253323130874,1.513433491700299,0.8770508185365514,6.960233870627268,0.3838328079810505,0.0,1.6508677221972399,5.22235922234262,7.328896866475309,1.3370253323130874,4.085862020306188,5.852822976881494,3.0936572137091956,5.806056231171059,1.0549390108781393,1.556796341108503,0.6605723346277667,0.3838328079810505,5.4373225008770865,3.636735798271547,6.08021919538354,4.58210317638892,3.7080789583915172,5.35678908429343,2.8279169901616585,2.3378460535879184,1.9577399008088905,11.31069299501739,3.8669126624044416,5.269207763401471,0.0,2.4243424428132188,2.3820337781172705,0.6605723346277667,7.166482166978497,1.3370253323130874,0.6605723346277667
TCGA-64-5775,2.1849158008686214,1.0495620906928178,3.6163222020489885,7.74818820093675,2.3304142449127214,0.8722552462843987,7.802748827267046,4.72193937454181,6.066639271507724,6.2041778924473725,0.38124071921729946,2.7029237499436727,1.9506702304419745,10.850875708191637,1.3309666235103728,0.0,0.0,0.0,0.0,0.0,2.014569631641027,8.098402693345069,1.8824072819191426,0.0,2.8740108676888263,6.113934360421414,0.8722552462843987,5.055869938540885,0.0,0.0,0.0,0.0,5.580793411122371,1.6442257379197642,5.226713947688344,0.656586925248143,0.0,0.0,8.621868472354368,0.0,0.0,10.092962628458546,0.656586925248143,0.0,2.284227620957793,0.0,2.131286558840383,0.656586925248143,5.654238526462961,4.333173781039506,1.6442257379197642,5.30345912502275,0.38124071921729946,4.594383215249357,5.470992546290186,3.454143975263728,4.420613733674567,3.3936623981743037,1.0495620906928178,3.6650221175833697,5.355198519732579,6.916764573139725,6.4079734474284225,4.576632841880515,0.38124071921729946,2.284227620957793,0.0,0.38124071921729946,2.2358040593036943,0.656586925248143,7.230077879998908,4.560991522485948,0.0,0.656586925248143,1.9506702304419745,0.38124071921729946,1.2001153739986312,0.0,0.38124071921729946,0.38124071921729946,4.053892291012425,0.8722552462843987,4.3749327826975914,1.9760790286846828,1.4466365901260523,4.640228401803155,5.344174662632831,0.656586925248143,0.0,8.526739480259385,0.656586925248143,7.774477543887798,0.0,0.38124071921729946,0.0,1.3309666235103728,6.137871752040306,0.0,1.2001153739986312
TCGA-64-5778,3.0799677178718468,2.925529742151978,5.130714949760103,6.052035049812945,1.533118265560688,1.533118265560688,8.809249184316334,4.418757471810777,5.284020653847037,5.260044204326544,0.41798638866183613,4.313346214368975,5.568455184658641,11.743584702626102,5.786464772467546,0.0,0.9387564765898184,0.41798638866183613,1.2794605384558801,1.1235650300236861,3.4032219974104843,5.494488408280729,2.742799393429029,0.41798638866183613,5.027367854077678,2.952981336486358,0.41798638866183613,3.350044428303535,0.0,4.1225496978612215,0.9387564765898184,1.1235650300236861,4.836266033809627,6.11005392425034,1.735277297273248,2.4317607632177918,2.925529742151978,0.0,3.9076273587128165,4.60635148797607,0.0,1.735277297273248,0.9387564765898184,2.047215310009511,5.3227416504585605,1.1235650300236861,4.2186794210670415,1.1235650300236861,1.4143228668411711,4.070780770606867,1.9033604724753357,7.038853714364957,3.2857566007841306,7.173644094147887,0.7119198658832289,1.0372686584270576,2.1729546531782824,0.9387564765898184,3.350044428303535,6.379244185160098,5.027367854077678,6.58535338913209,7.118866734072508,1.3190856114264407,0.7119198658832289,5.7991229570317016,0.0,0.0,4.519776772117203,2.3850771063602636,5.834652829859077,1.2794605384558801,2.476353509076609,2.2303476779493305,4.248773774684114,1.2794605384558801,2.897297717966898,4.241333946789473,0.41798638866183613,1.2794605384558801,0.41798638866183613,1.4143228668411711,5.360019055178532,3.8453702508733696,5.521832848687401,8.451008516110052,6.136302714061504,8.237876035296084,1.2794605384558801,11.292312459123334,2.1729546531782824,5.532155526127699,0.0,0.0,3.4699955675324254,0.41798638866183613,7.330149609062839,2.5190503943548377,6.068985616584147
TCGA-64-5779,0.9695281352565722,2.302745080195411,6.739948274582393,5.8137692725489405,4.6839906085138505,1.2398224572196332,8.556229272141385,6.226358787854854,6.044109178028899,6.010556137363502,11.712210655609148,2.302745080195411,2.6456995071466456,10.959670653062174,1.906322511450631,0.597901998643212,5.063347914097836,0.0,0.0,0.0,1.6276117630129647,10.449123215178306,2.85454882131225,0.0,2.9446126482956103,6.084059680871828,1.906322511450631,1.2398224572196332,2.302745080195411,0.0,0.9695281352565722,2.3813962734183356,4.8590136358186,3.248609369123024,5.010208536381468,1.906322511450631,0.0,2.7555697170701863,5.395049262507558,0.0,0.0,4.8698087852712595,0.597901998643212,3.828819641472079,2.1240563344387873,0.0,2.302745080195411,0.597901998643212,6.409159564073776,5.2121492702609045,0.9695281352565722,3.7356795441606927,0.0,6.992611000882603,0.0,4.474412087084241,0.597901998643212,0.0,3.96185643473102,5.264284771803829,3.6958525852256314,7.02951262880131,2.3813962734183356,1.776645831418007,0.0,5.5870875967413784,0.0,0.0,3.588733098842155,1.776645831418007,7.2828780112684806,4.502007253873752,4.699006552990956,7.09268177331167,1.776645831418007,2.1240563344387873,0.9695281352565722,3.442921369264314,3.1035368001824275,1.776645831418007,1.776645831418007,3.2406334027477293,6.089638803345139,5.233592161319408,4.555013087990156,6.73217614091154,5.435092243386012,5.623212127805593,2.7021394335491298,13.081424709411323,1.2398224572196332,5.686232707763263,0.0,3.3027242048526957,1.2398224572196332,3.493925442786712,6.805565287452228,2.1240563344387873,3.828819641472079
TCGA-64-5781,5.397873066817492,0.49658470147564826,4.703430555155611,9.084810028278902,0.49658470147564826,1.07476348663612,7.888075652536672,2.4792657698979146,4.1592345840760565,5.128987056885589,0.0,4.950127748759436,5.18454378228817,11.048994559356647,0.49658470147564826,0.49658470147564826,1.07476348663612,0.0,1.4387444861208096,0.49658470147564826,4.040340579692955,4.5794728188008325,4.532184353231161,2.717861908486203,2.5816249286644375,6.6507278482498835,2.5816249286644375,10.251595403506913,0.0,0.0,2.165275142029439,4.844541354406952,4.817552037378253,0.826891050609541,4.308271100406631,4.62462961714431,1.915126883178339,0.0,9.586555163589514,4.47525168756578,1.5647333906496204,6.3230498621558,4.445522424856439,6.63056860332954,6.920256808205062,0.0,4.2177561721373005,1.07476348663612,1.915126883178339,4.0644813970001765,1.915126883178339,2.4792657698979146,2.8305627755776017,6.3207395168581,4.697585269952868,3.615773671907755,3.4204116005859597,0.0,2.4238642323738047,2.629129641362888,5.270786855931608,5.915595409628026,5.003342096602114,3.4023766860093483,0.0,5.573594059479362,0.0,0.0,6.496376720841906,4.74341793907879,7.43613394279571,1.915126883178339,0.0,3.645423786185163,2.5816249286644375,0.49658470147564826,1.2732096460497289,2.910354107603396,2.674479629129462,2.717861908486203,1.07476348663612,1.7050389590234893,5.296886343122255,4.286575194892836,5.34405525822189,7.328982181468158,4.808461988799695,3.210609754851115,0.0,12.332229412323532,0.0,6.213391358494296,0.0,1.4387444861208096,4.922415915038567,4.254951498358297,6.257759537678115,3.1010782891066913,1.7050389590234893
TCGA-64-5815,0.9443338228987979,0.9443338228987979,4.847904577467287,8.70190355939414,2.5481318088430416,3.321742834321748,7.5411259155060035,6.40146601701731,5.248691102944867,5.852808617874735,0.0,1.8716175444734582,4.505926480003358,10.71276306715523,3.100529130386024,4.131521521666146,2.607765669699859,0.0,1.4212270476599134,0.5796984880523661,2.2660248376822434,6.231392449812742,4.011011865130324,0.5796984880523661,1.4212270476599134,7.589553300785188,1.5948723477547853,11.145569394640876,3.8575076837758884,3.676093055419556,3.7526497114624435,5.24455259953386,4.888128619603459,0.5796984880523661,4.066371951313676,1.2109285568919417,1.4212270476599134,0.9443338228987979,7.990603972470769,1.4212270476599134,0.0,5.387225277313358,4.216140277042953,3.2013796556514422,3.064521124230112,0.0,0.9443338228987979,0.0,2.816061201121,3.9060813889322765,2.2660248376822434,5.2930937471728114,0.0,6.402769238280116,1.9857350752395275,3.4033683567228565,3.4788310360494394,2.607765669699859,4.523127897150636,5.335608334324448,5.777881399149946,6.324272937175873,8.12226438106296,1.6138282607353933,2.5481318088430416,5.670160194325475,0.9443338228987979,0.9443338228987979,4.168666321045634,0.5796984880523661,6.9733276405225055,1.7427967901787869,2.816061201121,1.4212270476599134,5.248691102944867,2.088141090631351,2.905916969231627,1.9857350752395275,0.0,0.5796984880523661,0.9443338228987979,2.2660248376822434,5.864025984014633,2.698471134655216,3.232853677918865,5.429446501059662,3.8739638573968187,5.422533001934959,0.9443338228987979,11.31060975053933,0.0,6.067218841900019,0.5796984880523661,1.4212270476599134,3.376894443138982,5.265065603713852,6.309836456697409,1.4212270476599134,2.8620008609268015
TCGA-67-6215,0.7501416920797536,2.468124954877255,3.653635622673359,5.350316661658417,3.5196705494929077,0.0,7.40948768446901,2.1771239056292164,5.479488261584596,5.116369739833515,0.5566399359052823,0.9121622212903749,2.7424194211817516,11.068310401205412,6.501514870406221,3.2705114606502486,0.3165610320021576,0.9121622212903749,1.3811310541630106,2.5585907225852744,2.2581942376592377,5.586915269499012,2.6932546176144605,0.3165610320021576,1.282876401921402,6.142125573743441,0.9121622212903749,6.638207776725839,8.919891809651059,6.4783252934201405,2.2581942376592377,2.641539959623249,4.344006700297117,1.764987613175066,4.520390861569264,0.0,0.9121622212903749,0.0,8.401155881094295,1.1738743565019032,4.336044212604907,4.590818694219174,1.051555621124829,0.5566399359052823,1.6991140690758748,0.0,1.1738743565019032,2.897650757141364,0.9121622212903749,2.641539959623249,1.282876401921402,4.642359992091202,0.0,7.236360940793243,5.353846676340517,4.798209106123242,1.3811310541630106,0.3165610320021576,4.457656929648862,5.364357884123996,5.393559362209694,5.697747634919778,2.2963859177512247,2.0944286714880844,0.3165610320021576,3.439340591440195,6.449299120324205,0.0,2.6146475341712048,0.0,6.644042305415278,0.7501416920797536,5.412012056295813,1.940007045688258,3.4973708251108127,2.641539959623249,1.940007045688258,0.0,0.0,0.5566399359052823,0.0,2.855705546126364,5.168590157404659,3.8913242567350963,2.499195739418278,2.52933812229792,3.6727424502037858,4.298953402094996,0.7501416920797536,8.483350948326594,1.9921392132770392,4.798209106123242,0.5566399359052823,0.0,4.05367012625899,0.3165610320021576,5.234328027915478,2.0889090827414387,0.0
TCGA-67-6216,2.7558303315497494,2.0884384478710936,5.01917869509355,7.803520802561331,1.743076799280912,0.0,6.194754309817294,4.281001153605618,4.933833440289153,5.068583396050453,0.7787283686501512,2.6779551884588937,4.05315444439722,10.600454926855106,4.763062428858872,0.463356586523942,2.344667093373413,0.7787283686501512,0.7787283686501512,0.7787283686501512,3.5436686938561492,4.438990446246704,2.717650635765347,0.0,2.8623208737300443,2.4517375883964863,2.2247424633729587,4.60529817779679,1.743076799280912,6.6729755390547965,2.1589110081589524,2.1589110081589524,4.86848015698032,1.5120896571641984,4.281001153605618,0.0,0.0,0.0,5.257250550394744,3.0739749005154744,3.8618595987927398,2.5012638057754035,0.463356586523942,2.548444670591988,4.531959503457295,0.463356586523942,2.3996392058082967,0.0,0.0,3.8743003695964844,2.0126337810982213,6.583364961151598,1.3471896412391295,7.194271672293901,0.0,3.6863236909317805,1.0181611642704829,1.2111668649061766,4.011348748419752,5.269459968265214,5.01917869509355,6.536639422317156,6.7081255970328995,2.4773028137612685,1.2111668649061766,5.0833031822074775,2.9275016115116044,0.0,4.70610994448228,1.0181611642704829,6.697273725162299,0.463356586523942,1.0181611642704829,1.9305934449434201,3.5771766463514183,3.314960250321539,2.717650635765347,3.509001908290592,0.0,2.548444670591988,5.413287560984295,2.2247424633729587,5.773348959373401,4.325085844211071,3.771244846880195,6.8874811405420475,4.083398202163158,7.779901837338731,0.7787283686501512,10.576153925887875,1.2111668649061766,5.3648538903482805,0.0,0.463356586523942,4.991534020793854,0.0,6.2352241203134735,1.743076799280912,5.503643119489272
TCGA-67-6217,1.8110881280097517,4.151708973361667,5.257698476400692,7.480236522315448,1.4841920993963504,0.0,6.402104575522258,5.66930144477062,6.095630849977485,5.054894574375446,0.0,2.8935334212337436,1.8999709171138681,10.844825955910999,7.40325607512639,0.0,3.11819766319458,0.7594497698140085,3.4916411944316996,0.0,2.2542873075862935,4.859254109008937,2.794307404885818,0.4501835017964291,3.3819601944745825,1.7135276209584813,2.2542873075862935,0.4501835017964291,0.0,6.905451627613657,0.0,0.0,4.896734711954094,4.868034325497233,4.979598600310798,0.0,1.186104105783453,0.7594497698140085,3.6659690025308302,2.3122482539050013,2.4864720905127062,4.35358472098005,0.9953606588576351,1.186104105783453,4.389492446019395,0.7594497698140085,2.684139949054668,1.186104105783453,1.186104105783453,3.9099568724446554,1.7135276209584813,1.8999709171138681,1.6054298910365616,7.695535137166353,0.7594497698140085,4.515270642257279,3.3819601944745825,0.0,0.9953606588576351,3.0397443742703234,4.648986094272516,6.6220845158243895,3.4198719219269638,3.5819677359633735,0.9953606588576351,5.512452463304307,7.183286325827423,0.7594497698140085,3.1672751148122424,1.3462012675534465,5.732029737594304,0.0,5.512452463304307,5.069294063321434,4.868034325497233,1.8110881280097517,1.186104105783453,3.8633074384762724,0.4501835017964291,1.7135276209584813,0.4501835017964291,1.3462012675534465,6.1516682986483175,5.442110303969882,5.448490145006072,6.077536733195878,4.490073538757016,9.417468356021587,1.7135276209584813,10.843787736870635,0.9953606588576351,5.323575672762131,0.7594497698140085,0.7594497698140085,0.4501835017964291,0.0,6.293844327132821,3.0927228588676194,3.47417519161357
TCGA-69-7760,0.4852616316347165,0.8105745974359096,3.392223906863047,8.186606401526202,3.85484082659993,1.0556351958129693,8.079534382768882,4.557198736580247,3.6170450492923285,4.608294300855325,0.0,0.0,5.11886768197851,11.154398807668022,4.850435242549075,1.0556351958129693,1.5576602902524608,1.0556351958129693,1.416581053724763,1.890321930384882,2.397331477532047,5.664070974419973,3.492106984021961,0.4852616316347165,2.0631470038360424,5.7331244249080875,2.7321572764454434,4.424229675111064,2.982560910742629,7.529250699198135,1.2523057211165738,0.4852616316347165,4.967498121618561,1.6812561222245697,5.452560899207194,1.7912426690431746,1.2523057211165738,0.0,5.141043481254798,3.6820008506718604,2.360287803122335,6.03006247021395,4.503350062406254,3.0439270224036594,1.2523057211165738,0.8105745974359096,0.0,0.0,1.2523057211165738,3.392223906863047,2.1395130693914517,7.188352311710688,0.0,7.621792730433585,1.6812561222245697,0.9357011253939783,0.8105745974359096,0.0,5.1300170511163365,4.120452433024553,3.979068381776898,6.368420435303644,2.4525900483114573,5.110197029277676,1.6812561222245697,6.736936115296094,3.073253343030156,0.4852616316347165,2.6021117406887053,0.0,6.690684500997363,6.557218600145527,0.8105745974359096,3.6500502643053863,3.073253343030156,1.6812561222245697,2.5049543450917784,0.4852616316347165,0.0,1.0556351958129693,3.867981249702108,2.276703023279942,5.137379539390111,4.09122637238398,0.8105745974359096,1.890321930384882,5.159152995591508,2.210458839113844,0.4852616316347165,8.317753959613587,2.276703023279942,4.800325700762133,0.0,1.0556351958129693,4.482384281828211,2.9504053554189427,4.1696282714974,1.7912426690431746,0.8105745974359096
TCGA-69-7761,3.6987208681447936,1.855782232385342,6.121171761876473,7.2226609048313,4.177769236900477,3.2720108222791224,10.038918390072457,6.212828515904102,4.419191148759573,5.394100161924753,0.0,3.068392412388414,3.0169065087853975,10.281245676062884,2.3715512974587685,7.5199635170367305,1.3078732546068796,0.431587592253736,0.0,0.9627925655255748,0.7320312986099116,4.257268076531068,2.420688077461349,0.7320312986099116,2.875235559199924,7.056347683031964,0.7320312986099116,4.655435452135642,3.4582359735089208,0.9627925655255748,2.3715512974587685,7.800977977921487,4.277617055621378,0.0,1.5639592591550702,0.431587592253736,0.0,0.7320312986099116,10.169598635059765,1.1501605505486863,0.6195544602565719,8.574948760256976,1.1501605505486863,2.08140211849247,5.166567243663038,0.431587592253736,3.068392412388414,0.0,0.0,3.387852061014019,1.3078732546068796,3.7119903286110283,2.9642932047186106,7.108014980907105,1.3078732546068796,0.0,2.7794774404432028,0.0,7.439576935299952,5.458201578223056,7.014068340823765,7.062380132085762,4.558512446584001,3.4203167690671616,6.992491569925038,5.742512682916239,0.0,0.0,6.364991691680206,2.7101346937038286,8.096914907968868,3.475085805907475,4.309382014375296,6.744476060537953,3.3507072734061794,1.4440914598461074,2.2077248119700856,3.7758274957645925,0.7320312986099116,1.7676375271076452,3.9355227116666223,2.420688077461349,6.331950147969604,4.44770552097287,5.441976054564599,6.674068846291369,3.312132989587606,3.8701775707049175,2.7794774404432028,12.038618026118218,0.9627925655255748,4.49429560689755,0.0,0.0,2.8124282342821485,6.152666735082008,6.327592081469054,3.8701775707049175,2.7454102098592874
TCGA-69-7763,2.0151829813495805,0.0,5.442153606385297,7.420393259437138,3.2282438079720066,0.0,8.365430325158389,5.235318992108754,5.492081539523271,4.578311704596315,0.7803335422388613,2.0151829813495805,1.0200379468620069,10.59953801449303,4.189978931895453,1.9331143451092572,2.1615283126779454,0.46442560093167373,1.0200379468620069,1.213249641106145,2.2891553158823212,8.852181470373862,2.2891553158823212,2.3473385491812184,2.3473385491812184,6.29282390756314,1.213249641106145,9.377709022542922,2.795370974668227,4.1809854539238644,2.1615283126779454,2.0910242029229025,4.179630423587759,5.19103834506758,4.292029440930211,0.7803335422388613,0.7803335422388613,0.0,6.003205353311001,1.213249641106145,0.0,4.441907450523465,1.0200379468620069,8.517187191398238,3.3389956835811,0.46442560093167373,1.9331143451092572,1.745506084710593,1.5143797008831088,3.924992536282809,2.0151829813495805,3.0491545500499844,0.0,7.088400431395147,0.7803335422388613,5.882257755114865,2.0910242029229025,1.0200379468620069,2.8308458378413954,4.489473098228882,3.2740266693330486,5.59605248734964,2.503973712505226,3.4908308734576234,0.46442560093167373,4.066238254599331,0.0,0.46442560093167373,3.457495796179043,1.0200379468620069,7.1829598299228055,1.8437033852487743,3.4386954580822398,4.838770870402581,3.1298609877464605,2.0151829813495805,2.865105230648277,3.15537782886321,0.46442560093167373,1.375107015479314,0.46442560093167373,2.402321824781582,5.8016227843141515,3.4940682250667625,4.515670989667916,5.1007501835385165,4.6315199613108735,7.412214681294502,0.7803335422388613,10.811935610886138,3.8648726959617274,5.060332982848589,0.46442560093167373,0.46442560093167373,4.528516977466642,0.46442560093167373,5.758336945622115,1.213249641106145,3.992667993233048
TCGA-69-7764,0.8442790225638612,2.3930563111578866,4.864815372495978,5.564317321568078,1.6051888981446856,1.462236364695048,9.08567470526035,7.383834166418293,4.9339774070042965,4.505598438589883,0.0,3.0394572503408783,1.9413569417789318,10.448262326844956,7.2901905579756106,0.0,5.260849116933129,1.095072698369577,0.0,0.8442790225638612,1.6051888981446856,4.854534937105296,0.8442790225638612,0.5086833306939572,3.5113484044956578,1.6051888981446856,1.2954118646427175,1.7302208882114563,0.0,0.8442790225638612,1.2954118646427175,0.0,4.082538477188464,5.140305910171609,4.957564983153119,0.0,0.0,4.692173229609665,8.73507170672137,2.973875137198682,0.0,4.148425467609274,3.1304073868805706,4.105642169908594,3.530952904654692,0.0,2.4518754089371333,0.8442790225638612,0.0,4.909819988857439,2.2639170271031306,4.541572022575573,1.7325754758746073,7.0839246162908935,0.5086833306939572,6.2019401983204,0.0,0.0,3.0394572503408783,4.037825355810255,0.0,5.658816488986238,2.0322582108619653,4.394039194106878,0.0,4.583098386065987,6.551939965455286,0.0,2.560037313100516,0.5086833306939572,7.363862803035762,1.2954118646427175,1.6051888981446856,2.2639170271031306,2.973875137198682,3.74038260148081,2.19250233396385,4.083543102594912,0.5086833306939572,2.560037313100516,3.101001785071066,3.8161660761835825,6.344411049037111,5.387545451490844,5.14414001969855,5.670311864594601,5.267708663353319,6.101714838303881,1.6051888981446856,10.739314154617585,1.095072698369577,4.483377622908939,0.0,1.2954118646427175,0.0,0.8442790225638612,5.539567990871279,2.115580588295709,3.0394572503408783
TCGA-69-7765,2.338270718929062,0.8102188521457828,5.628174917147723,7.520879335010128,3.854230743690231,1.0552523540785446,8.504454396408011,5.011894500962418,4.78416956378474,5.0993846044488835,1.0552523540785446,1.557154654510096,4.169303600687556,10.374303351882421,3.7715395027909837,0.48501538686617346,2.1389596692042434,0.0,1.979925027642591,1.2518768617329905,1.8897932094994205,6.5923100178760565,1.979925027642591,0.0,3.3265241215581742,2.4520132104858963,2.1389596692042434,4.035224225068611,0.0,6.2091029729877,2.2761487109210075,4.159604697933236,3.731526981334955,4.434555040996561,1.8897932094994205,1.0552523540785446,3.1820500016752726,0.8102188521457828,7.4801688251474205,5.227857347898266,0.0,5.783732870376813,1.557154654510096,2.0626005244838095,2.8097339657875957,0.48501538686617346,2.0626005244838095,2.504382426288657,1.0552523540785446,4.393215060157625,2.1389596692042434,6.137560733560278,0.0,7.4199319896190685,0.8102188521457828,2.0626005244838095,4.361864742849929,0.48501538686617346,2.209910437143402,2.2761487109210075,6.08921492901413,6.4568952363835805,6.894940519567757,1.6319036571497638,1.2518768617329905,6.056123373508584,1.7907256016377575,0.0,2.209910437143402,1.979925027642591,6.572432181847161,1.2518768617329905,2.1389596692042434,4.337690660853817,1.6807347943161342,2.3967582630112956,0.8102188521457828,3.4124109407091576,0.8102188521457828,2.1389596692042434,4.197849858023304,3.8409136099694345,5.768245992981131,3.7998705880466983,4.099347028994892,6.186247717786523,3.3703910348937764,6.8235330994713035,1.0552523540785446,11.086603353907178,1.4161201180171321,5.1367568012020115,0.0,0.48501538686617346,1.8897932094994205,0.8102188521457828,5.882059753259694,1.0552523540785446,3.472308009120108
TCGA-69-7973,1.2005971130860196,1.4711408965300092,4.724897996010973,4.875487357473023,2.7864114959932085,0.5732368838873878,8.90819013862849,7.616303256118106,5.619614324590703,5.677766987452919,0.0,0.7090205297162355,3.7978235411031154,10.998854581039208,7.164016341359165,0.9353479834076124,3.991767207014712,0.5732368838873878,0.2295231582782488,0.2295231582782488,0.9353479834076124,7.134221304760276,3.132489706908851,0.41607528722017995,2.513858471737768,5.4563590380679825,2.042297670396705,4.749763914721075,3.7196486885353273,1.0317956189639992,4.623825096085257,2.4927508038110493,5.357995658382526,0.9383652861924658,2.7540873729140563,0.0,0.0,6.201091154760475,4.740793139772806,0.2295231582782488,1.6169893285869348,3.786187636580934,2.961083891345661,3.7978235411031154,1.0317956189639992,0.8285954847349943,1.2005971130860196,2.4927508038110493,6.301528637952891,4.701743204439568,1.0317956189639992,6.774979029736499,1.5287049666010042,6.254059554183119,0.9353479834076124,0.6242793012611448,0.7090205297162355,0.2295231582782488,3.0131251369548875,4.17814941491421,2.355784569461623,7.4641602033220495,2.042297670396705,3.555002287430739,0.2295231582782488,6.630692620428227,1.344977452483179,1.4100353015016882,5.149353213408078,2.1070931866467033,7.173751401799025,2.8177234037423022,5.061778243849285,6.8139862110546385,2.613197250086203,4.494217396005191,2.934005794916226,2.5345298002613244,0.41607528722017995,1.2005971130860196,1.2005971130860196,4.987155112880498,6.346395721564048,3.4352058165145154,2.7540873729140563,6.060351412976536,4.827080977766405,5.959721010070405,1.9364801113975918,10.17588972970303,2.8480903656395586,5.76721100498184,0.0,2.5345298002613244,0.41607528722017995,0.41607528722017995,6.244143599421391,0.9353479834076124,4.311247347066817
TCGA-69-7974,3.312446310463533,1.3709522708206205,4.924859517074852,6.922939414307177,1.6880087682341272,0.2576609133397701,7.4128847102032465,4.014110169511495,5.121872508086813,4.954311825709967,0.0,1.8390246616951693,4.290579981828277,10.605421020376692,4.480654033690485,0.46234941030887594,4.278429840522248,0.46234941030887594,0.0,1.884703214870793,1.8390246616951693,7.210079628170788,4.175512790106218,0.2576609133397701,2.9091335386886157,8.28006227136609,1.3709522708206205,5.098817096981303,0.46234941030887594,5.666547788045976,0.2576609133397701,0.2576609133397701,4.34792161402393,2.790152325182835,2.048982334195127,0.2576609133397701,0.2576609133397701,0.46234941030887594,9.402727764503515,5.601428545794293,3.7770070828626947,5.5716862421727145,1.0164979922911805,0.46234941030887594,4.614433151947257,1.7911759656896387,2.2537624282964774,1.4429345851671407,1.2093483302627754,3.0297568176657927,1.2093483302627754,4.52620381552245,1.5356837238454384,6.512449390799389,1.9702124415782782,2.5744349954416634,4.03511989750827,3.1871457070261635,5.49382247055829,6.912752770692429,5.683688604953068,7.424875052960684,7.504347505327447,2.0640232889514554,0.0,4.070855849653194,0.7773504518420197,0.2576609133397701,4.124552021354185,3.5828437105410424,6.54971511784406,1.8390246616951693,2.67552700939665,4.628886712605407,3.4613795526704894,1.2934112336398347,3.2229037020686118,3.0850198081304003,1.6880087682341272,1.2093483302627754,1.0164979922911805,2.6128820112168394,5.511790307883547,3.560122360649714,4.53254572826709,5.290839476692078,3.268678809295326,5.389455217919373,1.0164979922911805,8.809060991474873,3.344062496957159,5.721933411865605,0.0,0.2576609133397701,2.284156321525612,0.9040561942058125,7.105326630982968,2.6342027078414283,3.00093869658136
TCGA-69-7978,3.304220146426081,0.28982976450923986,5.761249174304529,7.203137628060106,1.9533821638940143,5.827771399073611,6.517460024603876,4.3171467219354955,5.321867863758233,5.748468992278607,1.3056264580524357,3.0840773441121727,4.923747545827917,10.245515754728022,3.099353277137573,4.108446329930893,0.28982976450923986,1.1044286739895495,0.0,0.5143195130202465,2.310424286072134,5.391630098234989,3.44241289874225,0.0,2.801382668947095,6.867260314315123,1.6164135261705257,6.483610283069866,2.2413690463204032,0.5143195130202465,0.6974877466583654,0.0,4.295063892865179,1.1055216969690445,1.6810513472436335,0.5143195130202465,0.9862644555016655,1.3056264580524357,7.733736108800308,5.536775055570846,0.0,4.921293932071175,7.053309111583877,1.3056264580524357,5.16770741663676,0.28982976450923986,3.9975270803418748,0.5143195130202465,0.6974877466583654,3.746166748537315,1.2100642139622526,6.21459009826019,2.655443764218558,6.117931986156731,0.5143195130202465,5.774911729117721,4.798901404333609,1.9533821638940143,4.470673756436615,5.57063576993456,7.193828558019498,7.5023906600186,6.333048695615371,1.2190584417439767,0.0,6.0125702466053195,0.0,0.0,3.1724045699492467,3.431597254053239,6.777187490541322,4.386446851107373,0.9862644555016655,2.310424286072134,4.29904576064726,2.4646954390329663,2.8985934227495775,3.5150021441026444,0.28982976450923986,1.6164135261705257,3.328619520342845,3.9403597019793484,5.772823344991189,3.8710739194987864,5.362099351584325,6.002644319907385,4.596979735636389,5.455402308642634,0.6974877466583654,11.812125945130491,0.0,6.052898253292074,0.0,0.28982976450923986,3.907129049537836,3.364135669521329,6.658519260738501,3.858668641126067,1.2100642139622526
TCGA-69-7979,0.7700156248165223,3.1740960084936014,3.9628910093925436,7.958101266240755,1.4994667842185907,0.0,8.300367142593904,4.7343194912771995,6.023454856857168,5.555885532716529,0.4573615538966662,0.6258314732750783,0.4573615538966662,9.588516499846676,4.34333778005877,0.0,0.7700156248165223,0.25456469598895337,2.812812537886722,1.2835692585970786,1.3608226951462212,9.964032171152391,0.25456469598895337,0.4573615538966662,4.120618038410029,2.8470350300086964,2.177973797744082,6.153606780664749,0.25456469598895337,3.951807021435042,4.248573810391357,1.8731551074320492,4.727423216315927,4.227901787846282,5.336224717618788,0.0,3.699614130752858,0.4573615538966662,7.39715091201407,3.1740960084936014,2.941809208559367,1.6211886018667618,2.8470350300086964,1.7798555647252308,1.9985974713343198,0.0,0.25456469598895337,1.199814169177077,0.6258314732750783,3.7755386857743436,1.7798555647252308,2.9880024754920496,0.7700156248165223,6.373979981158898,0.7700156248165223,0.7062608197053284,1.007811924341613,0.25456469598895337,1.199814169177077,4.547121493614847,6.349453627191444,5.959687461293706,2.3013943843818243,1.6962576043866606,2.330015418042068,2.6628575580866194,3.713854953517328,0.25456469598895337,4.0165379637030645,3.320507798142879,6.575285023740222,4.8875783759371645,2.436923659765849,4.175563500941521,0.6258314732750783,1.958501966891495,6.027659051290994,1.2835692585970786,1.199814169177077,0.4573615538966662,0.0,1.3608226951462212,5.0011168033200715,4.162197895793386,4.36199865698821,5.122266110267441,3.7208988189200367,5.87134566047461,0.8959655680795554,9.60426582025004,0.4573615538966662,5.752585337157708,0.0,1.7798555647252308,5.609336254864254,0.0,6.035354630227312,1.4325336555380876,0.0
TCGA-69-7980,3.226466939314014,1.4743739174028314,3.893343627051634,5.482532961851411,1.8254359955874389,1.5421222051492334,8.713138192900473,4.6694774303832585,5.545458654936195,6.0245680304118,0.7996670239376181,4.9634109034634015,5.6455104998608565,10.845937138616025,4.6865566058605115,1.9195661737157113,3.068796844410996,1.5421222051492334,3.319267616837932,0.26712215848641974,2.9795368325316844,6.917963002449558,3.6783820486427348,0.6515957534017102,1.1453368288409786,1.6652320627562964,2.5838692423140475,5.14134771715698,0.6515957534017102,0.928614481562987,2.2905125117597764,1.2382872707405916,4.623471687158004,6.134616389448199,2.963854534655968,2.5120109859800084,1.323327936923432,1.4017000812697389,5.379330372560619,5.19877323621165,3.6993568737541724,1.4017000812697389,0.6515957534017102,3.082927800253689,5.178271773237395,2.7728511877926842,4.452248583868618,0.26712215848641974,0.7996670239376181,4.220383791888284,2.963854534655968,7.094243144645508,2.4868630680863886,7.073447667727318,0.4777237522608737,1.9860233209916143,2.536541969011721,0.26712215848641974,3.2739433877352053,4.550711888257384,6.435874689347817,6.423527768260026,6.487062821015198,2.6601616303752365,4.553940047500902,5.666917916920771,0.26712215848641974,0.0,3.924066194230462,2.733834900075937,7.04342189040367,7.256014913319522,4.085737628606653,2.963854534655968,3.630853016591588,2.6722986633950607,1.5421222051492334,2.6290647121537387,0.0,1.5421222051492334,0.6515957534017102,2.536541969011721,5.705354571597313,4.414805973570949,4.6550169346326475,6.531306107343952,5.190281051908834,7.304125823297362,2.5838692423140475,9.404244590013203,0.0,5.380740316120001,0.0,0.0,4.494173818711635,3.622707599813687,6.5680610573373635,2.6067185955126417,3.4538151319040327
TCGA-69-8253,1.8607412295421664,2.496728166174795,5.084938485288739,8.005834092044102,2.097134101210754,1.9458958632389858,7.126649816006932,5.405879456960703,5.735177777200518,4.544803218475935,0.4519669417595842,1.3499156057761759,2.7454294762590084,10.425383671615961,5.706149670635679,1.3499156057761759,1.6094379124341003,0.4519669417595842,0.25130331710806614,1.8607412295421664,2.061417581616827,5.596824387263647,1.0986122886681098,1.6094379124341003,2.5649416651242585,3.9148669575598776,1.1895797190382975,8.714603669048111,0.9985340932551715,2.3445424427545527,0.9985340932551715,0.0,4.626031076655421,1.9929436691878377,3.6338106202861242,0.0,0.0,0.25130331710806614,11.85705403124036,2.097134101210754,4.329971207831895,5.1433229975818335,4.387359887564133,6.35882272158012,1.1895797190382975,0.7621133850246682,1.8152806642694008,1.9859135228827764,0.4519669417595842,3.002841939873984,1.4213718877325867,6.722620167853633,0.25130331710806614,6.34937847319125,0.7621133850246682,4.027889539100586,0.4519669417595842,0.4519669417595842,4.553867417871455,5.838552266814048,2.8823955882149876,5.707100297921799,3.86222333187554,3.6302567334056692,1.8152806642694008,4.6179383252657695,0.25130331710806614,3.0845166611642822,3.1354855202391683,0.7621133850246682,6.387109932500031,0.25130331710806614,3.0445129138685476,4.712094478309599,4.362178456340269,2.228464813072276,0.8873149596375816,3.856199464954064,0.7621133850246682,0.9985340932551715,3.626235137837063,2.061417581616827,5.151631257363037,4.041084422581217,3.2302311089063354,6.406634081249743,3.1103280129516824,5.942788876383926,1.8607412295421664,10.854730284172138,2.3445424427545527,4.445997416553015,0.0,0.4519669417595842,6.16330427766345,0.7621133850246682,5.754447071454832,0.9985340932551715,4.901021300769924
TCGA-69-8255,2.4696491776072125,3.70541941174608,5.596627757788997,7.00887581863219,2.699318860312006,9.342674798522545,9.191964566285758,4.095753569105521,5.236245134949974,5.73751701238583,0.6055174305989712,4.241556941902488,4.200834439910485,9.672822032010519,4.506429930193401,5.408027907113533,0.2448267621453517,2.232355743096924,0.0,1.169101817382454,0.636788446890561,9.09797762000533,0.870037347356693,0.2448267621453517,0.7464983560569398,2.580618264158202,1.3281089495099838,3.1195680653788904,1.169101817382454,4.986028344503372,5.345196181443139,0.0,4.523189768834212,1.0921246225325554,0.2448267621453517,0.0,4.204982129717613,0.441346919995931,4.329363982090576,3.9626210581912376,0.44314617507585286,7.982754289036006,2.0712581488718165,1.0789876455318097,5.292203716214398,0.2448267621453517,3.7256765596245156,8.26703038547798,0.6055174305989712,1.9604609141965443,1.3281089495099838,2.0356725005471294,3.2514049685560478,6.2311721538678535,10.332327331960743,5.366148897273115,1.2517624681617845,0.441346919995931,7.005607679149642,5.308812103640678,6.838743835894165,7.120945459438558,6.705407733948804,1.5795970704230793,13.87326140739071,5.409272701972697,0.441346919995931,0.0,0.9799788915568873,3.65649571549426,7.3564905823200775,7.895350342193771,6.600598125585013,5.59250075954215,2.2021457816552874,0.441346919995931,5.334552859130132,3.3387721814435958,0.0,2.870373111389475,4.524633439630873,2.232355743096924,4.732868348357632,4.038759615715261,5.141909140379559,6.581946188407898,5.3930046251044725,4.654169852019999,4.104944846826063,11.224911337394248,11.576031710891174,5.310181706101512,0.0,0.0,0.441346919995931,6.648461096984959,7.339855826616757,2.261679761668042,3.6125652037635443
TCGA-69-8453,2.5021406214339796,2.6841126367245147,4.579762117520191,8.264631128019358,1.9926983105540723,5.999053180456654,8.903506740237441,6.732457398324706,5.452993622521666,5.683188534354453,0.3969623956164152,2.2795109200234442,1.85012271252497,11.132816651605731,4.60931359022096,5.903990335754323,2.3745894254771307,0.3969623956164152,0.3969623956164152,5.001668546033571,2.6841126367245147,7.397616681062333,3.233429405875712,4.035224225068611,2.615247541506368,6.091384539924216,1.588949450006764,6.719010738923405,5.640849774608633,1.923956638839441,1.6838029943894073,6.9478986432849865,4.932767441931258,0.9029623016628224,1.77041665645492,1.484169430598816,1.0815678540588514,0.9009740277622618,7.242576152854119,2.5021406214339796,0.0,7.226761584675944,0.6804164880811269,2.5412791066965537,3.963797284124196,1.923956638839441,1.85012271252497,1.85012271252497,1.0815678540588514,4.125781857889242,2.809071315160938,4.446268236735347,1.2344826105305078,6.713699545227189,1.6838029943894073,7.081775810736705,1.0815678540588514,0.3969623956164152,5.529329876240942,4.675050663436297,7.137914165190252,7.098425224138262,4.109914387629429,3.6983618537221754,0.3969623956164152,5.825170855091219,0.0,0.0,6.58909290109838,1.0815678540588514,6.871052912131209,2.615247541506368,6.236827411023765,6.361255844361332,5.074354729874983,2.174444856224014,3.174066725732988,3.2140280935832566,1.3671115417031166,1.484169430598816,1.6838029943894073,3.3251475252710923,6.113195335679129,4.18447315896327,5.632161151815557,7.102449971839233,4.423152982873856,7.199835166851896,1.588949450006764,9.474671930819714,2.578943291714383,5.762843521785405,0.0,1.2344826105305078,6.259447611894884,4.216032556187428,6.788596672662087,2.117447575100607,5.156264050981279
TCGA-69-A59K,3.963865648895856,1.545432582458188,6.243253862612099,7.387331692571801,4.031592888166454,2.0496393348177904,7.484834826740568,3.7570146245471445,5.136545216964247,5.4609335413173365,0.47933495667461984,2.1258598475970163,3.5143861762325246,10.196977725270886,4.020617286824941,0.0,1.6686497720659463,1.2412685890696329,1.2412685890696329,0.0,1.7783364488959144,7.819266607682966,2.6329745814414314,0.0,6.343266889179861,2.6762223598709656,4.378530530417173,2.7957679951871865,2.6762223598709656,1.404870746692826,1.2412685890696329,4.825237009024304,4.131727048409431,5.110914923886594,5.001264861736117,0.47933495667461984,3.2895318458882516,0.0,4.896652528258547,3.6668996585058773,4.7177485899043905,4.732208041158743,6.567139268777587,2.5877715539964345,2.6762223598709656,0.47933495667461984,2.9989869712744865,0.8020015854720274,0.0,4.201788406243576,1.8771876491779291,3.5143861762325246,1.6686497720659463,6.669762014417591,0.0,2.540428076346936,3.986954210061577,1.404870746692826,2.196679984628082,4.031592888166454,5.057595212959534,6.651653265626143,3.2663432097888845,2.2041670889027944,2.1258598475970163,5.976322990126471,1.404870746692826,0.0,1.9671263426220988,2.3832522210612,5.341721624155323,6.2166061010848646,2.8326367072449266,4.635612093323153,3.4770868612268764,2.7574814295872674,3.682494111133446,3.3560361250356854,3.940231381691735,1.9671263426220988,3.928201426155608,2.6762223598709656,5.284152517074632,4.652587980317245,4.623609138804695,6.996352065212779,6.02059607361423,5.341721624155323,2.7957679951871865,11.733674150882164,0.47933495667461984,4.910343392763956,0.0,0.47933495667461984,3.5143861762325246,1.545432582458188,6.163192691316029,2.540428076346936,1.0455630675782943
TCGA-71-6725,0.2715526905218973,5.058313729412998,3.072401605480458,4.9202947451948145,2.790508450542724,0.0,10.513399852522324,6.1566547804943905,7.145054169084526,3.6572623600423633,0.0,0.0,0.2715526905218973,10.283857050194523,6.948215608109348,0.0,0.4849538161984201,0.4849538161984201,5.013697268132075,0.0,1.377304069281758,4.911146395595513,1.1582010800797673,0.0,2.577865582728083,5.4974468749913585,1.8895665292309671,1.841247802319249,0.6606756404129825,8.52804806354362,0.0,1.9356433395566326,4.2317486545886,4.126043467630368,1.7370216527887208,0.0,1.1582010800797673,0.6606756404129825,4.124631254826973,5.73121928596632,3.804065787923051,2.3074432729044028,1.1582010800797673,1.841247802319249,0.4849538161984201,0.2715526905218973,0.4849538161984201,0.0,0.2715526905218973,2.138724086843561,0.8100854150278266,6.187902661459306,0.0,7.6192186885778534,0.6606756404129825,1.1795161638919451,0.0,0.0,1.2516766643949464,4.51620125788125,6.48082646474991,5.793973513381553,1.9356433395566326,1.845205444933681,0.0,1.2516766643949464,7.713579146630148,0.0,4.960464176849892,0.2715526905218973,6.661854740545311,0.2715526905218973,0.8100854150278266,2.809481005549187,1.2516766643949464,0.8100854150278266,0.9400463202285515,1.0550782866443813,0.0,0.4849538161984201,0.4849538161984201,1.4159259762444933,4.400634921578455,4.396030619546771,0.4849538161984201,3.6491792260117357,1.6805299125415138,10.559392261931182,0.0,8.892527560424815,0.2715526905218973,6.033666389200558,0.0,0.2715526905218973,3.712090481894491,0.0,7.486445137564258,2.864335743345323,1.556943897470031
TCGA-71-8520,0.4824261492442927,1.247032293786383,4.3227913597679,6.804442664941611,2.2700515706566127,0.8064758658669485,8.591716077481276,5.941312706277538,6.093689401715167,6.1441684665963106,0.0,1.5517876129323502,2.0566717667516707,10.875825859274787,6.918042186850273,0.0,4.678773745232723,0.0,0.0,1.0508216248317612,2.4981354290343405,7.975478714616502,1.5517876129323502,0.0,1.8840195476533526,1.5517876129323502,0.4824261492442927,1.247032293786383,4.988376051790835,5.0051402238142755,1.6752069262049984,0.0,4.884988923295366,1.4109625831689128,4.102957365320323,1.7850537024130075,1.0508216248317612,0.0,7.526518295404712,0.4824261492442927,3.7262354489910168,3.2260341428665127,1.247032293786383,2.6837438472376647,2.7252219196105294,0.0,1.0508216248317612,1.247032293786383,1.247032293786383,3.0661767576081003,1.6752069262049984,3.750428354535623,1.5517876129323502,6.535515543992451,0.0,3.7208455506708065,1.0508216248317612,0.4824261492442927,0.8064758658669485,5.497315755393708,5.9445668411094434,7.102960154940198,1.9740671370366694,1.5891739787524894,4.386500362613293,5.2409901149263804,4.7347763851100515,0.0,6.198543755027663,0.4824261492442927,6.792686680904399,2.33212447757134,6.9125039860043405,3.8864836344390477,3.735746341400083,1.9740671370366694,2.132970460196441,0.8064758658669485,1.6752069262049984,1.247032293786383,1.0508216248317612,1.0508216248317612,5.361461165512661,4.527992121304057,1.7850537024130075,5.173077220629378,5.10398597958736,4.672997044612851,2.132970460196441,9.334944535200714,0.0,5.753635565782063,0.0,0.0,0.0,0.4824261492442927,6.434026319301702,2.2700515706566127,0.0
TCGA-73-4658,2.067432217554105,1.3550358652171184,4.581520729121549,5.562579828298608,1.002872016387274,1.3550358652171184,8.126532948452748,4.621928969803046,4.935121205619039,5.515084632492691,0.0,2.9047785904226426,2.5713060339926863,11.239878442490271,5.221004263445367,1.6149427330685453,1.6149427330685453,0.0,0.0,0.0,2.203339178336073,6.687010099274054,1.6149427330685453,0.0,1.821059338272917,3.9216207988997884,1.3550358652171184,3.44982245283941,5.484510585443024,1.3550358652171184,0.0,2.13769865728145,4.442637138743603,1.002872016387274,3.838473338931274,0.0,0.0,1.1943769106524889,6.432663527167257,2.377822427178326,2.196324172093055,3.3129925655345276,6.628657588398182,0.7657933705447992,3.8629440995768465,0.0,2.655605366753962,0.0,0.4545092082870869,3.774545551620762,1.3550358652171184,4.6929063002921785,0.0,6.3587517315022515,0.0,5.368141892114846,0.7657933705447992,1.1943769106524889,4.821329403527856,4.955594636227309,5.729040780870296,6.7033770524459415,3.5203513290413526,3.002841939873984,0.7657933705447992,4.807327049282817,1.1943769106524889,0.4545092082870869,3.617614360226659,2.32297578264178,6.952613915290364,0.4545092082870869,2.96589143154297,4.744271040327483,5.0447146077491185,1.002872016387274,2.872762057710094,1.3550358652171184,0.4545092082870869,0.7657933705447992,0.4545092082870869,3.2480889362975995,6.4016534803650424,2.655605366753962,4.379851771372287,6.222332190667855,3.662912717672395,7.080026499922591,0.4545092082870869,11.05176898403808,0.7657933705447992,6.111338728128377,0.0,0.0,1.9100905028542678,0.0,6.154796520995573,2.32297578264178,2.26494552916509
TCGA-73-4659,1.5680949488997178,2.2222206669080236,4.429761480285755,7.803304382836891,2.020235444531387,0.7202271849636874,8.781526285696495,6.608398656732332,6.090191609985646,5.925936202923835,0.7202271849636874,1.3746265562522084,2.859666242875205,10.866354571189198,7.304428518294107,1.2001756040775509,3.662912717672395,0.490357575126127,0.0,0.3519940054201917,1.869522657693777,6.772351276975733,2.020235444531387,0.9887230151308267,1.652382452759413,7.58610349303001,2.4999101982051,6.062577502960355,4.12665846536167,2.3706735556265754,1.319780557061551,7.585783745577019,4.977719463334598,0.8179278974572511,1.9918527252768807,0.490357575126127,0.611882893728982,6.962906123446985,6.999176086793762,0.19144646457095518,0.07714620917665369,4.950849903360218,6.098283249095176,5.984444967405068,1.5680949488997178,1.2001756040775509,1.69201279605777,8.584644341728284,5.047552073179238,3.9359543527198486,2.020235444531387,6.318223692589603,0.0,6.530908239502238,7.215445839892176,5.472820942413924,2.244828853433082,0.490357575126127,3.4985509269180652,2.598778342401752,3.4257859237967345,7.318373752331096,3.898171514937397,6.179351836437281,0.490357575126127,4.52558787231697,0.611882893728982,0.490357575126127,3.446161187029742,2.1008360385339926,7.302435774987958,0.3519940054201917,5.493859478735045,7.394333291130135,2.199100594293248,5.355453557918846,1.8364619250104008,1.6249371758810243,0.19144646457095518,1.3746265562522084,0.7202271849636874,3.2781781610855223,5.387796945020784,4.040048518477663,2.446555558404077,4.16996365396406,5.276715721990276,8.7298774343702,0.490357575126127,10.087474388649143,4.490720712832971,6.037711002601438,0.0,1.652382452759413,2.9844893076079435,0.8179278974572511,5.550471997315513,1.4760207989937488,1.5680949488997178
TCGA-73-4662,1.6064735229700846,1.85501591886307,5.51471420992489,5.758917546623553,1.85501591886307,0.5325675458843945,6.330214544803596,5.085006564917174,5.903913933847512,5.169807629991237,0.7756944415275108,2.78732954056128,1.4544201901674911,10.749190570409255,6.409669820233433,0.0,2.2448818248656006,0.21058502206681404,5.9266833298554245,0.0,1.7384465929976343,6.012898196505346,0.9711576333149952,0.21058502206681404,5.067444017171885,4.706923202438295,1.2749996059738729,0.5325675458843945,0.21058502206681404,3.0183397870059747,2.023386930190575,0.21058502206681404,4.609149258966629,5.35196239344365,3.7042088561452107,0.21058502206681404,3.8977536811358666,1.056191795006355,5.297281830565677,4.3791086314404355,2.9226937293582895,3.5617872851183154,0.5325675458843945,0.21058502206681404,3.1769573961502604,0.0,2.7580333042305827,0.21058502206681404,1.1345584154415789,4.29002921162664,1.4544201901674911,3.9666626943864696,1.6820748030778123,7.821498769389597,0.5325675458843945,4.425058585440966,0.6615017027243997,0.8782149630219251,1.8910314875453238,5.885189724710217,5.544474072171247,6.840744370679356,2.4667087342529106,4.7445581453968595,0.6615017027243997,4.68984216204529,0.21058502206681404,0.0,2.6314139072299807,0.8782149630219251,5.936017902648629,0.3845138213552321,5.697935413864274,4.202802775058075,6.258360834121965,0.7756944415275108,3.808261211134017,4.0877612731829425,0.5325675458843945,1.9919073007479489,0.0,2.4466075118537978,5.676486643296831,4.458050894574858,4.650296503604201,6.823297003689303,4.902478279284492,6.4333049779289695,0.8782149630219251,10.506239455348686,1.1345584154415789,5.1961185142277895,0.5325675458843945,0.6615017027243997,0.3845138213552321,0.8782149630219251,6.32371897268535,2.426102765256328,5.340902605638518
TCGA-73-4666,4.27219084210843,1.5087995631116033,3.3109115586115783,5.470946267621068,2.5705643331699584,0.22434283188969184,7.002983637257354,3.4317750821262933,3.263944788235779,4.93147663997664,0.22434283188969184,3.1303811665423265,3.682227378033559,9.923064664209493,1.5087995631116033,0.0,0.5622409107121464,0.5622409107121464,0.40746311077083747,0.22434283188969184,2.693342572229936,4.692778051709607,3.173409729854288,0.0,3.5468635985838075,2.6083182597032,1.754230657335641,5.422153158372936,0.5622409107121464,0.5622409107121464,0.22434283188969184,6.2448812085918695,4.208665314791415,0.40746311077083747,4.726759302653426,0.0,1.1026707087956111,0.0,6.881565295891897,0.22434283188969184,4.853755337624003,4.188038284747872,7.622854735471479,0.0,5.395126422476097,0.22434283188969184,4.004170005833137,0.22434283188969184,1.2570964226482086,3.1521247244480404,2.909912913103,0.9199241231065759,2.910463014558846,6.496415951380169,1.7968299260411607,0.9650428000798498,2.5705643331699584,3.755441707373594,3.2829955083055067,3.119325066506535,6.726293352600065,7.277779720550282,0.40746311077083747,1.9435931812429506,1.3262258346537712,4.885041836347895,0.22434283188969184,0.0,4.188038284747872,3.630259384339925,7.6347191742858795,0.22434283188969184,1.5087995631116033,4.8619651243560895,2.0847648477111815,1.1828615211130096,2.308060077874315,1.9147290315717385,3.224714745146994,1.4515669877360866,1.8376884011164547,1.7097175422244388,4.590986065281717,2.574594996051531,4.842311312546153,6.817318405308518,4.180375458697769,4.483349384515905,0.9199241231065759,8.76813088207377,0.22434283188969184,5.797549039457233,0.0,0.40746311077083747,6.430535274219184,0.0,6.452104157960802,2.662411067218312,1.3262258346537712
TCGA-73-4668,1.6451910821399183,2.405692071343002,4.816314027906742,5.076198290280015,2.3127433230267607,2.888937396357985,9.477822288127598,4.824249489424485,5.690214173501042,5.45621814880031,0.40011750178156913,1.0013669042292743,4.767331551567507,10.378721231198917,4.274562519111523,0.0,0.0,0.0,0.2199384203652614,0.0,3.074751380604034,10.577806081331698,2.888937396357985,0.8020015854720274,4.048904280924552,5.377581309524587,0.6851150088626811,2.7417492878388043,2.0653552947047626,5.641676547915822,1.3742217798856213,4.616337597679988,4.975374197969041,5.60947179518496,0.40011750178156913,0.40011750178156913,0.6851150088626811,0.5527350268432003,6.329107526713533,5.220409877671511,4.307565715626348,6.091495385232915,3.3939142573158554,4.000555724589697,1.4915548717773834,0.0,1.6451910821399183,0.0,4.689042474524217,3.6414313889266254,1.819066547301959,6.728841509081028,1.4346082213984412,6.9743853612799,0.8020015854720274,6.067276780468929,1.545432582458188,1.3742217798856213,4.146914874208812,6.2256489235791665,6.207976155624144,7.161296115863933,6.977365293330585,1.247664277950361,0.6851150088626811,2.8751565920896844,0.2199384203652614,0.0,2.5306843445163456,1.545432582458188,7.239839330156861,1.1675162673153208,1.4915548717773834,5.176929089813013,2.6762223598709656,1.932115438033124,1.0013669042292743,2.3127433230267607,2.7882282842274613,0.9066443548223496,0.6851150088626811,4.25030360597326,5.342898685943414,3.763599560303956,3.0050982753043147,5.390002803082547,3.6978491062390715,2.182911521400234,0.6851150088626811,10.722791499889432,0.9066443548223496,5.444597151994726,0.5527350268432003,0.0,6.03306224069591,1.087888325305134,6.288596206249615,1.8581868303836477,0.6851150088626811
TCGA-73-4670,2.432454789785576,2.058396643084086,4.636940134076894,8.185804412104007,3.711303642115068,3.0806936340282505,8.491060692687187,3.042305696853578,4.126390560088789,4.992029949770687,1.62924053973028,1.0693207840327104,0.8614965797870165,9.667024438375705,2.7221831915681225,3.4791949224838827,0.598836501088704,1.0693207840327104,0.0,7.45925824680701,4.350717839587687,7.981569282810093,5.119118927740059,1.515874206655785,1.574163004342962,8.174316892491957,1.3173193466163595,9.78628497338227,4.336516585042058,0.598836501088704,0.8614965797870165,4.408921698136526,4.438868817962664,0.24592213820354933,0.43612362906195706,0.7387417681183372,1.3879679598718992,0.24161195559725282,8.093578369197921,2.27693902601046,4.294002472262922,6.713857374085188,5.582981138510295,8.741868369191574,2.8720663425519253,0.0,1.681460855281298,5.693809576881735,3.8940036271978142,2.7221831915681225,1.1589858985915382,7.082640924452318,0.0,6.210449463273333,4.795749222428901,1.5848582934597097,1.9080747616094038,1.515874206655785,4.703512128986771,6.001838055735536,5.590150810122294,5.182468708775822,3.1877400999373666,2.027213600119348,0.0,2.1258598475970163,1.0693207840327104,0.43612362906195706,6.082990302274916,2.3045930756468387,7.533003632227639,1.515874206655785,1.515874206655785,6.182053914500841,2.058396643084086,1.2412685890696329,1.7310713037260963,2.3045930756468387,1.574163004342962,0.24161195559725282,2.9025308687199742,1.681460855281298,4.2545823919890084,3.543414279181989,2.189046785717893,4.441641334926461,2.9025308687199742,5.355368552417049,0.43612362906195706,10.553573253633646,9.140311606993924,5.526949826205241,0.0,6.27218242575813,6.364313483981512,1.2412685890696329,5.3266910007358765,2.1579523072983493,2.1258598475970163
TCGA-73-4675,0.9356618935534116,1.7844998484987948,4.122586964408585,5.380970510220682,4.218249561103497,0.2698744538018162,7.288387931389004,4.112497136118162,6.154751931268826,5.074686196367069,1.410474647371582,1.246543668681451,0.9356618935534116,10.025421959314988,6.259571903789778,5.131176005349111,0.48217920517586904,0.6572090737543161,2.661720008719585,2.2694522113331,1.3408261730727438,5.844952121402646,2.3611841352969813,3.8600642264969744,3.6974228551112303,5.335757649521882,0.6572090737543161,6.597612168790281,2.4975266811441026,1.3318645741306072,1.050366976040115,0.2698744538018162,5.014155756656299,0.810263327228625,4.142466249042073,1.246543668681451,0.6572090737543161,0.6572090737543161,6.407932237539033,0.9356618935534116,0.57874592024997,7.253703901064546,1.929490364916332,4.122586964408585,1.9734975224835933,0.0,1.410474647371582,0.48217920517586904,0.2698744538018162,3.5215755655250947,1.6746824342945015,6.545589574081551,0.0,6.628802990839349,2.30097379555127,1.2231281633656772,3.2497192385362603,0.48217920517586904,3.0362262142704806,2.7040756463467988,5.65058209978822,5.82958952790253,1.7310890130279075,3.711831528455803,0.8061186592191067,3.917139891807608,2.2032618716992602,0.0,5.251754969062665,0.48217920517586904,6.56060624769681,1.7310890130279075,1.9734975224835933,6.965306948820142,5.803763547019515,2.8396046408425115,3.792574834202691,2.7837573700493046,0.2698744538018162,0.6572090737543161,0.0,1.8352020270708918,5.230434592960065,3.6449275665847534,4.532679059880213,4.7231665322254885,5.053145462848191,6.589553516116935,0.2698744538018162,9.680500239016158,0.8061186592191067,6.0732426711519905,0.48217920517586904,1.7844998484987948,4.666528656119032,0.0,5.625651549472509,2.4451951495517723,4.022359719249094
TCGA-73-4676,2.6892274935278344,0.42376333638954006,3.0216485274338094,6.677259768122301,1.4270043493676774,3.4365387851424267,9.388118288720264,2.9956022651032583,4.422711419781356,5.1442800136323745,0.42376333638954006,2.4470403523328708,4.85341212121489,11.11498795328263,4.460006832219568,0.0,0.7204704762088356,0.0,1.5462637934098278,0.0,2.823228365544001,5.521768870439984,4.547580267298609,0.42376333638954006,3.9446760447031455,7.858772022571373,2.614830501387649,6.6289311918163625,0.42376333638954006,5.135004003924755,0.0,2.0618120514100102,4.964353980128583,1.2915715088050042,5.1746005105499915,0.0,0.7204704762088356,0.0,6.349097032457577,3.6901311703901523,1.5451553585341204,5.077464938605082,6.0288759321061285,1.2915715088050042,3.0216485274338094,0.7204704762088356,1.1348799278386512,0.0,0.0,3.419413784248581,2.724448346911846,7.829391697181045,1.5641057624359591,6.961134895485376,0.7204704762088356,7.189974959699354,1.1348799278386512,1.749078108268015,0.9489902280371708,5.661372414271034,5.822083894446828,5.391215548914767,7.235100274490294,2.9855203084775743,1.749078108268015,2.491700188028801,3.119537141528869,0.0,2.0618120514100102,0.0,6.97356174593656,0.42376333638954006,2.534450498120125,1.992316521869469,3.8922508176686788,2.8840462383582635,2.534450498120125,1.2915715088050042,0.0,0.7204704762088356,3.419413784248581,2.79137367501812,4.85341212121489,2.483806044343967,3.7288979258962445,4.5249672154731515,2.6892274935278344,5.528078970163822,2.1267901911755707,7.732759325929791,0.7204704762088356,6.417728518130933,0.0,0.0,2.758470781452288,0.0,4.9411351511117285,2.2453054953410474,0.0
TCGA-73-4677,2.4593751437582343,4.2783868599141215,4.516285418934952,7.75406550896581,4.306060398555118,1.1065473889874335,8.93277759300027,4.290340255963927,6.507319502556567,4.487433399262209,0.0,1.8707708760628772,1.0060217406437488,10.114408713824442,6.5354009099397725,0.4562849571047976,0.7684865371057608,0.25394430046692207,0.0,1.7775084034581947,2.1420876483301066,5.235233786470219,2.5309072123486844,3.014122138665582,3.937831093205654,2.5536550469490944,0.6245470890676884,8.33618916629612,1.281517008722645,0.4562849571047976,1.1065473889874335,2.3823292945806114,4.0136080027779775,2.883945598737478,3.4268488839643028,0.0,0.0,0.25394430046692207,3.9545957864269288,1.7775084034581947,0.4151513776975852,4.302153808403016,5.049657269553792,6.67168351732956,2.9405155029160603,1.430383014296226,2.03467950370584,4.864907927238318,0.4562849571047976,3.566867175303129,2.1420876483301066,4.141102504095755,1.3987662626152109,7.3866567051634835,2.408682337200737,5.784151282999288,0.25394430046692207,0.25394430046692207,3.241630951989087,3.9034362444908233,3.897585281268971,5.427905996689788,2.2988581565864115,1.8200877412149126,0.0,4.302153808403016,1.6189326939958901,0.25394430046692207,3.915032472436154,1.358717593349656,7.092956020276934,0.0,2.483789359184582,5.652201419571266,4.586444958088687,2.774730177686464,2.2988581565864115,3.0693358327986227,0.0,0.25394430046692207,2.1420876483301066,2.7191220150692597,5.021456532727839,3.2078270109033156,4.681899718846765,5.68807983092891,3.31778678679577,7.606805005194696,1.430383014296226,10.571396409132332,1.1978541233177589,5.5258114405995045,0.0,0.0,0.25394430046692207,0.0,5.484340397758805,0.8942904915944877,3.499306670605789
TCGA-73-7498,2.821860913072835,3.766900118835834,5.0728335790159305,7.468758675172346,1.2392434184078553,0.9689970275050893,6.439732087374551,4.92398021726055,5.951191880845994,5.332965139731181,0.0,2.543159834517924,1.2392434184078553,10.407632912945475,6.376400363963653,0.0,1.6791318714350905,0.8598473564509431,3.331590035710147,0.2410620518165547,2.029029437877165,5.094786473506642,1.4517543325916764,0.43508863317423546,1.6269437865637661,2.6829169914632125,1.315201071011645,1.7759687833217308,1.6269437865637661,5.071128142525077,2.837949171127176,0.8598473564509431,4.662221371857104,5.58307140649343,2.4993600280079833,0.43508863317423546,0.0,0.2410620518165547,4.114709123107292,0.43508863317423546,2.9086318016864396,3.0653282964418938,2.4298342939095092,6.18088584101716,3.9662308483896758,1.6269437865637661,1.8210755235621081,2.0558914012195753,1.0674311711845348,3.8629735076346563,2.754800190291158,3.1149276447282057,0.6314313385792918,7.073786533040071,0.0,5.832313469437042,0.0,0.0,3.907755914330372,4.13235621141871,1.9056237253771022,6.475637626371228,1.1570069750451915,3.2654616565189905,0.597571965636916,4.195891314721468,5.400404530631385,0.597571965636916,2.7373112243841686,0.597571965636916,6.197103787971304,1.0674311711845348,2.92937877300397,5.034547114142568,4.15398674081488,2.2459300818374666,2.521503731921687,3.565066399380547,0.9689970275050893,0.9689970275050893,1.4517543325916764,3.2182636375197586,5.972248597682681,5.262679826156892,4.601809545355843,5.918014435439669,4.628789051586725,8.044135302664925,0.0,11.0581808229708,1.6791318714350905,5.674250672050163,0.0,0.2410620518165547,3.1027554062977174,0.2410620518165547,6.143906625249207,1.9835774584993557,3.8280194639987366
TCGA-73-7499,3.1595673365679553,2.8399319003973202,4.774550025523915,5.4619529223865095,1.5971831283670852,0.8888784242638176,9.405166749908611,4.838945024370962,5.041009297951238,5.790666343517015,0.8888784242638176,3.44803961810562,4.6422250939391025,11.634797905379102,4.265324264887739,2.8187862426968757,1.1469579095983915,1.3519099342580598,2.223141372558497,2.142428077861547,2.7057809616581667,5.254940026578468,2.4322966995157027,0.0,3.1128973405292775,3.0805282817586437,1.8518349206701967,3.2185877833882364,2.297833823568559,1.0262207912463512,3.287778558959566,3.4705648496457444,4.65082209765702,2.2763745789739582,3.301063921855131,1.8518349206701967,0.8888784242638176,2.681562478265107,6.097372912668641,2.261179594935374,4.371689641576502,2.6312915394859653,1.5971831283670852,1.0262207912463512,5.478536715250121,0.0,4.22947696421356,1.9065157065262435,1.7325931585588392,3.7588228736868787,2.4632658340581735,5.836648229126127,1.6872689453879464,7.0294240885641415,1.0262207912463512,4.465269984055521,1.0262207912463512,0.30608666412788554,3.012466472545156,2.8187862426968757,5.224568560655621,6.526240068695611,2.8606396628625137,1.1870809366557178,4.356604975143361,6.75703354692164,1.958360887350616,0.0,5.800467466548905,1.7939903123794145,6.234142062180575,3.962082839416091,1.5971831283670852,3.8076975095081016,4.821788494133825,1.0262207912463512,3.1895129234368396,3.0805282817586437,0.7296237473699627,1.6671783790706722,0.0,1.521917314904605,5.925591802957274,4.215722609554804,5.463471570657475,7.75918317046625,3.823471534010772,10.885768251690092,1.8518349206701967,11.06181267491919,2.4322966995157027,5.591524149642518,4.64566892826797,4.203061438993018,3.4705648496457444,3.4365838303324123,7.042854192403752,3.6807212664124727,5.118945455269406
TCGA-73-A9RS,3.0967895435169823,3.4597775620905975,3.806975774025016,7.957397887368762,2.368663053586419,0.0,8.995866629025763,2.7703862986845813,4.7487249266019464,4.942242242681272,0.6314313385792918,1.5087553270680678,1.2922034377202951,9.74304294074129,2.0847151119324954,0.0,0.6314313385792918,1.2922034377202951,0.0,2.1885761763821785,4.7482656962812095,5.098963581356565,3.564760765527521,1.2922034377202951,2.447844937647174,2.282668059153687,1.968789271576241,3.342462431624182,0.6314313385792918,1.0154480474073408,1.0154480474073408,1.2922034377202951,4.9975568089996285,0.0,0.0,1.0154480474073408,0.0,0.0,2.5212144707409307,0.0,0.0,5.2530113755916386,1.2922034377202951,4.373806693332872,3.704080825575275,0.0,2.653537695522404,1.5087553270680678,0.0,2.0847151119324954,2.0847151119324954,1.968789271576241,1.6866581792276139,6.286167540114903,8.816011030428417,0.0,0.0,0.0,2.282668059153687,2.1885761763821785,6.252839861186739,6.988182528094752,2.1885761763821785,1.5184404196120416,0.6314313385792918,4.85016133105208,0.0,0.0,6.345043202488825,3.135798517450832,7.305645100252565,0.0,1.0154480474073408,6.891905329552071,0.6314313385792918,1.0154480474073408,5.7279481191549815,1.2922034377202951,0.6314313385792918,0.6314313385792918,4.857025579032283,0.0,4.717739654591587,4.635563591307885,3.209536347406105,6.025508421988569,4.205007495185514,7.227575348961725,0.0,10.633819721721375,1.2922034377202951,5.319809741886134,0.0,0.6314313385792918,0.0,2.0847151119324954,4.86696505761301,2.282668059153687,1.2922034377202951
TCGA-75-5122,3.304403768781517,1.2637311686967654,4.561998558240382,8.332274665414959,2.6168847533500967,5.716833603623098,8.382504558018262,1.4781440147497695,4.6385179176671185,6.06972798050374,2.2472837772089562,4.217299386280878,5.854467154840285,11.333788033464606,5.289100016998427,0.0,0.0,0.0,0.9904329891544209,0.0,2.0502186830029325,4.797120239674002,2.9322758334222097,0.9904329891544209,4.439990071617985,4.265981463056634,2.2472837772089562,5.010181857976301,0.0,5.611217523261862,2.0502186830029325,3.0186037166262754,4.54928319883669,4.559609900141389,2.3329396950077927,0.0,0.613129472573914,0.0,4.76878451531635,4.940048295520768,0.0,5.493119054849698,4.535134985750933,1.2637311686967654,4.9873461961183025,0.0,5.714042988420778,0.0,0.0,3.3350041589273562,2.484956648538042,4.9873461961183025,4.23925698618204,6.969630882700204,1.8045440635874743,7.085189914202697,0.0,0.613129472573914,4.646667152663381,5.540718298499264,4.323679573496036,7.49414652629739,8.544477564443294,1.6989129188617031,0.613129472573914,6.108106932470095,0.0,0.0,1.8045440635874743,2.6168847533500967,6.644448370365219,0.9904329891544209,0.613129472573914,1.2637311686967654,4.732199234116632,1.93490697844654,3.6436964014884263,2.0502186830029325,0.613129472573914,2.0502186830029325,1.4781440147497695,3.4215586764040244,6.128605666821395,3.914292428338839,5.781511739151705,7.632420506258628,6.098649397654496,3.3646959013751334,0.613129472573914,10.630736598041045,0.0,5.771020473921879,0.0,0.0,0.613129472573914,1.654602464388474,7.414380091683518,3.550998616351575,0.613129472573914
TCGA-75-5125,3.049419949121698,2.63092434638507,4.48445798952582,7.469118111374864,2.1669944386876976,0.934680596985746,6.105736983370496,3.2874013871832273,4.95021981707419,5.426222335494764,0.934680596985746,2.4256253960817746,3.3615933950689922,10.115808752898136,2.2243424309325617,1.274608325924163,1.4092293324023866,0.0,1.5278373252294946,2.041350190557113,2.512862225801332,4.0001840546246825,4.645284730324466,0.0,3.325183491836577,4.018887988806656,1.1190356383089881,3.7059995651096647,1.274608325924163,0.934680596985746,5.086515504431574,5.195071280574063,3.546621524352292,1.1190356383089881,2.106144327639208,0.0,0.934680596985746,0.0,6.903074340463596,0.7084790445569269,0.41574541751572075,3.4794939503373183,5.189344779652739,2.378971895212487,4.61512051684126,0.0,3.2279069214738074,0.41574541751572075,2.9993357731436148,3.049419949121698,1.5278373252294946,3.4472027194185633,2.020381320550291,5.91647965210825,0.0,0.0,1.6338768343111185,1.7297422114775287,5.171948830733202,6.148489663210732,6.487967083440776,6.462547281410369,9.727012869414084,1.3482030099971678,1.9720790233513366,4.5787420181927,0.0,0.7084790445569269,2.041350190557113,2.3300446058901962,6.113750761551247,0.0,2.041350190557113,1.1190356383089881,4.430694172277365,1.274608325924163,2.7365080739186944,1.6338768343111185,0.41574541751572075,1.9720790233513366,3.526057537543743,2.5537872927553447,5.389258926905905,4.008363563301528,4.2641309364213065,6.373408522841466,5.850453825332295,4.442893580068763,0.7084790445569269,10.242506543423916,0.41574541751572075,5.598688590115805,0.0,0.0,6.4122237684062,3.7554300122468365,6.51908681413549,3.0246889528082948,1.6338768343111185
TCGA-75-5126,2.9607318424693583,1.7539018266718147,4.169673098707833,7.65032099767181,3.1817636072750237,0.0,7.497512223829546,4.671818978935021,5.863957826787242,5.815308941704942,0.0,2.6765595340108392,5.153147075384875,10.822183389824128,4.501718957591886,0.0,1.7539018266718147,0.0,0.5856733222547124,2.192971099667714,2.6202312253652096,6.314909438003284,3.669100126546316,0.0,3.53920416145182,5.733732786008568,1.9973362917609923,6.882156405861718,6.631951710266139,1.7539018266718147,0.9525840875714239,3.0011326651540857,4.68396288195319,0.5856733222547124,4.307416228629081,0.0,0.5856733222547124,0.5856733222547124,8.485857311106384,2.192971099667714,3.7513001091555003,7.942607410175736,5.219907075756759,1.431435016784162,4.949660194202887,0.5856733222547124,3.747179022145251,1.7539018266718147,0.5856733222547124,3.7657826232051397,2.4292441752961618,6.281217598601511,2.546283929462904,7.009309560111,2.497041062444001,6.695948473241528,3.334704952889711,2.192971099667714,3.3898802504961907,2.729889967706666,5.85029836925552,6.230808165853796,6.712538130308766,2.915183604570282,0.0,5.515893448225394,1.431435016784162,0.0,4.9152251092915975,2.9186298224199403,7.0467256037629245,1.2203873455940306,2.6765595340108392,1.431435016784162,2.9607318424693583,0.9525840875714239,2.9186298224199403,1.6056105975997133,0.5856733222547124,0.9525840875714239,0.0,3.88712972270487,5.613452871164529,2.875579557421293,4.842579495764223,5.348986716322625,5.562810133377085,8.259885122819439,0.5856733222547124,9.107441268999644,0.5856733222547124,6.4252611674284585,0.0,1.8830007763249978,1.431435016784162,4.274718390089637,6.2616462525274335,2.9186298224199403,0.9525840875714239
TCGA-75-5146,1.8975748814047693,2.929480285269677,5.364175329339501,5.929352413243865,2.390779103729962,0.5357328474720906,10.015802331156276,4.999998927974697,6.007303446852,4.985570445568016,0.5357328474720906,2.719603207380786,1.9985703659213672,11.585934261823482,7.524496464339457,0.0,0.5357328474720906,0.0,1.8975748814047693,1.5137196493751295,3.4491872256608183,4.899621793346692,2.808908597412593,0.0,4.294413258337182,4.224321102171636,0.8826925824432196,4.404201446115117,0.0,3.3548043420924447,2.090282564857711,0.0,5.30590848099385,5.540726145883338,3.5955545523404284,0.0,0.0,2.8507354028201903,2.765255650872989,2.6215405164257617,0.36422636009156684,3.555873637635785,0.8826925824432196,0.8826925824432196,3.5955545523404284,0.0,3.0370709345791176,0.0,0.5357328474720906,5.514806828431341,3.6883643214558886,4.614418290139773,0.0,7.6833115957828,4.160066757540902,6.880754003479194,1.5137196493751295,0.0,2.453656751783042,2.719603207380786,1.1398182094792337,5.8751189153914005,2.765255650872989,0.8885494768924304,1.9985703659213672,5.781283493434948,3.304043837238079,0.0,3.6883643214558886,0.8826925824432196,7.290238310698378,0.0,4.294413258337182,1.7852382522377896,3.2776653521634755,2.512805499017766,1.7852382522377896,3.881235909142233,0.0,1.1398182094792337,3.881235909142233,1.8975748814047693,5.5837218472557595,3.907205419473843,4.776152698112052,7.836978030667403,4.669074130824704,7.361597767663608,1.658666075905927,11.013684149919547,2.512805499017766,5.534586400601134,0.0,1.3441433588599487,0.5357328474720906,0.0,6.343272164809529,1.7852382522377896,4.662400819442363
TCGA-75-5147,1.743689045982972,2.8630176901071502,5.596037637279659,5.341870029397651,2.793291679411475,0.7791413737268063,9.522841878244476,6.063964262423973,5.398135551827936,5.7822947810937055,1.6348327174540422,3.8627046017647957,4.064062315024014,11.177328245409901,5.946984829600958,4.877827449171762,3.4919213030669662,2.4774791339592035,3.602305254275721,1.2117028503878464,2.698686498149244,6.802228082767212,2.615978770881721,0.4636082221568752,1.1198191583125074,3.260647128651799,2.8630176901071502,3.047047817694014,0.4636082221568752,1.4454826577974125,4.305885057685275,3.9228224806066994,4.66250469543341,4.043589719334747,4.3713195175301935,3.427017813310006,2.1930268904745196,4.058983325034032,7.412673488283661,2.256750556650246,3.286444749690801,6.568077911411976,2.051903321686363,1.2958498248500847,3.0186330378401753,2.089094798707974,2.811184239999144,4.333349651599228,3.9110845652308543,3.856489153625351,2.9122963153119565,6.378472023008418,0.0,7.331512069562468,1.743689045982972,1.6907413634981352,2.846036655186971,0.4636082221568752,4.783726329168387,3.40767303594779,5.197878055209278,6.011169130382317,5.697955530945689,2.107895364724626,9.187503586273325,5.922802870769862,6.144303652912228,0.2584334720926573,5.130442945500968,0.7791413737268063,6.650716210456797,6.692904745341922,5.286735555554609,5.196245880541786,5.4664723834244136,2.400301466500115,3.153261525288445,2.7565165033102086,1.1198191583125074,2.22540162712337,2.400301466500115,2.8797151777076357,6.894811873346208,4.670274172220137,4.868802876432347,6.030497742680941,6.11345870353583,5.699931736739034,2.501935826780862,11.608371999114242,2.2871566848368263,4.214303007735484,2.615978770881721,2.5719096934095744,2.6373057965764524,5.080378994751539,6.282087291542521,2.159568861158308,4.0067220894605695
TCGA-75-6203,2.938193199036665,3.7916323228137645,4.383178471055587,7.593117233157766,1.8721252016465573,0.0,9.001151499638606,5.699771106532848,5.310804082016885,5.447112301371383,0.0,2.6438600637164162,1.4903840696442716,11.464021944376201,6.414039116711111,1.3220224710997504,1.119492766247465,1.4903840696442716,3.135855020396606,0.0,2.14771915743238,7.567852269493153,2.0640232889514554,0.8652079416448389,4.758260303618028,0.8652079416448389,1.3220224710997504,3.165306257525443,0.0,7.246610388590858,1.9726633549343888,1.7603204003926747,4.639803469882442,0.5234259057417291,4.119406212400781,0.0,0.0,0.0,5.168721078376963,0.0,3.3741036386640393,5.392294840512489,3.9223415853010035,1.3220224710997504,3.908633266750031,2.593731158886989,3.7601111508935365,0.8652079416448389,0.0,4.235381054332397,2.2966575598292462,4.984407670645964,0.0,6.897005708822308,0.0,5.715753864104087,0.5234259057417291,0.0,1.119492766247465,3.2751427303215035,2.0640232889514554,6.535888376544906,3.2751427303215035,4.551949772741341,0.5234259057417291,4.697439383051429,6.016683850240828,0.0,4.433416986851173,1.6344231651280088,6.647170729881327,0.8652079416448389,4.79305954708551,1.3220224710997504,3.4201368914815498,2.3635484809521627,3.3973834512001755,2.6915955630302495,0.5234259057417291,1.3220224710997504,1.7603204003926747,2.2249586305142333,6.148442654563269,3.358436007760849,3.975365811983877,2.14771915743238,4.556219408921098,12.246139154743258,1.7603204003926747,9.548382803766913,3.1055055386958936,5.61827905104226,0.0,2.6438600637164162,0.0,0.0,6.101614077108946,1.8721252016465573,0.8652079416448389
TCGA-75-6205,2.6782299646897307,0.9913610979211336,5.399695462890227,7.637176527906306,2.2486145337185155,0.0,8.158381680929587,4.056637502916614,3.9961766362815743,5.307509984666827,0.6138333738402199,2.7348089704029013,0.0,10.559560913716242,1.6558060983616285,1.6558060983616285,0.9913610979211336,0.0,0.0,0.0,2.2486145337185155,5.734877313417874,4.071197047020413,0.0,3.3949646652425054,5.407324226206017,2.618264068946684,9.954741346143534,3.6451391429469777,3.527853527180021,0.6138333738402199,3.476796384534043,4.681028767787336,0.0,1.4792836679627186,0.9913610979211336,1.2648044635321807,0.0,5.039481868653835,0.6138333738402199,2.3618158025896063,2.48631399235006,2.6782299646897307,1.4792836679627186,5.290577490837816,0.0,3.274261334708871,0.0,0.0,3.274261334708871,0.9913610979211336,6.180436855210603,0.0,5.801093681373147,0.6138333738402199,3.2178593083903433,3.305831200289772,2.933676002416548,2.334277539726535,2.618264068946684,5.268991537166208,7.2210685478069365,8.72050457899807,1.2977363341380992,0.0,5.187195843665005,0.6138333738402199,0.9913610979211336,2.7883513369187787,2.2486145337185155,6.995473073067114,1.4792836679627186,0.9913610979211336,1.8057774236629125,4.94756058994453,0.0,3.9961766362815743,3.5524381174202624,0.9913610979211336,1.2648044635321807,0.6138333738402199,3.173099913271599,6.314806312299293,3.363782769858803,4.421288212376811,6.180436855210603,4.536601153240239,4.953556877056478,1.2648044635321807,10.822702006167379,2.0515177770355173,6.358311826957906,0.6138333738402199,0.0,1.9361772231394077,0.6138333738402199,6.750893260128308,3.366126180696119,4.563465510352789
TCGA-75-6206,1.2576936498255764,3.7503413723586867,3.334380711958045,8.06810842898458,2.1461534804831905,2.2171579150436695,9.576121726411015,4.896256457573434,6.275744589211349,4.797450324426259,0.4881504747267722,1.0605642210305797,2.0697194347815997,10.107073086634673,5.814643832899347,0.0,0.0,0.0,0.0,0.0,1.9869561184913143,5.068658889114564,1.0605642210305797,0.4881504747267722,1.4222887213432664,1.563603376090301,1.9869561184913143,2.9242953463660712,0.0,0.8147894265420492,1.563603376090301,1.0605642210305797,3.113137460056595,5.652829473239622,1.6873799537136849,0.8147894265420492,0.0,0.8147894265420492,3.8488872333113067,0.4881504747267722,0.0,3.9507724537074247,2.345635003864557,4.615744084758606,2.0697194347815997,0.4881504747267722,1.0605642210305797,0.0,0.0,3.821708725308886,1.563603376090301,4.329283605718287,0.0,7.351530429298386,0.4881504747267722,1.1300140518076414,0.0,0.4881504747267722,3.108931486194056,3.0510960223900967,1.9869561184913143,5.527331651333974,2.5616516181993827,4.887706541919826,5.736569071667537,3.334380711958045,7.972138376099586,0.0,1.563603376090301,0.4881504747267722,6.906237127172626,0.0,1.2576936498255764,3.311699278967836,3.1366413837673983,1.6873799537136849,1.8967048987495494,0.4881504747267722,0.0,0.4881504747267722,0.4881504747267722,3.1898629935573997,5.822128314871346,4.286935430892557,3.2154459495650083,5.656288969461053,5.060707176196753,3.4802026282821092,0.8147894265420492,8.588426750686304,1.0605642210305797,4.693583912559079,0.0,0.0,0.8147894265420492,0.0,5.404805745928385,1.2576936498255764,0.4881504747267722
TCGA-75-6207,0.841006683798798,0.841006683798798,3.745229068741742,7.475135134106593,1.6855838066133875,0.6307929388129698,7.083564006605036,3.2602058503188864,5.736607780720622,5.703452420194219,0.6307929388129698,0.841006683798798,2.6828281150321582,10.159241555748617,3.485795849927495,4.383536743884801,0.6307929388129698,0.0,1.0145782930581002,0.0,1.807386725113754,4.962690772270528,2.4839895627255166,0.0,4.291662826378894,6.06890926754871,0.841006683798798,3.1720818669526425,0.3643652972227386,4.315435341373815,0.0,4.965763443300718,5.820566492942348,0.3643652972227386,1.600598963766896,0.0,1.6855838066133875,0.0,5.01655109452556,3.3718337936983973,0.0,5.679721995560679,6.641541113145597,0.0,2.3254027782744915,0.0,1.162463073369183,0.841006683798798,2.4839895627255166,2.8486060311636816,0.0,3.5123659976029584,0.6307929388129698,6.3793951537767235,0.0,2.4078366027109404,0.0,3.115224958038716,2.5883428150707575,2.3254027782744915,5.366849465228834,5.256291522691862,7.485053801769868,0.6307929388129698,2.822818326109102,3.6697425052047277,0.0,0.0,1.600598963766896,0.3643652972227386,7.246197003459708,1.0145782930581002,0.6307929388129698,3.2602058503188864,3.2258832156568302,1.0145782930581002,1.600598963766896,1.600598963766896,0.0,0.3643652972227386,3.713572066704308,1.8365256751100318,4.70058036079275,3.5052600554874984,2.2814840230859916,2.6828281150321582,5.814327527345548,6.3793951537767235,0.6307929388129698,8.17232541063437,0.0,6.867059318185965,0.0,0.0,2.2814840230859916,0.3643652972227386,4.844328808698985,1.0145782930581002,0.0
TCGA-75-6211,1.8341322606409642,1.4556571641737217,5.723787695807944,6.225100856392594,2.322828799471088,1.723159377735798,9.587241382959593,7.526728331353945,5.162325807336688,6.102019299331863,5.5907257523639045,1.0893697073011772,2.108041146174195,10.53953778795512,3.9566540562737025,0.0,6.014409291603079,0.5053104430778805,0.5053104430778805,0.5053104430778805,2.1848708049744894,8.646006722412832,3.353875139567742,1.2891775503401632,0.5053104430778805,5.640970462244331,0.8393664900609233,3.5792180361544044,2.322828799471088,1.0893697073011772,2.858571445346367,7.0315999060171155,4.913742529331374,3.205531179843014,5.738715161196224,0.0,0.5053104430778805,0.0,7.367815889847968,0.0,2.8441358288889713,3.7781486968718183,6.936605092086192,4.79839871162072,2.2562269690158963,0.0,1.4556571641737217,7.885009398814409,6.620748978145276,2.9312737492165906,0.0,3.441804953195445,0.0,6.182570326071674,0.0,5.112126332975662,3.4830292570509203,0.5053104430778805,2.552121274464193,2.6020820934903632,5.871314650143939,7.086411794376143,3.122201915607418,0.8701211310273047,0.0,5.723787695807944,0.0,0.0,2.3852612531626147,0.0,6.752688513009402,2.3852612531626147,5.702074349974846,6.699879578586523,1.0893697073011772,2.6950797810338187,1.5983365193629264,2.1848708049744894,0.0,0.8393664900609233,1.4556571641737217,0.5053104430778805,5.038179122657334,4.557786082851384,2.9657317237563605,5.708637337382383,4.620964791886732,5.003469682311344,3.9311803265198404,11.601439878500967,0.0,5.7821961638917045,0.0,2.8201340643205417,4.620964791886732,1.2891775503401632,7.280938213169577,2.024800544720657,3.306831755626434
TCGA-75-6212,0.9395774786493442,4.196804876358229,5.949884452802686,5.767677038497772,1.8650254203148495,0.5762762288285299,8.790296508363632,5.273419982993523,4.722606494875029,4.635776982580992,0.5762762288285299,1.736370077979852,0.0,11.326206654411138,2.2590406459606815,2.2590406459606815,0.5762762288285299,0.5762762288285299,0.9395774786493442,0.0,3.093090354975616,4.827769589280616,1.8650254203148495,1.736370077979852,2.980958679445372,1.8650254203148495,2.1741265260902423,2.081314786061516,4.017486915740561,6.680623786390067,2.4098957059754857,1.736370077979852,4.805569026319167,1.736370077979852,5.16818590189829,0.0,0.0,0.0,4.072083615733849,5.025280855709064,3.1633927128085886,3.6684956079427855,1.736370077979852,0.9395774786493442,2.7606110251678353,0.9395774786493442,1.736370077979852,1.979013286845343,0.5762762288285299,3.745040009147232,1.8650254203148495,4.694489730441837,0.5762762288285299,6.65686661719267,0.0,5.445512483866414,0.0,1.5886636132176233,2.5409482365049394,4.160993355169031,3.0197514887315022,6.876340976363987,1.8650254203148495,2.3552154930572446,1.5886636132176233,4.612833745756325,4.348804593457977,0.0,4.328454429751683,0.9395774786493442,5.873944289422443,1.5886636132176233,6.836967941260426,2.081314786061516,6.072106306083683,2.4775714797522888,2.8546524631721386,3.495212784210123,1.205461695377355,1.205461695377355,1.5886636132176233,1.736370077979852,6.03549100185696,3.6116230693681777,2.7606110251678353,7.679339263056895,4.635776982580992,11.31472693341341,0.9395774786493442,10.784486801710615,0.5762762288285299,5.383053657490938,0.5762762288285299,0.0,3.1614161891949224,0.5762762288285299,6.562528835865712,3.1939025729022834,6.64274361323833
TCGA-75-6214,0.7951621059666751,1.1397222417243258,2.8209204480090526,5.4907542570830845,1.7147884280419263,1.1397222417243258,8.899955871868208,4.561778225265199,5.539642624332637,4.608256418668921,4.733317108335775,3.493113930822526,4.221229751015464,10.316474302043138,4.844454767164347,2.4793160514747554,0.0,0.0,1.3172925610216506,0.9236634862035681,4.468778707213685,12.126027854521134,4.1080567851755765,4.7596836571414745,2.399893275461044,3.3223489605444394,2.427074479613454,11.045417917917774,0.0,3.581438999103385,1.8666504680696812,6.783942224248748,4.887435112161919,1.8704011959859632,2.6646345682302264,4.509699493302263,3.9159951061805462,0.7951621059666751,7.285958810870062,6.527092045787682,3.4641659210230435,6.878649793976806,0.7951621059666751,2.7060548784359457,2.1856129784522413,1.0375167226415232,1.998448382470304,0.0,0.26520637568659605,2.7060548784359457,1.1397222417243258,4.6202952237331605,0.0,6.130319556604689,4.486032983862025,0.8208805470694969,1.9125453990886185,1.3172925610216506,5.262363710746224,4.281776649094149,6.435477064828385,6.317224251760257,5.58511905157251,3.3620787966269536,1.7147884280419263,4.692411536531776,0.0,3.787026515253461,5.400350352113154,2.2191817446882616,6.9889573143755195,6.430104887630286,1.7680130754980545,5.830514973761694,0.26520637568659605,1.998448382470304,0.7951621059666751,0.9236634862035681,0.26520637568659605,1.3172925610216506,4.436950331169781,0.9236634862035681,4.54901033224455,4.346251777732897,3.5557508375071194,3.6857069269673466,5.916759858492861,6.553406199550886,1.0375167226415232,7.254856541126538,1.3955018418708038,6.0690041245634,4.019362361888412,0.9236634862035681,3.7230827935804345,3.142854022509205,5.596598074509586,1.5356621927707141,0.47461796679648105
TCGA-75-7025,2.9325847844825583,3.2119519097953764,5.211118699293407,5.628451703906861,1.8397556674963105,0.0,9.503688859929513,5.4190294417103,5.847334327687959,5.4021231742735605,1.0616370525432144,2.6558793287733007,4.125400624886647,10.857940745504632,6.57396504258085,0.7582792754977276,3.046682008931903,1.1845758947152043,3.5778305680885545,4.029261893062845,2.732560683286708,6.491439514849702,3.227070159416359,1.482490511972298,3.227070159416359,1.7117417612420238,2.6820962934134958,4.029261893062845,2.628956487435829,6.478741566156985,3.3926375169960026,0.7582792754977276,4.610691913154773,3.0303752169975304,4.062344649560139,0.0,1.3926988087928849,2.1024375939740967,6.43359421958757,4.740260363076607,0.5654274389575743,3.966802814852429,0.5632662597054253,3.430076341212532,4.3731183232298685,0.5632662597054253,2.055136041651727,0.7582792754977276,1.7117417612420238,5.010748621007852,3.3537458211629314,5.314904043902428,0.0,6.767781464163598,0.0,4.710079599914829,3.313276500289685,1.1845758947152043,2.7076434517242296,4.2675693126960565,3.046682008931903,7.287587999716574,3.477905304346758,1.4893472161759727,1.7117417612420238,5.517890551683705,6.399601083771305,1.6410140958688444,5.760685670745684,0.3207782999409705,6.329289439905773,1.0616370525432144,1.6410140958688444,3.256641634007882,5.322317056195917,2.8914656038729083,2.482253132322437,4.51102542681725,1.0616370525432144,2.005485481063895,2.055136041651727,1.3926988087928849,6.827314992284534,5.311998353603901,5.482345799133678,6.751553998108934,4.756654456961877,11.492084799098377,0.5632662597054253,10.41215585094826,3.9450863392306954,5.7783919876839365,1.1845758947152043,0.7582792754977276,1.0616370525432144,0.0,6.412586445492184,2.572833579753289,4.27811506878116
TCGA-75-7027,2.1432962353106637,0.8951079526062484,4.299587516233702,8.27279535966709,3.726481068772831,1.498327564795667,8.690911176736025,2.971910781427989,4.8861448137429155,5.242741229659185,0.45679173527350503,3.2541927743955856,3.2979346640864753,9.97711898259027,1.6757498601208134,3.070649560980883,5.29926192031664,0.2542545463392624,0.2542545463392624,2.485048306420892,2.300091987788333,8.393553287744,3.7194862507068365,0.2542545463392624,0.45679173527350503,6.494786589287047,1.0068989657447776,8.418658217548298,2.0358683703074236,0.7692282049652809,1.9155098499974723,7.872584714840833,4.698669636502081,1.920182000482582,3.37016756467541,6.6915550668021035,0.7692282049652809,0.0,9.061805560267885,0.45679173527350503,0.02009670169912241,5.969402970305463,6.460062501355372,6.012841914242442,1.9572597833120944,0.0,1.9155098499974723,10.160487454504468,3.66168809726074,3.819600651836946,2.2706402464113937,5.886920364826046,1.0724051964989356,6.0206057864541185,0.6251894873767182,6.329597903305827,5.509756689830238,0.0,4.5302052313451355,4.36425973387972,5.103384621958876,7.31176599664373,3.0971555484418007,5.723310554463747,0.0,4.593680430829121,0.2542545463392624,0.0,6.194401309463689,2.0729832316187893,8.059225637138425,7.420800437756926,0.6251894873767182,4.758045767508634,1.3597450258863542,1.9155098499974723,1.9973362917609923,1.3597450258863542,0.8951079526062484,1.1988195490851352,0.0,1.3597450258863542,4.912037047854706,4.069002822327513,4.5302052313451355,5.171386996300673,2.6202312253652096,5.425456497128445,0.0,10.691262862174856,4.827625500521692,5.122552269123328,0.0,2.757824008320285,3.7194862507068365,3.083990373062034,6.259843380048744,1.6757498601208134,0.8951079526062484
TCGA-75-7030,2.871681511674685,2.7461998280268656,5.624169119242235,5.152568789984922,3.7775380154169835,4.8445177404479525,9.275753510524416,6.666161310723111,5.521292903748666,5.783695943209492,1.4170660197866443,2.1152550144689686,2.6026896854443837,10.79734042794574,4.868818241427815,6.191339471482838,3.130044611161585,0.0,0.0,6.343367121384553,2.810907586541918,8.959868017622917,2.928967275655528,3.130044611161585,3.034553868608701,6.879183978999701,1.6422341868491828,9.856406427127633,6.332316464624214,2.233588650072145,2.7461998280268656,5.693169691096349,4.184432036502861,0.0,2.6026896854443837,0.0,0.7137827941600169,0.0,8.70228091883015,2.4350771957438915,0.0,7.20008155042757,1.9810014688665833,2.6026896854443837,3.7534187565012025,1.126000451986976,2.1152550144689686,1.6422341868491828,0.0,4.047427642434349,2.9831534913471307,5.303304908059076,0.7137827941600169,6.7512967715014,0.7137827941600169,4.010359510378432,2.6026896854443837,1.4170660197866443,4.930870325627393,4.529009184734693,5.991359541595096,6.229003978705924,5.491690133154006,3.7031003560538727,4.506269869347861,4.89254221037994,1.4170660197866443,1.6422341868491828,6.497528853772263,0.0,7.173283762792478,1.4170660197866443,5.2390980068880655,5.860786223465865,4.794070058142169,1.9810014688665833,2.233588650072145,4.506269869347861,0.0,1.4170660197866443,2.1152550144689686,4.183321090370061,6.716594773520978,3.8133533890304014,6.05688236904727,6.4376844474783805,4.330733340286331,9.344014254448545,2.339399066116762,11.462561212573702,2.5223870674538773,5.967640494709976,0.7137827941600169,1.126000451986976,5.616618358729847,4.655549562880243,6.339660647025574,2.6026896854443837,4.989295886557988
TCGA-75-7031,3.1137552804149817,2.632119029468387,4.453721519100472,5.831251779902005,4.571602027006751,3.402273469138959,7.980198115068342,8.782519219375066,5.385430405036628,6.494079051714953,0.7301057215454775,4.182295913963678,3.402273469138959,10.557181592933727,5.424095026530124,1.147561170399973,5.276194449460266,0.0,5.779449468998276,0.0,0.0,6.972221922536576,2.840772933515848,1.147561170399973,1.4412085919972826,2.901657829913132,0.7301057215454775,1.147561170399973,1.6679143461929533,0.0,2.840772933515848,1.8525879918239403,3.402273469138959,1.1543623037726016,4.59359849143489,0.0,0.7301057215454775,2.70661583956403,5.966779871986109,0.0,6.30385813441051,3.942311638365844,2.4640830014271677,0.0,3.566954728488214,0.0,3.471432148344606,6.830583695683563,1.147561170399973,3.013316756310994,2.0084287744334164,4.305662465374313,2.5533049000783588,7.041359168978662,3.7343354948373046,3.471432148344606,0.7301057215454775,0.0,1.8525879918239403,1.8525879918239403,1.8525879918239403,6.472712533455048,2.0084287744334164,2.1432258722371755,2.959047542079213,4.3482642974453505,5.128370921221465,0.0,4.230358911423755,3.681595490342525,7.324575671128436,0.7301057215454775,3.9629613368237875,7.65933644837911,2.261992238885788,2.261992238885788,1.8525879918239403,2.368129358201452,0.7301057215454775,0.7301057215454775,2.261992238885788,2.368129358201452,5.479429859385319,4.636184239517261,4.686998989949272,7.199401981890084,2.4640830014271677,7.684871296029282,2.959047542079213,10.188452186093041,2.77594558167738,5.5275940715656935,0.0,1.147561170399973,0.0,1.147561170399973,6.317707860501346,2.4640830014271677,3.681595490342525
TCGA-78-7143,1.8370992431971336,1.6712101108267015,4.037107321746003,5.35267770275067,3.2562486779330024,0.0,8.323957895840692,4.045539397940168,6.233698707587731,5.301392633064965,0.6727914003028714,1.757599263414621,4.464671722447797,10.55040491344549,7.29809998106784,1.8370992431971336,0.0,0.0,5.45414948910069,0.3919069435093135,2.1038536271212678,4.904363252013306,3.5010336668171664,0.3919069435093135,3.6234952421473268,3.7093509752977707,2.5646570070390085,0.0,1.0713781157143407,4.236107400020942,4.102659893825814,2.0435423063069478,4.33325515782984,2.1247016730847004,3.4716558453107167,0.6727914003028714,4.8033732940044365,2.6359023579219576,3.310236397048971,5.557434055654284,4.09020935736895,2.5646570070390085,1.9793449251415507,1.3556031679657008,2.823454112589456,0.0,2.0435423063069478,1.2235401098184648,0.3919069435093135,4.996083258287551,2.6359023579219576,6.042314493231213,1.2235401098184648,7.228504555138114,0.0,1.91075658240879,0.3919069435093135,0.3919069435093135,2.8788950404852964,5.759592387084089,6.494160716219069,7.1255405000516605,7.307792348574701,3.572797782816057,2.7340687635007637,4.853271680543041,5.329690056680399,0.8917931002737548,3.361454665622404,0.6727914003028714,6.571627782931064,3.410176944442732,1.757599263414621,3.2562486779330024,4.976416450709572,1.2235401098184648,2.2145622956002886,3.1176445499272214,2.6697043051847227,1.4722197319515826,2.7945397753097776,1.6712101108267015,6.313301639109748,4.885948482123077,4.149148354262775,5.074104493713301,4.475655857005941,8.017831603758486,0.6727914003028714,7.414609025275703,0.0,4.853271680543041,4.070420654102727,1.0713781157143407,4.486520650028728,0.6727914003028714,6.28588821882657,2.2145622956002886,3.4259062542829333
TCGA-78-7145,0.45862665622239673,1.2022813746649577,3.564825862047286,5.6380094140104475,3.977301252900717,0.45862665622239673,8.518526302428755,4.316204623548649,4.638779028161859,4.868964197111319,0.771865935271336,1.2022813746649577,3.944044791450884,10.715392848762948,3.886036255803561,0.771865935271336,1.0100724714813676,0.0,4.243719570949342,0.0,1.2022813746649577,6.176041891033276,2.8834422486524667,0.45862665622239673,2.2134150240682766,4.714607380686466,1.7326108409303993,3.3027168482602693,0.45862665622239673,5.81419620131057,1.2022813746649577,2.915476209788329,3.5272366113283384,2.705787643447951,4.550598893250693,0.0,3.659059217701457,0.0,5.591363775186468,4.71981051071989,4.979474809846631,5.074323453778988,3.1148921387232487,1.5021867216871243,1.2022813746649577,0.0,0.0,0.0,1.624011204283561,3.643957922127818,1.5021867216871243,5.627599530723914,0.0,7.352787194192316,0.45862665622239673,3.9212443577697447,0.771865935271336,0.771865935271336,2.2134150240682766,3.944044791450884,6.3740209089231055,4.998738136070926,8.00740702722491,2.62482799974695,0.0,3.531330506710524,0.0,0.0,2.3331821909714234,0.0,6.406244470640803,3.323895082304063,2.705787643447951,6.705456703686741,4.487173502510638,2.1476841317760833,2.3880836595961914,1.2022813746649577,0.45862665622239673,0.45862665622239673,0.0,1.2022813746649577,5.775234542062841,3.5299687131500166,2.1476841317760833,2.1476841317760833,5.298402362935741,3.4788896368775784,2.8503480557668452,8.49306851751815,0.45862665622239673,4.760480193535196,0.0,0.0,5.558263324653013,2.077314280663662,5.160686152558041,0.771865935271336,0.0
TCGA-78-7146,2.4803378955733186,1.5002032352276735,3.0156819488616113,7.952717111373227,4.522275415045929,0.9132862228538563,6.244030969095362,2.4377975718010534,4.8470805341937035,5.176821823054596,0.6906440503418267,2.010587053474619,5.315607035084997,10.074634404236589,0.4037970510074674,2.24682922453909,0.6906440503418267,0.4037970510074674,0.0,0.4037970510074674,2.1356682716371136,6.368341548364023,4.735628110344069,0.6906440503418267,2.634425189227472,6.693286492857762,1.5002032352276735,8.467418742997957,0.0,0.0,1.095273387402595,7.383343286521773,4.737942540616145,1.095273387402595,3.9170841760692903,0.4037970510074674,2.8574984130667898,0.0,6.841960502419381,5.136703909339412,3.8126158444461855,5.353979105372938,6.169849197780198,2.1927925481662913,3.8663182764044057,0.0,2.3933577209358923,0.0,1.095273387402595,4.1847426976654045,2.4377975718010534,6.649171061127908,1.9937883328712005,6.113120074978239,0.4037970510074674,0.7534894095661071,3.4916716448234464,2.075082052902383,1.095273387402595,2.298095027721181,5.6154320196835235,7.311565685493074,6.087463126274721,3.4978642165512484,0.6906440503418267,5.315607035084997,0.0,0.0,2.7679153188821854,1.5002032352276735,6.603694471021227,7.256240780792743,0.4037970510074674,3.84526549081123,3.1307219773257327,2.4803378955733186,2.4377975718010534,0.4037970510074674,0.0,0.4037970510074674,3.3450925302773826,2.010587053474619,3.965398829843955,3.622015564735428,3.506706886220584,4.748646958958479,5.079551718216737,4.590182428579646,0.9132862228538563,7.204639877998668,0.0,5.720246200686867,0.0,0.0,7.389508362262171,2.075082052902383,6.092772612670486,1.6054499711562398,0.0
TCGA-78-7147,0.7764307846966826,2.0348624982818686,3.6317110402239874,7.193280026080059,3.682197177350014,0.0,9.605600250080483,3.181535263122029,6.849199889826389,5.975876177341208,0.0,2.5133483234193035,1.66840469019795,11.0164743642696,6.57560011039863,0.5780168733063139,0.9419584786227329,0.0,5.562211229813368,0.9419584786227329,2.835633941456831,6.407956963676456,2.923494858509276,0.7764307846966826,2.5133483234193035,1.0839046597958353,2.3024550845433134,4.387306422034156,0.0,5.457775366176113,3.739598708772203,3.5223790797612815,4.874632278097047,3.5673330960344405,2.604170070614818,2.1775886028193603,3.9410204851091115,0.0,2.8805290323644472,3.682197177350014,6.829565603383705,3.4628755659337664,1.8060239132417595,1.7395885968991456,4.327154575719741,0.0,2.713694243487295,2.4134554018254692,0.0,3.672302817709135,1.3187379574189009,5.978852852967125,1.0839046597958353,7.189454489756058,0.0,3.600146596225966,1.7395885968991456,0.3301666840579362,3.5675560964065616,2.7642666899886184,5.17428924587913,5.927016688527104,4.218087579627933,1.087888325305134,1.5917829771953795,6.263918127438475,0.0,1.66840469019795,4.83475693524916,1.2082137985831907,6.928136170423922,1.508777445334439,1.4182774069729414,2.2209628051069528,3.259629977087219,1.0839046597958353,2.3778038765397196,1.508777445334439,0.3301666840579362,0.5780168733063139,0.3301666840579362,2.2625440434568618,5.920736242055503,4.542667990132165,4.453194306234508,3.9410204851091115,5.1359101955109345,10.18162673611898,2.340843805111136,8.40165438559116,0.5780168733063139,5.357877893003998,4.923958406613319,0.7764307846966826,3.1315691315497234,1.508777445334439,6.666041615512814,2.1775886028193603,1.5917829771953795
TCGA-78-7148,3.670911492788425,0.4264435144933561,3.6843567420529473,7.576379207609385,3.8557552536544852,2.1946211914661045,8.259683325268266,6.289015882770603,5.05503488139294,4.7840274155908284,0.4264435144933561,2.4987438065760217,2.659860856404606,10.06925195976891,5.139532632725665,6.245635724326537,3.657283002273789,0.0,0.4264435144933561,3.8097067402231395,3.7614349718336304,6.395670529516647,5.158054798880945,3.941940966465419,0.4264435144933561,5.065155044538706,0.7244035702104994,5.5378223368694455,1.8433552178717054,1.4328439217728706,1.4328439217728706,3.78586323267027,4.570161469907896,0.0,5.799601615826804,0.0,0.4264435144933561,0.0,4.491714772651431,0.9537021168723012,0.0,5.39404109719206,7.109944820413558,7.785587886857974,4.836019967886531,0.9537021168723012,2.891304655944765,9.064548989001587,1.4328439217728706,3.373620613891921,2.7656711005717836,6.049167257236271,0.0,6.8516398504556255,3.355230229043353,6.2988407850918255,1.1401060574974686,0.4264435144933561,5.854441350941314,6.377763825121584,6.912205362655748,6.7111648036444675,6.548441141147275,2.6931598886070143,0.0,4.620108058352298,3.6976211340506913,0.7244035702104994,5.863548785840518,2.1946211914661045,7.62373969344484,4.97749896680308,2.4987438065760217,5.027525186764524,2.4987438065760217,2.2521756184489643,2.9486563891669713,1.7554412065539433,0.4264435144933561,0.4264435144933561,4.449124378206376,1.4328439217728706,5.323989986579087,3.1515258887378264,3.941940966465419,5.2762200083697195,4.467599790418981,7.44989932100552,1.7554412065539433,8.95813869306196,9.028914414013842,4.869233007091164,0.0,0.7244035702104994,5.441230859306296,1.7554412065539433,5.893859987225537,2.306587074373344,2.830456606568236
TCGA-78-7149,0.9761809664472196,2.2846960336583053,4.917415594381695,6.221273832969292,3.8333347134527616,3.7590559581647405,8.483470934011205,3.924500832539212,5.584371865219894,4.503469631161752,0.4391577490746342,0.4391577490746342,4.10352396892689,10.004517705693477,4.859261865245921,3.3902645015988995,0.4391577490746342,0.0,0.0,3.461963169984718,3.879956321077494,8.224675445920818,2.9547488076646027,1.6885078394175805,3.088949355265125,2.9547488076646027,1.4605898156976844,5.484249065596121,0.0,0.743269789963156,1.164930475261267,4.755717237682861,4.16532013352676,4.2491921420153,2.6556404942844654,0.0,2.8326955629719,1.4605898156976844,5.410636613972579,1.5810178615690236,0.6324944333479953,5.262140815228871,4.731714727313047,5.741235600906752,3.7590559581647405,0.4391577490746342,2.2846960336583053,4.681899718846765,1.4605898156976844,4.8762273269162995,1.8739844094837244,4.953090923431612,1.164930475261267,7.683376056362875,4.4911859258388525,4.478748317838473,2.8326955629719,0.4391577490746342,4.697111059686448,4.459798689442122,3.678813966630498,6.828795401502987,2.100285293484426,3.861916375097269,0.4391577490746342,4.400692586787762,3.9671454592183824,0.4391577490746342,4.190676946669924,0.0,6.991958550264211,4.247458991040977,2.4872705203099374,6.31030729345937,3.1846818166381667,2.030382591390651,2.7302616894674294,2.9547488076646027,0.4391577490746342,3.3902645015988995,3.6647916585848463,2.9830674116930167,4.929454160884421,4.293461778933456,3.7330183416575267,4.650783881948448,4.607722924975675,7.717320119052101,1.3236473832192406,10.586096904700016,1.6885078394175805,5.982343072658421,0.0,0.0,5.660133571525639,2.030382591390651,5.996830126606392,0.743269789963156,1.3236473832192406
TCGA-78-7150,2.802784457518736,0.45342953462468166,3.409823403662086,5.211909443806897,4.446611639106088,7.136387738639342,8.890811187765227,2.692557472833932,3.8105814672035625,5.486413882784679,0.7642578080178981,2.6116787917262583,4.635922450527386,9.540844836817604,4.859347179882474,4.6579333995149765,0.0,0.0,3.9188039626829885,6.196362658080841,4.486158020260734,5.0418626065128285,4.036913169950459,1.9076444083420938,2.7306658615720187,3.2453268904734354,2.0649241727666587,4.169503053815573,0.0,1.3528926844858602,1.4911722603371353,5.389140220621637,4.7792495355880105,4.577262360134703,3.895747271325891,4.809163537129253,1.6126527393360428,0.0,8.728702931619248,4.854893348877504,0.0,3.1268263232700466,7.23167043298022,7.26673656127674,2.963167758680591,0.0,2.1351600304361797,6.131180836267135,0.0,2.767375155186894,2.2007848985309764,6.0839320539797574,0.0,6.164301685328118,5.891290558137456,0.8512187351304402,3.0207467855487016,0.0,7.738126401308004,5.140622078680347,7.392684465851952,5.564125693418083,2.836988561886519,1.5014517305073392,3.3711642002539373,5.205637225158644,0.45342953462468166,0.45342953462468166,6.959056573337688,1.1923758184802729,7.222493023457344,7.764291760157001,0.45342953462468166,5.049246847390364,0.7642578080178981,1.3528926844858602,3.4286050044615193,0.45342953462468166,0.0,2.3203857176195526,1.0010729594887686,1.0010729594887686,4.377015349130955,2.8213967433926337,3.8479728983303505,5.373299599281726,6.533421037745007,2.6529320574360185,1.0010729594887686,9.310981770094033,10.767412836524155,5.078262789436842,0.0,0.45342953462468166,0.45342953462468166,4.076623467034045,5.011794621816102,1.4911722603371353,0.45342953462468166
TCGA-78-7152,1.5505368045139394,0.6567424986661454,5.056175739199466,5.769588941610624,1.5505368045139394,0.0,7.996751480931284,5.7371914605968515,6.311144798470221,4.868011259840841,0.0,2.1315594959419424,2.4966787525498013,10.822949251575656,6.837644997711056,0.0,0.0,0.0,0.0,1.0497721232486361,2.2360712889357064,6.1264870150270125,2.1315594959419424,1.0497721232486361,1.5505368045139394,5.619810111546116,1.3311779785612243,6.523071730624092,0.0,1.3311779785612243,0.0,0.6567424986661454,4.960737516749758,1.0497721232486361,2.703211848461958,0.0,0.0,4.860850624914072,4.770616825557202,3.5114767797576225,1.0497721232486361,2.417127327366711,0.0,0.0,3.688809451663822,0.0,2.7635542843285923,0.0,0.6567424986661454,3.147770724194975,2.417127327366711,5.188909783661227,1.0497721232486361,7.436293111346698,0.6567424986661454,5.176403937549142,1.5505368045139394,0.6567424986661454,3.5388179023949786,3.641268843997014,4.969743852720179,6.984642243300572,1.5505368045139394,3.0062171149962653,1.3311779785612243,5.389979993019659,0.0,0.0,2.8743044788255734,1.0497721232486361,6.146564775970829,2.014836351653277,1.3311779785612243,5.07376031671532,1.5505368045139394,2.6389930418345577,3.064656476016612,4.101391341913425,0.0,2.1315594959419424,0.6567424986661454,2.7635542843285923,5.887025828686732,3.3467235962744066,4.896166759407702,7.223638436277685,3.329579639643346,7.472307434411342,2.1315594959419424,10.506534955539628,2.6389930418345577,5.8818561330024,0.0,0.0,3.147770724194975,3.2607698845212183,6.200916798863154,3.064656476016612,5.92494807110678
TCGA-78-7153,2.124510505047414,3.6654060979282943,4.957480619291736,7.9530089841258125,4.288340759971482,2.9975306554953702,7.509883061154913,7.1185428080867625,6.728045907459583,5.755789680814756,3.5835633819129296,2.716249825445164,2.3818582738885534,10.896715251182552,5.3548111151025015,5.194660953637552,4.6750040370858725,0.47877752579709687,0.0,0.8011492043612234,1.2401986527299806,5.422135487718592,1.965796806434312,0.0,3.166335437393747,4.103703959432464,1.5442378391858451,1.7770687538180514,0.0,0.8011492043612234,4.741465256135336,0.47877752579709687,4.97527751021516,0.0,4.113792551478245,0.0,0.0,6.084107536757257,5.472392514988016,0.0,3.4297232881909903,0.8011492043612234,1.8758861338774897,3.191890987135967,4.669261732247273,0.0,3.027715319407042,3.41690995674013,0.0,3.6334671619746235,1.965796806434312,3.2168137001497525,0.0,6.596258541764316,0.0,6.397472840997368,0.47877752579709687,0.47877752579709687,5.759668041733261,3.140105307617153,3.5835633819129296,5.241238949508259,3.741051986858134,1.552063004572777,1.8758861338774897,4.172271186415545,2.437037311528229,0.0,2.1953116377222495,0.47877752579709687,7.4391714548441366,5.05997134099063,5.083086179754498,6.999869447889315,2.674796715248572,1.8758861338774897,1.5442378391858451,3.241130345775809,0.8011492043612234,1.2401986527299806,4.181694354165153,1.5442378391858451,5.699844731913558,4.048897304310163,2.26144012965831,4.978834981546458,1.5442378391858451,4.305059193517273,4.093512549528846,10.834292442568305,2.1953116377222495,6.205206037241735,0.0,0.47877752579709687,3.4756026905593074,4.609942779026228,5.344485047393044,0.8011492043612234,4.133667834218608
TCGA-78-7156,1.2492138205715229,4.397209538834961,2.9462688828184005,8.219781270469934,4.283826533065236,0.8081708571287273,6.247166281515546,3.277050388919273,5.179629546697854,3.1252769798947453,0.8081708571287273,1.8866150002407338,0.8081708571287273,9.429973769903876,0.8081708571287273,0.0,3.2289726796396803,0.0,0.0,0.4835983015115068,1.5542000061794847,5.6662017493207895,1.9767025867269612,2.334897382461292,3.3880108198579797,1.2492138205715229,1.2492138205715229,4.275213675842071,0.0,0.4835983015115068,1.4133013666064176,0.0,3.676017087396992,5.700102378066435,1.6776945129400824,0.0,0.0,2.2727957641832934,3.6777477256853843,3.3002493389336527,0.39964822278659956,1.8866150002407338,5.3198733577637,4.780458735731989,3.7534187565012025,0.0,2.059340869972833,0.0,0.0,4.748646958958479,2.1356682716371136,2.9784182471203793,1.2492138205715229,7.154795028271797,0.0,3.0457074496051324,0.0,0.4835983015115068,4.0852651353552725,3.5433362071561683,0.8081708571287273,6.151208128888689,0.8081708571287273,5.038509830862235,0.4835983015115068,5.398836682486341,2.1356682716371136,0.4835983015115068,0.8081708571287273,0.8081708571287273,7.17784348303287,0.0,0.8081708571287273,1.4133013666064176,1.2492138205715229,1.2492138205715229,1.0528126484211853,1.2492138205715229,0.0,1.5542000061794847,4.737811182327468,1.0528126484211853,4.404836989122437,5.155601064346442,4.309228765498821,3.0397730821295803,4.526320682829495,6.076958523427297,1.2492138205715229,8.621562215708908,0.8081708571287273,4.257762171119884,0.0,0.0,0.0,0.4835983015115068,5.064731988616401,1.787600834079196,0.0
TCGA-78-7158,0.9782509319969258,3.3162202977309496,3.6357291734362263,5.698803433109037,3.59098268196201,0.0,7.439212598037148,3.68898194886117,4.57316958498095,5.064245568877121,0.3470588572197696,0.9782509319969258,4.153487302280198,9.358950014284602,6.754908249033996,0.0,5.132646415823061,0.0,0.0,0.3470588572197696,0.8086164303660593,5.596438511785326,0.6042613205515044,0.0,2.4671159971127734,2.1842293933969636,0.8086164303660593,0.3470588572197696,1.5548550026638082,4.2874988986805445,4.440500710428785,0.3470588572197696,4.739508752759894,1.2497871164652274,1.5548550026638082,0.0,1.362155345266565,1.6388802030340581,7.847246779493324,0.3470588572197696,4.284073339916689,2.768693646270896,0.6042613205515044,1.12320733552349,3.040562225471783,0.3470588572197696,0.9782509319969258,0.8086164303660593,0.6042613205515044,4.5774453809450915,2.0332667045592228,3.8154746594123026,0.6042613205515044,6.690511788030353,0.0,1.8816458760225783,0.0,0.3470588572197696,1.7883035042546647,1.5548550026638082,1.5548550026638082,5.4328526301254625,1.7163711906522432,2.1050483703936105,0.6042613205515044,3.1169228303437144,0.0,0.0,3.57947744929639,0.3470588572197696,6.775484805350744,0.0,3.7876721991060447,2.742309910853852,3.3458925430074773,3.020527319922234,2.535148141224709,1.2497871164652274,3.5320794345500595,1.8553913294728284,0.0,0.6042613205515044,5.690430397753461,4.614504485548782,2.3941154108396367,2.629230633976085,4.332096883922246,5.650388730253163,4.146948081223718,8.938380718656159,0.6042613205515044,5.443676657974524,0.0,1.6388802030340581,1.2497871164652274,0.0,5.428288052373561,1.9774226587652752,1.2497871164652274
TCGA-78-7159,0.7428416975837973,1.3230350214806996,5.8333359659115,8.106559750455265,5.190242058061502,0.9756533812676621,9.186522976271752,5.82360786772455,5.750980896485202,5.202445028762519,6.9087547793152195,0.7428416975837973,2.692875647731263,10.720189966408876,7.2989118396596115,0.4388998841944018,2.3903578467294926,0.7428416975837973,0.0,0.0,2.0296733994457146,8.357273234602369,0.7428416975837973,0.0,1.3230350214806996,6.092038123632767,1.7848523364800868,0.4388998841944018,0.7428416975837973,0.9756533812676621,2.0296733994457146,1.7848523364800868,4.610637214516905,0.0,2.729492007086467,1.3230350214806996,0.0,7.158747433116086,7.644512563669972,0.0,3.4475782967139197,7.33549055573603,2.486513691138385,7.481927463783422,0.7428416975837973,0.0,1.7848523364800868,1.9545300337297533,5.03804291689562,3.2712557286818407,1.8732780104003104,4.89208446376096,0.0,7.100043668143274,3.4078783475585515,3.6497643353853677,1.9545300337297533,1.1643688177327727,2.16487354711856,2.729492007086467,2.894800823975283,7.0250226261385045,1.6878238638291776,1.4789646959611988,3.8561085234663888,4.5327177657286715,0.0,0.0,2.226189891740332,2.894800823975283,7.354701364433673,2.764808534920819,5.012706481040309,7.325748251334198,3.312231368342247,5.503818196289396,0.7428416975837973,2.729492007086467,0.7428416975837973,1.3230350214806996,2.4395867074278295,2.615364574143978,4.836829376110505,4.376189632473249,2.764808534920819,5.512751097257977,4.634029714668644,3.3707106823906163,1.5803591949334328,11.752446175514992,1.1643688177327727,5.663141019393309,0.0,0.4388998841944018,2.226189891740332,0.4388998841944018,6.034207894646815,1.1643688177327727,4.147237409975132
TCGA-78-7160,3.5206856292845408,1.259511573916639,4.254201785854951,7.102919020789386,3.953243640480705,1.259511573916639,8.9633817291873,4.971326043690334,4.1701073548809795,4.850576082109575,0.0,2.992095669116408,3.166019203858973,10.16538247611118,3.557328955365869,2.461774485730954,2.4064585034588584,0.48913200968073506,0.0,1.4242161541184473,3.903595594343762,7.643387071148238,4.067541891691098,0.8161609564550896,1.7996118914380148,4.236116078253765,1.4242161541184473,6.456709999161672,5.109991821836376,0.8161609564550896,0.0,3.7227614222645284,4.000658229930132,0.8245262586163251,4.935696207431762,2.1483844119167457,1.4242161541184473,0.0,5.848578103558889,3.1113396107607403,0.0,5.2283722561111645,7.023554125213778,6.980494457622442,5.038976526921939,1.4242161541184473,3.336811737727158,8.28781273095617,0.0,3.6098930633412096,2.347912124579088,6.291200553120166,2.347912124579088,7.011114793972796,1.0621903220341422,5.689132350388539,2.461774485730954,1.0621903220341422,5.063215093914033,5.284289433563393,5.481126304552471,6.041582400935875,4.654921792585499,4.067541891691098,0.48913200968073506,5.132581503557865,4.1504192408850145,0.8161609564550896,5.72064286933115,2.741549449642614,7.8906910617013954,2.285723735918634,2.9266822575771814,4.306576801088203,3.401933777123117,1.565590512653824,1.9891201471668711,2.1483844119167457,1.8988484901595508,0.8161609564550896,4.364403505545117,1.259511573916639,6.165583806847078,3.401933777123117,5.30016066662612,5.773013095656275,4.245199818099562,6.598676589507285,2.611414476484743,9.159660573572006,1.689431388126532,4.850576082109575,0.0,1.7996118914380148,2.461774485730954,2.285723735918634,6.260689836209196,2.8566885731812808,3.8378574931574847
TCGA-78-7161,0.904096685773449,3.2715631471472073,4.132932062117663,7.545083148703363,2.122093860134813,2.2460993940071834,8.271026632944487,4.721449869955168,5.5996249388316,5.401884274653086,0.5509497748501452,4.310605818112263,0.904096685773449,10.025789252523087,6.5772867837838005,1.68808272042407,2.4557695919331217,0.904096685773449,0.0,0.0,3.4954827941475224,6.0590087030464685,2.39065091386228,2.1651604170823733,0.7430319834889431,5.717448665420015,0.31291112649755654,2.705533704044547,1.2731256630142527,0.0,1.3710284274494573,0.0,4.142313754565731,1.0427824037074391,1.5420794189092817,0.7430319834889431,0.0,4.806076308280626,6.747112235967429,0.5509497748501452,3.1157173274321592,4.727971719005841,5.895184897519652,7.622252907952733,3.461473707536482,0.7430319834889431,3.2715631471472073,1.46021838778525,6.446360883701204,3.071581585837429,1.46021838778525,5.613124456746374,0.0,7.103692059858131,0.0,1.9804909937687518,1.0427824037074391,0.31291112649755654,4.0008485691188005,5.749549024688983,4.426896027416398,7.317935918143847,3.9735845999132664,2.51096418410729,1.617743326797187,5.5248591373683995,0.0,0.0,4.254816648364515,1.46021838778525,6.933900494570328,5.7908038515958316,3.0884664109355735,7.747031048266428,1.0427824037074391,2.029949256080831,2.2460993940071834,1.815475995845371,0.31291112649755654,1.1645872775916426,4.254816648364515,2.6290069937617573,5.780647832202455,4.560382003197957,1.8735544868631728,4.156226432585946,3.18420156093418,5.667916926636177,0.5509497748501452,9.975277840934622,3.8168064212436144,5.772677119096812,0.0,0.5509497748501452,0.0,3.5910764197279215,6.173473555063636,1.1645872775916426,0.904096685773449
TCGA-78-7162,3.1493027851161837,3.2101740742142617,4.954918194005614,7.705505688530727,2.280503069847843,3.3085227258115117,7.688890442829836,5.092073950057372,5.300390216708967,4.86877982849648,0.311813552026709,3.050428770473019,3.5243231564727955,10.556731587138486,4.912779877924203,0.311813552026709,3.674255544083397,1.0401000176004414,1.3679267037617058,0.5491613300315638,1.161712275611334,6.9439521942939555,1.6144055532496093,3.410219889481348,2.940695137624082,1.7503643938616693,1.0401000176004414,1.6144055532496093,0.0,1.924890781831238,1.7503643938616693,0.311813552026709,3.8879741355909396,2.921175739272857,2.51307289711435,0.0,0.5491613300315638,1.6144055532496093,4.029816707694308,2.242378508787712,0.0,2.4519615371303893,4.453048779126335,1.8700313791951482,4.377869254733352,1.270125646745461,2.940695137624082,1.3679267037617058,1.0401000176004414,3.674255544083397,2.2027426580201244,4.538734399513673,0.5575565262535971,7.400131759079598,0.9016236948307511,4.40057357196046,1.161712275611334,0.311813552026709,3.1493027851161837,4.758955084639857,0.7408415064226068,6.108338280585528,0.311813552026709,4.446938523601024,0.311813552026709,5.49848702742241,6.814128980653303,0.311813552026709,2.6767796680183045,1.270125646745461,6.836380644777471,0.311813552026709,3.9271519831205377,1.7503643938616693,4.391553608597417,1.6144055532496093,2.701636342884937,3.9625583126159682,0.0,1.0401000176004414,0.9016236948307511,3.502519754986884,5.478828953000133,3.1174187918105902,5.186418858050457,6.681558320762076,4.717310665658285,6.844599268402951,0.9016236948307511,10.55776395870708,1.0401000176004414,4.3546374521044955,0.0,0.7408415064226068,0.311813552026709,0.311813552026709,6.115119199921449,2.3526506340007676,4.967727793084979
TCGA-78-7163,3.2578503538744976,3.2966032389322306,3.7478014508159254,8.033574090888433,2.3595890504617785,0.0,7.53955882930103,4.624982617157782,6.489239885121721,4.374555041710091,0.9976494962419754,2.257524963587448,1.8684118207491376,11.491262508333968,9.290269227014909,0.0,2.0602077525645366,0.7066062002441015,2.8385988163325537,0.2944590567308047,2.102901687778225,5.868304895823541,2.6150573342530454,0.0,0.8626789624255059,1.7567020774126525,0.7066062002441015,1.222774931288532,0.0,7.776371424198811,0.2944590567308047,0.2944590567308047,3.7963158137161015,0.0,3.24459035414819,0.0,0.521646862397574,0.0,0.521646862397574,0.521646862397574,0.2944590567308047,2.221060454469868,3.7558392603235284,2.4521854357224857,4.951415934436285,0.0,2.9872362846327265,0.8626789624255059,0.8626789624255059,1.6957807326561167,1.4869990552415229,7.747665920935323,0.7845862408767268,6.963085912337462,0.8626789624255059,2.102901687778225,2.257524963587448,0.0,2.7105470813007972,2.143858961734967,6.1928347705706335,6.283749758839521,0.0,2.6339155619262598,0.9976494962419754,6.2067331724256904,3.0700370120622296,2.7550737263185123,6.499593036875932,1.4064400668128483,6.476673856802712,0.2944590567308047,0.521646862397574,2.915676649130367,3.231152161342961,0.0,0.2944590567308047,2.3595890504617785,0.0,1.222774931288532,1.222774931288532,2.221060454469868,6.158666120894093,4.433128410722966,2.6875141048834528,5.052672549887314,4.34834445548602,11.890203695983695,1.5615493417071267,9.028861659888817,0.0,4.972974962913579,0.0,4.174767197713923,1.4064400668128483,0.521646862397574,4.566659061017557,0.521646862397574,3.689656652017388
TCGA-78-7166,1.9163047743007149,1.3015531326648,5.0761858030014295,8.738943772998432,2.38031435748955,2.935626579571215,8.203982690510635,4.022442104849571,4.586917616730993,4.335269090831398,0.3686628015840597,2.6654836301374782,3.1670518633859817,9.889216199498556,4.795203596516322,3.857915227779916,0.3686628015840597,0.0,0.0,7.814141118970759,3.9703258752395683,7.648830347296132,3.789758191590886,3.57724653019053,0.849081982180705,6.24857078156264,0.6374758956894806,7.303883601313187,2.1999985042189447,0.0,1.4160473192692384,5.77593257905612,4.9348120054742,1.3015531326648,3.4582832002745416,0.0,1.3015531326648,0.0,5.860723543438836,2.420732506701128,0.0,6.784169691033637,6.7555127774241805,9.4988446063602,4.8799873593561145,0.3686628015840597,3.4441451151974265,8.263520842567122,0.3686628015840597,2.935626579571215,2.38031435748955,6.198196156250719,0.3686628015840597,6.065599840317052,2.6014518826454487,2.809649652817802,2.0959667452619923,0.6374758956894806,6.092153417604263,4.6903473818955606,6.776065617899842,6.452176706528946,4.838493744748078,2.877134531114144,1.4160473192692384,4.408440935040621,1.4160473192692384,0.6374758956894806,6.270733200801912,1.4160473192692384,6.853356113735666,2.836144338609687,0.6374758956894806,5.213799242455018,3.323232236582347,0.6374758956894806,1.0236372740750368,3.6097361335372122,0.0,1.1722344285387234,0.3686628015840597,0.0,4.516380501473772,4.285770382484175,3.3391694840479613,6.575704652618798,4.802544545408338,6.009186580095599,0.3686628015840597,10.577227627570844,5.413260818845368,6.000389600068106,0.0,0.0,3.7590629498597723,1.3015531326648,6.079200661412068,2.2482133809267077,5.288559917092056
TCGA-78-7167,0.9106347670179976,3.4993852351707933,3.6871329298279254,8.661833649242503,2.459452080315532,1.2171061827158989,6.823263271169682,3.5518619922045818,5.936776021757181,4.00889923106959,0.0,2.058613638968398,3.543304398286985,9.840100368355724,5.580446550210118,0.26020809545102586,4.706444363928724,0.6373701650909469,0.46649748991644796,2.4073054037644486,2.698094136899273,5.638144682875321,1.5186594488752265,0.0,0.6373701650909469,1.0235654143451984,1.6410334740238508,4.163539413309799,0.0,1.0235654143451984,3.617802269096779,3.792964656905899,3.624559575738961,6.040747447006081,3.772675877005782,0.46649748991644796,0.0,0.46649748991644796,7.488975990669944,0.46649748991644796,0.0,1.894075354699656,3.987084094650025,6.227520375013618,2.9966968082408183,0.26020809545102586,1.6410334740238508,3.3337426124035607,0.46649748991644796,4.896630113351137,2.2940790187001014,5.1293364266911565,0.37479969379727923,7.2062363319830345,0.0,1.508202211353224,2.1663758323650595,0.7833077602679025,3.011433363780075,4.247709218928394,1.6410334740238508,6.516028861377042,1.2171061827158989,4.42444655183547,1.6970274555867915,3.453448217460568,4.883218502471587,0.0,3.1731501603195955,0.26020809545102586,7.4367881404397655,0.9106347670179976,1.6970274555867915,6.360291604118244,1.894075354699656,1.4513561828118398,2.1317255951035237,2.2940790187001014,0.26020809545102586,1.3792193924479272,5.9000124154557705,1.3792193924479272,4.87417389891777,5.367479557033051,4.3973794251346545,5.681611845856218,4.616594677257421,7.868437945550518,1.6970274555867915,8.709425474318707,0.46649748991644796,4.954854754081439,0.0,3.8128499744114728,2.4073054037644486,0.0,5.654406639014709,1.3792193924479272,2.433718613018567
TCGA-78-7220,1.8964347501661865,0.4152173995508427,2.9452649537449744,6.282816128668482,4.080330150836522,6.448990654842605,9.522680910093872,2.8306689333163058,5.161724148459112,4.919177683607421,2.5524796248100183,3.597769690198143,4.663495696283719,9.352482089135405,5.606775856714051,5.327215756590686,5.14386580812802,0.4152173995508427,3.7172069160427896,8.103681798607996,2.377692565480851,8.726885073339277,3.509402846611304,0.7077894572968154,2.1049021519673916,7.0734900321716925,2.2230764093709467,5.02606234945256,0.4152173995508427,4.572033169567044,2.511564809099982,4.710907630599274,3.87292244505623,2.3362519504645296,4.3259389709058285,4.195264734128883,1.2736014736505998,0.7077894572968154,5.221841207837422,4.598288561834507,2.7699728037064126,3.4458297076405806,5.928860154337675,6.989362915361897,3.0957631116789237,0.0,2.629612870787259,8.88826007280195,1.728571147272297,3.835068524270501,1.6327441986643347,5.902488514172399,1.4081536954727842,6.789424343255918,4.441494116673959,3.639187508461778,3.729637446586104,0.9338162587399735,7.4600299006606665,6.198594563440328,6.0620604663603475,6.130417466660238,2.8605709819368967,1.8432760720137624,0.0,4.795236673229492,0.4152173995508427,0.0,5.383131748577339,1.1180553742127164,7.077835549353738,7.842219861435156,2.4243335891422655,4.465455142513162,0.0,0.9338162587399735,4.088991929073219,0.4152173995508427,0.0,2.9178247846774656,1.1180553742127164,1.1180553742127164,4.008189182398702,3.4938829079537155,2.768034618031222,5.7125241545929555,5.943819851638712,2.6660539062500197,0.0,7.7630468188972195,6.619304911467274,4.710907630599274,0.0,2.4243335891422655,1.2736014736505998,4.240746728274064,5.42678093943931,1.728571147272297,1.2736014736505998
TCGA-78-7535,2.2909779904522933,3.0566815485472327,3.8618932443993628,8.261027873715541,1.6610051692905063,0.0,8.231958787644613,1.5911109957412162,6.549613545547745,6.044471996492039,0.0,1.5911109957412162,0.0,11.159220392309056,6.1253680579879175,0.0,0.0,0.725711171433208,3.0566815485472327,0.3040966137198755,2.832760300270906,5.684232615411486,1.951821215655968,0.0,3.3451418887929707,2.425342403075119,1.3462793325816544,2.5981162803892257,0.0,6.915525016246498,1.0213351975934606,0.3040966137198755,4.572545749488029,5.129585056269885,2.893610950487231,0.5369610973706165,0.725711171433208,0.5369610973706165,5.954608635605864,3.994664180313547,0.0,3.9814893648020138,4.5923949287850805,3.2669914758904923,3.947774245375251,0.0,2.4562928175882615,0.3040966137198755,1.3462793325816544,3.846833605848484,0.5369610973706165,5.603766908531317,0.0,6.286508206465296,1.7263316639055997,5.758699860749718,0.0,0.3040966137198755,3.253350678841377,2.649658085388491,5.5568628101305535,7.265926103533379,4.881141453861799,2.859586036630533,1.7263316639055997,2.9509754644611976,0.3040966137198755,0.3040966137198755,2.6242192158464257,2.0928142274118784,5.91416224774989,0.0,0.725711171433208,3.808163584785475,0.8843871828611468,1.24924249317342,0.5369610973706165,0.725711171433208,0.5369610973706165,1.24924249317342,0.0,0.3040966137198755,5.276838334870913,3.9247417778359206,1.4347273186414808,0.8843871828611468,1.7876510411835118,5.8996589690067625,1.3462793325816544,8.571363144251551,1.24924249317342,6.565752175275273,0.8843871828611468,0.0,1.0213351975934606,0.0,6.747610000732205,1.951821215655968,0.0
TCGA-78-7536,1.026507437133154,2.419140709012381,4.456856935171375,5.364367245009536,2.217996233882538,0.823956120671359,9.10527870054886,7.161195224527697,5.775048316543199,5.107707556883736,0.22785244704194402,2.2982456913949476,4.566391934934017,10.309868907428646,5.786891246378564,0.22785244704194402,0.22785244704194402,0.4133009938759393,0.0,0.0,0.5696792665597005,12.319222743462829,0.22785244704194402,0.0,0.704878103435644,1.768524959755141,5.301337800441534,1.5222883440783017,0.22785244704194402,0.5696792665597005,3.005326105225312,0.5696792665597005,5.2194581249688285,0.5897292213614567,0.704878103435644,0.22785244704194402,1.8522272159951447,5.691419702872683,2.217996233882538,0.4133009938759393,0.0,3.6470673862994962,2.7787198881700212,0.4133009938759393,4.405081321229624,0.0,1.723890965402813,2.5865151353760973,3.9398949488297674,2.1307523359142633,0.22785244704194402,6.509467849596079,0.8149222374858661,7.4823778990240815,0.5696792665597005,0.0,0.0,0.0,2.7787198881700212,2.0998934679397347,0.704878103435644,6.271341866557359,1.026507437133154,0.7211999950019804,0.22785244704194402,4.825124657588897,0.4133009938759393,0.0,6.346315077816524,2.396102758112506,7.47790397203007,0.5696792665597005,5.193695466935097,6.616012974934547,1.723890965402813,2.441659842784718,1.1948614214574735,0.704878103435644,0.0,0.0,0.0,1.2694796065280556,4.657848021456137,3.797067717920779,2.729850831061063,5.869714904859105,1.723890965402813,4.491855900577409,1.8915897211277628,10.446332056864188,3.1133375156282543,4.791707842529783,0.0,2.245464325504288,0.704878103435644,1.026507437133154,6.251585913543762,1.8112515908059834,0.22785244704194402
TCGA-78-7537,3.9915437307387434,3.964839339401862,5.420694278622055,7.985807653684885,2.428547916118616,0.30498156952984207,7.291301922989279,5.540961538774775,6.297262162764845,5.208846604111428,0.30498156952984207,2.0040981913760456,1.1441591036240801,10.857095263534386,5.531122098004485,0.5384213353567899,2.8360622233197734,1.0236013448555952,0.0,0.5384213353567899,1.2517338677241958,6.377364499721306,1.1441591036240801,4.69515713157925,2.428547916118616,2.518687916451952,1.0236013448555952,6.990477470553337,1.8483760696469511,0.0,1.1441591036240801,0.0,4.364823251414239,2.005539317589299,3.9374041614059094,1.0236013448555952,0.0,3.7208528146900606,6.033544150506586,1.1441591036240801,0.30498156952984207,2.9727143828337734,1.9030175599519412,3.477655209788099,4.204352262968827,1.2517338677241958,1.4373913862478902,0.30498156952984207,0.7275002969316078,4.343323487560188,3.3732779016640215,4.338679318795385,0.0,6.851194451257915,0.30498156952984207,3.729450217078187,0.5384213353567899,0.0,3.6114583071453517,3.0085596498587774,2.329470421775428,6.057198447245306,0.30498156952984207,3.0487610611017097,0.5384213353567899,4.6687457436251005,2.428547916118616,0.0,2.489529282273444,0.8864498898631339,6.836750026872007,0.0,5.3755098623779425,2.1388065469829654,4.540361761763292,1.7905754352030103,1.9030175599519412,3.3231457460439975,1.5939181007760634,1.5187032489715937,0.7275002969316078,2.329470421775428,5.508254090374964,4.364778741264328,3.200214785712252,4.3007243841091265,4.423436056624855,10.89809026446922,1.2517338677241958,11.400925176952725,3.092922503138492,5.739516346607312,0.0,0.30498156952984207,1.5187032489715937,0.0,5.825861454700765,2.1799540748378115,4.610164692649003
TCGA-78-7539,3.0598331989605145,2.844926825527765,4.042431777744568,5.360268167423687,1.7427092712527632,0.25820176712927273,8.793458843831116,4.2723819550770035,3.551721493433715,5.800025552509126,0.0,2.895022039667014,3.97837238596968,10.896648580688481,5.9057078372397305,0.0,1.8408511752307657,0.25820176712927273,0.25820176712927273,0.6332379278060364,1.2950011026734998,3.3767988091710897,1.3725756889789527,0.25820176712927273,0.25820176712927273,2.7365080739186944,0.4631678182364536,0.6332379278060364,0.0,5.599232741336637,4.2723819550770035,0.0,3.712349368293655,1.5136756304469834,3.568472980250839,0.778498847659449,0.9053511118357696,0.0,2.614889043827276,0.25820176712927273,4.33554673728186,3.0870846315039717,1.2108689710137772,0.4631678182364536,5.427194193468923,0.6332379278060364,3.2481355532654077,0.0,0.0,3.6858924975975653,0.6332379278060364,5.415473539100127,1.5012957538143972,7.497894729467853,1.2108689710137772,1.162306703648297,1.3725756889789527,0.25820176712927273,1.3725756889789527,5.03994163728823,5.45653405466299,6.609470529612421,2.6775428824945444,1.1512047387872804,0.6332379278060364,5.20320416734176,0.25820176712927273,0.25820176712927273,3.0870846315039717,2.5008538151174475,6.3867631509992,0.4631678182364536,6.737110482695764,4.7448538644311435,4.15017023650724,2.1919775021492294,2.6975890064470147,2.7554107724620476,0.0,0.778498847659449,2.3992307442955765,2.3721298121850394,5.516315703921563,4.074437729496724,5.378103118134262,6.219834417393773,5.368538150508471,4.026797074236397,0.0,9.569426406897554,0.4631678182364536,4.32441605980101,0.0,0.0,0.0,0.4631678182364536,6.604029186810674,2.7365080739186944,3.9099288141394957
TCGA-78-8640,1.9220857309036292,1.2042027778799909,5.298212361035151,5.352170880774063,2.277544169750561,0.45963758699655743,8.85993572855081,2.708343491421733,4.3570177533258185,5.143924157312899,0.0,2.1500980285909534,5.893796589929823,10.05869481683851,5.384806940755604,0.0,1.2042027778799909,0.45963758699655743,0.45963758699655743,2.0040038396732642,1.626216363672918,7.9686033932292295,1.2042027778799909,2.2158500414593845,4.717319604805043,5.875944261999589,1.2042027778799909,1.3654792214059706,1.626216363672918,0.0,1.2042027778799909,0.0,4.645255909527377,0.8051803842357218,1.3654792214059706,0.45963758699655743,1.0117827133333757,0.0,4.701543436895681,2.0797165038742667,0.0,3.283715550639102,6.345510037060611,1.5043218113490433,3.7615047204596106,0.0,2.0797165038742667,1.3654792214059706,0.0,2.0797165038742667,0.0,4.889408836662112,0.773343722554222,6.885310263651619,1.2042027778799909,2.4921139480373524,2.9491122529187646,0.0,2.8529236948920556,4.303247191245968,6.120242472386471,6.0484708660487545,1.626216363672918,2.555706776094604,0.0,4.303247191245968,0.45963758699655743,0.773343722554222,7.447722142094264,1.734853964580351,6.905397501608303,3.661726630183917,2.3356619713868376,4.3570177533258185,1.0117827133333757,1.626216363672918,1.3654792214059706,1.9220857309036292,0.0,1.3654792214059706,0.45963758699655743,1.3654792214059706,4.311107802572024,4.187232112859041,5.374046167306255,5.228742182693,6.987877983455844,7.803373805586753,2.4921139480373524,11.186165709135919,0.0,5.617687041698098,0.0,0.0,0.773343722554222,2.918067985197492,5.612010693994144,1.3654792214059706,0.45963758699655743
TCGA-78-8648,2.691310877097912,2.691310877097912,6.8185688109233356,7.404102596067434,3.294873439094666,0.9273889185401885,7.478898653955182,4.885812537648634,5.702785310987054,6.007960241937103,0.0,3.3228033142341435,2.2410713260051724,10.688612092492042,3.9693121884952043,1.4001479554084264,2.6381283267971667,0.5675272666352944,1.5727116854615781,0.0,2.3191766880869653,7.332290720180726,1.8480767887065501,0.0,2.3191766880869653,3.8302184132138586,3.266144832665694,3.9250616318904283,3.0379532889879535,1.1914345276278306,2.3191766880869653,1.719851639088469,4.980911211530004,1.5774517665762446,2.9215850698614916,1.8480767887065501,1.9617131920281456,1.719851639088469,8.237336421265722,0.5675272666352944,3.670160339605711,5.121216159983963,2.961896236973528,1.1914345276278306,5.612131259336138,0.9273889185401885,3.706842154488109,0.5675272666352944,2.063756674759653,4.011685518257049,1.5727116854615781,5.802187859367828,2.6370338551996118,6.071640322850647,0.0,4.2666536612330495,1.9617131920281456,0.0,2.6381283267971667,4.308627641904102,3.0739147906068003,7.57038139447413,4.211577817147121,2.3191766880869653,0.0,5.245412247553047,0.9273889185401885,0.0,4.0655266188102015,3.1086322955694405,6.497284664201561,4.200189960305441,3.8302184132138586,2.2410713260051724,3.0739147906068003,1.1914345276278306,2.3916210857320044,4.585177660662422,0.9273889185401885,1.5727116854615781,1.4001479554084264,4.153292485046427,6.128180550970925,4.124802636372833,4.577353874726974,6.551090334993405,4.378093911646169,8.55619464976571,1.1914345276278306,12.776198720668114,0.0,6.297843856725556,1.5727116854615781,0.0,1.4001479554084264,1.4001479554084264,7.0000335946003664,3.000645185414635,4.0655266188102015
TCGA-78-8655,2.1517273189300807,1.6925282789661986,4.123871001480422,5.190698747737671,2.6149256311117353,0.0,7.547433115063408,4.284473065351992,5.44195006872688,5.147459592484072,0.0,2.8602618593845177,4.284473065351992,10.890096943319236,7.634400096321791,0.0,0.4906025080769565,0.4906025080769565,2.2227948534477493,0.0,3.3815625402891305,5.734709272803355,2.3513466853267353,0.818280911316711,1.9020776752051094,5.143772442350011,0.4906025080769565,4.859261865245921,0.0,8.304848620651144,1.4271003555121444,0.818280911316711,4.5718729344449205,1.8027818325097906,3.3177831634957773,1.2622039758888401,2.6149256311117353,0.818280911316711,4.399752351782507,4.557695905663635,5.582126950585944,3.9926476975620218,6.561232908527605,1.2622039758888401,4.952970869901717,0.0,3.663528312240745,0.0,0.4906025080769565,4.293162633544518,0.818280911316711,7.305201656162924,0.0,6.920701118815104,4.038329612025406,3.542856074792387,1.2622039758888401,0.818280911316711,2.2891350452696413,6.181225032998935,4.961879129348837,6.697494635498902,5.99459215105179,2.5800349948795778,0.0,4.284473065351992,0.0,1.9923983460021788,4.399752351782507,1.6925282789661986,7.300931858114546,0.0,1.4271003555121444,1.8027818325097906,3.9808940028220854,1.4271003555121444,3.0571095532288943,1.8027818325097906,0.4906025080769565,1.4271003555121444,5.136351225411089,1.568595084363495,5.2355213264083025,3.422893639743916,3.799939944009493,5.4309189520358485,4.621997804094351,12.150797750871419,0.4906025080769565,9.332982693268537,0.0,5.833997541011228,0.0,1.9923983460021788,0.0,0.0,7.106933952842515,2.2891350452696413,3.1696519666671064
TCGA-78-8660,2.8856997499325128,2.0794165413673307,5.080335470939343,7.590063934361088,2.978896341263169,4.063282080020282,7.184409265010805,4.889062586696289,5.028226327293285,5.381784971789299,0.0,3.4989983961544633,4.326306450791101,10.033023473885162,5.636245685423914,0.7731591185293301,0.0,1.3652239305005989,0.0,1.2039628042759356,1.2039628042759356,6.694221654055415,1.832549463236299,0.0,5.091157886606643,3.463098051727713,1.3652239305005989,7.21747277829453,2.5839673632972984,2.215544624672176,0.0,2.149795153606112,4.898153183676922,0.0,3.814010978921035,0.0,0.0,1.2039628042759356,6.306547147800724,0.0,0.0,2.335342657232218,6.799674399821856,1.6259409845331145,5.426385110590534,0.7731591185293301,4.176916376699438,0.7731591185293301,1.9217784505517899,2.5389449232708716,1.832549463236299,6.30867386790543,0.27383666562972786,6.155180759576367,0.7731591185293301,2.442320948072412,3.630953687110312,0.0,2.491799506045171,6.724801922644877,6.890323219668091,7.140088475862204,5.774001704968787,3.0928680586537047,0.0,4.792305139777575,1.3652239305005989,0.0,1.5040551743071346,2.215544624672176,6.498626969537235,0.7731591185293301,2.74617415919332,1.3652239305005989,3.4989983961544633,0.0,2.442320948072412,3.935057658997866,0.7731591185293301,1.832549463236299,4.053201335556769,1.5040551743071346,5.0947374433837505,3.77464422107473,4.844155589899588,6.4067116550707635,3.567152401035812,7.452129792245812,0.7731591185293301,9.884977289777032,0.4595112765252515,6.726202226812842,0.0,0.0,6.793808002386988,1.6259409845331145,7.071963780349165,3.11717969823974,0.0
TCGA-78-8662,1.2939871678347055,3.2118632944503633,2.505591240980833,5.5546829053531495,2.190736911200665,0.0,9.701040836438137,3.2118632944503633,4.1974951377600975,3.288801061567591,0.0,4.070355785214677,1.6036009102334674,10.264924141826517,6.540445412768137,0.0,0.0,0.0,5.130496169547605,2.9018116278997805,1.0937337412170023,11.19026401882193,0.0,0.0,4.04749925559059,0.0,4.146470426593723,1.2939871678347055,0.0,0.8431177071362405,1.2939871678347055,0.507901352248744,6.121659128765809,6.203108227651899,1.0937337412170023,0.507901352248744,1.839676236224177,1.0937337412170023,4.177396583519778,7.723894128905851,4.448519884708489,3.673390111217804,0.507901352248744,3.4894219113732468,2.97199270667125,0.507901352248744,2.7863498520731285,0.0,0.0,2.937520363805577,1.0937337412170023,1.6036009102334674,0.0,8.591959232709245,0.8431177071362405,2.450056372352254,0.0,0.0,0.0,6.156023020321756,1.4607290656050762,5.086490786066445,2.450056372352254,4.436215295938444,5.589908040455358,2.190736911200665,0.0,0.0,2.450056372352254,0.507901352248744,7.278207873697534,4.274079443119288,1.7285889009051347,2.030526994775192,1.2939871678347055,1.6036009102334674,1.0937337412170023,0.8431177071362405,0.0,0.0,1.4607290656050762,1.2939871678347055,3.313185504338942,4.033649312911603,6.437895639369397,3.722570483631383,3.4894219113732468,6.580712643598551,0.0,7.290824800980132,2.655795040761113,5.299346836461998,0.0,1.7285889009051347,0.0,0.507901352248744,6.142159978720124,2.262138028178864,1.0937337412170023
TCGA-80-5607,3.4373942969739737,0.5953689576412405,4.045560398034668,7.75315562594317,3.1689626303361655,3.0980812591036813,6.772226464266201,5.660916726426709,6.215793395679772,5.691581680074747,0.5953689576412405,2.6968139771761392,3.536907648814602,10.72667786129427,5.65523628072361,3.13414983439225,1.7718968401318032,0.5953689576412405,1.7718968401318032,0.5953689576412405,1.9014655293161122,5.407763524590815,0.965956702888975,3.355669889186171,3.1689626303361655,7.0944256990804275,0.965956702888975,7.836895106525176,4.059699630859918,0.0,1.4480242542518262,0.0,5.347802527246659,0.6042613205515044,3.8052882125504848,0.0,0.0,0.5953689576412405,8.845757096597932,0.965956702888975,3.4751260520279867,4.574844990141979,1.6230054556556384,2.5805955457490954,3.9562542219413555,1.6230054556556384,2.6403921526282152,0.5953689576412405,0.0,4.059699630859918,2.2976127513674878,7.34982228953485,2.8043719902693223,6.186099564455787,0.5953689576412405,5.073084133368744,2.2122992699434683,1.6230054556556384,6.187773242867015,6.96640147441487,6.633521044332318,6.302910142143063,8.316026372905396,4.526825868566308,3.021794679256583,5.295989659538859,2.750221684652409,0.0,3.0606629053061463,2.895198976992958,6.774087877108776,0.5953689576412405,3.7494381914070924,5.332032567528173,3.9246193374810066,3.669760343167225,3.3836577917641195,3.0606629053061463,1.2357621268153434,1.4480242542518262,0.0,4.607843609205534,5.471337465258681,3.5237954729763072,4.7789722211663035,6.853613721615669,3.6055386052137486,6.7429160125246295,0.5953689576412405,9.743893752437584,0.0,5.620473326859893,0.0,0.0,0.5953689576412405,2.8491677459721076,5.964327135931502,2.2976127513674878,4.273735439879202
TCGA-80-5608,2.830792769769788,2.830792769769788,4.396289435624884,7.634269535077502,2.851492319835247,2.5418539302297507,9.134532186047045,8.642561607417937,5.153303155124596,5.332945820632802,1.3447168729528323,2.0461691024162634,2.0461691024162634,11.222470217487292,7.068308277302943,3.515332289503461,3.8447907260461105,0.30350620779866627,1.7246220182405636,0.0,2.1749903293786694,9.804931610941383,4.447403476197705,1.1403618528625725,2.9111270902661057,6.776469363386,1.2477504266718238,5.502681686717539,3.3431267872060575,0.0,1.9500302213177767,1.0200018880861983,5.172788156599683,1.0200018880861983,5.117832122698971,0.0,0.0,6.5285366974656,5.903403528528217,0.30350620779866627,3.501314172996928,7.146701310799781,4.800564257249738,6.8527466703013005,2.8916376230173984,0.30350620779866627,2.214496772672701,1.7859090555498793,2.8916376230173984,2.830792769769788,1.7246220182405636,5.772194733175616,1.5282929308131201,6.651728192120703,2.0909871340798785,5.0565196531988805,0.0,0.5360839299800854,6.584951600546178,4.823630789397919,5.878900369490489,6.760162051988618,2.1749903293786694,2.46800630678735,3.3177505532050535,5.007931642521941,3.7658983639460097,0.0,3.959349241434584,3.9860501171698957,7.160845906664299,4.055998666304613,4.689612432252461,6.725448922072664,2.423438964359953,5.09636028849491,1.3447168729528323,1.8982643298733264,0.0,0.8831888603690381,1.1403618528625725,1.9500302213177767,5.181598139846204,3.566019490139132,3.536206015961047,5.999345907433783,3.606011300290765,6.456571833808926,0.7245973968331928,10.254454235307794,3.4831828164034473,4.9056821028779725,0.0,0.0,3.2092738733239137,2.766004594362766,5.5373972571606,1.3447168729528323,1.7246220182405636
TCGA-80-5611,3.1240859097027553,3.901871654371771,3.506457892319648,5.125296424637037,1.6973205764096286,0.0,9.983527183281854,5.569972948117932,5.748465804616136,5.320352793408649,0.0,3.661099643527957,4.671978005319704,10.918778013086973,4.6017864676647955,0.0,0.9829021031726566,0.0,0.9829021031726566,0.0,1.9645215909813398,4.457647658016695,2.0397907360500436,1.3316005546972436,2.542050711673108,2.236573487400131,2.9649946768071236,2.175183446459339,0.0,0.7489602453791581,2.9649946768071236,0.7489602453791581,4.558116313591318,0.0,0.0,3.6020816906709445,0.0,0.0,7.948381752784926,2.665692305467247,0.9093466776397234,2.9057966250471146,5.433643397844804,1.4689106772971237,4.34131140528736,0.0,2.7757213105575764,1.4689106772971237,0.4430177641607487,3.217627045467672,2.4009270359927255,4.928151832426805,0.0,6.806840422277896,6.874772270833396,4.250198077116724,0.7489602453791581,1.6973205764096286,2.8428724269096555,1.3316005546972436,4.967713875103643,7.3872574043458314,2.175183446459339,0.7724203614544531,0.4430177641607487,7.111675235328588,0.0,1.3316005546972436,6.7652938462593415,2.7037275385101878,7.331917828730338,2.3490869266454655,1.4689106772971237,6.521989851694875,3.9881373919570953,0.0,2.874829376186329,2.6261529971351356,0.0,0.4430177641607487,1.3316005546972436,1.4689106772971237,5.363051181114605,3.8862086639350837,4.326690970380901,6.043321432648199,4.265971636350595,2.8428724269096555,2.175183446459339,9.877708099548641,0.9829021031726566,5.719623014875334,1.58962288506104,2.175183446459339,0.7489602453791581,1.4689106772971237,6.804908268488609,2.809860421915015,3.047703088372731
TCGA-83-5908,4.461504182674772,1.4769573960171327,4.255194182531583,7.48194435876702,2.0961511552427834,2.4756977107026903,8.460781557490275,3.5166042631656027,5.961409896954177,5.630788753289312,0.0,2.8634971832236236,5.646816983381968,10.877852834025227,3.0398639849138998,0.0,1.3873188361660784,0.9171303792715987,0.0,1.9470951609370228,2.0488921239407376,3.9380649511613983,3.494046960912809,0.0,1.6352421021156331,2.566217783438301,1.9470951609370228,6.618275591788683,2.566217783438301,1.1796083878733197,0.0,5.49546185223363,4.542819137253952,0.0,1.7718458357709195,5.161855971369551,0.0,0.0,8.280216907470885,1.7718458357709195,4.153180919379309,2.7258639237335456,1.7718458357709195,1.1796083878733197,5.7282181436702935,0.3188173013824922,3.2497580228798015,1.4769573960171327,0.3188173013824922,4.255194182531583,1.1796083878733197,4.524507702960149,3.4803781795365967,6.113671117824145,3.292520261034286,2.265599480142074,3.459224122101124,1.7058747300708854,4.39426395233836,5.603490573323901,7.4451137722461045,6.636664145926202,9.505819468480187,3.93263510893161,6.692681578655318,5.629443193701379,0.3188173013824922,0.0,4.827673532414877,3.9597783486407288,6.9956562601566,1.5592387561012482,0.5601870533037148,2.3038243248289967,2.9844589679555322,0.5601870533037148,1.5592387561012482,1.7058747300708854,1.1796083878733197,1.8920119611171464,3.2784683848802567,1.3873188361660784,5.522831977530238,4.041943637094182,5.176810531147506,7.223208148379275,4.540658331161637,5.069482651238537,0.7544774357115512,9.414121679011377,4.610275133542094,4.749547547865902,0.3188173013824922,0.3188173013824922,2.70096516137898,3.320048784940901,6.818323885203489,3.435318575881314,2.1412771946078712
TCGA-86-6562,0.9585452997709913,1.3028855778985786,4.805094239145873,7.870643296233074,2.201625988012715,1.930912530620631,8.786091447407784,4.33824192230286,6.124939375632787,5.500727457475334,0.0,1.145464067445343,2.6292594871351476,10.699055933195222,6.093978264478027,0.0,1.145464067445343,0.42918163472548043,0.0,0.42918163472548043,1.438863091792672,6.929027414257677,0.42918163472548043,0.42918163472548043,3.6371228945409015,5.520236168162429,1.5585234936325507,4.273173917260376,1.3028855778985786,5.27312262791348,0.9585452997709913,0.0,3.945939290328626,1.6654022803515327,1.438863091792672,0.0,1.5585234936325507,0.7285143243972366,6.731892419824155,5.106000017867577,0.09212328887580584,3.2654120221903513,6.851032534930205,1.6654022803515327,2.6292594871351476,0.0,1.145464067445343,0.0,0.7285143243972366,4.187429540828847,2.201625988012715,6.357218154979918,0.0,6.790226585977919,0.7285143243972366,4.913140062136592,0.7285143243972366,0.42918163472548043,1.5585234936325507,4.708403440629744,6.06949446124023,5.4696032537217265,1.930912530620631,3.1462363124610517,1.6654022803515327,4.673987041985225,6.575167886572465,0.42918163472548043,3.8857200970070935,0.0,7.1042509073319735,0.42918163472548043,1.8499969303166974,2.0753958689710856,1.7619529696453904,0.7285143243972366,1.3028855778985786,2.313683279660079,0.7285143243972366,1.5585234936325507,0.7285143243972366,2.5487808878384084,5.467342584174642,3.4652639164316827,2.738993158227858,4.211552617794298,3.036451862831008,6.849329238513521,3.6511360492032785,10.440556780604716,1.145464067445343,5.256494871694198,0.9585452997709913,0.0,2.414448419472745,0.42918163472548043,5.974470970731411,1.6654022803515327,0.7285143243972366
TCGA-86-6851,4.226864401732572,2.3139403770321803,6.754960679262481,5.014162399872412,2.742503156282589,0.45082080982896156,8.949411876299214,4.910593939916029,5.982244674405289,5.389856809688489,0.0,3.2272248743543948,4.650850758480066,10.61337384910035,5.18585950196658,2.3139403770321803,1.7650560863935052,0.7604786727202305,0.45082080982896156,0.0,2.3687379354135705,8.420153516897754,3.1927453790909355,0.25060306421036016,0.8854603214815525,5.644336741011293,1.7650560863935052,4.059818677760225,0.25060306421036016,3.8887461901236398,1.81265626894104,1.7650560863935052,4.84860252091515,1.5481155472513686,1.7150763894570868,0.45082080982896156,0.25060306421036016,0.25060306421036016,5.223394447030285,4.510890275274257,2.4872538928563483,2.395045762251191,0.9965426484312176,0.0,6.206033440896418,0.25060306421036016,3.8945594004851256,0.7604786727202305,1.2707151452677325,3.271426528385444,1.858108849769589,6.390218854746926,3.4300277633300325,6.714324644246839,0.25060306421036016,3.271426528385444,1.1874165020102188,1.1874165020102188,2.6858932044522903,4.054893155794505,4.359090603390824,7.656370278464755,0.8854603214815525,1.5493269086933164,1.81265626894104,6.284460600321025,0.6176151179475085,0.25060306421036016,5.0853592669587675,4.093637645748852,6.2094749463104435,3.4934635391887188,3.8945594004851256,2.445671936536718,3.393390319034545,1.2707151452677325,2.5837862093461372,4.795038196537447,1.0965100805762396,2.395045762251191,0.8854603214815525,2.2853778946563246,6.131504711645331,4.835932639615536,5.385948135008492,6.96867162294941,4.550772076647062,8.264018176173545,1.9432208217685445,12.93026296305482,3.068378463538845,5.163299154869948,0.9965426484312176,0.6176151179475085,5.310082880642017,1.5481155472513686,7.0594973461436865,3.645744891835596,4.634389124657312
TCGA-86-7701,2.243885492135268,0.7196430443639105,6.627350661500585,5.759286557882583,4.752365303306469,2.1253943510291076,9.048867953518188,4.9498089852756975,3.8353773545512806,4.855952250366256,0.7196430443639105,3.141069946957964,1.4258034942146032,10.336081328032545,5.228206012649915,0.0,4.696244132887463,0.0,0.7196430443639105,1.4258034942146032,4.256277736865659,7.1067536678278085,3.8798778414346597,0.0,1.1338185444027291,5.704655426855867,2.1253943510291076,3.764673147498058,5.028730582365347,0.0,2.8825579763285347,5.507451238993147,4.240166367353938,0.0,2.1253943510291076,2.6877522511540173,0.0,3.4518429663310473,5.267007281705921,1.1338185444027291,0.0,6.159256052117611,3.4846864514937446,4.888226576449779,3.51648842599689,0.0,2.4455939324024594,1.6515390884527357,5.94936048108517,4.584397928752703,2.5329902151689474,2.9940959354827945,1.835568996624515,6.969010290296648,0.0,4.314308396924661,0.7196430443639105,1.1338185444027291,4.1119093934015725,5.021806002098428,3.4518429663310473,6.656221255163324,3.857875114237473,2.4455939324024594,0.0,5.762604688797663,1.1338185444027291,1.9909381430884325,4.696244132887463,3.6062367025872923,7.128960953826058,4.616159580787693,4.7703879702986764,7.448648313490516,2.243885492135268,4.162383200795828,2.349821670019312,2.4455939324024594,2.1253943510291076,1.4258034942146032,5.683375664878539,2.4455939324024594,6.14580020982485,3.5848347390773334,5.095442020406315,7.668112409234812,2.9940959354827945,5.36530289132866,3.6062367025872923,12.086939949491832,4.540409773567804,5.164025684977105,2.1253943510291076,3.269181031257547,6.460791384882028,3.9224840969100025,6.295112853181685,2.243885492135268,5.069287776444974
TCGA-86-7711,3.2472844513480195,0.6328131415202457,4.91970351509055,6.981321675939054,2.547223955852862,0.6328131415202457,8.324867358314085,3.8355911042727624,5.518981847505063,5.401406304124848,0.904825253764877,3.016671509567647,1.210243104839295,9.686295008798691,0.46285312521689465,0.0,0.7780396475779079,0.2579700084662554,4.072115994711034,0.2579700084662554,1.633173970110684,5.363533782862743,1.5110530105126994,0.0,0.0,6.787304813896973,1.294343532371982,0.2579700084662554,1.929461320056544,5.006105048009724,0.46285312521689465,0.0,4.977381808242618,0.0,0.2579700084662554,0.2579700084662554,0.6328131415202457,0.0,9.392178478593598,0.0,0.0,7.102219481222473,3.5164973370247323,0.6328131415202457,3.3243343357243407,0.0,1.840105090158337,3.385955139982307,0.7780396475779079,2.191195326767988,1.210243104839295,7.237519351813285,0.6890387525154021,5.937968829165231,1.210243104839295,1.0172937674905214,1.210243104839295,0.0,0.46285312521689465,1.6890620709897124,1.443902673740204,6.00693919474614,3.6701501505996483,1.1327560332349471,0.0,3.2472844513480195,0.2579700084662554,0.0,5.268141624037975,3.498859339322317,7.105121429535988,0.46285312521689465,0.2579700084662554,4.5432511642974776,1.8857809402158876,0.6328131415202457,0.7780396475779079,1.7419913269939338,0.6328131415202457,0.46285312521689465,0.7780396475779079,2.0501028402143384,4.906732974013564,2.8941922283737957,5.567359285768768,5.850419281625866,5.964016266148753,1.6890620709897124,4.413022510626304,10.48703747733861,2.398431492643173,5.164363027351364,0.0,0.46285312521689465,0.0,0.46285312521689465,5.790213961319709,1.8857809402158876,4.185768412141054
TCGA-86-7713,1.5276420021319175,0.673913391444646,3.863970768923111,4.538891484948703,2.6883711661681797,1.9476372282236976,8.422412071634975,5.523953808027936,6.045789366775889,5.325022586630899,1.7172514170529936,1.6731073059896917,3.9827871073599086,10.694951751463439,7.2414092623414,0.0,1.2934386666005389,0.5431960037964414,0.0,0.0,1.6731073059896917,11.379227201280647,2.134769809601713,0.21551452414971864,2.4494003629374355,6.244941357975793,1.1519634641651042,1.8390723522786725,0.0,0.21551452414971864,2.8675295156475324,0.0,4.634845486297841,3.9668425751922527,4.259023906342713,0.0,0.5431960037964414,6.399015811012513,5.463641108878154,0.0,0.0,4.721574493858194,3.619352511464939,8.188519665642426,2.2166458683163897,0.21551452414971864,1.6269437865637661,2.671884018118149,3.6938470949294455,3.538855663619144,1.3573288828268755,6.305588920065287,0.5431960037964414,7.3110981367092,0.5431960037964414,1.6386859867930856,0.0,0.21551452414971864,0.5431960037964414,2.9956522703538204,4.46144876521387,7.2236821839991645,2.933638760945506,4.4889172291638415,1.7595289344188056,2.9207662410640776,0.21551452414971864,0.0,0.7895476748462604,2.6030822009926684,7.502771304526055,7.333186399731179,3.785257245636189,6.859701993251091,3.054038916815044,4.072722480722523,0.3927175352856617,1.5276420021319175,0.0,0.5431960037964414,0.0,3.9083884082749982,4.155232678732524,3.8658366484087403,1.9127521632305455,4.693355040849828,3.7174936355844475,3.5664151659727406,0.21551452414971864,9.968942840814258,3.969251750128155,4.377502666945911,0.0,2.6030822009926684,2.933638760945506,0.0,6.314742984228199,1.5276420021319175,1.8765906936333887
TCGA-86-7714,1.7403258141132054,2.2469243805686174,2.650272772182541,5.380657433270256,3.4662045429707655,0.0,8.025624294335811,5.734217915191811,5.614936688894415,5.114472650335509,0.6625848749773053,1.892976412132998,3.909463733283222,10.541180161010661,6.419639816242438,4.553718984397013,4.242893869325339,0.0,5.4596833816954,0.6625848749773053,1.0576861220554639,3.746048701228538,0.6625848749773053,0.0,0.6625848749773053,2.3416615649758388,2.7145424143385375,2.5078253321705666,0.0,7.233744185588505,1.892976412132998,0.6625848749773053,3.5123868757684242,0.0,3.653096823974164,0.0,1.7403258141132054,0.6625848749773053,10.284342294671575,0.0,2.7391418085798835,3.1186797283888583,0.0,0.6625848749773053,2.2469243805686174,0.0,1.892976412132998,0.0,0.0,4.481939840643477,2.936889500801202,7.019725899679569,0.0,6.999349472143134,0.0,2.1422754858512034,1.3401195239992774,0.6625848749773053,2.936889500801202,2.7145424143385375,3.159397545749835,5.318154306981004,5.9995715960018785,1.567990722519927,3.0319098996725793,4.7091878003574745,5.68756162512865,2.831883047839736,4.492515353591211,0.0,6.869498740862683,0.6625848749773053,0.0,1.892976412132998,4.790495560135439,3.2724507144367956,2.0253680703900288,0.6625848749773053,0.0,1.0576861220554639,0.0,3.982138446597915,6.113965325583397,4.215518878019115,2.581579537048261,3.577232553813402,4.12858816650223,9.219230735321629,1.0576861220554639,7.727720115387416,0.0,4.381368918425963,0.0,0.0,2.650272772182541,0.0,5.110287548587015,1.3401195239992774,0.6625848749773053
TCGA-86-7953,3.295799828281404,1.932810435527254,4.6195759232956926,4.957389217076223,1.5770799963259747,0.2588195277666796,9.233578268443361,5.521692890954408,6.071275689510812,5.729986140152837,2.2584032939797716,2.2270422457454013,4.198528886437889,11.22187372154878,7.509691366988676,0.0,0.7801502241815194,0.46429989382905695,2.7200644072993567,0.0,1.932810435527254,5.781403791589442,2.830497895855736,0.46429989382905695,0.46429989382905695,1.2129820984835236,4.327398839644825,0.6346172383695419,2.758242556345268,4.895254371055884,1.1210584774979397,0.6346172383695419,4.8707983489084565,0.0,3.9362335506231876,0.0,0.0,4.465608073645582,5.539261542487753,0.9071288900817689,3.002206271929475,6.562018862052621,1.9746780699780133,1.5770799963259747,4.287614301684448,0.0,2.595896292141844,0.2588195277666796,5.1849302795356875,3.5289923524347415,2.9299449730158913,7.736477387724776,0.0,7.615401833730855,0.7801502241815194,1.6241688770340945,0.2588195277666796,0.2588195277666796,1.8434027023798933,3.338637346474297,5.706691572458328,6.699852494896688,2.527511054870346,3.5081486314313333,0.2588195277666796,6.049212092931155,2.639021614691774,0.0,4.888603244150457,0.7801502241815194,6.8767412784529665,0.9071288900817689,5.159802146691291,3.9362335506231876,4.271245900580521,2.5508270282208443,3.0899691503018785,2.527511054870346,0.46429989382905695,1.1210584774979397,0.0,0.9071288900817689,6.148040854150079,4.537552796663106,3.947702841684808,5.432787068822343,3.1295111355554415,4.955305795006954,2.503630263786103,9.532626749114893,0.0,5.069294063321434,0.0,0.2588195277666796,0.2588195277666796,0.0,6.769206750122943,1.4468954532477398,3.7805283942980776
TCGA-86-7954,2.8673874076167687,1.3720940117187492,4.607952312283184,4.850787304265218,2.588478065961365,0.23712534883462863,9.633527513071964,5.628451703906861,5.228136289424276,5.914993785765072,0.9576629749798866,3.7738637780189337,2.8673874076167687,10.630748678881195,4.923442082393878,2.7023741226039744,1.3018252044934406,1.7136537732244335,3.8334969803432077,0.5893410118343562,2.4131152231388593,6.376456503168482,2.588478065961365,0.0,0.9576629749798866,1.8900198383955746,2.200319782243522,3.323585328663782,1.8487539807478632,4.942713277610797,0.5893410118343562,3.0478407356020862,4.106707821205499,3.779010335386656,3.9482295651970536,2.139206970966646,0.0,1.4377476427088063,4.512838864975101,1.0554263912185096,3.376436683420675,4.533173521915604,2.588478065961365,1.6122339997361017,4.486070158478525,0.4286606657113531,2.8046080870458816,0.23712534883462863,1.9296500965674983,2.8206762586717664,1.805711682846059,6.557506783971891,0.586341176242136,6.578926159186156,0.7277418253244444,5.28666979619842,1.805711682846059,0.0,5.769916597144615,2.8046080870458816,4.218025725233159,7.142716723100271,1.3720940117187492,2.1895955501717284,11.455743286142011,5.891613824623753,6.262292889987602,0.0,3.0973949606633573,2.2295304120881347,6.296895669119592,2.257911942282302,3.178612007871217,4.1778167670572195,4.286561442855815,1.5573864359622964,3.433048053943881,2.8206762586717664,0.4286606657113531,2.200319782243522,1.2262429729716637,2.5046357449689958,5.998099983824926,4.801402866194716,4.631685526643818,6.683663778506059,4.915621070492573,8.38650347169779,1.5573864359622964,9.195540390554582,0.23712534883462863,5.063101233999558,1.499355153403905,4.027581346062418,1.4377476427088063,3.4243701406729934,7.056726856094538,2.9264572194001124,3.370659133253108
TCGA-86-7955,2.8487566248506155,1.5292468604247538,3.1084893669620364,5.209163696486374,2.1436714214425576,0.47156490981268806,9.74230890093512,2.335836099777944,6.991388456275216,4.432467816116294,0.26328691561705936,1.8597451670191494,0.47156490981268806,10.600830916789977,1.0322587881180885,0.0,0.0,0.47156490981268806,0.26328691561705936,8.000332727913824,3.7224230250554933,6.397164627607972,2.9639784139357688,0.0,4.100025064243886,2.7949982427528663,1.226653638548994,4.3696744090796145,1.0322587881180885,3.2696868029599444,0.0,0.7906821563964772,5.441252529797805,0.0,0.643799360929606,1.3113013820784605,0.9187277599075723,0.26328691561705936,5.304875812845283,0.0,0.14548466674198082,1.8117091445356752,2.718508653664757,2.211905176954318,3.0388396545879246,0.26328691561705936,2.0316945831821016,1.1341724640666606,3.8520139441154644,1.389364642977109,1.0322587881180885,6.466949998672944,0.26328691561705936,6.698269287160277,0.643799360929606,2.496950497276126,0.643799360929606,0.0,2.392471499788569,1.389364642977109,6.3237638032303805,7.958664312581053,3.2581696122745707,1.78679717739824,0.26328691561705936,7.305295736494157,2.211905176954318,0.47156490981268806,5.71217714064447,2.5687191658732305,7.274042873003927,3.9259752190461503,1.1341724640666606,5.539827220019513,0.47156490981268806,0.0,1.1341724640666606,1.7612315308590967,0.26328691561705936,0.47156490981268806,0.26328691561705936,2.070426023752881,3.3883350149452114,4.837788707664819,3.336143172024568,4.3696744090796145,2.916212762322657,3.7994812104417317,0.0,8.53198130624943,1.5292468604247538,6.110204902165666,0.0,0.26328691561705936,2.1077252595019855,2.0316945831821016,4.9818859641436,1.8117091445356752,2.883050578903388
TCGA-86-8054,0.9802415803659783,0.9802415803659783,3.0436506292373884,8.961775161131452,3.8703047760760754,2.925872955381927,9.030337724432707,5.851288268907589,5.667816725023538,5.559769676850166,1.298610030475007,3.7908401970884036,5.025162593376793,9.990490596157702,2.484064628721073,0.0,1.2033325994385127,0.9802415803659783,4.413911612764451,0.2874320411965716,5.896230364415803,13.518297879895696,5.5178785086902185,3.7832937782138876,3.671178716299576,7.81509809741487,2.9609596529527322,3.5544590950472346,0.5104855659528861,0.2874320411965716,1.5397233520209028,0.8467691492155097,5.013138824314295,0.2998823455330992,1.0980121085960772,4.935962033992275,0.0,5.457255141359039,6.17425890877876,1.9451241259343481,0.0,4.208753021506164,1.5397233520209028,5.640995307890754,2.729172219057519,0.2874320411965716,2.119455209592146,3.190970055614492,6.9354288100706505,4.397651429321011,3.662668940093849,5.195741858043959,1.8450474395927718,7.091101310822279,0.8467691492155097,3.3548497321237543,1.9916343936029104,0.2874320411965716,1.5397233520209028,1.733847830609062,2.334548768199438,6.590301048196686,3.5639367868533784,5.375861570944745,0.5104855659528861,4.280381430911681,5.557202508959929,0.8467691492155097,3.856317887982406,0.5104855659528861,8.04253233409997,3.7983323346122932,2.6141130782236424,5.094884526541156,0.9802415803659783,2.3017647566101433,3.4437969952809726,1.6732386614847623,0.0,0.2874320411965716,1.385619133204823,7.2475861547693095,6.233496582526577,4.620895886449574,2.812548345024397,4.5840609454444845,3.269952895881162,4.070971869820359,2.0360903096666685,8.657045564485026,2.771732105448358,4.9525682322666125,0.0,3.1631897383868974,0.0,0.2874320411965716,5.608240267935713,1.2033325994385127,0.9802415803659783
TCGA-86-8055,1.4881964031463206,0.6191238202111591,5.253910830227208,4.525031140340868,4.319532688634098,0.35669494373873506,9.449262779793417,5.235824751117386,5.477801568521831,5.8099996232992,0.35669494373873506,3.332343786190135,5.017418899992874,10.428050387271211,4.961984120267219,4.726263292864778,2.165091575795932,0.35669494373873506,2.460938358147197,1.145241389262113,2.8249083647518582,8.0804695874053,3.3624946676574803,0.35669494373873506,2.9445758119096768,3.7102201137180866,2.0615448469397437,6.395880771997081,0.8267598198838655,5.619505537494196,2.8249083647518582,2.302715084544778,4.491022285215712,1.6651185682606575,1.8154108895593362,3.4747637786190726,1.8828486318483095,0.35669494373873506,7.3126001948108215,4.053166601575644,1.4055085800436948,6.864990774009487,5.056385922919918,2.2589152973346516,2.7727199636272535,0.0,1.743094297246774,0.0,0.9986077743633687,4.096863054822217,1.2730696704052624,6.15712092466427,0.0,6.788309361503819,0.35669494373873506,0.0,1.3863943561202239,1.3863943561202239,2.2589152973346516,4.87425031004021,5.4831607408855,6.5855259291773365,6.7398169853395835,3.432327763858717,5.728384026190072,5.420676582169309,3.8831748706026827,1.8154108895593362,5.762642403061831,0.35669494373873506,7.166628842651828,3.999651025587624,2.423669340316811,2.5315596111306755,4.131873139392265,1.6651185682606575,2.688948927799809,2.717663841618181,0.6191238202111591,2.005458561714265,3.9347624923976356,0.8267598198838655,6.801266349126636,4.1119978224594185,3.3012518083354094,5.162474733635629,5.76667589335449,7.554030953570269,1.946038712219287,10.936508321413685,2.688948927799809,5.27606664511321,1.5805650748649842,1.145241389262113,0.8267598198838655,2.460938358147197,5.947021420863491,0.6191238202111591,3.7206566676469537
TCGA-86-8073,1.9722181808918124,2.4257845444614494,4.1410102490646095,7.417081779624361,3.4196363344787586,0.0,9.810028158969848,5.315371121113865,5.239951753748315,4.9332069437882025,0.5231888827493894,2.2244938133789747,3.5262252213454395,10.29847125546278,4.86402059177117,0.0,6.3930320694874325,0.0,3.441881766714662,0.295427002899227,2.394918118195584,6.455451675958509,1.9722181808918124,1.4899784723967724,1.5645869792962042,5.785221130617318,2.567223692277214,2.540491140475292,1.2255092218564605,3.1203011223031147,0.7085775182153029,2.455718112323326,4.234376033488475,6.153292112668778,1.3216491676263593,0.295427002899227,3.565869657710874,2.3301905323532464,5.199049364889368,5.20094155479423,0.0,3.3253489213783545,0.7085775182153029,1.0000802576038383,3.193422623103202,1.0000802576038383,1.6989312069168603,0.0,0.0,4.83985488134884,3.2348594041693977,4.638827374476188,1.1347191845613926,7.6891605590501255,2.2609815431389704,1.2785699425327193,2.1472637281824474,0.295427002899227,3.179219816987915,2.455718112323326,4.853357507741733,6.307218272853953,3.701936340760652,3.189891817400485,2.84223138256823,3.6133123410085646,2.3301905323532464,0.295427002899227,3.0737159397789484,0.8649132234143833,7.075216972869067,3.441881766714662,1.9722181808918124,3.658605796424109,1.8173459911055325,2.667533715464919,3.179219816987915,1.9722181808918124,0.7085775182153029,1.9722181808918124,0.5231888827493894,2.4257845444614494,5.557291274863074,4.000354344218111,5.961025957967415,4.2447783429302515,5.245401704201421,6.538361217492714,5.132345423431174,8.880020769026748,0.5231888827493894,4.5448170273222015,0.0,0.295427002899227,4.503828251672047,0.0,6.149000205710599,2.1472637281824474,1.5645869792962042
TCGA-86-8075,1.8151667032276735,2.542593627617092,5.399311362820659,6.6020572222366205,2.6078319966252983,0.7620667160245431,9.433371917017924,5.223297440228953,5.933618249671529,5.294595448797259,0.25130331710806614,1.6648915406190672,2.496612863918037,10.521447717445794,6.690345259515688,0.0,1.4879705981505547,1.0985122836677763,4.169841569220097,0.6189622823705687,1.7175386701967998,9.838308826511133,1.1894884101249625,0.45190330221394903,0.25130331710806614,2.1971023476442526,1.9857899855983805,3.171947725978662,0.0,6.065966548764739,2.798889796659152,0.25130331710806614,4.372772698781445,4.833460470121831,4.096582057162292,0.45190330221394903,0.7620667160245431,0.45190330221394903,7.7988471701540885,3.5794049319689005,2.7105803309558354,6.522160442941017,5.207779779781848,1.9857899855983805,2.6490783793256396,0.25130331710806614,1.8151667032276735,0.25130331710806614,2.1971023476442526,3.692306076531838,1.6093179052335242,6.438066800071318,0.6189622823705687,7.255951378899729,1.1894884101249625,1.1164522067964406,1.4212753300151362,0.8872326042741419,2.0242591154662897,3.159898345767092,6.826867297498662,6.427500889758923,5.875189124431826,2.8059932754321744,2.8822667788890146,4.648363766074847,5.743317241053702,1.6093179052335242,5.700299750339617,1.1894884101249625,6.933423025730715,1.76753508033719,1.7175386701967998,2.0613030289765817,2.988425645038218,2.798889796659152,2.288070260635796,2.6078319966252983,0.45190330221394903,1.9457815693607272,0.25130331710806614,3.5633389066184615,6.625060748041395,4.317880036724383,2.944302127697442,5.007630785075957,5.635157392669256,7.020047713280759,2.397767991971237,10.944486618071869,1.4879705981505547,5.059736520991772,1.6093179052335242,0.0,1.4879705981505547,0.25130331710806614,6.506440048209482,1.8151667032276735,3.6707205751229974
TCGA-86-8076,4.770142104446933,2.259186866168575,6.099753769913217,8.175474415747018,2.8088905160282813,0.3291598518980899,9.048363648399384,6.0206252118508825,5.954100110007766,5.50287730726321,0.9396947096531711,3.678551301895264,3.483477584275884,10.378335678236576,5.759273944360888,0.3291598518980899,2.919952134878004,0.3291598518980899,1.205581509665352,0.3291598518980899,2.356845979720483,6.214464088053196,3.144923532903382,1.205581509665352,2.410048396243574,2.735801545633035,1.3160060080017124,4.208623688574028,0.7744506316239801,2.629223420556239,0.9396947096531711,3.3423351642316836,4.790852754914225,5.166641394422974,4.270417470143298,1.4154404568505943,1.0814322194582568,1.205581509665352,5.758043361382638,1.3160060080017124,0.880041599199034,6.619262211095775,3.8248428869297415,5.141353566940392,5.616847458387381,0.0,4.338842477442731,2.259186866168575,1.979151482835115,4.253940390285254,2.541097929437743,6.300334316615578,0.9814415655101605,6.694388776181845,0.7744506316239801,5.043205738018745,1.5888065418250272,0.0,4.098464397368249,3.5965091984943545,4.142756877237754,6.62961157134905,2.0316159121972315,2.610488822583797,0.3291598518980899,5.3127625309795325,0.3291598518980899,0.0,4.923085590416629,0.9396947096531711,7.103938648713564,0.7744506316239801,3.110769320208988,4.045318870318189,3.2408956003170553,2.410048396243574,3.038753448104186,4.733114751315715,0.9396947096531711,2.174274334826008,3.057250613532408,3.1615729300031363,6.2764385811313455,3.95363508774682,6.484731414216051,7.204721618931972,4.259463442250756,8.177886541638598,2.1289457365829247,10.960786406502592,1.8028972136385109,5.633710449663936,0.0,2.735801545633035,4.017648885873623,0.9396947096531711,6.7102234299610535,3.790225924259693,5.842944236959327
TCGA-86-8278,1.5325568680981427,1.9406965820024258,5.086095209106117,8.006850784215649,2.6365040728275413,0.7115272278413748,6.611843434666303,6.065263185708727,5.962632880439279,5.687077046084497,0.41778885779699626,1.7794169460296685,5.476563965299961,10.24676869868871,4.305666512949513,0.9383261587347674,1.5325568680981427,0.8313426793113446,2.1423341778415246,0.0,1.397877022362957,6.966439195317913,2.598659352329846,0.0,3.273742726309041,3.1372014534217056,2.2572110871057283,6.4896440446274015,3.340208110035726,7.274943761479432,3.340208110035726,3.2130307758026264,4.285310592107444,1.9447809403104575,3.8805178903479867,0.0,1.5870491439556904,0.0,6.724156907407002,1.977256534309989,3.467281582620963,1.5870491439556904,1.3486184541388895,2.672968643148055,4.262779872041649,0.23055601102966367,1.977256534309989,0.23055601102966367,2.3100571078327468,3.869756217696648,2.1423341778415246,6.922712854615117,1.6387248330589932,6.625690731981062,7.831482293046664,0.7102500884596076,2.6365040728275413,0.23055601102966367,3.673113319209993,6.709722545481229,5.148244195703999,6.760559524163557,7.612677856621515,2.1805530430482474,0.8313426793113446,3.9965994203022244,0.9383261587347674,2.82235460072134,4.651232824314655,1.4137636031094356,6.619829176757513,0.41778885779699626,0.575432892540389,3.9675920457718172,2.0795290378519344,3.233681675316578,2.708143530080259,2.559325883018776,0.23055601102966367,2.6907073460842073,4.763540521959532,1.6387248330589932,5.8740961129925005,4.825036372604911,2.6907073460842073,4.087632083862525,3.7118632905043114,3.4611943555684515,2.1723169416300347,11.066425839760484,1.6387248330589932,4.448833284786129,0.41778885779699626,0.23055601102966367,4.658635120657042,4.109151069539074,6.151674688404261,2.7910362651570297,2.1114245875328868
TCGA-86-8279,0.46536790084120744,4.841269448462517,3.809948197028466,7.7425799573732,2.4046090485207405,0.0,10.192107934637692,4.454777436288157,6.745802071786262,5.79063883963209,0.2595140526238601,1.449104827530566,1.6386277145646422,10.657845065703391,7.3006753595880065,0.0,0.0,0.9088632160453585,0.9088632160453585,0.0,1.377001314208298,6.441064555997382,0.9088632160453585,0.2595140526238601,1.9771596156316071,4.6679665654777684,3.4315940205228217,2.8156302517688347,0.0,8.418649389085333,6.847414866774325,0.46536790084120744,5.363416667918977,4.322374820776349,5.381260479361712,0.46536790084120744,0.9088632160453585,0.0,7.491645473605133,1.8915444705526956,0.4541282800874454,5.973056147424627,1.0216592474999815,3.669242913024679,2.2609919678956825,0.0,1.2992920749980297,0.0,0.2595140526238601,3.341422606956677,1.377001314208298,2.2609919678956825,0.2595140526238601,7.245576605172646,0.7817073575394256,3.1703072361491156,2.0173666499802376,0.46536790084120744,4.022039067194129,1.797907199814289,5.430480949146787,6.536959677596678,2.4567386299600797,2.340237268943468,1.9352680075277433,2.683046873578286,0.0,2.576277261492551,3.669242913024679,1.123012175491645,7.127958511793526,0.2595140526238601,1.516357245418059,6.746499081314614,1.6945875574757814,1.6386277145646422,1.449104827530566,0.9088632160453585,0.635994649055637,1.123012175491645,1.516357245418059,1.2150314316826698,5.433075506410382,5.084474182431126,2.9483313938817846,3.4122461189470377,4.790877670719567,6.513504553961534,0.46536790084120744,9.123055503045586,0.46536790084120744,5.700691034408479,0.635994649055637,1.2992920749980297,2.9938805601905165,0.635994649055637,6.452952331757992,1.516357245418059,0.9088632160453585
TCGA-86-8280,1.157195612767007,4.049052522474837,5.503858907431635,7.920348425505496,2.067697853722664,0.0,8.484812551533155,5.725892894465881,5.521460917862246,5.535896225658502,0.31005492330350615,2.6706736530972486,2.0206332381082883,10.852644233367863,6.433308192184837,0.0,3.748079532338022,0.5463857991645416,2.274607340234812,0.8977193462887196,2.6451955947173804,6.395201496142417,2.7197613570302215,0.31005492330350615,2.9908302783837595,2.564610838632041,2.1969023031892623,4.174028744094481,0.7374032718144826,6.381145742060338,1.8065002875495535,1.157195612767007,5.046529969292079,3.320489730740628,3.4738714691515793,0.5463857991645416,1.0358499669317942,0.5463857991645416,4.833754907251684,3.3543258756903422,2.0699970828518364,3.6203436210261652,4.783333107633187,3.1111436100652012,4.098522489184871,0.0,2.7197613570302215,2.564610838632041,0.7374032718144826,4.500459459171762,2.274607340234812,3.7566081935892632,1.952332339714062,6.987296322381653,0.5463857991645416,0.0,0.5463857991645416,0.0,2.274607340234812,3.7566081935892632,3.997009166384822,6.8848673369937465,2.155661567591245,2.0759354023505483,3.008929801798035,5.133831798601609,4.168418724280458,0.8977193462887196,4.621938803563329,0.7374032718144826,6.281563696075368,0.5463857991645416,4.086382952551407,3.2612377530816996,4.40302829774124,1.2653971063129352,2.4459578996494256,4.074094234723139,0.7374032718144826,1.9192874607808936,3.8988587354010416,4.442292368568338,6.107470449041686,4.891956857688239,5.297502034254978,6.498330341086284,6.251892322405422,9.480970380860706,1.4519650536095363,11.371744315997633,1.2653971063129352,5.599743307854566,0.0,1.6091378674250982,1.157195612767007,0.31005492330350615,6.715994108896596,2.8328721093716944,3.976772754255578
TCGA-86-8358,2.788191365467189,3.6583558115636428,4.784963549593212,4.452933506626092,2.4518495690325675,2.4518495690325675,9.740574427706523,2.866636742219038,7.323533688365366,5.6138687079873995,4.768206981370179,3.450089127973534,7.938795115461425,9.497539827987381,4.303287764135169,0.5086833306939572,6.375351853229297,8.37128379208814,3.675302705750031,1.9413282395502016,1.462236364695048,8.601264082745592,1.8413271088628733,2.610010967482423,2.9036718077047774,1.8413271088628733,5.0294766752296125,4.014133645957848,0.8442360349228014,0.8442360349228014,5.843996488744587,0.0,4.12948162811344,0.0,4.127237605524126,0.0,3.428815791232025,0.0,3.3621377222056976,3.3621377222056976,0.0,2.0322320026640397,2.939378829756354,1.8413271088628733,3.0071814805308947,0.0,2.0322320026640397,10.008000709286778,2.610010967482423,4.849331312524771,3.926586441905197,5.4683470198127315,1.2584041698139734,7.291976321420806,0.0,3.1009747822492697,7.355820000709119,0.5086833306939572,3.7244854690331586,5.207807148473709,6.480315997477328,7.4414376848910555,2.1924800063054626,4.132677060516507,0.5086833306939572,6.374222112736426,7.5649280713692635,0.0,5.630652485659476,2.1924800063054626,7.446870939281707,1.8413271088628733,5.996909695343877,6.839477508892081,0.0,4.583073850152565,2.393038040978473,1.7302031635289492,5.6138687079873995,1.462236364695048,3.039433319625086,4.9243581929146965,6.784008998470981,4.765160922297032,4.710223654511771,4.890048331107138,4.512872862969223,4.498221743574973,4.762558476236834,10.736592308507754,1.8413271088628733,5.124588784172101,2.263896238378934,1.0950392462813274,0.5086833306939572,3.2400578924558543,6.73593795901305,1.9413282395502016,0.0
TCGA-86-8585,2.6556194179142367,1.4605666054944781,5.140692324775864,6.8299656146325995,2.030369462776179,0.0,11.416853895382252,4.085122166359958,4.702106315946022,5.166184994837222,4.84198781944912,4.562702045646284,2.3910812005588697,10.34586301466439,4.453379386119123,0.0,1.1648992803397977,0.743269789963156,0.0,8.450399328907228,3.528842735497825,8.367855245118843,3.3130071282525138,4.121552707392706,2.3910812005588697,4.330621491926273,0.743269789963156,9.240559150560179,1.1648992803397977,2.9255780136307843,0.0,8.154896762209434,5.441620856321262,1.1648992803397977,5.517986890410744,0.743269789963156,3.6505465467444465,0.0,6.602015136608653,7.307135243434353,0.0,2.030369462776179,5.914699586746762,6.926478892980239,4.806558805499272,0.743269789963156,3.3902442815372273,0.0,4.909288933150493,2.6556194179142367,0.743269789963156,6.263087738193437,2.347768761569366,6.24827108831094,1.4605666054944781,1.6361966817347915,0.0,0.0,2.1655848336593437,2.799680892611661,6.976095937824654,7.116183082860571,2.983047156579866,1.8739690582867146,0.0,4.797499827742991,0.0,0.0,5.862764322716951,2.6556194179142367,6.869695092157596,4.239520806284211,1.1648992803397977,5.04596382714955,2.6556194179142367,1.4605666054944781,2.1655848336593437,3.856897112851997,1.1648992803397977,1.1648992803397977,1.1648992803397977,2.3910812005588697,5.19104391127624,4.6056090896557835,5.290305355937859,7.125098038186666,4.255292091049632,7.172754530358887,0.0,11.220749309236867,3.833313075877814,6.420263621687494,0.0,3.591544976801232,7.353389368443861,1.1648992803397977,7.014418945170355,2.799680892611661,3.833313075877814
TCGA-86-8668,1.173132080774258,2.367679709481932,5.513525515676211,7.01580218306527,2.498209440670648,0.5561813254867879,10.547011096685132,4.494704438560666,6.178771572442336,5.126407420340008,0.911519366995264,1.5518511715811147,2.717135471429743,10.552118422987547,6.617435063021244,1.380326589340099,0.5561813254867879,0.5561813254867879,3.1493713939856223,0.911519366995264,1.698236025592899,7.327182462106356,2.040752687064724,0.0,3.971862377840481,3.083436327254374,1.173132080774258,2.810907586541918,0.0,4.61952663720471,4.151039905898646,0.5561813254867879,4.0904185321084325,1.380326589340099,4.03959970400035,0.5561813254867879,2.498209440670648,0.0,6.5747605886814355,2.4350771957438915,4.037237911748289,3.9577475229200934,2.295419481209134,1.825887106455583,4.127326302111704,0.0,1.5518511715811147,0.911519366995264,1.173132080774258,4.151039905898646,3.699683380946415,6.553780970756029,0.0,6.992142382242301,0.0,0.0,1.5518511715811147,1.173132080774258,0.0,3.8529309586184572,3.7358250609902095,7.1581092461679185,1.825887106455583,1.8342440808342102,2.6136516056785624,3.89920318151484,0.0,0.0,2.040752687064724,0.5561813254867879,6.643936857740987,0.5561813254867879,4.251297027665514,2.557599335181441,3.5186277625505626,2.367679709481932,1.173132080774258,3.561790123918468,1.173132080774258,2.367679709481932,4.8303596430092215,1.173132080774258,6.550595932024918,4.821828755186496,4.2618414975303915,5.859936860009825,5.223184253732521,10.86564990806634,0.911519366995264,11.038153686145284,1.380326589340099,5.470618048333976,0.911519366995264,0.5561813254867879,0.911519366995264,0.0,6.14440878519126,2.557599335181441,3.450178003883777
TCGA-86-8669,0.8154533049439133,1.988038718206492,5.32990808363424,5.406283484673521,2.8554984698697927,1.897784763871359,8.823007378988308,9.413224071483015,4.995981787296329,5.52607824159741,1.7985695611566042,1.4232529021054228,2.8554984698697927,9.979350769061055,6.778508408953745,4.288177387188064,5.250523206202079,0.0,1.0613949008512935,0.8154533049439133,0.0,6.477007746879047,1.4232529021054228,1.897784763871359,4.168865901308891,5.653134585984655,1.988038718206492,1.2586030249770508,1.6883969562329018,0.0,5.12385683080591,0.0,4.931541580429875,0.48864136263010705,4.734363432448766,0.0,0.0,4.920754349286816,3.987688763602933,0.8154533049439133,0.0,4.8038816907616475,1.4232529021054228,1.2586030249770508,2.8185773467113955,0.0,1.6883969562329018,2.2845942234731265,0.48864136263010705,3.915004556184906,1.2586030249770508,3.3129124667945837,0.0,6.850432263360766,0.0,4.417823222966239,1.5645869792962042,0.48864136263010705,4.197690550080715,3.0522921749877834,1.5645869792962042,6.35990253437907,1.6883969562329018,1.6096978786399578,0.0,5.642024085368254,7.156200038142855,0.0,3.110136273360214,0.8154533049439133,7.164039559286502,0.48864136263010705,6.298090422289325,6.100016215617064,4.098192150750975,2.346774212381526,2.2845942234731265,3.164812381368567,0.0,1.0613949008512935,0.8154533049439133,2.4053131467625026,5.27661864279657,4.492198556928918,3.93982492544971,4.978779923425716,4.610743625479125,5.210059758789873,2.346774212381526,11.012513760953103,2.0708169566372066,4.920754349286816,0.0,0.8154533049439133,2.0708169566372066,2.1472637281824474,6.0297834114101185,1.6883969562329018,3.4618502383740997
TCGA-86-8671,3.2286598052522333,2.8320479593768497,6.448796035358682,7.434074258456209,1.4600558446819443,0.0,7.85570745536437,6.725780062205554,5.3304844148420605,6.260319241553362,1.6879348105748533,3.560037050975545,1.4600558446819443,10.79970005914047,7.555041750326463,0.0,3.9018009376578457,1.164462449230477,1.9546433321295344,0.7429368450624609,1.7849698048686393,6.772275704168167,2.615488906315819,0.0,3.620830779589849,3.808509671567971,2.226308617489388,3.250250453227338,0.0,5.899039451443088,1.9546433321295344,0.4388998841944018,5.041604105044393,0.7429368450624609,4.12979857487306,0.0,0.9757287676227675,3.495303806941596,6.762765344439997,2.0297916330360155,4.039215851845626,4.644813886592643,0.9757287676227675,1.8734008982652883,5.930275078295514,0.7429368450624609,4.093699354120112,0.4388998841944018,0.4388998841944018,4.1208956094541715,1.8734008982652883,4.6287988181178,2.1144104402048227,6.28629972499147,0.4388998841944018,4.75027435496523,0.0,0.4388998841944018,2.6550009800123946,4.944588079897874,5.123755624365522,8.078387408794145,2.615488906315819,2.7718572047460888,0.7429368450624609,5.976076760047335,5.596033924727706,0.0,4.639503977567978,2.2840748302349487,6.182626082568611,0.7429368450624609,5.1995462044480165,2.6930042428969387,3.9871267673329283,1.5804827279786795,3.511885679450079,5.238323170971214,2.0297916330360155,2.799054152703411,2.486638482632759,3.2286598052522333,6.721141323009718,4.823855815517972,6.223867101254291,7.987935400843952,5.214636799882099,9.182136351603107,1.323141546114622,11.308144779502722,3.0628533944081466,6.0934207747472415,0.0,0.4388998841944018,1.4600558446819443,1.5804827279786795,7.811685938907815,3.5908972075167487,6.369900982828227
TCGA-86-8672,3.573749146860305,0.8696183236757243,5.483875347134647,8.01360465001441,1.8785485993004458,0.0,8.824886692893012,2.869715432970504,5.652945216619142,5.237026898104929,0.0,2.8296186556042446,4.170627904636514,10.382556219888924,3.7013266651656913,1.1246048689423633,2.698673039289613,0.5265021031509982,0.0,0.0,3.4715005055045793,7.708994241892922,4.104263539448436,0.0,2.869715432970504,7.857291213848961,0.8696183236757243,10.66426067075452,0.8696183236757243,0.5265021031509982,0.5265021031509982,5.86068650339427,4.698605882773605,3.377898048007752,0.5265021031509982,0.5265021031509982,0.5265021031509982,0.0,7.024960369882842,4.898257623098423,0.0,2.370430639889113,6.8927035681885815,7.715194965938565,5.406094958721468,0.0,3.333168331264684,7.6690236178641555,0.5265021031509982,2.9453858991172526,1.640548907459153,6.109389794873966,2.1544330519701873,6.261903813124757,5.47229588343774,2.698673039289613,2.744253546062423,1.4962692143284624,7.431157484952568,6.901807626712235,5.22218118512158,6.644889388721462,4.449055411923263,1.338573624908479,1.1246048689423633,4.449055411923263,0.5265021031509982,0.0,5.321750649930775,3.28245138250521,6.726217814707284,3.4047244874383122,0.0,6.055617056252509,1.7666125868060991,2.0706530356467567,1.9792067558839908,2.370430639889113,1.1246048689423633,0.8696183236757243,2.2317333520220948,0.0,5.297772217981555,3.3724446211483454,4.56373446150746,7.161846958239966,2.8296186556042446,3.28245138250521,0.8696183236757243,11.656298271625609,0.0,6.082864820453074,0.0,0.8696183236757243,8.463883127874135,3.8296191791733305,7.153904166577758,3.1431172604670494,0.8696183236757243
TCGA-86-8673,3.013321669145036,2.2821476642540572,4.970569957682485,5.314908961640956,1.5083128589738597,0.4615303320411132,8.869602048532899,3.243900089772936,5.534179690270021,5.830679407844552,0.0,2.632119029468387,5.662279692897337,10.210667058658428,2.447308619372682,0.0,0.4615303320411132,0.0,0.0,0.0,2.4698860702536494,7.397255116033375,2.632119029468387,0.4615303320411132,1.3693007847433196,1.9264506057562307,3.50429834645656,4.885669020651065,0.0,0.7761087012742927,2.0841927368553197,2.823507571531516,5.851673604312315,4.328301438239776,3.6516110339958248,1.3693007847433196,4.0686523251736375,0.0,6.778125977573321,0.0,0.0,5.346145163028293,5.447103683876144,4.243077736688539,5.343343312070372,0.0,3.6516110339958248,0.0,0.4615303320411132,3.5724636084272734,0.7761087012742927,7.04851672169038,1.015049503897419,6.116333529153851,0.7761087012742927,4.89449091510838,4.164231256352774,0.0,4.1550742765553395,4.773240677012185,6.430293506801485,6.96514644351132,2.543977123364989,2.3487241269737344,2.3952280826433205,5.276695285048459,0.0,0.0,1.015049503897419,2.543977123364989,6.1098407401450725,1.3693007847433196,1.015049503897419,3.0417280608961494,2.220420134939408,4.722393064785911,3.7389973079418293,2.2821476642540572,1.630337976541842,3.2207540598799733,0.0,0.4615303320411132,5.498814410570013,3.8229535119690445,3.6362747739199786,4.924765083909854,5.0784870703371485,4.732771530581813,0.7761087012742927,10.85920474562675,0.0,6.27955653553273,0.0,0.0,0.0,2.922908860616077,6.601888869096505,2.673444953614836,1.9264506057562307
TCGA-86-8674,1.3377866570548471,2.4085654165312778,4.570157327384375,7.672157437203191,2.2440763561134527,0.0,8.09879176883974,5.881939817578545,5.082658236943453,3.9212998422083554,0.7533952609053023,0.9881647821098732,0.44603106985482605,9.232346452238797,7.58867804491936,3.0557025636950805,1.1781933513384486,0.0,0.44603106985482605,0.44603106985482605,0.7533952609053023,7.636187553681343,0.9881647821098732,0.44603106985482605,1.4753806672876577,3.98599253942832,0.0,6.245905194779957,1.971744966224462,1.3377866570548471,1.801544769962852,1.4753806672876577,4.126508382694888,5.299776301784281,5.3259763069420085,0.44603106985482605,0.44603106985482605,0.0,8.350569377809567,0.9881647821098732,0.0,4.593176549006063,5.634103653673964,5.793470820919731,2.972959941045093,0.0,0.9881647821098732,4.68029621117849,0.7533952609053023,2.182629699476005,1.4753806672876577,7.166258252096101,0.7533952609053023,6.513007534215168,6.435865071265822,0.9881647821098732,1.1781933513384486,0.0,2.9137355747492597,3.290533941431947,2.5927515767387472,5.342248123853978,0.7533952609053023,2.720861123029227,0.0,3.547511723150108,0.44603106985482605,1.5963121452151725,2.117158721246612,1.3377866570548471,7.230555912253458,1.801544769962852,1.1781933513384486,4.485143760814143,1.704184296972102,2.301964900714566,2.5497888618570763,0.7533952609053023,0.0,0.7533952609053023,0.44603106985482605,0.0,5.225397150271408,4.066886002925496,2.6339442802284356,5.113558842760663,5.05077225403389,4.3495989962542,2.301964900714566,9.701230599632606,1.1781933513384486,5.466058138464458,0.0,1.1781933513384486,6.310254585305314,0.0,5.787335935494535,1.5963121452151725,2.6339442802284356
TCGA-86-A456,1.6370919892159161,2.347873896452739,4.0254445435670485,5.847620157875015,2.504513179426919,2.2896822076385224,9.455073188891534,4.076899952615726,4.407074062358713,5.373879281214896,0.0,1.844209594228974,4.347661613543858,10.790602788697404,6.447144201297243,0.0,2.9308523608156047,0.4646769677400105,0.4646769677400105,0.0,1.2136656762968359,6.432031319801495,2.7959267592701993,1.0204345076040857,2.5967833886736233,3.2051054469170897,2.5517160280766396,3.360316357621915,0.0,7.742454103792825,1.2136656762968359,1.3755619745408467,4.364731685522979,4.231264789587663,3.788183918857819,0.0,0.0,0.4646769677400105,6.031165913959534,5.692812524167557,7.558532392375462,4.991037845749435,1.3755619745408467,1.0204345076040857,3.4201074538867955,1.2136656762968359,2.0915430224965084,1.7459947238603108,0.4646769677400105,4.259738936995141,2.7959267592701993,5.9979360616131,2.2896822076385224,7.428036061518883,0.7806542679981797,7.169988765667817,0.0,1.0204345076040857,3.982283872668591,6.6705330870583674,4.709620287344555,6.841709489152279,4.844029593742304,2.7229059723341966,2.5517160280766396,4.181567583480168,4.2844951145188785,0.0,1.5148414778530421,1.6370919892159161,6.276878424148316,0.4646769677400105,4.347661613543858,4.848673072353057,4.0254445435670485,2.8987917654864765,2.162046348986607,1.844209594228974,1.0204345076040857,1.7459947238603108,0.7806542679981797,3.3395666288656543,5.507171305931832,5.408534071807035,3.5299247534346927,4.6321041872281725,5.026587380310183,8.223082499599329,0.0,9.825747608133595,0.4646769677400105,5.857813147282884,0.0,0.0,3.704442715828006,0.0,5.840662006003573,2.5517160280766396,1.7459947238603108
TCGA-86-A4D0,2.97620790753955,2.0168611022484266,3.9548257569533867,7.72299619078555,2.3327941691985337,4.466903025869078,8.836443695935616,5.6982605904095065,4.898473927207926,5.829615981101679,5.819993905618264,2.286587816159038,2.76572773943298,10.004472509383296,4.503623499540388,3.14999723256542,5.779124922626251,1.7322394454518493,4.690953308982514,0.0,1.3328935843927754,8.211151609872116,1.2019808216451429,0.3820599996618424,5.312979352378683,6.541628665552277,3.14999723256542,0.0,5.20408360719529,0.0,6.758019007965865,0.8738006802532029,4.132904800899871,0.8834782421276047,3.6312847686507728,0.657882631459634,0.0,3.541075259345542,4.761045092767063,0.0,0.5511226805305276,6.853321268230601,3.6556302758033663,4.815285233732782,2.902371692047254,0.0,1.8846424633747687,9.350936748722823,4.873883483392255,3.6910745431422387,2.3327941691985337,4.582814141495138,1.069011818891819,6.33101418652125,0.657882631459634,0.0,3.758403184670275,0.8738006802532029,3.85159124001372,2.4598195844113566,3.736461746242408,5.967384434401254,1.7322394454518493,2.238153232834657,2.1872528018086714,6.12981897766382,4.353883043049223,0.3820599996618424,4.6649944876337575,2.4192386020865237,7.947289665712335,3.331822294282872,5.997898802817225,7.127509091618231,2.8226459404999016,3.2630075362281095,1.8113496556596185,1.6463482664541973,0.0,1.5523806699467462,0.0,2.4598195844113566,5.494862289978234,4.5100404898956015,2.536336184894363,5.229331637892718,3.831621733478122,3.758403184670275,2.238153232834657,9.99809748722606,2.0769384114617173,5.8458952747870505,0.0,1.9529283211143795,0.0,3.6312847686507728,6.283208359514434,1.0512760670118158,1.0512760670118158
TCGA-86-A4JF,3.0198979180527714,1.2968071946183544,5.0556978845664915,6.932516181923596,2.80353006347933,0.366654977321073,8.480099654219126,4.311168184791491,4.334662453307528,5.376513755438934,0.0,1.8429594259264457,4.17104167964454,10.977948873564419,4.191345735732764,0.0,1.4111333044668093,0.366654977321073,0.0,0.0,3.3169530818717567,5.123886595456818,2.1942089237090743,0.0,2.80353006347933,1.2968071946183544,1.2968071946183544,3.7422567005642167,0.0,6.4896880972566295,0.6344051605361825,2.5954188725854292,4.742686129734728,1.430383014296226,5.597914422816266,1.019460850362672,0.6344051605361825,0.366654977321073,5.09445547351588,0.0,0.0,4.0160442246287245,5.852955070070559,1.4111333044668093,4.184622404057495,1.1677340407384909,2.4910046855830665,0.0,0.6344051605361825,2.453630957867825,1.5136976401532647,6.4672343325760835,0.14410034397375687,7.12599080562376,1.2968071946183544,6.003783358025235,0.0,0.366654977321073,3.677199002464544,5.3431951253261225,7.01301578963963,6.689653994049692,5.827191138234507,1.920533731294896,1.8429594259264457,4.687984434008371,6.604606206802953,0.366654977321073,1.6067142065125037,3.1794154029870776,7.210943999505315,0.8453531134492764,2.5954188725854292,3.6430108929031904,1.770246379925425,3.3640145905344396,2.1942089237090743,1.6918286306030055,1.91075658240879,2.288354314080332,3.6545364256913904,4.0160442246287245,5.192656805881208,3.03895458500726,3.1794154029870776,6.110535641748997,3.583296691538871,11.093178352844184,0.6344051605361825,10.882512679089976,0.6344051605361825,5.538750586399207,0.0,1.5136976401532647,1.019460850362672,0.0,6.069489836545749,2.1942089237090743,1.019460850362672
TCGA-86-A4P7,2.754036437938908,2.920588380403961,6.092781649175708,7.248930723873918,2.0938004572586966,0.38825112737347645,8.056347499955267,5.758709326338359,6.295765876481298,5.726772826213886,1.0638482962317697,2.204365685487586,1.4634174261664732,10.43488315616682,6.992794712969538,0.6672137985334409,1.7481210121982256,0.8850477121342233,0.0,0.38825112737347645,2.436801251113153,6.289624657685606,2.255378174828951,0.6672137985334409,3.674400132849102,2.9944965103130246,2.920588380403961,1.7481210121982256,0.8850477121342233,7.314199907203801,1.2154763837093514,0.38825112737347645,4.840977215922319,1.9694871570117822,3.3504022088055083,3.040901604697862,2.204365685487586,2.3039142093274765,4.572909356556755,1.0638482962317697,3.743661156923583,5.28279755489,1.5675945631752892,1.2154763837093514,4.58750100128398,2.204365685487586,2.920588380403961,1.9694871570117822,1.2154763837093514,4.652912181973512,2.255378174828951,5.903384417387377,2.7424902744157484,6.938177785793385,1.9694871570117822,2.836888933733865,0.38825112737347645,0.38825112737347645,2.840772933515848,6.047847243490258,6.412858777095325,7.1977272276650215,4.285404219264896,4.959201638981406,1.9010024384001034,5.459036427253327,7.020297941168175,1.661916504079231,3.1684411091648856,1.2154763837093514,6.714237275254767,1.9010024384001034,4.366899037375537,2.516502211377751,2.7233656518799845,1.9010024384001034,3.1067010335693697,4.067322739125793,0.8850477121342233,1.7481210121982256,1.661916504079231,2.516502211377751,5.885086847627387,4.66625587796593,4.458860352889976,6.4877936015212665,3.674400132849102,7.952625663828882,1.0638482962317697,11.428622779796758,1.3471116472446276,5.993724491508827,0.38825112737347645,0.38825112737347645,0.38825112737347645,0.0,6.668126591408065,2.783794452867603,4.78013978323642
TCGA-86-A4P8,2.3581711602335913,3.2607238528360667,4.513560251823205,7.474040207252342,1.6296522196843404,0.6479405877218661,7.528906870120776,5.157582951474545,5.173201889124678,5.614852895456121,1.317667494073713,3.2607238528360667,3.169240103315861,10.835876017839357,3.7381694933250196,0.37555557770202047,1.1875080002946898,1.6296522196843404,0.0,1.0378709933789232,1.4328200585568238,6.647463964468501,2.2679936482244267,1.317667494073713,4.518543098786045,1.0378709933789232,1.1875080002946898,1.0378709933789232,1.7152203390749692,4.098544065285855,1.317667494073713,0.6479405877218661,4.758800730568462,1.812803156156404,3.206843728644362,0.0,0.0,0.37555557770202047,1.935181372434701,0.0,6.5650945329765795,4.498462096093155,1.1875080002946898,1.8670988257738705,4.835376735502619,4.29688260401644,3.391641872856504,2.1688708265062604,0.0,5.369544407086295,2.2679936482244267,3.149894381887372,2.304133892983896,6.737859797735975,0.37555557770202047,7.145267110396339,0.37555557770202047,0.0,1.4328200585568238,6.666208420865997,1.4328200585568238,7.756195343948118,4.462317773024424,5.343223808345298,1.6296522196843404,5.273850478479968,0.37555557770202047,0.0,3.206843728644362,0.8617923065376561,6.690289329540002,1.1875080002946898,4.185433724842355,2.4003740163555007,4.090950475487408,2.3140985579519366,3.727263278712122,2.956549559678728,1.317667494073713,2.3140985579519366,2.517268961886464,1.4328200585568238,5.91154703992987,5.03160717219274,4.992525632923874,4.075588087517424,3.8213825056769855,8.706870958163451,1.4328200585568238,9.380235033762009,1.8670988257738705,5.768483482592077,0.0,0.0,0.37555557770202047,0.0,6.931012715858883,3.149894381887372,1.4328200585568238
TCGA-91-6828,2.242569660584059,1.474076274503424,5.010568625207268,7.234552289762471,2.97136273376998,0.0,8.843656938350232,7.747514797331039,5.870807071705125,5.627390871359568,0.0,2.548233499648325,3.1305035222392297,10.399076688306701,5.708786599777659,0.9871219126347465,5.292354624683667,0.6107433543051296,0.6107433543051296,0.0,0.9871219126347465,8.429297059510017,1.6503495029405153,0.0,2.045626193185105,5.5519280453155915,1.8001409132559703,0.6107433543051296,0.6107433543051296,0.0,6.87279730742245,0.0,3.7923066020202088,0.6107433543051296,3.2677612225980113,0.6107433543051296,0.0,4.763557592486415,4.719489451936621,0.0,0.0,5.341913110665683,4.373021207258819,1.474076274503424,4.160932544279184,0.0,2.78201292461262,0.6107433543051296,1.6503495029405153,3.3884329282110177,2.1489442831609873,3.973844087670849,0.0,7.437188698870692,0.6107433543051296,6.601023575661195,1.9304048464472967,0.0,2.881162818810855,3.1666262839489496,4.82620752078472,6.646857938056011,3.299323373659435,2.242569660584059,6.446719319718662,4.839617607153668,0.0,0.0,1.259965539025868,2.045626193185105,7.161528903182731,4.511598793616348,6.184163323823019,7.242411582079371,4.134331007768513,0.9871219126347465,1.9304048464472967,2.881162818810855,0.0,1.259965539025868,0.0,3.3299161796571917,5.587222440828108,4.158829956948489,4.318475625785549,6.631442991527861,2.4070351943505104,6.366140496396266,2.4070351943505104,10.700206149269437,0.0,4.82620752078472,0.0,0.9871219126347465,2.97136273376998,3.4960983868568754,6.041411185160777,2.1489442831609873,3.2677612225980113
TCGA-91-6829,2.632363547589117,0.7092665624398286,4.150531115069218,6.942224336262713,2.594530564231784,0.4162731568247565,9.203446664885316,4.2800520469535765,5.522879910615661,5.1286257156541035,0.0,1.2757258629890351,2.8924085710720564,10.520053319892142,5.068753247430904,0.4162731568247565,1.7310181739388686,0.4162731568247565,4.174641083836,0.7092665624398286,3.4321532657826004,9.91178800824202,2.6688102877646065,1.7310181739388686,1.7310181739388686,2.8334544914484345,4.789631119349827,0.0,0.0,0.0,2.9747843907029514,0.7092665624398286,4.657107772774712,6.142572746137998,4.785322725497206,1.7310181739388686,0.7092665624398286,3.5275598051916432,7.417838627329879,2.6688102877646065,0.0,5.884118728706838,0.7092665624398286,0.935622660173647,2.8924085710720564,1.2757258629890351,1.9734002387834007,0.0,0.935622660173647,4.056794985275887,2.703981936926256,6.680950031834935,0.8129282188790018,7.174410324866784,0.0,0.4162731568247565,0.7092665624398286,0.0,1.5290518124748478,2.427030331257311,2.737951986589473,6.875723701951467,2.948074468024454,5.04865015229347,2.5552097736304242,3.0508925813979277,0.7092665624398286,0.7092665624398286,4.59602650970163,2.2799815467841924,7.259285008980186,5.981265210255393,3.0508925813979277,3.2496222710959115,0.4162731568247565,1.9734002387834007,0.0,0.935622660173647,0.0,1.6351251521700765,1.5290518124748478,1.6351251521700765,5.862329192021569,3.5720534603468317,5.619135572817975,2.1683563143953006,3.4649762393284833,2.9747843907029514,2.225725646696987,9.599845460505618,0.7092665624398286,5.262949222710246,0.7092665624398286,0.0,3.58645351725357,0.0,6.226714519083901,2.1683563143953006,1.2757258629890351
TCGA-91-6830,2.8386105177817784,2.4619791451442956,4.498574463331659,6.670436735486621,2.6409697854195877,4.041975250539031,9.738005413536921,5.018550552292736,5.4681234302715716,5.425187874653697,0.0,3.6519016238173663,1.8506571104755405,10.301575516305244,3.912864651145003,6.3065051875261515,4.804619226442637,1.5751362807370792,0.929246443034371,6.853679168783466,3.746660035478636,9.94393347635066,5.861333082458235,2.5252725403086385,3.1451087176903347,4.955798888190422,3.816489600710994,7.968973718098353,1.193589079571197,1.193589079571197,1.964353309277371,6.923195463470015,4.216630039252542,4.237432850228397,3.4051495615005836,0.929246443034371,2.3944073789806875,0.0,6.741673539619842,4.248002263412499,3.5009099778073804,5.932894843749655,5.8850506991126,3.352924083894268,4.507063299041573,3.1451087176903347,2.584789691437459,6.407480465811269,1.193589079571197,4.290879900688094,2.8386105177817784,5.755558652436798,2.1590379959509787,7.341827280099298,5.680015600104783,6.708561381405879,3.1451087176903347,1.7223557990891758,5.9308622687919295,4.656005875690587,4.490012949900634,6.60934385231727,2.4619791451442956,4.127813186865063,0.5688869631792607,5.874337858508737,0.929246443034371,1.5751362807370792,5.4777764971729495,2.3219366381758273,7.293514155147941,4.3420129071678195,1.7223557990891758,1.964353309277371,1.8506571104755405,2.5252725403086385,2.1590379959509787,2.792740553263124,0.0,1.5751362807370792,4.626432531690505,2.4619791451442956,5.589743670607889,4.020619081011954,4.119628869645253,5.703285684609791,5.394340928198649,6.64982357618221,3.111553385896834,9.761445763283946,3.8817617165005975,5.637261545401028,0.5688869631792607,0.0,7.515899972472136,3.782185353963159,5.7584915951282545,2.584789691437459,1.8506571104755405
TCGA-91-6831,2.647578067658832,2.7994192916732725,5.649797842567938,5.291136646778807,4.555496631744519,0.0,8.711507546261869,4.287346381424158,5.977857388201753,5.47196810689436,5.484859172217686,2.2501648480467136,3.508965995522701,10.404765744274318,3.5759598851074457,0.0,0.0,0.5719959789957949,1.1985481172807093,0.5719959789957949,1.5807914938439787,12.25065396492555,1.4078112045821403,0.0,0.9335410852806827,7.195224828852594,3.7891364690377127,2.8453046545268568,0.0,0.5719959789957949,3.531798652335768,0.0,5.045635575280877,2.1653324995676693,2.4684892860159224,2.647578067658832,0.9335410852806827,1.4078112045821403,6.442004991440453,0.0,0.9981656062585929,7.253144781203703,0.9335410852806827,6.552480782530319,3.508965995522701,0.0,2.8453046545268568,0.9335410852806827,5.810020605097491,4.368778007918081,1.970463379110091,6.099264584710964,0.0,6.616447976651298,0.0,2.7918765111470654,0.5719959789957949,0.5719959789957949,0.5719959789957949,5.065363349599063,1.856657300805898,6.936323299299194,3.010315420678734,2.6371412093144193,0.0,5.676585979967729,1.1985481172807093,0.0,4.255013949036474,2.2501648480467136,7.469893596947501,3.508965995522701,5.570727159165164,6.072938537699574,0.9335410852806827,2.328350300880072,2.9715471571656344,2.2501648480467136,2.2501648480467136,0.5719959789957949,2.647578067658832,1.970463379110091,5.135880786600621,4.71754305750774,3.1843920347590973,4.805372590000734,4.984222870144423,3.2759326779954794,1.7281982481549432,12.209696072980941,0.5719959789957949,6.3288667083580865,0.0,0.0,1.1985481172807093,0.0,6.9120759315054725,2.400872654177991,0.0
TCGA-91-6835,2.3055108089102494,1.8590442160336513,5.323317248999359,4.731053657678343,1.7860934476014283,0.3725975044825475,9.336735109147758,6.284954719842739,5.706359152169651,5.814387215296955,0.8562859179371259,2.544597502444344,4.938788353626398,10.671558979150445,6.266266526140454,0.3725975044825475,1.7074172541270687,1.5285965525894711,3.673123478069153,1.031724343126478,2.645649836921452,4.9516351853769365,1.7074172541270687,2.2594583612728885,1.7074172541270687,1.6219986944789586,3.8980660587989413,2.050527531515194,0.3725975044825475,4.992301587407751,2.970937405735732,0.0,3.8681400810381925,5.83377511327006,2.1604337983889605,0.0,2.8214622162705174,2.7662184752319376,5.840975903832408,3.695797965922163,2.6510776523412187,2.1069959091991866,5.037257750656363,1.031724343126478,5.240741218410441,0.3725975044825475,3.6381202276130558,1.1808986313553347,0.3725975044825475,3.9601901183986272,3.5250979632149604,6.109714140576008,3.1295898629705547,7.355851943365664,1.5285965525894711,5.844902914146013,2.349545011857324,0.3725975044825475,2.471078141851466,4.382111631061586,5.545485990624305,7.0127547294637775,1.5285965525894711,2.9609337680112953,2.61308729432496,5.978075309988966,2.873807547928269,0.0,4.754658585686806,2.2111713123577306,6.419410066595217,3.351289092624028,1.7860934476014283,1.3107083741632954,4.155031927168183,3.1210601088278254,3.53830653313456,4.623883985432192,0.6433790383258241,1.7860934476014283,4.299815536072416,2.737414809732114,6.427470176061501,4.1368802874666635,6.526739339200048,7.437777464070481,5.7703158796891065,7.012349501112059,2.432182507664485,7.915724148227286,2.050527531515194,4.925767073451014,0.6433790383258241,0.0,1.7074172541270687,0.0,7.430754502879816,2.9938104279912925,5.303304908059076
TCGA-91-6836,1.1648992803397977,0.8429885887991051,4.802913874669569,5.763936397475948,2.523237544092964,0.36540671086217885,8.453848623898956,1.4080069280255405,5.248270663263884,5.060028451032177,0.0,2.2386970269313644,5.275713820338184,10.0962172561616,3.193718004085276,0.0,0.0,0.0,3.9287935897438353,0.0,3.47537987484864,3.515784203754478,1.2938226490517735,0.36540671086217885,0.36540671086217885,3.193718004085276,2.7724512127857897,0.6324413054425504,0.0,3.280328339181167,4.019940648846197,2.328574425455295,4.451445415448594,2.665149659008961,4.166976803162813,2.877072603766163,4.220228033912353,3.8568632987240283,7.393096927112604,2.190535589185423,2.0700854092558103,7.592547655159328,1.2938226490517735,1.0168236132351023,4.160116697145203,0.6324413054425504,2.449857888594909,0.36540671086217885,0.36540671086217885,3.6843140484910046,2.13993674335714,6.979768916690571,2.28464512986138,5.803304982258818,0.0,4.827929663555421,3.1379086900435187,0.6324413054425504,1.6034198401085373,4.679804448198332,6.341041610586018,4.769794397823011,2.487220637119731,1.729972714062838,0.36540671086217885,5.780416301769833,1.2938226490517735,0.0,2.7444914139954113,2.8519254115101993,4.7735280357646594,1.0168236132351023,0.6324413054425504,2.971782759797279,3.5025830079036933,1.7668176589238456,4.612058407623913,1.4080069280255405,1.6034198401085373,1.5104790844009675,4.173790168589204,1.6884523993621263,4.110729591471424,3.68198574702307,3.7062280924485496,4.975367292010925,5.248270663263884,2.13993674335714,0.8429885887991051,9.764213990883688,0.0,5.396686499345106,0.36540671086217885,0.0,0.0,1.0168236132351023,5.038665420417304,1.6884523993621263,0.36540671086217885
TCGA-91-6840,1.7199949029987442,1.7199949029987442,4.880200055816281,7.206429218907383,2.319334042952014,0.0,9.12825574767577,5.3524314288265185,5.762340649114737,5.40185722581641,0.9275075870793201,2.8358921059090196,1.7199949029987442,10.624541686349081,4.974289378084384,6.4233784483955,4.529250882055295,1.7199949029987442,0.9275075870793201,5.757522273908685,1.9618678591075662,7.197891836718891,1.1915560343108476,5.050541669565294,2.063909034430343,1.5728569121710998,4.319025597668284,0.9275075870793201,1.4002712280506848,0.0,3.997930940516288,7.3855038386753185,4.909760996592783,7.9914806384884125,1.4002712280506848,3.074085863162787,2.9217519855559924,0.9275075870793201,6.2694996114496,4.177189493842305,2.4308463729380563,5.112234745811848,1.5728569121710998,3.743843378488944,4.74360080776652,0.0,2.4593409478326755,0.0,0.0,4.378267076382732,1.4002712280506848,2.8358921059090196,0.0,8.049972885130968,4.958316913083383,5.380975113562248,0.5676406453202232,0.0,2.156495171122127,4.406622901159701,3.954950302243484,7.106991309440793,0.9275075870793201,3.8556050232833345,6.1166269547676,4.329146555693495,0.5676406453202232,4.23414708348407,1.848218564527709,2.319334042952014,6.9522409540214145,7.280683421185194,4.844761724472145,3.544414218575349,2.522611791966649,0.9275075870793201,2.741961974947867,3.81366899787669,0.0,0.0,0.9275075870793201,3.4519855484942603,4.86852626613607,4.324706001794783,6.156281708646177,6.862057877288553,6.216019102487588,7.101338188053109,0.5676406453202232,10.946444414959412,0.0,5.762340649114737,1.4002712280506848,5.4907872543938065,1.1915560343108476,1.1915560343108476,6.5829845123419295,0.0,4.23414708348407
TCGA-91-6847,3.502965452209257,0.7070993941779494,5.035939101982545,7.228119910439835,3.2454943865055346,0.29468251209652535,10.3385179353568,0.29468251209652535,6.367437334098017,5.640743273421044,0.8632274509315461,2.6648155763064656,3.7324512644229224,11.221911180193771,0.29468251209652535,0.0,0.8632274509315461,0.29468251209652535,4.5777866561251574,0.9982393145213224,2.6406703137708973,12.565424004672314,0.9982393145213224,1.22345184986342,0.0,1.487722153750004,1.8149061720683017,7.273349329175368,0.0,0.0,2.6406703137708973,0.8632274509315461,4.759803606420209,0.0,2.184038015532044,5.5068507066112735,0.29468251209652535,0.0,5.872145958092761,3.3469523668097594,3.7071146772030907,5.371512064651082,2.016408553325489,2.482102722455266,3.5334500403881974,2.5377994975410316,2.6883915634390254,2.2583719383177203,0.0,4.519782217829713,2.423119894622783,5.175047430346643,1.8692142156321725,6.392417825536289,1.487722153750004,0.522002924356116,0.522002924356116,0.0,1.6316689612754223,3.939190601499057,2.7985914518616855,6.948033125480707,5.026994089708808,0.8675625657828026,0.522002924356116,2.482102722455266,0.0,3.3348189466985456,5.939339327819485,3.1325682001868143,7.452854785100139,0.7070993941779494,0.29468251209652535,1.7574785352511808,0.9982393145213224,0.29468251209652535,4.642562305205154,0.0,0.0,3.0052468659225764,0.0,1.562283409840636,3.1325682001868143,4.561738539285728,3.054911144894321,1.7574785352511808,3.439058196213365,6.0191088965945205,0.29468251209652535,7.403353552889353,0.7070993941779494,5.161385914552811,0.29468251209652535,3.523391415287889,0.8632274509315461,0.0,6.889026994373127,0.8632274509315461,0.9982393145213224
TCGA-91-6848,2.9224570315073692,1.7958842838050049,5.559831269560688,7.168772482724428,4.497275350541936,0.9839119964716314,7.552893240355722,3.920207421535642,5.956453759768171,6.2542787103558375,2.7772341654408708,2.607279137778191,3.383511911606107,10.104324143327798,2.6672004284183677,0.0,1.6462326082625771,0.0,0.6084059521048547,0.0,1.6462326082625771,7.427126286729436,1.4701528563306059,3.008742275272352,4.000002746735003,6.161572234009432,2.966530007745778,4.935789614005497,4.181828744088554,1.4701528563306059,0.0,5.640324258667724,4.5307590909742,2.323583083989651,3.5409274394710355,4.611742540670803,1.2562995645037034,1.2562995645037034,7.6475570115810925,5.244030121074211,0.0,3.8334904901731113,1.4701528563306059,1.2562995645037034,3.7776043621703064,0.0,2.607279137778191,4.115748847355771,4.46888987569192,3.952894278734182,1.2562995645037034,7.343516781321652,0.0,6.631888463993037,2.041194354496333,3.758258584326714,4.953683917646117,3.4387821419894267,0.0,2.2380145713444635,5.151451752737415,6.804749765905406,3.5649135941305405,3.1828050255234297,0.0,4.6033875981219845,0.0,0.0,1.6462326082625771,3.262862087806542,6.704245223015047,7.635091303278781,0.6084059521048547,2.041194354496333,3.5409274394710355,0.9839119964716314,2.876357346510586,2.4754621909600005,1.4701528563306059,1.2562995645037034,1.2562995645037034,2.5435371277578462,5.578989929688944,3.6491870297224,5.244030121074211,6.343541185023713,5.086330101798326,3.3250072433041087,5.027708710285544,11.30827854144716,0.6084059521048547,6.461455676275592,0.0,0.0,0.6084059521048547,0.6084059521048547,6.787435653901264,1.926042662512961,2.4024032782739453
TCGA-91-7771,3.044522437723423,2.061417581616827,5.156586737580485,8.487469795629918,3.4247283441885203,3.547151705807784,7.817339572888819,6.3755119243420815,5.241747015059643,5.300460069319986,0.9985340932551715,3.0169358798050143,2.2587794852565706,10.664863312586291,5.517452896464707,5.642414034608895,2.959363888642101,0.9985340932551715,0.0,2.1316306846751694,2.061417581616827,5.182586598549021,1.9042395803120562,1.9042395803120562,1.7176463688560555,5.858341642469452,1.9859135228827764,3.914876929111042,1.3499156057761759,0.4519669417595842,3.147839438254328,0.9985340932551715,4.449417723992452,1.9042395803120562,4.568802838113469,0.4519669417595842,0.7621600518468994,4.082368130211501,4.266695746295384,1.4880835070219245,0.0,4.002125101221904,1.8152969433580979,3.4059494062206905,4.841932578460292,0.9985340932551715,3.5136745140246535,3.9262079221102035,0.0,4.598001552624576,2.959363888642101,3.970291913552122,3.2113032249709925,7.383722341560753,1.4880835070219245,3.386807678026014,1.3499156057761759,0.7621600518468994,6.8439023894121815,3.991626847583528,5.95620776718037,6.414628764479181,2.9292879375043257,2.423536437588122,0.4519669417595842,5.531130021055811,0.9985340932551715,0.0,1.8152969433580979,1.9859135228827764,7.192182058713246,5.392977335010775,4.191817552978875,5.714676254710617,2.423536437588122,2.061417581616827,1.4880835070219245,3.2188758248682006,0.0,1.6094379124341003,3.044522437723423,4.562858540822379,6.177053676234714,3.9260955214589504,5.1921620907075425,7.125049757774019,4.48863636973214,5.244763624535831,0.9985340932551715,10.672722708035616,0.9985340932551715,4.568802838113469,0.0,0.7621600518468994,3.7809366213327094,5.277384801112133,6.052103286471823,2.833213344056216,4.328851307214714
TCGA-91-8496,2.934463069038757,2.65077413328248,2.1683791872223828,8.811887619729841,0.0,0.0,8.412074868649567,2.65077413328248,5.234482597718709,5.459036427253327,0.5734623376139655,2.471627200230164,1.2009281741397109,12.029019187902204,7.6476810780999935,0.0,0.935622660173647,0.0,2.5349737760719355,0.5734623376139655,2.0756468509393486,4.46544134306514,1.8595582947924902,0.935622660173647,3.6621760712793865,0.0,0.5734623376139655,0.935622660173647,0.0,5.93934459534388,1.5835045304075959,0.5734623376139655,4.719427011867917,2.192011010283332,5.302299427608609,0.0,0.0,0.5734623376139655,1.5835045304075959,3.4404789903971604,5.553870023060188,5.655932368493752,0.0,1.5835045304075959,3.2792368825428935,1.2009281741397109,3.3631042991610562,2.2532372733637063,0.0,4.750239757079157,3.968127308332768,1.5835045304075959,1.596150018107165,7.502374106970217,0.5734623376139655,7.236152140207842,0.0,0.5734623376139655,1.9734280350920526,3.4649981307128175,3.389566673098168,6.344611274203274,3.050911507887443,4.007887576983507,2.1683791872223828,5.157289373068294,4.342403140415181,0.0,4.796063235686146,0.0,5.9228939078970075,0.0,6.772804593924156,2.0756468509393486,6.232471591911128,2.594545500305389,3.0868975113060824,0.5734623376139655,0.0,1.4104014364631237,2.3314543371567056,2.8026449735485537,6.128344078455354,4.503362241359363,3.335922589543615,2.0756468509393486,4.372169461981358,13.710759856332073,0.935622660173647,7.55091357719701,2.892425203688062,6.08168680536336,0.935622660173647,0.0,0.0,0.0,5.947854816292523,2.754539307168498,0.0
TCGA-91-8497,1.8398192079716147,3.337149406853724,6.640556647771753,7.544400888757024,2.1139878854324192,2.558358454329881,9.17133131642185,7.8036187885412485,6.54347290032156,5.7283775215115815,1.2940968319883452,2.558358454329881,3.337149406853724,10.447920084574696,7.274250842391583,0.8432037767666245,5.59991343878182,3.0377231846250226,2.3914015065911403,0.5079615261513406,2.608340356953198,6.920750474476948,1.9397914680471362,3.4691799652022817,3.4691799652022817,2.8649456819428476,1.8398192079716147,3.1286666129777183,3.2639677303299344,1.460845092384187,4.1147189214732505,2.505746320867691,4.6102920468360935,3.3891720327807073,3.9632862993656874,0.5079615261513406,0.0,4.6657571600370344,3.690216060457566,1.0938677176373528,3.5227569808206542,5.814939160021026,1.0938677176373528,3.0992586081296563,4.451157329996025,0.5079615261513406,2.70138805822866,7.095909790968536,0.0,4.821232726011749,2.786503954748964,4.831843500352546,0.0,6.886860495500453,1.460845092384187,4.951083430002776,4.783182471193948,0.5079615261513406,2.505746320867691,4.466482666214198,4.387395944098296,7.236850371264301,3.6218257726106966,1.9397914680471362,0.5079615261513406,5.335227720568134,6.092447244086019,0.0,4.345376913686045,1.0938677176373528,6.5065938965466925,0.5079615261513406,6.038670123147176,6.864993905080831,6.1406299639930335,3.639366153544391,3.5291830082473146,5.663911416741268,1.460845092384187,1.0938677176373528,2.70138805822866,4.451157329996025,6.8103320682996475,5.20274765306776,5.252126820441622,7.405222069545139,5.403046683041577,9.347620977510216,3.3604031645338828,11.53806675737656,2.190882285231528,6.437000968045392,0.0,0.8432037767666245,1.7287309186220836,1.460845092384187,7.03219168734028,3.1850004797456766,5.302812249409297
TCGA-91-8499,1.3746771417797,2.014676328182827,4.969556322115677,6.550039793868157,1.3746771417797,0.4642370343513985,9.308673251544445,2.014676328182827,5.920465199708174,5.301686684017641,2.4538974629136554,4.323272683935754,2.0905174764269496,10.549052963523716,4.607635145477717,0.4642370343513985,5.096556076603856,2.8302914323680706,2.28861800576543,4.664890869964026,0.0,4.5777270441579345,0.7800127135815272,0.0,3.295584982432474,3.1796941509528787,4.134182072296533,1.9326077778154345,1.0196773005799673,0.7800127135815272,3.643293525893052,0.7800127135815272,5.137138714947028,0.4679389993635186,4.189397133090517,0.0,0.0,3.4569221757676423,5.66742273168868,4.250183815606259,5.06527498305458,1.7450172066759233,3.020176074705559,2.1609984869321455,3.611890412585801,0.0,3.8003269067261027,2.4538974629136554,2.28861800576543,4.085719136627548,2.5506241631410314,6.650429102011897,2.3468029151594783,7.767619564356994,0.0,4.780391596291739,1.8432127508169707,0.7800127135815272,2.0905174764269496,4.134182072296533,1.5139177105766881,7.466484960155182,1.9326077778154345,3.7069231825128,3.103114743683452,6.142753278321574,7.266282506384181,0.0,4.0242832630266285,1.5139177105766881,6.531278422032684,1.8432127508169707,0.7800127135815272,2.4017786318804313,1.8432127508169707,1.2128334327581325,3.203973332278122,1.0196773005799673,0.0,2.3468029151594783,4.1713287512384625,3.8887768961472426,6.4645400159197655,3.5862014484180533,6.310648920333462,6.52089502229942,5.159578151009451,3.5958125063821327,3.6886244215959083,10.5621468026374,1.0196773005799673,5.823995148941374,1.2128334327581325,0.4642370343513985,0.7800127135815272,3.8003269067261027,6.78979685294576,0.4642370343513985,2.014676328182827
TCGA-91-A4BD,2.649728758264977,4.14700184262431,4.60581597741991,6.097172752314791,2.0811151404318444,0.0,7.276390413839584,6.867021822208967,5.72957042210761,5.157364214964822,0.6295149153150899,1.6833201448248047,3.931248995913036,11.120648509614973,6.467085183888549,2.8201996199191623,2.8201996199191623,0.0,5.59242996875312,1.505565178369059,1.505565178369059,5.0565578585654665,2.278988879138859,1.8341961594253118,3.7215208788296983,3.2056000909861755,0.6295149153150899,1.8341961594253118,0.6295149153150899,8.21766523268072,0.0,1.2892326482767593,4.224204013179477,2.6711787263263056,4.089958289912501,0.0,1.505565178369059,0.6295149153150899,2.9657987010948608,2.184938298056474,0.6661869989771622,4.14700184262431,1.505565178369059,2.517438374790485,3.5853810924595253,0.0,2.517438374790485,2.0811151404318444,1.0128365116467057,3.802964549699112,1.505565178369059,5.039669687014603,0.0,6.783254982963221,0.0,5.646471107943087,0.0,0.6295149153150899,3.7832164332393385,5.688885395459941,2.278988879138859,7.281832913848668,7.019198258892322,2.8264493432223188,1.505565178369059,5.531834921329734,1.6833201448248047,0.6295149153150899,5.362024292005749,1.0128365116467057,5.572636805357877,1.2892326482767593,2.9657987010948608,3.052282724844378,5.703605792382141,2.5857695663933775,3.896245187708583,2.9657987010948608,0.0,1.2892326482767593,0.0,2.5857695663933775,5.492909168372819,3.6155477190717584,5.6648683811569756,4.818142181980805,5.307073915820504,13.512490118561033,1.505565178369059,10.227663064817607,2.517438374790485,6.1858031919298195,0.0,1.8341961594253118,2.517438374790485,1.0128365116467057,6.380783335473442,1.0128365116467057,4.402495706513222
TCGA-93-7347,2.6808502811755557,1.9763007827603225,5.455748374496865,5.171699165510271,2.2562269690158963,0.5749265491725143,9.658532858207803,6.26725557549035,5.1219798695012235,5.777859732052515,0.7726512816725443,3.5496030188611187,4.450772308943452,11.036565678085516,6.605502230251548,2.078566158643882,4.760231879287961,0.5749265491725143,3.392795517981316,0.0,1.7337771866897078,5.8248401428462415,2.1713368063840917,0.3282240277647172,1.920958574365723,2.6538755666559384,1.920958574365723,2.2562269690158963,2.0287401773302864,6.9153265444784555,1.4129362920663118,0.0,4.4161309157985595,2.6560619284310825,4.30981340482326,1.586169285494746,1.0792595601522947,1.662694278734532,8.429764272722746,2.828998592101688,2.2945529212967815,4.6364362678620905,1.586169285494746,1.4129362920663118,5.239872242899017,1.313589250649259,3.723377494521504,0.0,0.3282240277647172,3.5039194195969383,2.5976399197752396,6.4634178370295725,2.3685039110833332,6.503789546248707,0.5749265491725143,5.326613235702884,2.078566158643882,1.313589250649259,3.685122405236224,3.635148981692957,5.115001315408469,6.975918473048611,7.27778662770091,2.3004027133349787,0.3282240277647172,5.94674695375273,6.085903893301306,0.5749265491725143,3.941680831892844,2.4070351943505104,6.157510623901875,2.78201292461262,5.260257179723497,2.078566158643882,5.7510476671233155,2.1260268960891953,3.4802703885585973,3.9714063866358478,0.5749265491725143,2.1260268960891953,0.0,2.78201292461262,6.8643131883391915,4.09320391192783,5.693856710167944,6.814397991042569,5.339742379216297,8.030116645821089,2.4414335748128537,11.42910462915039,1.2032725592115425,5.874090490308344,0.0,0.0,7.062431534955767,0.0,7.041035390038091,3.1908877883280318,5.02215534938284
TCGA-93-7348,1.6019499474681969,1.937877977358049,5.717507849274678,7.243634482651207,3.8961537522634675,0.8419550414869119,9.240869577011006,6.270419271807802,6.410097576346586,5.924667477368592,0.0,2.7427671979898323,4.723983801525664,10.64639109701083,7.195779792794182,4.464280357788785,1.6019499474681969,0.0,0.8419550414869119,1.092359447002344,1.2924780649156058,7.113777086219285,2.0287401773302864,0.5070585371967467,3.4461930542581243,2.9355628606142727,2.260282836760139,5.612273726911307,2.1120176319862405,5.590322580741725,2.3269166648072828,1.7268831132529432,4.369603536550157,1.6138481729226481,5.092583876743423,1.092359447002344,2.3269166648072828,3.6196553058845806,9.255934959534574,1.4591265197695606,4.285501967678455,4.985652472732725,3.6544329263795685,2.0287401773302864,3.797502890650841,1.092359447002344,2.556304405000375,1.8379430646436477,0.5070585371967467,4.870974679920555,2.9700349063667324,6.666465577655398,0.8999987350971775,7.348407334513014,0.5070585371967467,6.899394424242261,1.092359447002344,0.0,3.9484436481945706,3.4249204186749456,6.145508792699889,6.295096245334477,3.565111670526424,2.871103987538508,7.349256547755161,6.112413676506928,5.971226124866978,0.5070585371967467,4.88604665275126,1.6019499474681969,7.074303081660051,0.5070585371967467,4.281219624943186,1.937877977358049,3.6544329263795685,2.503695691684582,3.2868148078763935,3.922640440450513,0.8419550414869119,2.606275840090879,1.092359447002344,3.155096482148422,6.5497866414397246,4.315946926517482,4.891025591098464,6.824749686296634,5.21821840729241,9.236826497212009,2.6993054099606155,11.664744858030408,0.8419550414869119,5.444566914479037,0.5070585371967467,0.8419550414869119,1.6019499474681969,2.606275840090879,6.391535130898839,2.3269166648072828,4.625453090089763
TCGA-93-8067,3.12006271696877,1.5481793397132477,4.279577155612388,5.223464501645969,2.285438934159075,1.6625235995256897,8.845545406859413,3.8652185683969416,4.672454932793688,5.725651592739729,0.4508845182990242,1.4857097394180891,4.764009855301481,10.025647661482022,5.5166895529833555,4.24342957605811,5.791262075345338,0.6176151179475085,0.6176151179475085,1.419051925358063,3.783850940204384,5.305923367447425,4.306814014159216,0.0,0.8855015730542746,1.4857097394180891,2.6859613624152114,6.196289329663196,1.1874470023686006,1.1874470023686006,0.996579563102958,4.306814014159216,4.853443327574749,2.5634328234895944,5.235670388647387,2.4207413923122134,0.4508845182990242,0.0,6.736949164249242,0.7605254158898934,0.209936723826928,3.8471452267492423,6.493712991816206,4.306814014159216,3.157098288701354,0.4508845182990242,1.1874470023686006,6.135283466204087,1.4857097394180891,2.8469886160659397,1.9432781168669646,7.004273819333796,1.4857097394180891,5.960520686115259,0.7605254158898934,6.972484406953072,1.5481793397132477,0.25060306421036016,5.021773038506712,6.3398141816307225,4.47916355406393,7.159447413700763,4.093707692797148,3.3717926008920287,1.0965768853060391,4.688306564860707,3.8099924946999657,0.25060306421036016,5.7404036581118465,2.583854145923594,7.123140814563289,1.6069949307829603,2.8469886160659397,5.025523906590006,2.8953814108266474,2.256038410336924,3.5021552197426837,1.715130372992122,0.6176151179475085,1.419051925358063,3.5359089109846837,1.715130372992122,4.98932993826892,4.150313657992497,3.983325474406966,5.22805583350737,4.719275355467503,4.975657301196582,0.6176151179475085,10.22260651688342,3.751539649802231,4.322052348218556,0.25060306421036016,0.996579563102958,1.9016298003637095,4.259657002898362,6.555382496034794,1.983274745084088,1.715130372992122
TCGA-93-A4JN,0.9792655310355435,1.5561637099746055,6.101558094279985,6.693202223473276,2.275028884223,0.34755346948917126,8.90822395716768,4.863132468240462,6.04704588468331,6.058770329593599,0.8095514884300478,1.1243125235179232,0.9792655310355435,10.307267908913422,5.964083072766744,0.8095514884300478,3.73125623932049,0.6050260971647659,1.5561637099746055,0.0,2.2205938214357195,8.718277619461077,2.357016458482083,0.6050260971647659,2.770248486021885,1.7896739627370335,3.592597051854483,1.250989969088992,3.458094279828379,3.798650479160142,4.907110130186572,1.250989969088992,4.600070203155764,4.4643977832697885,1.7896739627370335,0.6050260971647659,2.5366764972727505,1.5561637099746055,8.516729083734926,2.3956290705370367,0.5750390920796163,2.869324022441102,1.8567978654072772,3.6263442583128302,1.4644121403838426,3.20643070461426,1.250989969088992,0.0,0.8095514884300478,4.840392494517499,2.0876205026030346,5.2142616173840395,0.0,6.8431196864666255,2.0876205026030346,5.158486171774986,1.1243125235179232,1.1243125235179232,1.6402192680235357,5.023044645283824,5.58100825373214,6.9365953764153,3.569451003003704,3.5569610456450524,1.8567978654072772,3.969412281506246,0.34755346948917126,3.5576739259968946,4.668792662685039,0.9792655310355435,7.4922141908286175,1.9788474264441334,4.820491221045154,3.48393491656338,2.770248486021885,2.3168626814121773,2.630773110027561,3.9455854329410616,1.3633839095367846,1.9196835032946329,0.9792655310355435,4.108418392953426,6.330194946445225,5.226708576527717,3.4710996173299176,7.404875410092004,5.302891887454424,7.0754960508985585,0.9792655310355435,11.487624067107703,2.468633287303712,5.33745153749511,5.468384982883105,0.0,2.91541119380521,0.0,6.798102230238952,2.892630316542428,5.714264017526593
TCGA-93-A4JO,3.262111544010013,2.782996869071299,5.5460754786261655,5.275872351217518,2.0540211643329247,0.42068207391302476,9.662930767051039,5.426991984111216,6.201883482797346,6.234196977385628,0.42068207391302476,3.01315461924586,1.4202367452952476,10.474854029904213,6.461657220983655,0.0,1.6455962489873783,0.0,0.0,3.178578692583661,2.1798749390011065,7.758094224863569,2.483514013853909,0.0,3.038528318354255,3.904800989337154,2.0540211643329247,6.706156708732843,0.42068207391302476,7.238647691584793,1.2851195177454167,0.9435167181277465,5.353666923169518,2.785258125340444,2.11892664295642,0.7158866675294348,0.0,0.0,6.859492125917954,2.6809050835786548,0.746119065326051,5.045287896995678,5.097772774245659,2.6809050835786548,5.50013104491992,0.7158866675294348,3.178578692583661,1.2851195177454167,1.1288504717287196,4.4871307424620195,1.829392384034906,7.220834593763217,2.432937688592542,6.582349186106848,1.1288504717287196,7.074489312434378,0.7158866675294348,0.7158866675294348,2.960384849522263,4.321052420507161,4.195344584732965,8.277160315016932,3.850681501713275,4.167054295390381,1.4202367452952476,4.68896890792342,6.793118538543914,0.9435167181277465,4.639668226395659,2.2373209753416483,6.935564979621405,0.42068207391302476,2.3431702594727537,3.9256536841977807,3.6272939020018344,1.7417110137420413,2.8756190250592444,4.0695633623746605,0.42068207391302476,1.984608747908664,1.2851195177454167,2.4388888889544265,5.895636233095308,4.860354892847096,5.637685406281276,7.728151660457546,4.964654180846432,8.118385870972139,1.539251471783928,10.689844982315979,6.831664419128433,5.8209638478685495,0.0,2.845688150269525,4.624394214555757,0.42068207391302476,8.048161889307224,3.156553512790809,5.811616927606036
TCGA-93-A4JP,1.3303058509110355,4.80912276290834,3.7073674922260675,5.075086311405479,2.5893717646941936,0.0,9.42194561226384,5.9985295312301,5.692765341638565,5.243850621034134,1.2192948204237206,2.647330158066649,2.5590783103897605,10.739223112115846,5.962362665462321,0.0,0.7849968341898242,1.2192948204237206,2.618767154915728,0.7849968341898242,2.355092150473061,9.497914938649425,2.0485827698438404,2.4622775317276386,2.8731973404953144,1.6812188935286865,2.0985453954789075,5.14465323500363,0.0,2.3166556369708275,2.7021126084354568,6.348021234054632,4.114599701498374,0.7922229887506329,2.2350233398257293,1.6812188935286865,0.5849493100819588,0.7849968341898242,1.881676343392028,0.0,0.4921931116179885,5.314726989206819,4.8719324573373575,3.65736556693874,2.979643541204406,3.2747910217897025,2.3166556369708275,1.940466789389247,3.4016939250307567,4.6088225081321506,1.5210874574614226,5.556650439748087,1.3303058509110355,7.279973793296666,7.382715354728104,6.645994332481755,0.3346849260471172,1.0943699694099773,3.3044147850507106,4.752442981588954,5.314726989206819,6.477673655388143,3.6776668268998334,5.125397475266461,0.9516192649274496,4.284186381932597,2.527838417171513,3.318905758183209,6.689446272400928,1.3303058509110355,7.394019731518962,2.2350233398257293,3.7734181933194626,2.427815880718916,2.6750999209621877,2.2350233398257293,2.4622775317276386,1.5210874574614226,0.0,0.0,3.427832821188611,3.2747910217897025,7.701154951431174,4.86478451901146,3.2747910217897025,8.038266671320041,4.084752034016597,5.437814056355539,1.940466789389247,8.295116570729071,2.355092150473061,4.759280865015328,1.604344965368091,7.380486435142169,4.7455580194091,0.7849968341898242,5.582589883064408,2.427815880718916,0.0
TCGA-93-A4JQ,2.8659082857177904,2.7334190077860443,6.155617890223851,7.426388345195666,2.4002742589472965,0.3617918303181941,8.372948617041777,5.698089634480524,5.60311463485544,5.705371211944498,1.009307374440675,3.816916404900154,5.20349556746643,10.273460188953793,5.474687917848551,4.527675562522227,2.9377164334056136,0.8362946897784304,0.3617918303181941,1.50127346944354,1.1567554027168205,7.415163068601609,3.8545527782735958,0.0,3.567776225211022,6.044206416803529,2.512351568866578,6.517836694975229,0.0,2.8904217566462065,1.399062500397569,4.380794626062843,4.687376704779069,1.9605031513582134,4.168899934277559,1.2852301586328694,1.50127346944354,0.626900534741019,8.877436361656821,4.591537684256795,1.5412447211177132,3.881879212112684,5.653260812308621,3.592079415020224,3.6158059467170003,1.399062500397569,2.6750792507655103,0.0,1.009307374440675,4.289456198342551,2.1800332044125312,5.956751459329386,2.345002613984715,6.632660322035828,1.009307374440675,8.200952509696448,2.129492815078546,1.2852301586328694,4.77658245227401,4.798382225613219,5.193861996677693,7.883005246686993,8.871581122132769,2.775310016158469,2.5806561270264705,5.420247347284951,3.661636717720062,0.8362946897784304,4.418272976845109,1.829536833562085,6.644074848748356,6.421965298395691,2.0762740304084915,2.439045940572381,3.592079415020224,1.829536833562085,2.439045940572381,5.114502695613746,0.0,3.026086875567738,4.833683295387955,3.0875864883849253,6.153766203003557,4.9235584604189295,5.867099585522458,8.088660050373269,5.011201800267996,7.39982612626448,1.2852301586328694,10.898454520424995,0.626900534741019,5.49458702801544,0.0,1.1567554027168205,7.790948273965963,3.78773108285143,7.345397118785523,3.6158059467170003,6.2516591518728815
TCGA-95-7039,1.9042395803120562,2.2587794852565706,4.050542437076022,8.313396281099314,3.230239018546605,2.005337415672564,9.432931770882304,3.9457343390135136,6.333533592335656,4.292415061921523,0.8873149596375816,2.181219397268394,0.5390048340312983,10.608200095716727,4.099094928013845,0.0,3.0779710296854836,0.0,0.5390048340312983,0.8873149596375816,2.8106910217400705,7.113256108723497,1.6650050608825562,0.5390048340312983,4.145400411755186,0.0,1.1451459405736646,4.765833895629243,0.8873149596375816,5.281750897239462,0.5390048340312983,1.3499156057761759,4.641222423280589,6.085735550792149,2.5200002684472027,1.1451459405736646,2.6287977366597817,0.0,4.801674030353407,6.469693629370942,3.611882312326187,2.8581125350208616,0.8873149596375816,0.5390048340312983,3.747822663147833,0.5390048340312983,1.5198195037248818,0.0,0.0,2.8162646404429323,1.1451459405736646,3.500828515713609,0.0,6.80509001675225,0.5390048340312983,4.349356221387955,4.012514285576502,0.5390048340312983,3.3372951025241555,3.386807678026014,6.013365461655012,7.077742749367169,2.6790607034427216,2.2939781593785975,0.0,5.923873371357832,1.3499156057761759,0.0,2.3307545810708885,1.1451459405736646,5.9903914715683095,0.8873149596375816,2.5200002684472027,5.341649807259649,2.3307545810708885,0.5390048340312983,2.005337415672564,1.791759469228055,3.4567676832673153,1.6650050608825562,0.8873149596375816,0.0,5.256004678162237,3.6777451976973974,3.258096538021482,5.751209805828564,3.828641396489095,7.374810816873841,0.5390048340312983,8.647914389139247,1.5198195037248818,6.314324918346873,0.0,0.0,3.500828515713609,0.0,6.953875214595691,2.3978952727983707,2.936889500801202
TCGA-95-7562,1.7026185536525547,2.574023447711561,4.473064062898511,5.137032968819882,3.775953537470814,1.4211304759553478,9.794838301578535,4.409627210160711,5.837762516622555,5.680820863018854,0.3707356275870666,1.9220272085919814,2.671731938428098,10.607040405809954,6.060846009750277,0.3707356275870666,0.3707356275870666,0.0,4.163334100370164,3.0106110337824594,2.7319424935218124,6.388235301959467,0.6406426265777961,2.20596405438962,2.574023447711561,2.0454322255770876,4.436549147020286,4.77948477238013,0.0,3.210367733487515,4.883248792422141,2.20596405438962,4.047623256488445,0.6500308894863173,4.376332956406957,0.0,0.8529248562523353,2.386402207086959,8.285059348263895,2.539213316073241,0.6020730161605502,3.464782323287266,2.386402207086959,0.8529248562523353,2.5031394180490603,0.0,2.0454322255770876,0.0,2.815959465937594,3.816271728354723,3.4217513606099046,6.84631382364802,0.3707356275870666,6.937915841876989,0.8529248562523353,3.981860586713966,0.3707356275870666,0.0,1.7026185536525547,1.5240325178913035,3.971510039260189,5.54317544180889,1.6173068708127956,1.9220272085919814,2.607662485737503,4.052706262393085,0.6406426265777961,1.0279394353730635,5.939684292069074,1.7026185536525547,7.879605591688093,1.6173068708127956,0.8529248562523353,1.0279394353730635,1.7812376417684728,1.0279394353730635,3.280290722569667,1.5240325178913035,0.0,0.8529248562523353,1.0279394353730635,2.539213316073241,6.203075857008025,3.1277381281368517,4.827337260704169,6.582405952800598,4.701080185864384,8.102198823791925,1.4211304759553478,10.678106419293302,0.8529248562523353,5.464632331976019,0.0,6.772030625776211,4.663693778658336,0.3707356275870666,6.316261752148692,1.9220272085919814,0.6406426265777961
TCGA-95-7567,2.6347265366833668,1.8476040574139658,5.650887898901677,7.6425768906350235,2.5283731445331634,0.44635110058050687,8.891771509230256,3.446161187029742,3.6034386612928535,5.606415848481403,0.44635110058050687,3.1329213437128076,0.9887230151308267,10.499465576464535,4.278988420385623,0.0,0.24787518753339344,0.24787518753339344,0.0,0.0,2.5505617348360174,6.3167006801959245,1.596980641831748,0.24787518753339344,1.4760207989937488,6.714591557769657,2.083470912849467,5.239750313983424,0.24787518753339344,3.5723231656953756,0.8781734097610271,0.8781734097610271,5.1559527902575635,4.631724479209337,0.24787518753339344,0.24787518753339344,1.3383900544628051,0.0,6.2570447886194485,0.0,0.0,1.5383285169753886,2.5283731445331634,2.899160798651323,4.4667801521159625,0.0,2.0478347687772387,0.0,0.7538659155946511,3.0021118805180302,1.2617510260452904,1.9724825268805102,0.0,7.496879937260656,1.932564345819076,4.957304838384605,4.109489299548554,0.611882893728982,2.8016134012803975,5.022392572294414,5.723333436300309,5.998859635911028,0.7538659155946511,1.243260822906464,0.44635110058050687,4.271162110825725,0.24787518753339344,0.0,2.0478347687772387,1.5383285169753886,6.840435293155654,3.725845222944017,1.2617510260452904,6.29617149541525,2.330462871456016,1.409571338024384,1.088258876588618,2.693504929660174,0.24787518753339344,0.7538659155946511,0.0,1.7048753568672115,4.826464027643677,3.1737654818444967,3.785052897562594,5.680114586855999,3.759170149729371,3.3717479734368676,0.0,12.11053594007085,0.0,5.786572175118654,0.0,0.0,2.151169004095809,3.2376033646609335,6.097049037681554,1.8476040574139658,1.7048753568672115
TCGA-95-7944,4.790204725979487,2.3175525201158322,3.8130840495727507,5.278599235681933,2.2808301611910164,2.1617931203197687,4.635922450527386,2.9215204498540377,3.754847421855734,5.485282292863159,3.4461930542581243,4.213872740896875,5.5485195098025715,10.044327174875141,1.457288561943955,0.0,0.7410321732805181,0.3118867611485983,0.0,2.352973978527175,4.7961210694801,6.856975536914543,5.129951967942976,0.5493345451940974,3.796787222766457,6.12003364790269,0.9018266292633327,8.613417498733211,0.0,1.3682067623212346,1.457288561943955,1.457288561943955,5.777104185406469,0.3118867611485983,5.4591386057848545,0.7410321732805181,0.0,0.0,7.575646188125917,4.656993839710263,0.48833458593045903,6.897724134863665,1.812297120445603,3.780222685061681,6.628206706427078,0.0,4.5812104297928595,0.3118867611485983,0.0,2.2808301611910164,0.7410321732805181,2.0737503776845454,2.9930185948563075,6.349156473744463,2.1617931203197687,4.784102673034034,0.0,0.5493345451940974,5.847980937914228,2.0737503776845454,6.575018656258909,7.084670581617146,5.161919010967035,5.984930748256985,1.0403473805361338,5.29342039593533,0.0,0.3118867611485983,6.059496957499809,5.477663668323746,7.141015483950774,0.7410321732805181,0.0,4.4054147382256215,1.0403473805361338,1.6849905548347721,2.5710155363222698,2.7331589872429563,2.9601879940291003,2.598614727402354,3.6838518367998727,2.5710155363222698,5.201002178056497,4.4365266570091055,5.209037964988554,6.8060204049573585,5.994143455626189,2.352973978527175,0.3118867611485983,8.916402774461885,4.768682621794992,5.682987755399496,0.0,3.1652218515325674,2.1187343676175434,5.835225855567358,6.730609902622199,3.6746131729318776,3.225179912287547
TCGA-95-7947,2.2887092674583975,2.4850233096496406,5.03364193338651,4.8016411658864655,1.2368368179451088,0.0,9.672526020293851,4.6985785585028195,5.883756834492917,4.162904673415156,0.47697924298216077,1.9178486538613149,1.9617694373703431,10.1222856761401,5.817813294361527,0.2666627052277055,0.0,0.7985876930179422,5.452115126963708,7.09401075442809,1.6039629521538306,4.717873675901176,1.71988745699026,0.0,4.143698059752987,1.32183583678249,3.9099207973362757,3.7291548993033126,0.6506571289389931,3.813552035585861,0.2666627052277055,0.0,4.260644003239005,0.0,1.5405378937790484,0.7985876930179422,1.143967990388907,0.0,4.471444488773368,1.143967990388907,0.4183813333747107,3.0668801546721203,0.7985876930179422,0.0,3.2123062926695063,0.2666627052277055,2.2247316537891817,0.6506571289389931,1.143967990388907,3.526481105581279,1.8237586570008646,5.9139272399624865,1.143967990388907,7.891682229172011,1.4001726111525994,6.1259014671188,0.0,0.2666627052277055,2.083022621950981,3.4898704328617414,7.610273414668751,5.90563701455247,2.604857703963293,2.8220572277122913,3.4421409687897295,5.7929678756311,4.3489661085473905,0.2666627052277055,7.658444688604433,2.6913583303818576,8.15589328308458,0.47697924298216077,1.8237586570008646,2.2572320152698055,3.0668801546721203,1.143967990388907,1.4001726111525994,3.094943923624939,0.6506571289389931,0.7985876930179422,0.7985876930179422,0.7985876930179422,6.65727907072522,4.7016978062291575,4.90642966685356,6.194925663902571,2.5586294287167175,7.160496466735291,4.758011437459538,9.777527425407923,0.6506571289389931,4.734126127180794,0.6506571289389931,1.6636040761778292,1.2368368179451088,0.47697924298216077,5.960337590955551,2.348838709511481,3.4615082287662573
TCGA-95-7948,1.8858719623950215,3.3545110029833496,4.124797786355575,8.46804706389937,1.7807322253788538,1.194710037046751,8.567863491783307,2.415681608494582,5.443555591028678,5.383467011589718,0.0,1.289673322515465,2.256813368747877,8.880421415631202,3.1228273726078193,0.0,0.0,0.5055517412632825,1.8858719623950215,0.0,0.5055517412632825,5.92520454507207,1.194710037046751,0.9725576373274578,4.064517457323951,1.8346912366115675,2.2906744419682106,2.85919064041259,0.0,1.7237125787313918,1.3763702799221973,4.823140378528303,6.099116435564907,4.101065260981222,2.7601744834569346,0.5055517412632825,4.299967520418321,0.0,5.924325313714795,5.365176630178347,4.477860540945918,2.2217762585870218,0.6865253042510584,1.5988621860619157,2.185455593736221,2.552728836290612,1.6632250944970572,0.6865253042510584,0.5055517412632825,2.6026896854443837,4.417730353137709,5.398461299466884,0.0,7.0712677147890375,0.8397552001960357,4.52307470615206,0.8397552001960357,0.0,1.8346912366115675,2.6267606052755244,1.7237125787313918,6.6767849280255405,0.8397552001960357,3.168138165560569,2.6732378899834424,4.2113480348389025,4.618372648665847,0.6865253042510584,4.368947727425339,1.0898069687063714,4.4940911283701555,0.0,1.3763702799221973,2.552728836290612,1.9345747165344218,2.650272772182541,5.556422574095144,1.8858719623950215,0.8397552001960357,0.5055517412632825,5.053643696683464,2.1086119189796158,6.6655333880121175,4.673230622893001,4.80445537662701,5.108814082777783,3.5613443335773534,5.086700872697057,1.5988621860619157,10.242367602332935,0.284351532355325,6.160567876787423,0.0,0.9725576373274578,8.594522683184612,0.6865253042510584,6.677191767724347,0.9725576373274578,0.6865253042510584
TCGA-95-8039,2.327141110889933,2.021693248012633,3.805119077099291,5.53195763407321,3.541712663394357,0.0,8.499981923645857,5.20465482863602,5.287847750889849,5.908748477518043,0.7683010341603695,2.9091389909688954,1.579720697645951,10.898576525749014,6.142798406275447,2.1641387847925855,0.32598890660636765,0.7683010341603695,2.67328620866587,0.7683010341603695,2.021693248012633,6.731930571881568,3.3584881908399757,0.0,3.6169402822578514,6.397954130262335,1.9140213487610105,2.7500554952472402,0.0,0.7683010341603695,0.7683010341603695,0.932715110288297,5.307836911556999,3.783443901383406,2.8662099766121445,0.0,1.96930575364695,0.0,6.749689946892283,0.7683010341603695,0.0,3.871482221364524,3.2746321451230544,2.364047011238796,4.291304289642828,1.1975824293039217,3.0645071212754886,1.4969856429625177,0.0,4.027242758681365,2.530572891971132,6.5809594743210775,1.0044114932692827,6.868294857101014,0.5713749486300341,5.970626433881245,3.08233189911897,1.855516435030806,4.828993506207058,6.192078195488434,3.9412264047157164,6.7532943843765825,7.022868086082641,2.279388111389843,3.7154507886054873,6.14362753850509,0.0,0.5713749486300341,3.6169402822578514,1.96930575364695,6.163289540557628,0.0,3.6169402822578514,2.7500554952472402,5.394844986789103,1.579720697645951,3.472398036423277,3.331311254197989,0.0,2.7981529061210373,1.6561115526317722,1.6561115526317722,5.754003360886291,4.437514556796925,4.70448144171129,5.326049258285926,5.860512681783247,6.470336548338052,0.5713749486300341,8.961185182289448,0.7683010341603695,5.156984190431393,0.0,0.32598890660636765,1.9140213487610105,4.554161061746695,6.649415804171597,2.67328620866587,4.784905066885279
TCGA-95-8494,1.9074811224355315,1.0688401303344395,4.227694688418857,7.874035455601207,3.0017391958173922,2.3570922174927067,5.724532365574798,3.032922079657102,3.4117415955378267,5.709860631843299,1.0688401303344395,2.1573512068039933,5.994597135425777,11.038373909568461,1.0688401303344395,2.829305719225199,0.0,0.0,0.0,0.4930485436633096,1.9074811224355315,6.112810118281136,3.4529260812471043,0.0,5.15377702578989,5.901438630957481,1.4319128341236875,2.3570922174927067,1.2667785751183274,0.0,0.821848175575679,3.6858323163013926,5.627613919420154,0.0,1.0688401303344395,0.0,0.0,0.0,4.14031806490963,0.4930485436633096,0.0,2.7909442245240936,6.259560431338957,1.2667785751183274,3.9135378574602124,0.0,1.9978924917088585,0.0,0.0,2.86625550695528,0.4930485436633096,2.471052793416097,1.0862022685914283,6.092853938277932,0.0,4.7232731704553945,0.4930485436633096,2.5733447862498773,2.0807906312491316,7.091542427937702,5.307103653828655,6.713174888792242,8.322415984074915,1.2667785751183274,0.821848175575679,3.1487623257125463,0.0,0.0,2.523510185346878,0.4930485436633096,5.709860631843299,0.0,1.0688401303344395,2.901883026068173,5.469982343153462,2.829305719225199,2.3570922174927067,1.0688401303344395,0.0,1.6977051671457324,3.926186231740234,2.2948452172838243,4.783709599486586,4.374421539105333,5.4091205440145425,3.5671862838352126,4.180097091639948,2.829305719225199,0.4930485436633096,7.751505425095116,1.9978924917088585,6.9332865641785455,1.2667785751183274,0.0,3.6025451206059076,0.821848175575679,6.019352050594873,1.4319128341236875,0.0
TCGA-95-A4VK,1.5901123713142105,2.616599895722203,5.27423469290708,5.323019735188379,1.6849905548347721,2.5426250919679854,8.747634846665886,4.412837080467193,5.9041185686909925,5.456538322977796,1.4853022414499402,2.651635040392973,1.5901123713142105,10.026129873828483,6.431031520161119,3.6652857999474917,1.3682067623212346,0.0,0.3974329364109001,4.001583962807069,6.03145419532414,5.204358273614653,5.185417389332586,1.0825506551207593,1.2355296092301535,3.937074577974927,1.5901123713142105,7.51323996152825,0.6811252053326199,4.394930520278905,1.0825506551207593,0.3974329364109001,4.88554059324448,5.449741475514113,1.7716247868076742,2.685477340249818,0.0,0.0,5.7643004241166755,3.600788403577437,4.911772143292383,6.703855375234632,5.096923076020776,8.517295186214591,4.280191840792495,0.0,2.651635040392973,2.7806374937992673,0.0,3.0449889955350655,0.9018266292633327,5.81505249474631,0.9038132103630425,6.241142915550341,1.0825506551207593,6.793105080861596,0.6811252053326199,1.3682067623212346,6.705051406905383,4.725279402874711,5.519114166393777,7.363831115249182,4.93179408655449,2.5161791930921074,2.1187343676175434,4.470307622033741,0.0,0.3974329364109001,5.311046012524761,0.9018266292633327,7.0031290931253904,3.2154339082633436,1.5901123713142105,3.2538645187239523,3.946550028122708,0.6811252053326199,0.6811252053326199,4.470307622033741,0.3974329364109001,1.7716247868076742,2.375919194358424,2.8675295156475324,5.177188740640557,5.356425884451698,4.877545708622484,7.323434709497273,5.108789909503753,8.55718860441209,0.0,9.537036405440263,6.666667946646033,5.3037923514283065,0.0,0.0,2.7806374937992673,2.685477340249818,6.6229703391193455,2.616599895722203,5.7124481523128505
TCGA-95-A4VN,4.151494920474048,1.7284291068615616,4.715807753483603,7.382597184868122,2.234006421428748,2.372735960411498,8.693022049518191,4.854947878539707,4.699088488489557,5.525914983767142,1.0482659142313713,2.072882578632456,4.624708072361132,10.898086565758774,3.125413137398442,2.372735960411498,0.3806258180945189,0.3806258180945189,0.0,1.1987290800028825,1.445082002602979,5.467034298682945,3.327346299586275,0.3806258180945189,2.282423201170093,4.642706789516818,1.7284291068615616,5.418945240700281,2.4555722390354693,1.6426018588125324,4.907649733775832,0.6556529761323648,5.462131207286251,2.0128342153731533,1.7284291068615616,0.0,2.234006421428748,0.0,6.823305708670947,1.7284291068615616,3.9908951821436953,2.5682209231267272,6.782676065839259,1.6426018588125324,5.2662176388879285,0.0,3.422417304773554,0.3806258180945189,0.6556529761323648,2.731669066700844,0.8710841390360758,5.437252880568814,2.1150982188878706,5.333269366309892,0.8710841390360758,3.9679476584981774,0.6556529761323648,1.6426018588125324,4.897332208461578,5.344389554650419,5.687375276361147,7.111218435529467,8.141906111265524,2.0942069938803094,0.8710841390360758,4.568656605243067,0.0,0.3806258180945189,3.3917192726280447,3.0838805040806836,7.099820874725485,0.0,1.880700926857586,2.4555722390354693,4.2618316300576,1.0482659142313713,3.2405746923796572,3.1846528422287768,0.6556529761323648,0.6556529761323648,0.3806258180945189,1.7284291068615616,5.3748801802539985,4.075793551327226,5.023854204710537,6.805507690911549,3.7646615598379887,8.02247382931286,0.3806258180945189,9.08787551869545,1.7284291068615616,5.047937501426906,0.0,0.6556529761323648,2.897987131634115,1.1987290800028825,6.995225717253678,3.018154016988721,4.372948048740675
TCGA-95-A4VP,1.743549136923632,2.485548110674635,5.801235810804914,6.220912185841538,2.181851458599384,3.1361679019952025,8.800034064148496,6.192380894213479,4.733545810452266,5.687192281962298,7.12214865896354,2.055955388524516,2.485548110674635,10.797788266518667,5.137614434187684,2.6464868054421347,4.7697689511274755,0.42146968224988,0.9448781887260677,0.0,2.345184706612863,6.540149380678985,3.6835930054346,0.42146968224988,3.0406482761748226,2.935026398436596,1.2867226137216816,1.5409877507963712,1.9865172633476087,1.4219269137485964,4.0806461661397,1.4219269137485964,5.136909584203437,2.8844766379937576,4.165509517470672,0.0,0.0,3.917462186228338,4.760831153328223,0.0,7.45132878920793,5.710022962245655,4.007156806042213,6.937779992087832,3.495743633384075,2.120883344079497,2.239304447066303,1.2867226137216816,6.0534623433358,3.572224844045852,0.42146968224988,5.8537243097094045,1.690851987046314,5.732344016044355,3.1131285677688765,4.830152046575941,0.7170590006062582,0.42146968224988,5.242698942785024,4.894977498516504,2.120883344079497,7.297822444910205,2.718185333360395,3.6154562474547993,1.2867226137216816,5.846175734685292,0.0,0.7170590006062582,3.759668711133806,1.4219269137485964,6.811053831814046,3.244013216578453,4.390428737938025,7.662496023547089,3.987907541414544,2.816922543073153,3.8189225823121338,3.2840903674517747,0.0,0.0,3.412928304537854,3.8416756456073258,6.002940940657687,4.055808148216077,2.569255457506144,7.442609880547489,4.804717523447114,7.490568485607381,1.9865172633476087,10.782556052961477,4.220899383401406,6.386618342550216,0.0,0.0,3.83036382530003,2.6829785166731868,7.168102125213859,1.130337028362351,5.894972919669168
TCGA-97-7546,2.958404168287992,4.040337061390746,4.821675754562116,5.355906798597401,3.837452464767645,0.0,9.560215247769461,5.749876945214175,6.012785628811666,4.980670809576782,0.419959554258617,2.873649381751776,0.0,10.442095644514566,7.915154649261452,0.0,1.283596962881548,0.0,1.5375981352110557,0.9422703208331028,1.908223116355544,6.187002547342985,0.9422703208331028,0.0,3.260102217608472,2.873649381751776,1.9827929666240312,2.3412864405311207,0.419959554258617,4.72927100016476,3.132040432392388,0.7148108201959716,4.015046993530213,1.1474976863979203,3.8261426249843713,0.419959554258617,0.7148108201959716,1.1274264771840703,2.7141581760530777,3.814703408095999,3.626370871256835,4.743008540323045,1.7399923784061722,0.419959554258617,4.040337061390746,1.1274264771840703,2.2897733722667097,0.419959554258617,1.418640537159102,4.796137592806907,2.958404168287992,4.20892098069099,1.1865010584138962,7.481854248889227,0.419959554258617,5.779344389323061,0.419959554258617,0.419959554258617,2.0521988052859617,3.0612812215383776,3.0111675346377287,5.8418734565367405,4.040337061390746,4.11198472235167,3.260102217608472,5.2272616545822,0.419959554258617,0.0,2.235451206808414,1.908223116355544,6.219726974592039,0.0,3.08542671457268,2.2897733722667097,4.8708826850108755,1.1274264771840703,1.908223116355544,4.093961155397763,0.7148108201959716,0.9422703208331028,0.7148108201959716,3.3555652257314144,7.132952719620884,4.45955348793036,5.198845037003147,6.761870178277177,4.8132325862741965,7.915917558061502,0.9422703208331028,10.439477872565407,2.390275406121034,5.066511404655174,0.0,0.0,0.9422703208331028,0.0,5.974125083731279,2.604621152294131,4.246972654930234
TCGA-97-7547,0.36304461444640973,1.2881576905513838,4.85829186908865,4.776910963237859,3.7513846594653333,0.0,8.433948529621237,5.624663506870241,5.943712344070469,5.8772818972770455,0.8385886162101182,1.8329334018108443,3.2892746408851283,9.930309603579328,8.85535400159435,0.0,2.5508114246757185,0.8385886162101182,0.0,0.8385886162101182,1.682093401673619,5.8967169590192565,1.597203374765758,0.0,0.6288219700033877,1.682093401673619,2.0235720027659916,1.7603547977509608,1.0118554247418277,5.847400739966747,1.682093401673619,1.0118554247418277,4.125369926076709,0.8461257451570259,5.753391351208217,0.0,0.6288219700033877,3.272822196731218,5.460270385948895,1.2881576905513838,2.7312262170866357,1.7603547977509608,1.9639745718711226,1.4021184964667759,2.9867117103329077,0.0,1.8329334018108443,0.36304461444640973,0.0,3.111134700029828,5.0093878496942486,6.674430070060788,0.36304461444640973,7.456806890556925,0.0,4.488350935741307,0.6288219700033877,0.0,1.597203374765758,1.597203374765758,7.3861176266029664,5.412623252810052,5.090714924165075,2.6887110663767517,9.775568950121466,5.607143078501774,7.721131390445361,6.397975774509169,4.432720937201622,1.0118554247418277,7.423652022855931,1.0118554247418277,2.2776467002021947,1.2881576905513838,2.616877450321896,6.182506305518989,1.7603547977509608,2.869715432970504,0.0,1.0118554247418277,0.0,2.40394059929799,6.928351708780787,3.4594631451270987,4.199495555931737,5.965284829324597,4.3902254324882435,9.031097670638761,2.516066112037102,10.050065344580037,1.8329334018108443,5.219425662881838,0.0,0.0,7.941896599786458,0.0,5.869771376829258,0.8385886162101182,3.9297843350067883
TCGA-97-7552,1.952374921595478,1.731708641093868,6.151218783360957,5.030869200927065,4.01474203543252,1.731708641093868,9.761267090476608,7.1080067956920585,4.987407607976952,5.200886439548237,0.38185524246903063,3.2261215113670465,2.9269875855526846,10.75712385392537,4.69882445006588,5.606224771061395,1.3324187881505727,0.8734249836446637,0.0,7.407129585978998,2.016302041455972,6.439359955718703,3.605704345591337,3.7246808665773194,2.901767688031483,6.9531109807029345,1.5518723568996897,5.161684024993471,3.666960990012914,2.2375771283517794,0.8734249836446637,5.120875882804026,4.130703813500612,0.38185524246903063,3.0443557571663242,0.6575718150460252,0.0,1.4481417644459706,7.7994130964839465,2.286008456589244,0.0,7.144636041265439,0.0,0.6575718150460252,6.585610117911968,1.4481417644459706,4.291558836591692,2.1330415485593064,0.8734249836446637,4.110700078581667,3.129239915896478,4.218991395440583,3.719619597132562,7.253357142019683,0.38185524246903063,1.569448904217737,1.952374921595478,0.0,7.3606254654870265,4.543367120079093,7.149759837937266,6.610957114270054,4.304205623869814,3.432615296107117,0.38185524246903063,6.032462526142054,0.8734249836446637,0.38185524246903063,6.756837035864355,3.1884867180191687,7.160286744150895,0.38185524246903063,6.004170977417476,6.182436084715841,2.5719173323329443,2.016302041455972,2.1866802923494344,5.2701956312310125,0.38185524246903063,1.8840955337631282,1.5518723568996897,2.076374342630366,6.671650593893009,3.6280673147171787,6.032462526142054,7.813611762934144,4.125835154313469,8.11036114947957,3.262387319438638,11.886893026018395,1.731708641093868,4.851670824328947,0.0,0.6575718150460252,5.474922616345882,4.66873635954894,6.813998292348567,3.8106146696087477,4.996881137863593
TCGA-97-7553,3.553386138175873,2.936969043272947,5.246260622912521,4.8399023294327375,3.9578296757836924,0.6381100446300367,8.919178920164876,5.50577859046014,5.334007817189409,5.870993213715093,1.3025866120464054,2.46088714394378,2.783763550614517,10.99096979809746,4.615199721625269,0.6381100446300367,1.6983092253367325,0.36914684543405274,3.914246531560685,0.36914684543405274,2.593798423209644,10.256616717624363,0.6381100446300367,0.0,3.0274489401055598,2.9832345007240106,1.9810704320058128,2.46088714394378,0.0,4.727945185478516,0.36914684543405274,1.6130713036665212,4.3677768368445875,2.498283446829639,3.2581773039905926,0.0,0.0,1.4171387444148718,6.740708467019798,1.4171387444148718,2.871166285600775,7.24725151014809,1.7768319393103646,0.6381100446300367,4.735812408978587,1.5198851269817877,3.591013009847814,1.024570980958931,0.8498944862344695,4.541856514415933,2.936969043272947,3.553386138175873,2.1301108914544242,7.477920935126853,2.249490176659867,5.753562624818227,1.4171387444148718,0.0,1.6130713036665212,4.007740375046718,4.4575398689840675,6.892198903584357,6.07115103749752,4.47187419422604,0.36914684543405274,4.871181637529477,1.7768319393103646,0.0,4.1581281109397015,2.4220289709102847,6.735948646103935,2.3394761715777945,4.078225342842204,2.0972200630314783,3.308405694457947,2.150587094484863,3.386888834231465,3.500906960811132,0.0,1.5198851269817877,2.150587094484863,1.4171387444148718,6.113529513312034,3.9742407105544215,5.139655694142258,6.612532849356371,4.245000571366226,8.350888280597708,1.3025866120464054,10.809075210316996,1.7768319393103646,5.210349168314558,1.8496509476438325,0.36914684543405274,2.6973531915538747,0.0,6.908964547522122,3.500906960811132,4.2190649601201535
TCGA-97-7554,1.7921760491132712,1.7921760491132712,5.788929058443717,4.924118340313871,3.8182023157823908,1.09894556645823,7.177896913456929,4.443145252101449,4.443145252101449,4.673324038930735,0.0,2.01534292377065,2.4428077987666623,10.573621958787001,7.888083156326086,0.0,1.2531343281042806,0.0,1.09894556645823,0.9166106806850751,0.6933971493151526,6.423746838575171,1.2531343281042806,0.0,3.989474666931158,6.420494803188793,1.7921760491132712,1.5044773167976009,1.5044773167976009,6.760913987040178,0.40566508811083063,0.0,4.571435516938454,2.575744723403493,1.5044773167976009,1.2531343281042806,0.40566508811083063,0.40566508811083063,7.2739388720886256,3.3677784721167106,1.8995370614014861,3.7381575944417293,2.25174432777867,0.40566508811083063,3.4662201605280236,0.0,2.3518322955626583,1.2531343281042806,0.40566508811083063,3.3146695241217903,2.1405131224187777,5.951142427629378,1.3866692908249638,7.460703171545267,0.40566508811083063,2.381387031231449,0.9166106806850751,0.40566508811083063,2.3030349917744104,4.119529736410917,5.994460056087781,5.597065483846251,1.8722328533779318,4.6663875732608355,1.2531343281042806,4.197695059145061,0.6933971493151526,0.0,4.924118340313871,1.2531343281042806,6.9674665426374975,0.0,2.01534292377065,2.7085167589138526,2.77305736241082,0.6933971493151526,1.7051661866429595,2.4428077987666623,1.6098378324554272,0.6933971493151526,1.3866692908249638,1.09894556645823,5.8323808867812055,3.4043424308062282,4.127626199568371,5.57455039814165,3.3503881806088325,5.525950823135099,0.40566508811083063,11.382614025584804,0.9166106806850751,5.539799729204389,0.0,0.0,0.6933971493151526,0.0,5.666648116882469,2.3030349917744104,3.951733982997571
TCGA-97-7937,0.7908635540660146,2.0579752813132397,3.285154081787491,7.9792840992405045,3.02948614765921,0.33775712508408734,9.810494685686963,4.068219590962325,6.038443548301976,4.278232946456166,0.7908635540660146,1.1015413281739896,0.0,10.511343693658675,7.264926099953529,0.0,0.0,0.5897292213614567,2.3263699766499664,0.7908635540660146,1.5295068651929724,7.899097823167011,0.9582384924819115,0.0,2.905588723701025,2.155661567591245,4.283789299928568,4.068219590962325,0.0,7.39397053677541,1.7615064260570341,3.5709964134572196,4.657601332775998,3.032011163786352,0.5897292213614567,0.0,0.33775712508408734,0.5897292213614567,5.9398211914561365,4.442292368568338,1.0934992392812866,4.545527394518457,0.9582384924819115,1.4384360455228369,2.244648729570951,0.0,1.7615064260570341,0.0,0.9582384924819115,2.948619701439798,0.33775712508408734,5.508910489683787,0.0,7.462249402126681,0.0,0.0,0.7908635540660146,0.7908635540660146,1.5295068651929724,4.134694445315292,6.222602061389511,6.440231771689832,4.829481055720974,2.3477114106101555,0.9582384924819115,2.7641406374497532,7.611590142246923,0.0,1.612971661382239,0.7908635540660146,6.523845672752176,0.7908635540660146,1.1015413281739896,5.578068068673537,0.7908635540660146,1.226888228896677,0.5897292213614567,1.3382589120813337,0.0,0.9582384924819115,0.33775712508408734,1.5295068651929724,5.555023345375162,4.826912756386673,2.4721337559156855,4.184864499232533,2.599335919705703,8.016690766273317,0.33775712508408734,8.758747028620023,1.7615064260570341,5.285556289245423,0.0,0.0,3.438255501685419,0.0,6.024645422492211,1.4384360455228369,2.5377599766918024
TCGA-97-7938,2.110310165342302,2.8515269740725975,4.42094922647033,5.5260543518723795,3.601399785674798,1.6543347933163828,9.072407306186241,6.838107192888969,5.549826775818914,4.6703959709057985,1.5315628537111345,1.7636685890615293,4.376383240638586,10.110713081696224,7.599891949148389,0.7923135520544441,2.885828117846292,1.2287337072673952,1.5315628537111345,1.2287337072673952,2.180982271234797,6.257372525198838,1.6543347933163828,0.4726251899506871,2.246987812891636,5.987915757596735,2.701179988477559,4.928412433838423,0.4726251899506871,6.939079512224163,1.0341448761133745,2.4745279772096125,3.9792572647962214,5.598499733751618,4.720086895431335,0.0,0.4726251899506871,1.6543347933163828,7.962025496032838,4.751899106856658,3.253787266433384,4.562930520380216,1.9519348213590964,1.6543347933163828,3.6957284461300985,0.7923135520544441,2.110310165342302,1.2287337072673952,0.4726251899506871,4.470550201061913,3.124666239187909,5.900858535334891,1.2287337072673952,7.801595882018701,1.0341448761133745,5.62449753535923,1.0341448761133745,1.0341448761133745,1.8622334655301376,2.9189970069288798,2.367220484439537,5.494278809046026,7.55251546408922,3.3389779471410512,2.701179988477559,3.754006864322297,7.526496750761517,1.0341448761133745,2.6597769033343233,0.7923135520544441,6.880594748586264,0.7923135520544441,2.740936793436429,1.5315628537111345,2.5241594137097016,2.180982271234797,0.7923135520544441,2.8515269740725975,0.0,1.3915554970413615,0.7923135520544441,2.8515269740725975,6.4046084311431475,3.85936035284484,4.413658529292176,6.28815591371735,4.550245041251143,9.092934265273156,0.7923135520544441,9.505320746909074,2.5241594137097016,4.42094922647033,0.0,0.7923135520544441,2.779173246601093,0.0,5.3884094100745745,2.367220484439537,3.2256210247724204
TCGA-97-7941,2.429288226024988,2.657591645942209,4.967358901113941,5.397954535056238,1.9201966584033563,2.7444335594353313,7.79878563712006,8.251332621991573,5.7331308987827665,5.558548588466149,0.4988947328980257,2.611172126125723,2.765010076716231,10.286441167682193,6.239091908727079,6.92301820564805,2.680021028380707,0.9621432520562443,5.835547307833004,2.537230246565049,2.613541699867732,7.621547868852613,2.0531873980341993,0.28027974268501893,3.497195203774186,5.325095607580642,1.9201966584033563,3.176627814069867,1.2775113286607345,3.2292062814842177,0.6782365678241912,5.4310678293262065,4.392591875441092,1.086337257792497,2.8803214220426634,2.30825896608985,0.6782365678241912,1.1830147097344585,9.110752053974776,3.9778257271273394,3.5647947294578306,6.364136110164006,0.4988947328980257,3.190031807107353,4.488428482956642,1.5854525496835892,2.915979940384364,2.370598818607427,0.4988947328980257,3.747221472772819,4.1292965619839554,4.55521599460177,1.6496197020669323,6.512453845304415,0.28027974268501893,4.331300284806068,1.078681653179231,0.6782365678241912,5.867176021564637,4.274414975982729,6.552466516706668,6.576628330818166,5.705530945190318,3.6399859096009406,2.2067897955391786,5.4753918481550015,6.728841509081028,1.7099165310003195,5.821269170111868,1.7667663948368904,6.524388690004115,0.9621432520562443,6.471772714270137,7.555062688678721,3.989866989988315,2.8803214220426634,2.4003740163555007,3.477411230139115,0.4988947328980257,1.1830147097344585,1.1830147097344585,1.5169058700299523,5.853345504433742,4.541245876184114,5.7362690256905,5.780172365062478,4.292264660074852,8.024999575398121,3.6512165269817203,9.821496280977803,4.22361689792624,6.004694148735931,0.4988947328980257,0.9621432520562443,2.2417729535972883,5.699054649415971,6.196831018319511,2.370598818607427,4.134489527609845
TCGA-97-8171,0.24756295585495333,4.9071323114146,3.5139217177202675,9.175113114354359,1.9711461679806834,0.0,8.220308908199657,1.8009669499789682,3.703797622821144,3.931688368402049,1.1777006949870734,1.2606461005153426,0.6111776176926946,9.652265977087122,3.7962349784179774,5.594488306395724,4.213070856573796,1.0872142437157404,0.0,0.24756295585495333,1.0872142437157404,6.662662598283581,1.4084227131928917,0.0,0.9877552130824594,2.6920630854747603,0.44577497151166307,0.9877552130824594,0.0,0.44577497151166307,6.132892492233902,0.0,4.568821504600385,3.4562504326320855,1.5371252508224744,0.7530185775973356,0.0,0.0,6.564712704888978,0.9877552130824594,0.0,2.0095286042048097,0.7530185775973356,0.7530185775973356,0.7530185775973356,2.2728060665049217,0.24756295585495333,0.0,0.0,4.879767018891217,0.6111776176926946,2.0464792039770088,0.0,7.047273713450783,1.0872142437157404,3.0811573931022487,0.0,0.0,0.6111776176926946,0.9877552130824594,1.5371252508224744,4.6873859155538335,0.6111776176926946,1.698492201257612,0.44577497151166307,2.0095286042048097,1.2606461005153426,0.0,5.211004125820314,0.0,7.063980947387961,0.0,6.026213739434801,4.603794239808161,1.595744585302098,2.0821254368089934,2.1498068043403995,1.3372616675425792,2.5042516560517765,1.1777006949870734,4.026215603169602,0.9877552130824594,4.715449584083559,5.3720277596776915,1.1777006949870734,3.106616008117621,4.961683116803407,4.487613374741037,2.7829350142939253,8.678480062241334,0.8772588009003968,4.747624153783025,0.0,0.0,0.24756295585495333,0.24756295585495333,5.265716692501955,2.3823292945806114,1.931231514514649
TCGA-97-8172,2.3538768873804714,2.8259635986314855,6.148019477264904,5.369767882218633,1.8805331812814825,0.0,9.543478485151333,6.335252813343635,6.4296339905142155,5.580073163265648,0.7219775622278223,2.0301856440734216,1.8805331812814825,10.71629600376423,8.104727637263329,0.5843920207229079,2.841519925158599,0.7219775622278223,4.37691609809926,0.42474472284012066,1.6032789851185165,6.043777071903707,1.218348970270443,1.218348970270443,3.6034223232033202,5.613449222707917,1.7514928759994999,3.0371860684463514,2.6175272110648953,5.075405038499667,3.528637342462861,0.0,5.179590135279236,6.0167618548821435,3.744333082298903,0.23475586664237577,1.0481256863608521,1.9581633425496348,3.8788177629970435,0.842902500644782,1.68799027933209,4.994505912166372,1.6551566980790462,2.064340594144596,4.141881560554742,0.0,2.9014380774633812,0.5843920207229079,0.23475586664237577,5.347345597615391,3.369008156222221,2.9441336694062636,2.6025415263212146,6.710272164448267,0.42474472284012066,4.9220153513308365,0.23475586664237577,0.42474472284012066,1.3637419566493791,3.828323954805467,4.203055459079547,7.345726298646561,0.9507694502903974,2.798463562552753,0.5843920207229079,5.034911559863715,1.7963821017134987,0.5843920207229079,2.3787031863569137,0.7219775622278223,6.249594861043412,0.42474472284012066,5.35487726798183,2.8867931400525433,4.21485424755871,1.6032789851185165,3.110586580222965,5.422775849522799,0.5843920207229079,1.6551566980790462,0.5843920207229079,4.799107352954275,6.589453161369694,5.020130075658045,5.101517503073388,7.670255932671113,5.137896235132408,7.038950194167862,1.218348970270443,11.796057200323192,4.154420013664242,4.9927089055628,0.0,0.23475586664237577,2.6366544449989484,0.0,6.919832060207586,2.841519925158599,5.504412414482632
TCGA-97-8174,1.909409162661426,3.6292541765366666,4.7463311492769575,5.038957085600706,2.0597744052043603,2.9480430031785505,5.772397052376865,4.700107569039614,5.242154339499185,5.312052604801756,1.5754053176898926,2.0940715000358336,1.8248073232742554,10.539887117220028,5.212770371373247,1.2423951219232126,1.5171033012313044,0.8623834978052445,0.7396012849318295,0.4366407255766141,1.8679949385586374,6.955306580840359,1.7323632592713987,3.9497137025497726,0.8623834978052445,1.3891403075698094,1.6827441347008303,11.323161078911669,0.0,0.7396012849318295,2.9480430031785505,0.4366407255766141,4.82600707901038,3.941880792095606,2.7589587548198935,0.0,0.0,0.5995505318223611,4.517613569473313,0.0,0.04545126290391737,2.3060092239607393,0.9717632809979795,4.073541334492233,3.189245140043165,1.3184704489907901,2.826034697945407,0.24200455895512835,0.0,4.359296501410646,1.909409162661426,4.1190761984412845,2.495566299971817,6.804879451705713,0.4366407255766141,2.7930590187521185,0.0,0.0,6.292666685182857,4.236535436410571,1.7796531492330072,6.938459056557143,1.7796531492330072,1.8772641561745314,0.5995505318223611,4.8218529110400645,1.6827441347008303,0.0,1.8248073232742554,1.1600522642677986,7.04798667636344,5.040731168916978,3.3455648618770404,3.131193677507872,4.572834993138565,1.8679949385586374,3.1548193208750317,2.687051258506152,1.2423951219232126,2.0597744052043603,1.2423951219232126,4.638498573436535,5.81166181540898,5.071008904019684,4.359296501410646,5.893424394316057,5.051303676818823,4.8393328037847345,0.24200455895512835,10.373106732890857,1.6305142380360165,4.614374694230252,0.0,0.0,0.8623834978052445,0.24200455895512835,6.136082073337254,2.7589587548198935,3.0438031314656464
TCGA-97-8175,2.5782375994807194,1.5740386880822348,4.280883601808358,7.751402197068615,1.9825037880955871,4.012065606007596,9.880116566212887,2.5782375994807194,5.47464180988465,5.231573749305426,0.5280956349309447,2.5239911357140565,6.505523936612941,11.3747375331902,6.740365683496054,6.364451228348846,4.119389958105583,1.007629399289543,3.8027905590673994,0.8718371511198502,3.8027905590673994,6.7103111503280735,4.179723774622149,0.0,2.2351410214969447,3.1762396857823365,1.933403696963128,6.168610232157873,2.0739892046681017,0.5280956349309447,0.5280956349309447,1.5740386880822348,4.584984825458891,1.578359956863239,3.661328385026646,0.2984736335299796,0.0,0.0,6.348759548771185,0.0,4.225347970518475,7.180069874302796,6.382845943702673,2.1578136238661743,2.4057732507902148,0.2984736335299796,2.1972245773362196,0.2984736335299796,1.1271997455200222,4.368345979805462,2.0292923294227725,7.658166145618492,0.714664024022195,6.861073440730861,1.827351812931178,3.1467738393772158,0.0,1.1271997455200222,2.8733216722124957,5.6017977361271765,5.610745708687206,6.465197152571771,7.684264268285111,1.6609481832805566,2.1578136238661743,4.012065606007596,0.0,0.0,5.661601918820405,0.5280956349309447,6.977887501162515,0.0,2.3069256590924656,1.933403696963128,5.156304392501065,0.714664024022195,3.1467738393772158,2.2351410214969447,1.4992435101263888,1.6436267561707985,3.1616152881668316,0.5280956349309447,5.034976625482414,4.01777664380311,2.604295802355222,5.074905029114074,4.683334206957445,5.6395923372704075,0.0,8.493599025312568,1.5740386880822348,5.287610249404349,0.0,0.2984736335299796,2.833213344056216,1.330411603872217,6.9412190681871415,1.7086857838901581,1.330411603872217
TCGA-97-8176,1.848706749669805,2.020328277187329,3.8327849739158917,8.24915687121129,2.509420384592077,3.7096497503224013,8.851746445109779,3.806702488970341,4.912493107944848,5.2599247104608535,0.466622921086258,2.166765369851511,4.19581903699427,9.878795189945725,5.2380629886828505,4.781884384224101,6.251736239056597,0.7835361802876261,1.217431824010092,1.848706749669805,4.101028839250689,5.524416545687879,3.0548027471309793,0.7835361802876261,1.0238528222868213,5.406243089247176,0.466622921086258,7.059170793080209,1.3795466464125088,1.5190097959413689,0.7835361802876261,7.401225159388274,4.587029636674734,4.134808092501726,2.64486898063741,3.7524010521103977,0.0,1.217431824010092,6.646957886329618,5.0884724945026045,0.0,6.146716762878841,6.94906995211635,5.205977271671508,2.72594250816601,0.466622921086258,1.6413822166166054,9.340359353299917,1.0238528222868213,3.026377863668378,1.6413822166166054,7.141545948040107,0.466622921086258,6.44210695162509,3.0824465230722917,5.099409006149683,2.72594250816601,1.6413822166166054,6.563285547481767,5.231728745390749,4.791799119368349,6.364325537371141,3.7662547612818935,3.7316802894366305,0.7835361802876261,4.159345476439513,0.466622921086258,0.0,6.15936385139546,0.0,7.060699517065415,7.948731392641781,2.166765369851511,2.2944823542908597,1.0238528222868213,2.2326667934305933,2.407710581035045,0.7835361802876261,0.466622921086258,1.9381947474576007,2.020328277187329,1.3795466464125088,4.835249628303414,4.111799664995644,4.984202334647104,4.796723994095624,4.565795060913903,8.36694455537109,2.020328277187329,9.531452384912567,0.7835361802876261,5.649108032027309,0.0,0.7835361802876261,8.032084046154884,3.779919164794809,6.006530483780349,2.2944823542908597,2.509420384592077
TCGA-97-8177,3.024037863668686,2.880708552485208,4.932356585217161,5.80733435572009,2.954936320361324,0.5228332428902677,8.449860369855068,4.3424135445508245,5.339545678510179,5.907425113153839,0.7081343103681936,2.990086365367165,1.2248924545784394,11.48960975401558,6.947120212504392,1.3210355806578362,2.454928426268314,0.9995283304442107,2.880708552485208,0.7081343103681936,2.2602202422162763,6.786670674139308,1.6333302048537026,2.1465042182051204,3.9544616125258516,2.566425190960256,2.1465042182051204,4.31065146347732,3.8056842336560206,5.914866939921734,3.774653399133662,1.698236025592899,5.012560107121218,2.669593462712545,5.149585312747638,1.563917397132291,1.2248924545784394,1.4893246639393536,8.698422485241455,2.4839895627255166,3.8590082301422552,5.507508027444013,2.0181909427305906,1.4893246639393536,3.6308397697161947,0.5228332428902677,2.4249973970340912,2.821182438543166,0.2952037138506271,4.49534304311981,1.7591846232958763,4.39884810705391,0.827590657109436,7.570376239502805,0.5228332428902677,7.024293095230089,2.0628166101562635,0.7081343103681936,4.066440506798227,2.5122299454368906,5.117185102265301,6.744311215797776,4.753943576934099,2.7460522232352176,8.849678921038423,5.744508464568161,6.581286639122172,0.2952037138506271,3.6925825890383175,1.2248924545784394,6.28482608581476,1.2248924545784394,7.135257318273299,4.961634107663192,4.723903880736004,1.7591846232958763,3.396057528552294,3.484109813888357,0.9995283304442107,1.4087161045546208,2.2602202422162763,2.841420747458332,6.192323633914278,4.577531738684135,3.8132959949004808,6.357060331760674,5.409536685848843,10.735642042981658,1.563917397132291,10.746962400228183,3.484109813888357,6.176752533030538,0.7081343103681936,0.9995283304442107,4.939754928126091,1.9224806669510648,6.5543037058260065,2.4839895627255166,5.354262822830085
TCGA-97-8179,1.9199621058845062,3.295807235935733,4.1567526906838275,8.04039211176205,1.9199621058845062,1.502387080106744,8.796257235106141,6.765180835230267,4.7523998277325035,4.608567408886199,0.0,2.405980679442266,2.1703100536842266,10.094752332560505,3.7590862551568343,0.32786386208461277,1.7328230050047453,0.574419949291144,1.0784776062477288,0.0,2.4736181740181435,6.486198897974028,1.2024616631269844,0.7720045706374398,0.574419949291144,3.205624411432376,1.0784776062477288,5.930235211238854,1.9199621058845062,4.313869574513595,0.0,2.7809226484045864,3.4696438816931807,3.1225190976240946,1.6617456920574454,0.0,0.0,0.0,5.574846222469669,1.7328230050047453,1.1248971289259337,5.05621395770742,7.8905600793145965,5.475936216261774,3.4549213861455508,1.312728549662802,1.8613943568007896,6.002824774678617,1.0784776062477288,3.6543061251222544,1.9753025019386905,1.5852476736328827,0.9060787667977382,7.288360593859359,0.0,4.86624130701358,0.9369557323177389,0.574419949291144,3.5027908107507377,4.054476973223079,1.0784776062477288,5.401771566339828,1.8613943568007896,3.3171380068598193,4.094066190146856,3.60278765418369,0.9369557323177389,0.32786386208461277,2.7565736630430977,1.2024616631269844,6.819187418573139,1.412059569005917,2.3334246281450173,3.53724518879156,3.351705971677339,1.412059569005917,2.1703100536842266,1.0784776062477288,0.0,1.0784776062477288,3.8456630932311544,2.5672160174150735,5.005515543846027,5.319770591642174,3.3241471365474706,4.5650958285842105,2.8505908878843202,5.788650445079189,2.3334246281450173,7.229396651442133,0.9369557323177389,4.249531847445432,0.32786386208461277,0.0,0.0,0.32786386208461277,5.261834900970622,2.505803449500985,0.0
TCGA-97-8547,0.0,1.8503742294879708,3.3254316258877754,7.31176599664373,2.0661409800655366,0.5687171021817683,8.397575974677693,4.922554254312215,5.302971519157838,5.6612054687818265,0.5687171021817683,1.193346545084636,5.92235559745565,11.311430874644339,6.0848820277959295,6.0848820277959295,3.3790540169764656,1.193346545084636,0.9290489979728178,0.9290489979728178,1.8503742294879708,7.054855447982539,3.0032390272433855,0.0,1.9640587481362715,5.2914689697191974,1.7220877959787357,3.2687663358149655,6.001244071295314,6.407147277076564,1.4021923162726633,3.568723918804635,4.828961527440956,0.0,4.427609279295624,2.4616721403150863,1.7220877959787357,0.9290489979728178,6.359260670842129,4.797986479874687,5.2068487982959,4.548127765420663,2.4616721403150863,3.14479000631524,2.693849851701069,0.5687171021817683,0.9290489979728178,1.7220877959787357,0.0,3.0032390272433855,1.5748671713839053,6.473162035881974,0.0,6.6730134772408505,3.2391842066019825,1.1481957888569376,3.0032390272433855,2.3941062854615036,3.2687663358149655,6.881263448770037,5.096188942448913,7.8946386686691,2.0661409800655366,1.855172357078116,1.193346545084636,6.838679546919486,1.4021923162726633,0.0,5.053081568759011,0.0,6.828781333312303,4.155977303166625,2.0661409800655366,3.3790540169764656,6.861402392237575,3.0032390272433855,3.2391842066019825,1.5748671713839053,0.5687171021817683,3.2975021453233904,1.193346545084636,0.9290489979728178,5.845608951080239,5.072326014094688,2.4616721403150863,3.986311961203344,4.32154254985666,3.6110070978562945,1.4021923162726633,8.12538539619157,0.0,5.9099643194347,1.7220877959787357,0.0,6.0031386389559005,0.5687171021817683,6.102739786251064,1.8503742294879708,1.4021923162726633
TCGA-97-8552,1.9597566987338562,3.9437115769351463,4.62114195549779,5.300265467766052,1.9597566987338562,0.4761099476774964,8.99165685988406,6.722482973006649,6.436424369289285,5.964645612997425,1.235180731450129,1.5386935079083426,2.6682415818326564,11.14739283588068,8.031583620457655,0.4761099476774964,3.347761442572829,0.4761099476774964,4.781582651774678,2.5325374119518687,1.9104458004937959,5.187659511396731,3.0503151513242828,1.235180731450129,3.347761442572829,2.317109107010144,2.5325374119518687,3.4687812609856867,2.7096755461796507,6.431527519965157,0.4761099476774964,1.8699234901974093,5.0094545973480935,1.8699234901974093,4.5135361409130175,0.0,0.7972819452919528,0.4761099476774964,3.2812795689899135,3.0210198310807406,5.403118725907113,4.7182845626183445,0.7972819452919528,2.5325374119518687,3.7195032230576652,1.5386935079083426,2.2551370278067346,2.8944301780236663,1.8699234901974093,4.38537477339673,2.6682415818326564,3.4687812609856867,1.7712165679967256,6.884711805813525,0.4761099476774964,4.571941166732466,1.0400293312358118,0.0,3.1851411558185636,4.40045331579013,4.996881137863593,7.139469992712013,2.430617644666245,3.3302418711729436,2.7877174536859197,4.458592921979042,6.854946099378829,0.0,6.02539484837039,0.4761099476774964,6.368730777857443,0.0,6.171802888629929,3.804491245435508,4.811785902016681,2.625023601603618,3.389748762268412,3.932901524333563,0.7972819452919528,1.6617077298677816,4.61512051684126,1.6617077298677816,6.493384634033409,5.71656706901562,6.181934068894899,6.492461022677889,5.520580530434939,11.048152929663784,2.1183136363804578,8.837498298589098,2.189057988003159,5.961507790693179,0.0,1.7712165679967256,4.8789155927009995,0.0,6.531055454479368,3.3689771743552166,3.9785408164784575
TCGA-97-A4LX,2.282198695337101,1.968328400241961,6.264108486513372,6.998162550057605,2.4085564220673703,0.0,7.000972360693271,5.833321324344383,4.378821503724933,5.734560597948524,0.8414378669720876,3.19110578184256,2.4085564220673703,10.32204327017853,3.2777030676604,1.16302580199253,1.5083571145943309,1.16302580199253,0.631165388204064,0.0,1.5083571145943309,5.791222370929438,1.5083571145943309,0.36457366673208774,4.725057672400497,2.084254938675365,3.135298544612853,1.2918463095761756,1.16302580199253,0.8414378669720876,2.0279771800295365,4.063686022157197,4.771980394762104,1.837194805902268,2.188116558305492,1.0150857416898167,2.4473691858422377,0.36457366673208774,6.3636520467784266,2.797092292572547,0.0,4.0093130422033845,3.714347375830596,1.0150857416898167,5.519655288694606,0.8414378669720876,3.3262762584779066,0.0,0.631165388204064,4.38432274659019,2.084254938675365,2.6530518056830825,2.4089521019674973,6.707831304654352,1.0150857416898167,5.2864471939775495,0.36457366673208774,1.0150857416898167,2.6835662334106445,6.622053910307542,4.032977894324225,7.759033777534819,4.400647191050414,2.144772717333795,0.36457366673208774,5.846120805435597,0.0,0.0,3.0347606605214694,2.4473691858422377,5.665391550466146,1.2918463095761756,2.6530518056830825,4.7443841521647565,4.44292063197019,1.7645595493014006,4.18459347052467,4.2120816708979305,0.8414378669720876,2.326116055520411,0.8414378669720876,1.0150857416898167,6.293807373583428,4.988437400438628,6.285646077250797,7.701448906141653,3.703568539314278,7.228011021865406,1.2918463095761756,11.817921777130598,0.36457366673208774,5.569515573516355,1.6012444374055725,0.0,4.488435225908572,1.0150857416898167,7.277710646419898,4.191270103294277,5.7965834484284
TCGA-97-A4M0,3.0903785966905946,2.169682074329818,4.328329136714185,5.561158440400787,2.059634164372375,0.0,7.673943791608898,7.223616561699226,4.939397046495199,5.179257891589513,0.37583030297847364,2.3589937814156703,2.8312820685789997,10.637992584019639,6.020013130512398,3.0903785966905946,4.567953144144091,0.0,2.2688111193868328,0.0,1.1881482539789647,5.219544685382641,1.7947882112880646,0.0,5.212116570040175,2.169682074329818,2.2204744152101714,0.37583030297847364,0.37583030297847364,5.107362651048685,2.059634164372375,2.2688111193868328,4.5862054875314655,2.1232909489580973,4.832656294736419,0.37583030297847364,4.484032529879102,0.6483589977698112,1.9359608182016452,3.72815305048426,4.951734186176095,1.8678713845267576,1.7947882112880646,1.6303771484477563,4.729385821375014,0.37583030297847364,2.74717475578626,0.8622990633052576,0.37583030297847364,4.068715594721598,1.4335118607290014,5.665959450946464,1.8465001478855152,6.840874817642158,0.37583030297847364,2.518107678376891,1.6303771484477563,0.37583030297847364,3.1310408360761928,5.507110440547784,4.974690276655505,7.015020978623858,1.6303771484477563,1.920035409456622,1.9997081611597223,5.243924536717492,0.37583030297847364,0.0,4.971534040474067,2.2688111193868328,5.397669367178693,0.0,4.878816719475408,2.169682074329818,4.88916797981271,2.441712051200726,3.329203583323586,2.7174921519270647,0.6483589977698112,2.2688111193868328,0.0,0.37583030297847364,5.950004328132487,5.150588522522897,4.8577715635721574,5.731663494803653,2.8312820685789997,7.419362597145438,1.7159577558117731,9.161211050299345,1.8678713845267576,5.284056157195767,0.8622990633052576,0.0,1.4335118607290014,0.37583030297847364,6.894511972230274,2.8578141303359894,2.2688111193868328
TCGA-97-A4M1,2.1213149832358695,4.198551412664049,3.6036428648927195,5.397144083354866,1.774070606356971,0.3984404931711999,8.472963313318132,5.2543968264898995,5.537566523509477,5.579080558654023,0.9035701674647747,2.752660212020679,1.6873799537136849,11.07278350471863,7.209665647444549,0.0,1.237620323738154,1.6873799537136849,4.1222045112260775,0.0,2.6193209858365636,5.880052424021721,2.06085742170199,1.4875640206241731,4.865470784098634,2.78339264907226,0.9035701674647747,0.6825916666204287,0.0,5.480072096059089,3.3293862569132537,0.0,5.17049535860995,2.1324015712922098,4.3162994073049195,0.3984404931711999,1.3703936115882136,3.576628587751356,3.505719546001698,1.0844795570910524,8.270868010401845,4.004463617412661,1.8538261879775881,2.78339264907226,4.478776686455749,2.1213149832358695,1.774070606356971,2.3785734389933837,0.0,4.774693527218748,2.5830083841212437,3.2753620128149437,1.0844795570910524,6.8652819217126515,0.3984404931711999,6.772218448238727,1.237620323738154,1.5924545073936869,2.1783361986540504,5.342463430223811,3.655573414740773,7.009165000520575,2.1783361986540504,4.433325554045612,2.1783361986540504,4.198551412664049,4.632892351187607,0.3984404931711999,4.1222045112260775,0.6825916666204287,6.519067638750784,0.3984404931711999,5.601014890739771,3.0707469773594367,5.708896044709555,3.0002022682254426,3.6805599427514872,1.5924545073936869,0.0,1.0844795570910524,0.6825916666204287,2.1213149832358695,6.1121721908148885,5.482316681784519,3.7519833529228275,2.5061787850635397,5.025510770214726,10.296707999827854,1.4875640206241731,8.363449761984612,2.752660212020679,6.029689572420912,1.927702534763604,0.6825916666204287,0.3984404931711999,0.0,6.131569908768856,2.752660212020679,1.0844795570910524
TCGA-97-A4M2,3.5331842487876917,3.5609352810112362,5.710499862403725,5.509857862011211,1.840232122678833,0.6746267309225663,8.007217206604825,5.776822257451136,5.437109273373412,5.764811720483652,1.0738071697491385,3.712979208071524,2.604354964763445,10.650038049819964,6.051710273623246,0.0,1.7606815136571936,0.6746267309225663,1.2261842926911553,2.6393572846242566,1.579617676021621,6.852718143052228,2.9848634209888822,1.47508332393395,3.259825811197155,1.674232650745248,2.1071175045300756,4.44601265946345,0.39312258490977786,3.3138186644841063,0.6746267309225663,0.8940042222949149,4.634224006378829,3.91800905324093,3.3815557414068667,1.840232122678833,1.2261842926911553,2.1640354155287698,4.707844095950587,2.1640354155287698,1.1799157397321445,5.521480917662249,3.6524099529039575,2.604354964763445,5.2383337892186725,2.1071175045300756,3.259825811197155,2.1071175045300756,1.47508332393395,4.635767283965469,1.9139181031617623,4.074077226965901,2.4646784319410084,6.967042536337008,0.39312258490977786,6.0938880038277725,0.39312258490977786,0.39312258490977786,5.006252369767405,4.8569633885271974,4.232810012340353,7.87446532343298,3.7246663939944216,4.006123362783241,1.7606815136571936,5.068753247430904,1.47508332393395,1.2261842926911553,4.871832891215797,2.046776294430319,6.295926299999729,2.826958529305305,3.7920495726024535,5.083792814713982,3.9886117550501656,2.4082325674752503,3.5190159722420105,4.457243099365534,0.0,2.046776294430319,1.7606815136571936,2.1640354155287698,5.9640882115525,5.216619122563531,5.18043432589132,5.639464373668768,4.3450825280841725,9.724277151075551,1.0738071697491385,10.811594891602264,2.046776294430319,5.921101093945781,0.0,1.2261842926911553,4.587925344766371,1.47508332393395,6.897729185259035,3.9974940300172443,1.9825588761676562
TCGA-97-A4M3,1.2610428809309326,3.5665846934154013,4.045604146815179,7.652645402822416,2.901300707655401,3.6748337737530523,8.56335132339732,3.829026105087947,6.129638272412099,4.554738625464398,0.0,1.1063489500398316,1.1063489500398316,10.116423179822897,5.008700089461746,3.325334537287159,4.670171100205503,0.4093243184338849,1.8816001732278445,0.6989304253156726,1.2610428809309326,6.564770481598921,1.618694933696777,2.3130006621417465,1.394981518267345,1.7142302667188172,1.1063489500398316,3.0067216683535927,0.0,0.0,1.618694933696777,2.955399742560251,3.8787702087826457,3.8769904696033493,4.847755515186437,0.0,0.6989304253156726,0.4093243184338849,7.493679098754059,0.0,7.501463267085329,3.9431669584211297,7.0272701474832795,8.06925785619846,3.6221732519191274,0.0,2.150284367612048,2.8731125600060805,0.0,3.3433599137877823,0.9232663456105803,5.070921034969618,0.6989304253156726,6.402626729360639,0.9232663456105803,4.281103481566823,1.394981518267345,0.4093243184338849,1.5130811851899943,3.3069782730897463,3.14655886328173,5.852173743729415,2.8731125600060805,4.299537290591601,0.4093243184338849,4.465780524307875,4.436275681518149,0.0,1.5130811851899943,0.0,6.9794617985267715,0.0,2.207515884153886,6.633622334466154,2.8731125600060805,1.955832190965213,2.9813899118381144,2.089565124850687,0.9232663456105803,1.2610428809309326,0.0,1.1063489500398316,5.07409198026134,4.79895907422294,2.814228382380372,4.626569576993981,4.765058658866346,5.720298661767314,2.5363757620520158,9.26610614988204,0.9232663456105803,5.473228198291699,0.4093243184338849,0.0,3.903151772139718,0.6989304253156726,5.553587294847258,2.150284367612048,2.8731125600060805
TCGA-97-A4M5,2.0941946770166755,2.876408050878778,5.013949795064086,7.44103882515535,2.4024575769164924,0.3498114439173297,9.293642377746986,5.582206003010918,5.342927377466506,5.232967849975884,0.0,2.2380679049622554,3.2944692645970237,10.449543245107991,5.6667968618042295,1.9853231514121483,1.9260863786784774,1.1294001088204275,0.9839493803479699,1.2563565040054983,3.3250612002356994,6.665581801761122,3.5038923478975406,3.960956016537325,1.9853231514121483,4.860904830702489,1.5620947009235797,5.943415982885321,1.9260863786784774,2.4396477433823853,1.1294001088204275,0.9839493803479699,4.197050056427671,2.881117962183841,4.93584709063767,2.852537194704089,1.5620947009235797,1.3689701599866868,6.22741375489114,2.6959168892789367,0.0,4.9999382845479206,4.547367329245297,4.454444965902277,3.4912147915598117,1.9853231514121483,2.6073307508717067,0.6084059521048547,0.6084059521048547,4.194591023366455,2.777290153173351,4.974213327462288,1.4958435918491704,6.715530042246844,1.3689701599866868,6.105319879426386,0.3498114439173297,0.9839493803479699,4.389058105837342,7.2261726458031355,5.809630871280751,6.854603416421,3.143906558830444,4.598185852213646,1.1294001088204275,4.886514718591,3.4912147915598117,0.3498114439173297,4.857655040164415,0.6084059521048547,6.956535919296694,6.0525690537612675,3.0689502068834997,6.639091212366118,3.4388399270866663,3.5649701913901164,2.876408050878778,3.0492967368837234,0.6084059521048547,1.470198833342108,0.81372630351833,2.4396477433823853,6.219109949865599,4.539393565388261,5.734014189599777,5.793172132403913,4.404531490013952,9.026379071537129,1.2563565040054983,9.653948689862387,1.3689701599866868,5.246292225478652,0.0,1.5620947009235797,6.126580932966828,0.81372630351833,6.179768175579484,2.041246302548293,4.052353481809388
TCGA-97-A4M6,1.7960336552006604,2.9822518191401124,4.92440906334409,5.328555549608646,1.434655861997769,0.0,9.181355335099806,5.7807898110169855,5.080838987797593,5.924982805807149,0.0,2.958824483530607,3.813693271354937,10.509449704666268,5.354806389729374,0.0,3.8818874569004325,0.6490907943630254,3.409178778737077,0.0,2.1174716424892965,5.350478034658217,0.863143087663263,0.0,2.688289572924055,2.000979875168442,2.656728836145246,5.154701005435678,0.0,6.622887908205047,2.8326779066175245,1.434655861997769,5.152910018816864,1.434655861997769,5.843637166353197,0.863143087663263,0.0,1.1891839868524967,3.2803621929217264,1.434655861997769,7.604819776826127,3.833657057872991,1.6315711550685625,2.31625128375786,3.5885037160053415,0.3763108906778131,2.777395899227411,1.6315711550685625,0.0,4.693922546585883,2.2701445425017055,5.703118921219972,0.3763108906778131,7.134277117452894,0.3763108906778131,2.6480312291761816,1.537963392775411,0.6490907943630254,4.997995750549792,4.668520501488853,5.425637006120264,6.985280975485229,1.7960336552006604,2.81147885191021,1.7960336552006604,5.20359451423315,7.210013107111305,1.434655861997769,5.7286962010105045,1.3194331446126741,6.92381561852865,1.3194331446126741,1.1891839868524967,6.323430215817522,4.438045371550906,2.31625128375786,2.9102560812015397,3.772531026609547,0.863143087663263,2.0609210920424568,0.3763108906778131,1.434655861997769,6.595795541170807,5.255180194070342,5.094933549453249,6.925614843282903,4.47514691840517,6.470980601934425,1.434655861997769,9.806392781295335,0.6490907943630254,5.276235343401834,0.863143087663263,1.7171795908723197,1.434655861997769,2.443068514171205,7.220958888663995,2.805418866830484,5.750732852217569
TCGA-97-A4M7,2.2153918812916684,3.23848627683714,5.434555717053908,7.055062596327388,2.3050320966370976,0.0,9.467181720876285,5.815133014246238,5.632894952308452,5.928873461819008,0.6203076343829877,2.426014380748307,2.0076904053898894,10.987390520970003,6.7757952225905225,2.1673722875869847,1.2749157731365013,0.3574646320529814,2.1169179459489946,0.0,2.2153918812916684,5.169932706743044,2.0076904053898894,0.0,1.948236013562794,1.6672161341534546,2.347003811540671,5.443884167215914,0.0,7.545992105157177,2.1673722875869847,0.6203076343829877,4.984359762683993,0.0,4.662079679961171,0.0,1.0002641656503337,2.599900614414065,5.75980672705963,3.876835109524984,1.5503034298085765,4.304813461755207,1.582601002480508,2.4632913806487693,3.9288722561902767,0.6203076343829877,2.3050320966370976,1.8175734041210347,0.6203076343829877,4.263345852413578,2.6313203332434805,5.744796450746815,1.6672161341534546,6.768906919163322,0.3574646320529814,5.527590096015328,0.3574646320529814,0.0,3.9621170810402124,4.603565899808911,4.304813461755207,7.599251096792852,3.073961029318783,2.323720165524004,5.451287349627132,5.4098766302085926,0.8282024115528102,0.0,4.934085368440576,0.8282024115528102,6.767424825034895,0.3574646320529814,6.82319906742397,3.350016361673353,4.973500936322525,2.6913515514791584,3.6135630598044868,3.6588557188077626,0.3574646320529814,2.5674615837921317,0.6203076343829877,3.5034621103125096,6.28016172916163,5.2850953395289,5.601657459856523,6.751474498767686,4.912198899437159,9.332566854218797,2.261221285052738,11.258562107711272,2.8524391037275145,5.394381807280602,0.0,1.8850372821428998,1.0002641656503337,2.1169179459489946,6.721543766109816,3.590122089589682,5.217638623313427
TCGA-99-7458,2.0308944729603104,2.227441199844016,5.113137729330547,5.38525165723326,1.6039227317459903,0.9765199814236278,8.632696296672057,5.309623213917006,5.349727904062343,5.119095002291755,0.5080818630949274,2.478586721043181,1.3811310541630106,10.63256156583815,5.549962851134867,3.9508724958406374,2.7235888485828514,0.6896912155865549,1.5350375898578503,0.6896912155865549,2.073410893822485,5.6099039362308005,2.88386172464921,0.0,3.9760282594040555,2.8461353761696158,1.840025686637543,3.47967270778859,1.940007045688258,6.235343623766972,1.0940351629249963,1.6683858352584267,3.6067307804498965,0.2859305394129746,4.557527063714503,1.2942613056729264,1.4610307072339077,0.8433758938066362,6.083679031095793,3.4055810924795855,4.060370594131311,4.202865578232945,1.9864761108019748,1.6039227317459903,4.474302670661183,0.2859305394129746,3.1852404446623024,5.1406396406668415,1.1991511990467187,4.030415633023381,2.073410893822485,5.184246806119725,2.3658603165070873,7.69340415378573,0.2859305394129746,5.343415007451069,2.42146974387173,0.5080818630949274,2.391630233816624,5.678973938680307,5.269552598977508,6.321650998078084,6.021401918459897,3.452372002341593,1.8912578360173062,4.994858153645093,0.5080818630949274,0.2859305394129746,3.2642047678211994,1.9864761108019748,7.010023016929716,0.0,3.053703967702948,3.212257975126605,5.800267721374659,3.639607799046364,2.5059748158213946,3.558129902863969,0.2859305394129746,0.8433758938066362,1.1991511990467187,2.329149124119597,6.649842989750095,4.234629556187721,5.101109557257547,6.0333787449569725,4.522190670111832,9.04053733057308,2.786738145344201,8.989317071341075,2.0308944729603104,5.5092466261826685,0.5080818630949274,0.8433758938066362,1.6683858352584267,0.5080818630949274,6.317835941549765,3.7309422784863226,4.251178780992845
TCGA-99-8025,0.847112128854456,1.6737076474519188,4.948426501476931,5.241413626158405,1.098378928108319,0.6929971693088202,8.729117238817775,3.7685959547415853,5.982764309562479,4.948426501476931,1.203752780122386,1.4660754961247406,2.3975952277893686,11.536778700992388,5.040938156026302,0.0,1.5401735755323187,0.6929971693088202,0.0,2.079154000343788,2.4845982689101715,9.975598889883385,2.8130946668215158,0.0,2.5120028754497015,7.177706077403603,1.203752780122386,4.000927256467471,1.2990465925556105,6.03753912264007,1.098378928108319,3.366975088899378,5.078418545398716,6.172147261733411,1.203752780122386,2.079154000343788,1.2990465925556105,0.0,5.868963524232536,5.8764688731471235,1.7953696114821842,4.735865059493258,0.6929971693088202,2.456430011795451,2.4274452488756335,0.847112128854456,1.8455529688294463,2.1969245323272175,1.3860443298646814,3.366975088899378,1.3860443298646814,4.048555390566785,0.5106656109646251,6.416398893611088,0.28758206745144754,5.882990857214739,1.9456243939454962,1.098378928108319,4.0309591537722556,7.258545944461409,4.814563636458134,5.937203695981545,4.614790759506988,1.9008231198102625,0.28758206745144754,3.0907242209095593,1.4660754961247406,1.098378928108319,5.853784560957126,0.9806167304304021,6.666199508306482,0.0,1.098378928108319,4.321594338111759,1.9456243939454962,2.5120028754497015,1.2990465925556105,3.496183266464297,0.5106656109646251,0.6929971693088202,0.5106656109646251,0.5106656109646251,5.7814408034949425,4.18760719268179,5.236112121204138,5.483081770493122,5.095460394034035,7.795860505211168,1.9921392132770392,10.966144457721258,2.268386945614069,6.068092199342873,0.0,1.098378928108319,3.8355349724060392,0.0,6.767171649114255,0.5106656109646251,4.694068947413308
TCGA-99-8028,4.2834458623077385,2.6637847848041947,6.134215496209366,8.563089649042874,2.1188064752020908,1.4918473582519693,8.02165347395456,5.671273056960462,5.0800058720209265,6.1860542910041305,0.0,3.6828488062565854,4.855742116463491,11.48243223628825,4.3633406337183995,0.3581638349901513,3.240547293028237,0.0,3.240547293028237,1.8193584234188358,1.8868575053193724,7.182534466078395,2.0095420093000866,0.0,4.592693677032156,6.905734238054086,0.3581638349901513,4.631188748386645,4.115659117873785,6.108689649370694,0.3581638349901513,0.3581638349901513,4.919404117170225,3.2474360704655365,2.569439262734389,0.3581638349901513,2.501206417201453,0.8294247988524931,8.265578146526115,4.34115776405496,3.82460281761403,4.312718088366877,1.8193584234188358,1.3899377160346893,5.533140445861212,0.8294247988524931,4.696171094204318,0.8294247988524931,0.3581638349901513,4.447458506654734,2.1188064752020908,6.584307850083613,2.7631190258633556,6.4921064927974586,1.1484495235152814,5.8672637742606115,2.169270819654568,0.6212751683221504,2.6333122869869636,6.279886345894763,4.680314763537887,7.901469907821096,8.070487251087552,3.6586212573530537,1.1484495235152814,6.323308231345276,1.0015873060962357,0.3581638349901513,4.552657200711507,3.352087666441724,6.289522602384533,0.3581638349901513,2.926226770694027,3.543610878022689,4.543538369621473,1.5843252116190252,3.4925269219503523,4.643698351693431,1.276479495112684,0.6212751683221504,1.1484495235152814,2.065672177593837,6.015420302920212,3.6710820150833556,5.7899938094752015,7.85979918056211,4.845634856830757,7.485126782792027,0.6212751683221504,12.35184691238829,1.1484495235152814,6.1435072925160075,0.0,2.1188064752020908,2.3892397396963254,0.8294247988524931,7.5691227930060565,2.971357610412336,3.7042802506899593
TCGA-99-8032,1.8057609888638686,3.1140351740572254,5.817679450836305,8.272358580840088,2.9643809156440946,3.5104433392049588,8.590025350065908,4.624080258212731,5.327623709740011,5.7614474268506,6.755909773531032,2.4131599901044276,2.8353287520609673,10.552766436639413,4.523214733517327,2.923188462078279,5.712263079125792,3.877963510245563,2.447576814464589,0.3300948010833878,2.302165004769342,10.566747526935865,1.5915183111311495,1.3185239564015794,4.868072767075649,6.111001599133422,1.7393251732685227,3.886023939799529,3.3456318162124465,2.034587993858663,3.3456318162124465,3.3317544088948186,5.363529098528328,0.9523911974988778,2.923188462078279,1.5085341174932154,0.0,4.182585876972534,7.036333173266145,0.3300948010833878,0.0,5.447396637061736,3.7013834522745395,6.547627237100029,2.812103863198788,0.5778485561964825,2.480848426327146,5.338950543243328,6.789043812467175,4.396667679579493,2.034587993858663,5.642672735189224,1.2079747857052339,6.635593474988289,3.8023331316090903,4.726156973036916,4.2461696828887705,0.0,2.9643809156440946,5.112307014506887,2.763964137197152,6.586124757203273,3.4122724922546146,4.038664466895386,1.926698204414637,6.244797769585249,1.9820905307957144,1.3185239564015794,4.7866664022822585,1.2079747857052339,7.380629783319556,3.3728253416063785,4.937756310016959,7.420291438946575,3.2131957235930018,2.447576814464589,3.766791431855387,5.1538347995363605,0.0,1.0837016759323554,1.5915183111311495,6.237179438313427,5.697938766739281,4.717489433412633,3.148191523720271,6.1910057412872925,4.806051768302956,6.136696285445728,3.544908039328454,12.0107144802239,9.252086739132382,5.91515029675759,0.0,1.3185239564015794,3.691680527442598,0.7762927616466142,6.556130419019376,1.8057609888638686,5.409626156095572
TCGA-99-8033,4.645592100487007,0.9409833444645266,4.414501085191609,5.265680532021739,4.193199965440405,0.5772872944654103,6.676551833812214,2.8790242848275245,4.8577482599768,5.437670529732191,0.5772872944654103,3.095297026177737,5.423984794093897,9.874707347109402,5.194605491135735,0.0,1.8046921471397757,0.0,0.0,1.4170660197866443,2.446417002674143,4.390583668606861,3.3305281057942593,0.7756023604961382,2.8790242848275245,7.891057721138752,2.130835456005031,9.574267951853114,0.3297353086827804,0.0,1.5075380684052548,4.675162557808126,4.370782404594028,0.5772872944654103,1.9810014688665833,0.0,2.787132447680622,0.0,7.994652547314769,0.3297353086827804,4.576119264753152,8.543451407078583,6.256348710883759,6.495760901511075,5.782094454715137,0.0,3.5878484415062175,4.983072232372444,0.3297353086827804,2.8790242848275245,1.3175871631100997,6.145525937234748,2.669018270128452,6.343825951095584,2.446417002674143,3.7834802914853025,0.9409833444645266,0.5772872944654103,5.220269334851666,2.7378096304659785,4.442467710234968,6.123520789733552,5.322551337392994,5.290748797048084,0.3297353086827804,4.61512051684126,0.0,0.0,3.6301586438975892,4.785406236291025,7.802176609252724,4.227973241780763,1.9810014688665833,4.785406236291025,1.3175871631100997,1.5075380684052548,2.7627782566050176,2.1832383353614797,1.5904997114138495,1.0828554660556715,3.3305281057942593,1.7382707842770688,4.966878441534675,4.848241846921323,4.758963659167508,6.735799016437082,3.8010914447208646,5.181519470482261,0.3297353086827804,9.696690909491233,1.4170660197866443,5.802353997162897,0.0,0.3297353086827804,0.9409833444645266,3.130044611161585,6.009618757688024,2.446417002674143,2.0334761341262073
TCGA-99-AA5R,3.022568927507551,3.561102899171778,5.840946843357558,5.517854422268135,1.5686575837124803,0.4336637624668432,7.935676827027478,5.468718152446297,4.968284353555726,5.739757541778789,0.4336637624668432,3.781645491239184,2.9399711183874486,11.218261744097147,4.972046914311417,0.7351524747049755,0.966489427406901,1.1542361924161069,0.0,0.4336637624668432,2.0168611022484266,6.846665736606886,1.6758060088776008,1.860803450519989,3.5455603174182984,3.022568927507551,1.7725766498112812,2.2130213706313007,0.0,5.156972672281668,1.6758060088776008,1.3122171577235748,4.80525798432599,3.2516024198859044,3.2359295794340284,0.0,2.7509819684857226,0.966489427406901,3.6774417927328815,2.1518087138057367,4.517815477339619,4.350886783232487,1.5686575837124803,2.560593731634335,4.564404439885864,2.2130213706313007,3.9826715721616095,0.0,0.966489427406901,4.418552614523287,2.0168611022484266,5.659837553316617,2.4729858788923065,6.763050842581286,0.966489427406901,7.747307504957361,0.966489427406901,0.4336637624668432,0.7351524747049755,5.93426966201473,3.606329021391341,7.804051445141113,2.9957872720415466,5.565726576160232,2.2130213706313007,5.280357041171044,3.9092170724776767,0.0,4.437991002591314,2.1518087138057367,6.834473580754691,1.1542361924161069,3.806082321505254,3.704526399690114,4.8523114743762505,1.5686575837124803,2.517752922630562,5.446241559116407,1.4486351565264644,2.0168611022484266,1.860803450519989,4.11513689567596,6.133020531401041,4.871005343009863,5.072188112455947,8.063488017806621,4.232089980023926,8.653394017929656,0.4336637624668432,10.945150229093102,0.966489427406901,6.701596663507169,0.0,0.0,2.7850667962507414,0.0,7.4113447850835,3.098857292349629,6.203516816932318
TCGA-J2-8192,1.9468525619875707,2.095905267710501,4.393986084509035,7.0699081414855645,3.9595037412417664,0.3187445979035987,9.063151568617872,5.92266897758429,5.139825611205562,5.414966426163217,1.4767518766804653,2.863234632138807,1.7056386047053833,10.866770643019121,6.658783533048278,0.3187445979035987,0.9169305271614945,0.0,3.219927271903979,1.3871190209944466,2.4754369534115748,7.028848385858824,2.819424597076813,1.4767518766804653,2.773613197285969,2.5659565423881627,0.9169305271614945,7.56208366560845,0.3187445979035987,6.42190190350156,2.5659565423881627,2.3035746032672386,4.663637187697784,1.3272076186605648,2.141030404348958,2.3035746032672386,0.0,0.0,7.950978176402043,4.233371451903512,3.897778025758343,6.031175524677407,4.434870476341454,1.8334930481289875,3.398079191824035,1.1794239314045232,2.3403913447298006,0.3187445979035987,1.4767518766804653,4.4698589246222475,1.3871190209944466,6.12413181648553,0.4774136074207484,7.320712252848597,0.3187445979035987,5.04047237476687,1.0567828423942698,1.1794239314045232,2.9255404693486398,4.719578645272154,5.135416010993562,6.244772542468426,6.453732079773503,2.613285205991033,5.4478272947257,5.292505510383007,4.749270529961848,2.7007032784391565,5.423283431259872,1.0567828423942698,7.0427231393926215,1.0567828423942698,1.6350081885456305,2.22559605146591,4.682057150306526,1.9468525619875707,2.443346535702288,3.024572370987155,0.5600728263346032,0.7543363488723678,4.657421021786504,3.4350447096455365,6.405907566227637,4.709485155252731,4.719578645272154,5.101718370455939,4.028656936672425,8.057877838496703,0.0,9.678717679477334,2.3035746032672386,5.1744081038242165,0.9169305271614945,2.9841909277074317,6.188586453058885,0.3187445979035987,5.875624310494771,2.819424597076813,3.735758269009039
TCGA-J2-8194,0.8365113228678155,1.82990588758455,3.7580929679242465,6.279440326423679,3.8173430270052093,2.644989698268367,9.281748989863399,3.5925034565275746,5.698525346810031,5.229947515229424,0.0,1.2855620078657481,2.4006641631536807,10.34773417479971,4.30765997521733,1.0095624718345988,2.2744119303104515,0.36193110608443596,0.36193110608443596,1.1570384171367218,1.1570384171367218,5.633624639147805,2.4767652651379715,1.2855620078657481,0.36193110608443596,3.8268855079926825,1.1570384171367218,6.227427576659438,1.1570384171367218,3.464604012453472,1.6791691779077678,1.0095624718345988,3.9113507795349403,4.4057993120584635,1.1570384171367218,0.36193110608443596,0.6271142099555073,1.1570384171367218,7.619542646760631,1.5943242746240522,3.7699247359650596,5.243855900906994,5.540541716075034,5.695599081848181,0.8365113228678155,0.36193110608443596,1.0095624718345988,4.762216668927375,1.82990588758455,3.9001164023215793,1.960869132049779,6.327324096074441,0.6271142099555073,7.517564327918748,1.5943242746240522,5.674865033365411,1.7573750423662242,0.8365113228678155,3.662063087954578,5.525018581864115,2.4767652651379715,5.989382380903657,2.58105738531727,2.8623380143833894,0.0,3.2526316325904148,0.6271142099555073,0.0,2.890832762728217,0.36193110608443596,7.3672097105897825,1.5943242746240522,2.9147608013788666,6.316353888825387,3.107693953506212,1.3994080002652738,2.613534372384173,1.0095624718345988,0.8365113228678155,1.897529900858848,0.8365113228678155,1.3994080002652738,5.131896717585747,4.72616583345433,3.976559026562592,5.271115733997892,3.7270948544172415,5.0762981828955365,1.5943242746240522,8.3039455140269,0.36193110608443596,5.017425521566624,0.0,0.6271142099555073,3.2858052355501415,0.36193110608443596,5.980626021926987,1.1570384171367218,2.705079125157256
TCGA-J2-A4AD,1.5377485515422553,0.7966058889281753,3.7281218016485775,6.902652280806235,1.8370673869325966,0.0,10.939477704850011,3.3249137110587994,5.992746225407336,5.1564887901551275,0.3407487933884732,3.6035611884565983,5.7838097975960086,10.660149292663887,3.6883017872965835,0.0,1.5377485515422553,0.0,6.225882305040244,1.3460190921179986,3.9534048432069153,6.9087547793152195,3.569836875566334,0.0,3.737833890504234,4.029222759898016,2.9585702398652227,3.3537073719255326,0.0,4.937698943018743,2.2104917336703465,5.096225661930439,4.275294345231142,3.1166791877528985,1.6213862459499415,0.5944312076207876,2.481751678094699,0.3407487933884732,5.689555076845166,5.403915354007203,7.4206866840336145,3.4484212404504233,4.800613606660023,3.200650752577527,2.9155195514288166,1.5377485515422553,2.2957820043743067,1.1085626195212777,1.446471824152207,4.283001563196065,2.067141201716994,6.405461488728319,0.9646998710818426,7.177454118036445,0.5944312076207876,6.2574932431835695,2.5151367476957804,0.0,2.5151367476957804,5.359087860077617,5.491310940911363,7.034017817379444,4.534361380977161,2.78431964511548,3.9385695082576713,2.823418471706984,0.3407487933884732,3.1322062076538635,5.929993317019877,0.3407487933884732,7.672846305949742,1.6213862459499415,1.770212321139958,5.083724652400899,3.0587258518817726,1.3460190921179986,1.6985653822525402,0.9646998710818426,0.0,0.7966058889281753,2.823418471706984,1.770212321139958,4.9081521164098705,5.08658347678539,5.633081001483217,1.9586994448169257,5.197734309528312,8.247241011393816,2.067141201716994,9.495391486491359,2.6949176791118803,6.032493720165282,0.5944312076207876,0.3407487933884732,4.724312297682106,1.6213862459499415,5.843411074808348,1.6985653822525402,0.0
TCGA-J2-A4AE,2.09090063476873,3.579901291544191,5.176844406486262,5.865490241917493,1.7453838876065124,2.503834711756851,8.710067207978378,4.847943800690579,5.42912630665945,4.770862574733272,0.4643627493556498,2.4543013835272625,3.129721061557297,10.334522936755823,5.942862365268764,2.898091880911303,1.5142697225487298,0.4643627493556498,3.800760663761891,0.0,2.347204667570614,5.025852259901116,3.0490170835572257,0.0,4.207582469599388,2.227236351404191,1.21316046818493,1.21316046818493,0.0,5.560162265399321,3.3998564830593136,0.0,4.117344686451162,2.456327117904685,3.546390922971697,0.0,2.1613901243270033,1.9329985809207797,3.0205956032786805,0.4643627493556498,6.492948674643387,4.448696476682667,1.21316046818493,1.6364887179104144,3.129721061557297,0.0,2.680569371712198,1.7453838876065124,0.0,4.323710050413417,1.5142697225487298,3.52920647106608,2.01506300774363,7.155044952124425,0.0,5.781625842477015,0.0,1.21316046818493,3.6741743622792393,4.829225321682978,3.8396307912886964,6.774354163585453,7.435697573148318,2.7977568315197794,1.9329985809207797,4.619792753242729,5.801474663707432,0.7802418874108791,2.9301532112411723,1.375005885350034,6.580442169205625,0.0,5.684069443346181,2.4021860542155267,4.953443938537264,2.551029852154764,2.227236351404191,4.553577899538448,0.0,2.898091880911303,0.4643627493556498,3.180118364396825,6.41787868396653,5.495818954781267,5.384050009639186,6.981061501248867,4.745505876781621,11.80003487348131,1.0199297666336409,10.866417565660022,0.7802418874108791,5.186804631405012,4.291883084820916,0.4643627493556498,1.6364887179104144,0.0,6.181991927187558,2.6392287434944888,4.800465551122475
TCGA-J2-A4AG,1.5973248445502983,2.8519715968867625,4.996516085535372,7.373876380963647,2.118265541537418,1.9728441502953942,6.438928556909383,5.506923763599816,6.171364424000736,5.338114836422103,0.44647908419877846,2.183756510944475,2.409725024551948,10.733568767662964,8.213774613777936,0.0,1.7052207078108166,1.3387047260269591,2.5060564085107346,0.7541011598969427,2.3031049578408966,6.582775549784907,2.118265541537418,0.9889834172675956,3.2705988269181883,1.5973248445502983,2.409725024551948,2.6351210210794522,0.0,6.134245839697656,1.8913483610626307,0.44647908419877846,4.4406822604657705,2.550951847817683,4.900746020558973,0.0,0.0,0.7541011598969427,5.202175340855836,0.0,4.763651475175796,4.343563834232186,1.8913483610626307,1.3387047260269591,3.248989812771486,0.7541011598969427,2.183756510944475,1.3387047260269591,0.0,4.4141271070462125,2.183756510944475,5.488478943245949,1.1491786522387974,7.328726214650561,0.9889834172675956,7.11402933715334,0.7541011598969427,1.3387047260269591,3.4284785110690086,6.295035347534807,6.391027270363519,7.293765699256166,4.4072910349820065,3.7394537400768697,0.44647908419877846,6.535727364752258,5.069872286934095,0.0,2.3031049578408966,1.9728441502953942,6.509253371425112,0.7541011598969427,4.343563834232186,4.870990011582737,4.90491915965801,0.44647908419877846,2.8839511900932417,4.283294105306276,0.7541011598969427,1.5973248445502983,0.44647908419877846,3.59616091311073,6.238412511802353,4.263926986401013,4.420916764344311,7.695939874876834,4.328834169581724,7.067635229435762,0.0,10.813649541977107,1.7052207078108166,5.946979602168438,0.0,0.0,0.9889834172675956,0.0,6.690243340327572,2.409725024551948,6.2329017446416195
TCGA-L4-A4E5,2.5158075930264365,1.8657531491363812,5.26992818003926,5.556909139493726,1.713906030023191,0.0,8.24654390070582,3.3103094094684162,5.582917193758538,5.236606842853512,0.0,1.186409467945347,4.815528351475902,10.413195551992674,2.8016680406152683,0.0,1.0368432622704777,1.186409467945347,5.989412442981851,0.0,2.31266412843571,5.380611384274117,1.0368432622704777,0.6471555967089523,3.2053163087344454,2.6845700198864524,2.5519108785684743,2.439421019626869,0.0,6.931901400810215,2.439421019626869,0.3750746267840959,4.57649186600825,4.841979928066116,5.076872371869408,1.5348221190533105,4.766404290451561,0.0,6.079818772073553,2.773656901533092,4.592841499087071,1.6283774222534948,1.9975398154348902,2.113963734051563,3.868518248851008,0.8608625849645377,1.186409467945347,0.6471555967089523,0.0,4.471203269965592,0.3750746267840959,6.146294995839997,1.7309827525124442,6.882733837333416,0.0,1.8657531491363812,1.5348221190533105,0.0,1.8657531491363812,5.431671868528332,5.629733987912674,7.731312109594682,4.7507931796660055,1.718005280639393,2.2182356245256836,3.0237218840929208,0.0,0.0,2.9064856730397715,2.478343492646325,6.483130286973994,1.186409467945347,2.2182356245256836,5.478357155421765,1.713906030023191,1.0368432622704777,2.113963734051563,2.3567228380932472,1.7927090182636432,1.186409467945347,0.8608625849645377,1.0368432622704777,4.511984148595078,5.437983652174322,3.3589438073648257,5.071178343958338,4.244406896140752,6.371346854859522,1.316515466511974,10.452259038716873,4.211224968408822,5.83567878125584,0.6471555967089523,0.3750746267840959,0.3750746267840959,0.3750746267840959,6.463682909520654,1.9338086489529265,1.713906030023191
TCGA-L4-A4E6,1.8812801951664668,3.1219904050244907,4.605192185746095,8.121798208965755,1.329988524908796,1.170870932820819,8.069408092351194,5.409308500480798,4.8678190253449225,5.876073336256749,1.6955238613472292,2.6636523764706386,3.379830731920264,11.129745195039906,4.487268018235762,0.7478247418506411,1.5878669225059574,1.329988524908796,0.4422469522006927,1.5878669225059574,2.037877084102086,6.611390285507262,2.173239214585708,0.7478247418506411,3.5209133627900036,2.3989401812368087,0.7478247418506411,2.037877084102086,0.4422469522006927,1.170870932820819,0.0,0.4422469522006927,4.495743637433046,0.9815539903261833,2.807799000492457,1.329988524908796,0.0,1.5878669225059574,4.271603324673593,1.170870932820819,1.7927090182636432,5.259212646667276,4.084297593366298,1.7927090182636432,4.255953077418514,3.452859607985949,2.991247230769317,1.8812801951664668,0.4422469522006927,4.768988271217486,2.4482080866719595,3.8176112219449676,2.3471090268735115,6.7210955258069545,1.5878669225059574,8.061543647593655,0.0,0.9815539903261833,1.329988524908796,5.184168344857131,2.9337558008988234,7.667836546519181,5.229867204910308,4.405340248101329,1.5878669225059574,4.576988794680405,0.7478247418506411,0.0,3.2155222077753454,2.2924438439171535,6.6016186302050395,1.6955238613472292,4.9771060868848735,2.2924438439171535,3.754536099917078,1.6955238613472292,3.018799175148156,3.1698494327991553,1.170870932820819,1.6955238613472292,0.9815539903261833,1.7927090182636432,6.118751169177629,4.8106058744542874,4.279337547571214,5.27925176757974,4.207478288049549,6.274858061827635,1.6955238613472292,10.019985318142263,3.1698494327991553,6.049039818495194,0.0,0.0,2.7383207241204577,0.0,6.493425495483587,2.5829555002504345,3.1929465479235826
TCGA-L9-A443,0.7528772847677117,2.2431959576497893,5.511511587008578,7.6789971171514475,1.8894304964015012,1.8007357284677312,9.654455517612751,7.24211099163159,5.668645677620382,5.91638802914208,1.337051594541439,2.7826751824407907,4.885865407140306,10.623352123707514,7.283839635663437,1.703383525276628,6.36006682673336,0.0,2.4569957390271617,1.337051594541439,1.8894304964015012,6.60818684277435,1.8007357284677312,1.1774850814888331,3.7896338779995205,1.337051594541439,1.5955215271742529,2.3557940513251885,0.0,3.2468294560165107,2.0462337148386704,0.0,4.116062021723052,6.697500805478127,5.533946645739687,0.7528772847677117,3.8863502626670883,3.4796203166734947,10.438142977753598,4.384275354407397,6.808649605395483,1.337051594541439,6.187750644252309,2.1817611885791246,4.288811508710835,0.445710936676691,2.672595720117808,0.0,0.9875689898747851,5.009394524660123,2.8818242204458713,6.678402490190183,2.5311698142576384,6.977188053697474,0.0,6.318425624283289,0.445710936676691,0.0,3.2468294560165107,6.281299924533665,3.350482867117654,6.277088878862809,3.4796203166734947,1.9979196155018515,0.445710936676691,6.584417012922205,1.9709093348563747,0.0,4.754624139156429,1.1774850814888331,6.229551881807794,5.112583996131529,0.9875689898747851,3.369985313529388,3.268439023502817,1.703383525276628,2.591838430362311,2.5488825126630954,0.0,2.5039900642642667,2.0462337148386704,2.4076745719247366,5.762937782264883,4.082157264556601,5.230450646428818,6.173811103589442,5.067639251563989,8.182128763367345,2.710646826949476,9.982954709997028,0.7528772847677117,6.072961581351165,1.4746256999098553,0.0,3.668324643999175,0.445710936676691,7.2561772607221435,1.337051594541439,4.458493340683569
TCGA-L9-A444,3.5601536390401876,2.150947918331086,6.1596998569268635,7.09884660205025,3.9340564758756855,0.0,8.154603647809385,5.049201947245073,4.539402109256755,5.569107571329599,0.5649160026628633,4.205575811351654,3.2307095295737436,10.640429105720434,5.10138965736472,0.0,1.1872029734499627,0.5649160026628633,3.66266637369798,0.5649160026628633,0.5649160026628633,7.236339342754344,1.1872029734499627,0.0,3.3705388415972513,6.741537753396739,1.714842427123955,0.0,0.0,4.182669797943443,0.0,0.0,5.0119344498278755,5.235313666969035,3.9340564758756855,0.0,4.4188960279476195,0.0,5.6308676365886825,3.6024279203828207,4.306412336272518,0.923703191589609,1.8429435909898246,1.9564826342793882,6.258892890532495,0.0,4.400431226349986,0.0,0.5649160026628633,3.16880283823376,1.1872029734499627,6.400866894108662,3.523429763540172,7.598740123377399,0.0,2.690279907216722,0.0,0.0,2.915817474366482,6.836413937711799,5.977157690361537,7.932132407921348,7.643022810832288,1.1987290800028825,3.9488022791536643,5.305570995259345,0.0,0.0,2.915817474366482,3.445918962901122,5.21075310947565,0.5649160026628633,2.685627344000193,2.5168493397016602,2.5168493397016602,0.5649160026628633,2.685627344000193,3.7732412824809147,1.5678864852758652,2.235622302355,0.923703191589609,2.915817474366482,6.013091489720744,5.183489958717286,5.571998126488983,7.46152544307344,3.2307095295737436,2.63247140422618,2.63247140422618,12.293831659636178,0.923703191589609,5.867362840630915,0.0,0.0,0.5649160026628633,0.5649160026628633,7.608493573987896,3.737724378688752,3.9190899754681205
TCGA-L9-A50W,1.5584393114622848,2.4095453284176265,4.695166270968647,8.11028604406909,1.9984348278349575,2.3397459938821723,7.566823305889207,6.060675728097014,6.119307918567867,5.938909931273086,0.0,1.2881301123326592,0.5597872018146528,10.942806208229044,6.3666405363583305,3.074215304024674,5.734534739195496,0.7539600199564577,1.0562961228741619,1.705057135388762,0.9518895091140186,5.373345986204333,0.7539600199564577,0.0,4.586623249981513,2.442694800978691,2.0952779807061366,0.31852645574676197,0.0,5.508254090374964,1.946238666516114,0.0,4.903035235496141,1.705057135388762,4.188138441508461,0.0,0.5597872018146528,0.0,10.95855713501339,1.0562961228741619,0.0,0.9165307030787622,0.5597872018146528,2.7729511565525304,3.204131661941109,0.7539600199564577,2.1404072817794013,0.0,1.4762036185285252,3.4582643098359367,1.1789318810824512,4.086354392330921,0.7539600199564577,6.537982068922713,0.9165307030787622,5.0151782923681445,1.2881301123326592,0.7539600199564577,3.515644488921143,4.663816381420824,4.135545684864206,6.537437696002246,5.770265978088815,1.3356061467923674,5.675852711476383,5.43737471292764,6.264972261300715,0.0,6.147784301362936,0.31852645574676197,6.507103070270293,5.5885698825773416,4.91303716559897,3.173200404842953,2.9045266584867466,0.7539600199564577,3.812578290199624,3.219243757172808,1.705057135388762,2.0480282709740925,0.0,0.9165307030787622,5.520344294670549,4.7393251341614375,3.2775144759495785,2.4095453284176265,6.187878011590155,7.271655060811881,3.787402648472497,10.438512008466413,0.0,5.949722858965837,0.31852645574676197,0.0,1.7710294120016579,4.383968498036222,6.471834571630177,1.9984348278349575,0.5597872018146528
TCGA-L9-A5IP,3.5479579647239072,1.0126185755011334,4.974897574937744,7.904227785782607,2.6494601747586306,6.9616182688722885,8.925300140121792,3.1315996855593937,3.8959606944196894,5.139251292607053,0.8392368864318404,2.7383207241204577,4.652587980317245,9.72894367105798,0.0,2.2787226357293706,0.3633923316862566,0.8392368864318404,0.0,2.1846795498339246,4.902552558037831,6.710395208459803,4.074889874387965,2.5854983125206954,0.8392368864318404,6.934251142786102,1.4030285601110557,11.828247023225426,0.0,0.3633923316862566,1.6830786325854628,6.886175092763778,4.4886071558222715,0.0,4.838889615034474,1.28903979221566,1.4030285601110557,0.0,6.025373098759164,5.885815100824834,2.4361889829905703,8.402370270294732,7.775796500507241,6.3867126388055455,5.013497859709733,0.0,3.71057489674752,7.325208244735629,6.015796118921219,1.7613518068066294,1.9650122509287997,6.329783292168409,2.551918671798495,4.986929860750743,4.428696695869558,2.4438328874657804,2.322632788297824,2.4050423984124136,4.953472174362881,2.5171721416251347,6.196283218719003,7.584173304288197,5.5673363621693035,6.145727363504843,0.3633923316862566,3.368867008831406,0.3633923316862566,5.675160067193523,5.772477968597499,2.2328061983861294,7.888248225449156,1.0126185755011334,0.3633923316862566,4.3005887875791045,0.8392368864318404,2.322632788297824,0.0,1.5981544934136136,2.2328061983861294,1.0126185755011334,5.641531113750243,2.36468627122315,4.5375634961644025,4.790412473293023,2.481174694698322,3.620911057673173,4.489541577885118,5.762887511114857,1.5053432618975078,11.095628131355427,4.288633116898821,5.461473093247428,0.0,9.318566777047053,2.9426848099318756,5.942615631212701,5.401528073021163,1.9650122509287997,3.79285651323693
TCGA-L9-A743,2.9659738513897156,2.2001536168420994,5.968684541817637,7.223755092615537,1.896974974372365,2.9413552820876596,8.665019917130808,5.609306946433316,5.7282181436702935,6.022742744129186,0.8822788292824492,2.4731123699052886,2.2996507921409917,10.858927841185855,5.253706955029488,4.380124827384285,3.080730375264322,0.3866899527818304,0.0,0.0,2.3459223216591667,5.926760678968015,2.9161098941967962,0.0,3.555185191083892,2.9659738513897156,1.896974974372365,4.648220096858602,3.0588103537666846,2.3901379900019073,0.3866899527818304,2.749601529593774,5.153713470813369,3.5878373783355126,3.4409692249665924,2.8363202772427454,2.779353290867635,0.3866899527818304,7.846848056963737,4.747181769934097,0.664902015119643,4.431974461826201,4.5731127948715,2.549726381382204,3.645431619257176,1.2121492856100708,3.5138681124693227,2.549726381382204,0.664902015119643,4.01270961538608,1.896974974372365,6.813826943990346,1.896974974372365,6.391657448191724,0.664902015119643,6.175239214292134,3.875657731624832,0.664902015119643,3.9601195957975337,6.583934671914352,5.1219798695012235,7.305040354999862,9.33354866427763,1.822757364927544,1.5638336678290792,5.099189369403573,1.2121492856100708,0.0,4.293714411951203,2.6873167407152976,6.717537428355877,1.896974974372365,4.01270961538608,3.81510453301432,5.546855722882189,1.65809473438052,2.8082393683575457,3.9779586750990017,0.664902015119643,1.0607719556849293,1.3436216968329382,4.337852674421502,5.9454729632569885,4.304550110699301,5.65660351180454,7.702529012630361,5.343362431341164,9.585902818730034,1.2121492856100708,12.116109644052353,0.3866899527818304,6.040883085237709,0.0,1.9654186154433564,3.1231839722360677,3.222042804689404,6.993428260720287,3.240696023341315,4.459658746887734
TCGA-L9-A7SV,0.7568728714404901,3.026028667785341,3.842527150323283,7.558652362435252,1.1827389533175443,0.32005245248223163,9.845492906798786,8.360859797868269,5.321530836966298,4.243530078859352,0.32005245248223163,1.4804447777497287,4.747502734565683,10.411503232104112,6.33270219680466,0.0,0.0,0.7568728714404901,5.228913696409157,0.0,1.5628074145057875,6.245912948250604,0.0,0.0,2.100113888699364,1.4804447777497287,3.007562025307568,0.9198444100734526,0.0,2.6796370090653028,1.3907095995933003,0.0,4.939490108041162,6.804237508869797,0.5621269181215414,0.0,1.7755962113856358,0.5621269181215414,3.4984269304200515,3.113573085319081,0.765700373241654,2.4477325076455423,1.6388802030340581,0.0,3.007562025307568,0.0,2.380249590350523,0.0,1.2921210348526286,3.7493581829355644,0.32005245248223163,6.04404750951611,0.0,7.77267692412289,0.0,1.378438585154307,0.9198444100734526,0.32005245248223163,1.1827389533175443,3.73144313102448,5.633942816174891,6.020508653809703,2.1452643939609652,2.0178453542963886,3.224531799644358,2.846088920450618,0.32005245248223163,0.0,2.5988378321286376,1.3907095995933003,6.922968961787518,0.32005245248223163,4.766948841550716,6.015918106737227,1.8375292034722437,0.9198444100734526,2.1452643939609652,2.003194745410104,0.9198444100734526,1.0599061097860307,0.32005245248223163,0.5621269181215414,4.487415399932684,5.284471959725984,4.520800045134064,5.1290758912894345,1.4804447777497287,5.336162133521387,0.9198444100734526,9.156648413619305,0.9198444100734526,5.076329397291619,2.7781109466530842,0.0,0.0,0.5621269181215414,7.4778134973205175,1.4804447777497287,4.013118237683739
TCGA-L9-A8F4,2.57486922326573,2.1913182805654587,6.172725124595726,6.511341087474388,1.9842925988761273,0.34945897131842485,8.709936914926029,4.128199946165402,5.262596920306801,5.537523225542703,0.34945897131842485,3.9107542008359255,2.6366329646445217,10.840974058473757,0.8130612772252829,2.801886568105075,0.983201437156782,0.6078615862775849,0.34945897131842485,1.8621247318886185,3.8140948015876157,9.566706268164578,3.841396657687839,2.8269526100265097,2.6948028410165805,5.802142544269283,2.322554373069546,4.093924473997397,3.5987413759028186,3.067811045415542,1.2555020708698672,7.600837457429491,5.993377715833037,6.276468662030165,2.6661442860189175,0.34945897131842485,1.2555020708698672,0.34945897131842485,5.034774908282736,0.34945897131842485,3.947025217821192,4.086927120894239,1.4692788912335786,6.631304564702367,4.496151877644576,0.34945897131842485,4.154799757922036,0.34945897131842485,5.431684995764064,3.308734810236534,1.9250804230452183,4.973030341565123,1.9733029456181685,6.108789700174352,0.6078615862775849,5.113270098375637,1.2555020708698672,0.8130612772252829,2.322554373069546,3.902342298223255,6.228700334779329,8.047186362165382,2.362739015813793,2.083309053206325,1.2555020708698672,5.805926823991188,0.34945897131842485,0.34945897131842485,2.7497741887043685,1.9842925988761273,6.744826853887778,4.141589088063351,0.8130612772252829,5.317418767650429,3.9107542008359255,3.2456112275901083,5.0099750762003765,3.9107542008359255,0.8130612772252829,1.645306860848343,0.0,2.6366329646445217,5.451617684920456,5.15407163700631,6.367847506024153,6.966458055235873,4.4286203407753835,5.292490422837524,0.983201437156782,12.158142111772623,6.132679780769688,6.427736868806372,0.34945897131842485,0.8130612772252829,5.398185325696213,1.2555020708698672,7.154130864566198,3.1245475628248047,3.610120297336393
TCGA-MN-A4N1,1.4641808997769619,3.3324687609721724,5.174770250452289,8.133053080622513,1.4641808997769619,1.250760965824695,8.061619350208586,5.548869837946846,5.87330018875734,5.6340714882435785,0.8093734495280775,1.6399671174689232,5.808091437626244,10.591880951760995,6.284436354211826,0.0,0.6048622656923737,0.34748282556981724,1.250760965824695,2.468353736446932,2.137592518321866,8.632938596958125,0.6048622656923737,0.8093734495280775,5.236303655393576,3.5922942117627485,2.659972782869036,6.863433417064757,0.8093734495280775,5.076023454188404,2.716474615862105,1.9194194923806482,5.205050098577594,5.006814671470464,0.9790777199729198,1.1241175790764715,0.8093734495280775,1.7894234094305073,5.476798223956053,5.382083901393605,0.0,3.700617789494283,5.63258717961405,3.658685675317442,1.7894234094305073,0.0,0.9790777199729198,0.0,1.3631536686782482,4.381333894785001,1.6399671174689232,7.4292834258812634,0.8093734495280775,6.591038413638595,0.0,3.9691081943649946,3.9125988396038194,0.34748282556981724,2.9151131497846117,7.387480252469568,6.851636677291288,6.66415133409093,4.512650209942333,3.8062290625209654,1.1241175790764715,7.221704333809638,0.0,2.1854331081831875,6.777778703359267,0.0,6.691860392503839,2.395346573075357,0.34748282556981724,4.826856676304301,4.632756169715859,2.395346573075357,3.080757930305518,1.5559316449109593,1.1241175790764715,2.9373825621655194,0.8093734495280775,1.250760965824695,6.16173882599126,3.8686247786026753,5.5025349461912105,2.659972782869036,3.5922942117627485,8.01370392399081,4.668492342654251,9.107788131641637,0.9790777199729198,6.119690641492143,3.75067515465581,3.533388710134987,4.702986314188382,0.6048622656923737,6.785518716078713,0.9790777199729198,1.4641808997769619
TCGA-MN-A4N4,3.3114768837706556,2.5658489527043726,5.445115367272945,6.392349180842037,2.2667920984952312,2.880113768609883,9.677157680288676,4.157962347112116,6.177834149498496,5.939136507029396,2.2157082524085334,4.012640892581294,2.0446559786916123,10.353489347145219,7.104587708626503,0.0,0.3923798685595089,1.356556542855934,0.6734035515233341,5.612781330939947,1.4732286518051143,11.5963194738324,1.6722624655673355,2.7352761873558014,2.7957496746324395,5.970289428376185,1.0722340896080438,9.23308963406896,0.0,4.503875836704019,2.2667920984952312,3.097408510584655,4.912029690342133,4.310950791735941,0.3923798685595089,1.356556542855934,2.6709020054667048,0.0,6.765361877353036,7.075360750065406,1.8510969885735622,6.036736625301849,5.637040639114277,4.409140703415429,3.6118634114652526,0.0,1.8381817528145996,0.0,4.768589210278982,3.5308270056109192,2.932643367882702,6.951360596462858,0.0,6.576267598792881,0.0,1.878640282139011,3.6374782591684878,0.3923798685595089,4.792777747211283,3.3114768837706556,6.01233278291228,7.307799051504216,3.097408510584655,2.1618852108909103,1.0722340896080438,5.591505502771369,0.0,5.45543222029643,5.210016067056888,0.3923798685595089,7.226652548086792,5.290642993736342,0.6734035515233341,3.37920736377054,0.0,1.2244516735072575,3.37920736377054,1.356556542855934,1.8381817528145996,1.2244516735072575,1.0722340896080438,3.1398932217518807,5.220453117642547,4.310564198463486,4.816394990388773,3.968219957211547,4.9710555831776535,8.10062264557575,1.6722624655673355,11.502915532340909,0.6734035515233341,5.87376150825177,0.3923798685595089,6.4584918765644215,7.3196397388924845,1.4732286518051143,6.537934303373389,2.1049874486475746,1.7586679342278557
TCGA-MN-A4N5,4.0274583986383234,1.323327936923432,4.30182745642613,5.562407064675287,1.8112515908059834,0.9457718611963237,8.241152428547808,4.812566396206662,5.279521831963711,5.006794594710318,0.0,2.5503041768742967,5.592191478692181,9.860767925315967,4.146378665476324,0.7798293366956698,1.4230119440550533,1.323327936923432,2.3080799684760063,0.33196208114332687,3.235119184302402,6.175703015452463,3.5846127844328532,1.088056774728593,4.212651904850003,2.7451468651877655,3.010192222756188,4.749850448356753,0.33196208114332687,4.30182745642613,3.1375442870097356,4.80614992460058,3.9659750621725056,4.228040316338533,4.312435369899659,0.33196208114332687,4.11473851791715,0.0,4.611214879959295,5.053132684356947,0.0,3.468930793696246,3.528443647525911,3.562522265237414,4.567214911829047,0.9457718611963237,3.3924996659589595,2.2681385652596777,0.9457718611963237,3.745699199501087,1.513653620256264,5.843816843687964,1.5741837222173087,6.758825944177517,3.0849374923119974,4.061935000424055,5.0094278988211824,1.513653620256264,4.871587763135148,6.971265146236664,5.689960726193915,6.941257751036138,9.392945221972163,2.391428956620651,1.513653620256264,4.783349843614711,0.0,0.33196208114332687,3.773213709141575,3.5736285224746767,6.4911301286149214,4.1890575940721,2.2681385652596777,3.8346148243398472,1.088056774728593,3.0294087999133748,2.090208370790729,2.719530713765135,0.5807620499651546,1.8736159156978873,5.208884879216484,0.5807620499651546,4.847159043767986,5.267409604869688,4.363851207768775,6.561453490213714,5.410909173283843,6.869447828677361,1.5967578592767258,9.855814014707393,0.7798293366956698,5.421406300994602,0.33196208114332687,0.33196208114332687,6.642671921128537,2.3464871392811744,6.433149074116484,2.5805728268238513,3.0849374923119974
TCGA-MP-A4SV,3.360017684284972,0.6179386029621904,5.3774843062333275,7.246895382251678,2.3826247237397715,1.4862075670894859,8.423906163658936,5.169693910276097,4.6281540223784665,5.067393627914864,0.0,3.0076114360840687,3.445370554705893,9.993035709177727,5.76813347821345,3.981299036821547,5.658059601536235,0.9969855345798113,0.9969855345798113,0.35592466254802824,1.8132600006740576,6.59764216798576,2.059302607838949,0.0,2.7703173947272743,3.620073172360895,1.143490047446195,5.061993586371398,0.9969855345798113,5.707535423525508,1.9438365721084045,3.7284750969722906,5.054951975080215,2.530899253638473,2.52919463083143,0.0,1.3844676937784832,0.6179386029621904,6.064350165348606,2.059302607838949,0.0,2.2108096586098505,2.822491362616122,1.8806704297548085,4.941270925041199,0.0,2.9862625771775653,0.35592466254802824,1.3844676937784832,3.2335437233512336,0.0,3.2165491201889385,2.6197215933085163,6.624673276632468,0.0,3.445370554705893,1.6630355497828917,1.2712201532744252,5.099195471075736,6.006042766607225,5.661038495417169,6.818528358578652,5.738293396183911,3.2548836900406584,0.6179386029621904,4.435200035553068,0.35592466254802824,0.35592466254802824,3.524007759032564,3.266694088323676,6.736237154393426,5.582153302088639,3.345053746877378,5.831556911096116,3.748814426412095,0.9969855345798113,2.6570024905915584,3.445370554705893,0.6179386029621904,1.2712201532744252,3.5113215331690038,3.75882986701175,5.271321227877466,4.501466075511227,5.246866164956958,6.502935462628458,3.181663972602075,5.155001115093381,1.5785249937906258,11.08959165831958,0.8253151441373626,5.35954886300233,0.6179386029621904,0.8253151441373626,5.803576526259666,3.0887261364026597,6.452758481842924,3.360017684284972,3.163756272313756
TCGA-MP-A4SW,2.3573383946468165,3.634560534503624,5.5698090796010895,5.416295938641481,2.11456734365521,1.7932749869174298,8.677894369805053,6.332346688646447,5.532681728442865,5.568073474669618,1.8663256697124708,2.621075187087803,2.3995484510004985,10.745190504859707,6.631060623186465,0.0,1.6289267650179473,0.8612430300899179,3.435746945554783,0.6474696670632927,1.1868978535354702,6.428011568779175,2.2188447240561477,0.0,4.1420357099957785,5.127392618705688,1.9344013186581115,2.313277722532789,1.0372686584270576,6.5614322825503955,1.0372686584270576,0.37528077693084905,5.075586230179091,4.969723017722939,3.66998711238211,0.37528077693084905,0.37528077693084905,0.0,7.0107359650906815,2.313277722532789,0.5525623997460717,1.7144643723015036,2.267175508256152,1.432127777463063,3.585289592145449,2.2188447240561477,2.1680589200253,0.37528077693084905,0.6474696670632927,4.163511418572808,1.7932749869174298,4.570872693869371,0.0,6.951934830593886,0.0,3.001092879796087,1.6289267650179473,0.37528077693084905,5.90196097627242,6.247922944686574,6.560788769598173,7.519882190878127,5.220199056033944,1.3218891644275539,5.13278212785414,4.863024294977697,1.3169978721172342,0.0,3.5725815650811485,1.0372686584270576,4.9728849660634085,4.703113260318055,5.43035827395112,3.5200731533982754,3.869188570640996,1.8663256697124708,2.6536503319181586,3.924656861118434,0.0,0.8612430300899179,0.8612430300899179,1.0372686584270576,5.714946590026957,5.045790060170631,4.112664064087495,5.588719486314721,4.379267832676775,10.320215660922985,0.8612430300899179,11.368398990215644,0.6474696670632927,5.3005847939904385,0.37528077693084905,0.37528077693084905,4.5802543484848925,3.9599975990150473,6.829644537193422,2.8295655223667358,4.727582490028137
TCGA-MP-A4SY,1.4959108074432137,1.1520266653027458,4.681510664244529,7.55904346919413,2.5407433572253977,2.6982489924631055,8.102831626934064,5.57185360682645,4.681510664244529,5.445663519431261,1.3938904377415184,1.7513193462300325,5.724284203928866,10.486942627410652,4.544140169510344,6.865512483936,5.024485600906304,0.3597003627404201,2.5060237722338785,0.3597003627404201,2.7820748364501835,6.763873361151653,3.5361798043664927,0.0,1.1520266653027458,6.059823884621325,2.726976627653142,8.743914335506876,3.3721220958410374,5.1323159094961674,1.1520266653027458,2.954024470154201,4.581889276475866,1.8913181869580449,4.288623510282882,0.6237435104210662,0.8323872476514493,0.0,6.215805381392802,4.673454806724681,0.0,5.093228592400109,6.537638974774748,1.8237586570008646,2.606748105571885,0.0,1.0049241260157709,1.2802669564743605,0.0,5.049779081213883,3.3265277133251256,6.129132995304777,0.6237435104210662,6.708898160217377,1.2802669564743605,0.6237435104210662,2.574290210922686,2.470063702918226,4.214656249993139,4.017263713909379,5.152551436255171,6.113927724904811,8.266496001176161,2.0169808603372306,0.8323872476514493,5.826345180579208,1.8913181869580449,0.3597003627404201,3.952886599083145,2.0140893562739235,6.48948604682385,0.0,0.3597003627404201,4.300435541369784,2.606748105571885,3.6091054603335877,3.278758524469578,1.6732198974703885,1.1520266653027458,2.2678487101851847,0.6237435104210662,2.574290210922686,5.555251530051037,4.749166628460378,4.246143908401216,3.730386014265662,4.252323618740325,6.786609721379935,1.1520266653027458,9.840281476632336,0.0,5.609028473489193,0.0,0.0,6.177010068006873,0.0,5.4765263114683655,2.123434503365464,0.0
TCGA-MP-A4T4,3.7163973401506754,2.2721155761778458,6.1946604606124955,6.928361504875085,1.3609765531356006,0.0,7.235374154287605,4.515046333905667,5.457225284182971,5.637802915722226,0.39426933534742964,3.2631950569181227,3.6305270925078155,10.465794003104367,3.7735100827030874,0.0,1.763582877959318,0.0,0.8960880245566356,4.263836953848558,2.1671318548068244,6.043803169949321,3.145573681793151,0.39426933534742964,5.218537957541697,3.6558240960395807,0.8960880245566356,6.533505367526846,0.8960880245566356,2.2209953559540914,1.6770778691444401,1.9855703260697652,4.6816218381484225,2.190647439753181,1.3609765531356006,0.39426933534742964,3.0811298490662193,0.0,8.033243161655601,3.2061106961859904,4.284896048935651,2.4945681600586314,4.009737565120391,1.4778018653640115,6.167673711232978,0.0,3.4636336947078563,1.076128069115121,0.8960880245566356,3.035736333657074,1.3609765531356006,3.4011807148565985,3.5749573927942024,6.011169130382317,0.39426933534742964,2.367107989009545,0.8960880245566356,2.533680940815582,2.9635396057317904,6.619634443621321,6.639423443931957,7.818727894711479,8.590609066983502,4.655910827691276,0.6763570112524712,5.148058271339819,0.8960880245566356,0.39426933534742964,4.3038231720517155,3.8687521816381727,5.5055185103214805,3.448383084768879,1.763582877959318,3.035736333657074,3.7163973401506754,1.4778018653640115,3.432896287070423,3.145573681793151,0.8960880245566356,0.8960880245566356,4.3103345879745145,3.4011807148565985,5.857821719703407,4.5901672019541655,5.107949525054004,6.872370558990385,3.76234597057894,7.711750391752599,1.076128069115121,12.365658527847371,2.642608160802993,5.815505705243505,0.39426933534742964,0.0,6.15646826196811,1.2286459045308202,7.106261816160353,4.06100147526562,4.193418860954902
TCGA-MP-A4T6,1.3680540128301026,2.242537804488658,4.687616157354789,5.538310168624377,1.5389510683828191,0.0,6.584488860439697,4.868964197111319,6.285575286329889,5.220793567093145,0.3118867611485983,2.0264889767271015,1.9770488399246062,10.690487032527233,7.543808161293744,0.7409368443957938,2.317385031605645,2.1616319414108314,2.483155116749194,0.5492190717528606,1.0402060377797149,4.936881105507594,2.0264889767271015,0.3118867611485983,4.5922136109075025,1.9770488399246062,2.242537804488658,0.5492190717528606,0.0,6.237390595219433,2.317385031605645,0.0,3.9260324138012095,2.817591963153259,0.3118867611485983,0.0,2.542459893079949,0.0,4.628613237714558,3.398236335421843,2.861234700041286,1.7505033527127032,5.2028356720359055,2.6514586853686906,3.636598830371867,2.483155116749194,1.4571488320881152,0.3118867611485983,0.9017454604321192,3.8755560970714855,1.1618374477231512,3.8047896259441223,1.0402060377797149,6.816318487912779,0.7409368443957938,2.008482452739342,2.7497422170440458,0.3118867611485983,2.839224651653016,4.326208645592544,6.733154242127082,6.811495448402219,2.118578116678217,2.9334951022782514,4.271532129281999,6.6192715519578424,6.106891475990068,0.0,5.422457928020239,0.7409368443957938,5.943423852016425,2.6253060700903426,4.680852632292334,4.523149606949246,3.4460145846978647,1.0402060377797149,2.242537804488658,3.502697455393503,1.0402060377797149,1.7505033527127032,4.010290625872344,0.0,5.435301541453385,6.328056419429702,4.21908997087846,6.321072204899595,4.34061592522833,9.194654997151613,1.4571488320881152,10.597549314738751,0.0,5.803528257159423,0.0,0.7409368443957938,1.1618374477231512,0.3118867611485983,6.6664859436838455,2.9213481094166203,4.286742954518438
TCGA-MP-A4T7,2.411044801189545,2.411044801189545,3.8380470245631906,8.292318141923879,1.7668347463688456,5.953788640126981,8.528277532502027,4.466105800263712,5.684738959161737,5.143241258644277,0.0,2.4872289511575683,5.319853784078561,10.00031022431122,4.817293234018836,2.13993674335714,1.4080069280255405,0.36540671086217885,0.36540671086217885,6.3799309931327,4.620698987605718,8.163513756457304,4.270790558332677,1.8395014652134762,3.8285022563747755,5.796632053906855,1.8395014652134762,6.231034444253931,3.2967882651324683,1.6884523993621263,1.1648992803397977,5.257505788640195,4.726325307544559,1.414468710302781,4.719935339081056,1.6884523993621263,0.6324413054425504,0.0,4.67158507065407,0.6324413054425504,4.541228819851311,6.209098950898386,5.796632053906855,8.645310202696558,3.789385204445576,1.8395014652134762,2.19054677480519,6.746443855449625,0.8429885887991051,2.7724574636257464,1.6884523993621263,5.748596490445994,1.0168597867958507,6.407952018497882,6.359534075493096,6.89634442207986,3.058293841807341,0.6324413054425504,4.42470650227864,4.947574791262412,6.869209857767921,6.519959642257043,6.049799490787412,3.482460882326143,0.6324413054425504,3.8285022563747755,1.9072435680567323,0.36540671086217885,5.9719452796616075,1.5104790844009675,7.232335658349838,3.43385171143541,4.313024834575642,4.683898183655194,2.086640566406529,2.284655310828063,3.0159759800310333,2.2387076866052853,1.1648992803397977,2.523245564014449,1.6034198401085373,0.6324413054425504,5.076685172557755,4.946544672636646,3.6035993049569637,5.130277341459851,4.445620960199035,6.710023593728618,1.8395014652134762,8.277399289158017,8.4166079227631,5.686236100106404,0.0,1.1648992803397977,3.4049735761899216,1.6034198401085373,5.994714261063093,1.6884523993621263,2.6241104654249106
TCGA-MP-A4T8,1.3710791953134103,1.7983046692640583,5.5249308905375285,5.987130167240427,2.2406033006381643,1.928516902582915,9.324507990994157,4.025585591949556,4.901883850550137,5.883921095021621,0.0,0.6097112223179106,2.8552050384170142,9.917942573505712,3.7804234598705926,1.3710791953134103,0.8152763137930088,0.0,0.0,1.5643359385216802,5.637186727768971,10.372722136142057,5.041494221682239,1.3710791953134103,2.578586713796434,5.224547029696793,1.258375758705228,7.656819547700444,4.104831052946237,0.0,2.9023991381088834,6.024389038282139,5.487527641545413,2.409940617298087,6.076829986952601,4.735900158296392,0.6097112223179106,0.35058644659817495,5.453828549043118,0.0,0.37397444101679356,4.873394171782749,6.037508085609309,6.657141605115495,2.2406033006381643,0.0,0.6097112223179106,2.8552050384170142,5.6953570804958265,3.5557965323398983,1.7983046692640583,7.0102938166027995,0.0,6.32258319308749,6.0651935188787025,4.6672713642171955,0.8152763137930088,0.35058644659817495,4.234562922162045,6.015203046140153,4.610432316661747,7.4932392948215805,5.546457874379209,3.2494787420261795,1.3710791953134103,2.2406033006381643,0.0,0.35058644659817495,6.4195110977650485,1.3710791953134103,7.263133382386569,2.1948885175386716,0.8152763137930088,6.444514331171781,2.8307396988818114,1.928516902582915,1.5643359385216802,0.8152763137930088,0.35058644659817495,2.6099521387622246,0.35058644659817495,1.5643359385216802,4.860463355237869,4.680713556036599,2.4781002050750223,4.097881632739681,3.3427416560888865,2.578586713796434,0.35058644659817495,8.254552288687911,3.7110078061869376,6.381149128418395,0.0,3.1645125597812784,6.446514741446539,2.405024345915753,5.526635506555487,2.043710731724037,0.0
TCGA-MP-A4T9,1.8833506207998825,0.7860453629266759,5.623966963393827,5.176290965537838,1.8833506207998825,1.6059317731048126,9.250060960171115,4.961276968553714,5.391980736559708,5.715934999361573,0.7860453629266759,2.100285293484426,5.069558076448192,10.689475958448247,4.864715095190577,0.0,0.7860453629266759,0.9528155065565274,0.33518569509574775,0.0,2.981511637914019,7.1958922479528065,3.403597831608835,1.095674644680767,3.7092897398855578,4.438312445684473,1.9421459304082167,5.393791169329028,1.6828184772340864,5.377368813854541,1.9976890398075768,6.552109804957366,4.5044057587824735,3.202754572986569,5.079520604243138,3.8875192250078583,3.5510847005534556,0.33518569509574775,5.513081911831359,5.25624980496443,5.507812196385843,4.438312445684473,3.8373037695677477,3.1485349023114146,3.8458511511278966,2.7302616894674294,1.8208650943667088,0.7860453629266759,1.3317589747218659,4.093355740165338,1.6828184772340864,6.679476062687149,0.0,6.872704101222307,1.095674644680767,6.501998128233672,3.403597831608835,1.431745624023808,2.278435832761043,6.249061697691556,4.888994828112567,6.938546331400224,6.581235353410151,3.8952450392292106,1.6059317731048126,6.0792075314077065,0.33518569509574775,1.2206824178888833,4.297028230294755,1.095674644680767,6.456772795284659,4.200368357861119,3.5624456709050736,2.429605334002911,3.5395902713702068,2.100285293484426,3.05920460150956,2.67693098204334,1.431745624023808,2.278435832761043,0.9528155065565274,1.754230657335641,5.508250037189059,4.390458486488406,3.8793241784649064,5.10158446335075,5.384701463505344,6.169822007242503,1.3317589747218659,9.098833226657442,2.0502959040740274,5.6325549653678335,0.0,0.0,6.597117052090166,1.6828184772340864,6.544717276513868,1.8208650943667088,2.497403241117283
TCGA-MP-A4TA,3.752009170852442,0.9615699780729149,5.156096904488517,7.236022517912626,2.2059530399000593,0.33925407799576845,6.898382491318789,2.995007010614396,4.795559113859805,5.249394943632803,3.994912733413593,1.8327894421193092,3.3487947002024403,9.539845537681623,4.24378559763563,5.9409788212859835,0.33925407799576845,0.33925407799576845,0.9615699780729149,2.0626895065921085,2.591718611588064,7.249890024723808,3.4434934891438256,1.8327894421193092,3.518082236296925,6.1747980916695395,2.2059530399000593,6.1150374557211,1.2307218376184879,0.7938066636591226,1.2307218376184879,6.668845592763984,4.880503829446509,0.0,4.100662892798976,1.105157488704113,1.2307218376184879,0.33925407799576845,6.244603698457572,3.8597587134591995,4.309853712180299,4.31104607475678,3.8766403574706665,5.409746928232245,4.5293264004893805,0.33925407799576845,2.818631066989918,4.596726639365183,0.0,2.662376176722131,1.3422379749229707,5.769950916750629,1.6173068708127956,6.505976866651964,5.6940452211004535,0.9615699780729149,2.249490176659867,0.5921659507058317,9.205634315844417,5.772468632444648,6.604767333662268,7.5762305967364325,7.363666322570674,2.160445325832923,5.359732264249503,5.309089142101325,0.7938066636591226,0.33925407799576845,5.557298993264902,3.506031758933452,7.247016479966997,5.990704258161573,1.765997118004615,2.604347569653831,1.8327894421193092,0.7938066636591226,2.604347569653831,1.3422379749229707,0.33925407799576845,1.105157488704113,5.225789683540953,1.8327894421193092,4.480203157135791,4.409861865039781,5.27246095200281,5.601517163905677,4.418856270324542,5.0296794639016165,0.33925407799576845,10.917300561177566,11.93617155037348,6.248516650073373,0.0,4.379143733103631,3.162140380387629,6.665247954061379,5.976218920892416,1.9543317306369916,1.9543317306369916
TCGA-MP-A4TC,2.5517004383970074,1.5346497089755142,4.62051189778729,7.604127254297697,1.7137258530889545,5.357062576316713,8.351209442829902,4.282601249013109,5.236378131005508,5.835450883002658,5.3740786141455885,2.5155974971087973,5.319917397154495,10.65513003068636,6.073323297085711,0.37500590062345585,1.865551915418219,0.0,0.0,1.186256798520156,1.3163546129152088,6.409286329425518,1.431435016784162,0.0,3.7788618299790726,5.869432497162184,1.0366659604491237,6.491907961774819,4.257153366368827,5.447250171196636,0.8607357377518352,1.3163546129152088,5.714099075058151,1.6281811552512357,1.7137258530889545,0.0,1.0366659604491237,0.37500590062345585,8.845847807055254,1.7137258530889545,0.0,6.160578432002279,3.950385658245236,2.356514410019126,4.796690966542385,0.37500590062345585,2.1137584237605695,0.0,0.0,4.257153366368827,1.6281811552512357,6.1333199488410886,0.6844595521623797,6.316758467067125,0.0,2.5517004383970074,1.431435016784162,0.6470508846669718,2.881078710984572,3.993237948841743,6.61441455987863,7.755548730829318,7.191858454816638,4.786499584088679,0.8607357377518352,4.804176770312317,1.9336206559225761,0.0,5.650522335015317,2.6202312253652096,6.910112498555815,4.837186259805898,0.0,3.703309833556139,1.3163546129152088,0.8607357377518352,1.5346497089755142,1.0366659604491237,0.8607357377518352,1.9973362917609923,2.684358420845367,1.3163546129152088,5.194366967319665,3.440568724495858,3.596950551343927,5.759523031960609,4.237635054544993,7.482006304598227,0.37500590062345585,10.50684130797862,5.297401947680008,6.402523977772456,0.0,0.8607357377518352,6.19457068356557,1.0366659604491237,6.675601255009646,1.792509188118601,1.186256798520156
TCGA-MP-A4TD,1.2425105920310167,2.338357560082174,5.735042095058341,7.233051004727199,2.338357560082174,2.6256970486277056,8.69564895230723,8.115224962094482,5.886909262719977,6.0211204320154925,1.0890332222211154,2.4292089333159113,3.2819783154072146,10.648577066812024,6.337386635756937,0.4007205370774074,4.845532637491555,0.6859714968108498,1.0890332222211154,1.0890332222211154,1.4929040961781488,7.504760433849882,2.066862759472976,0.0,2.7590981320572823,5.8378470584423825,1.779771229915988,5.65553366392855,0.0,1.4929040961781488,1.9335772678962182,0.0,4.724729421045731,0.9096688555652681,3.699530034784468,1.9335772678962182,0.0,4.8180290305517435,5.989527672576947,1.2425105920310167,0.0,3.6235726379132833,6.483154750945446,5.298882206995632,2.982059221966641,0.0,2.4292089333159113,3.2050608358344728,5.150472595950658,3.5695270626626834,2.589364257947505,6.34347085992835,0.20432763705656928,6.6551211231008685,0.6859714968108498,3.5123898583279076,1.6929883071280345,0.4007205370774074,2.589364257947505,6.0115048912453135,1.4929040961781488,7.739019571664459,2.848634993249417,3.105962413323112,2.127374195435139,5.073290793460598,0.4007205370774074,0.0,3.6495381336878903,1.2425105920310167,7.270779026548805,5.989527672576947,4.7564137872111845,6.293729766684506,3.711645822442549,1.0890332222211154,2.7590981320572823,4.7732153178632375,0.9076938846486368,2.0024389996825587,0.0,4.020102222067044,5.536680510058931,4.695942813929938,4.86851858142442,6.780207094075415,3.7586993168826464,6.808905743039953,3.030814627807829,11.616997150443126,3.5123898583279076,6.23849843805815,0.0,0.9076938846486368,1.3755114337544214,1.2425105920310167,7.0880664830371565,2.4717200879838246,5.2764653406684365
TCGA-MP-A4TE,0.6318567121168378,1.015991259979773,5.0670723366994155,7.622101170683076,3.097629799980151,0.6318567121168378,9.374930654739822,5.796647242634389,6.106080350152019,5.668314179036574,0.3649902755424461,0.8422566031477864,3.855569049281953,10.718327892024798,6.628711786325058,1.2928624163273381,6.654577687518735,3.1366413837673983,4.6494167101076505,0.0,2.900355091505066,10.211784422384648,3.8831522264443086,0.0,5.027439967965205,6.5309096971825005,0.8422566031477864,0.3649902755424461,1.2928624163273381,0.0,6.175318262880013,4.002676907029501,5.12574810119676,1.409156030263153,5.159790660953706,0.6318567121168378,1.6873799537136849,6.0092234206949255,3.7473771096581316,0.0,1.3994326742601182,5.728826245095632,6.682003328751359,6.61699647825236,2.654361056500091,0.0,1.015991259979773,8.740391141250822,6.8720006320752285,0.6318567121168378,1.7657234546772134,7.09493999144208,0.7550885821001285,6.089244402025355,2.0291871810978197,1.4048462065144176,6.107062976025568,0.0,3.192449710631678,5.541988772313707,4.428664484275171,5.4778266392421555,1.2928624163273381,1.015991259979773,0.8422566031477864,4.094857763844951,0.0,0.3649902755424461,4.961795128676782,0.3649902755424461,7.704243938316018,0.6318567121168378,5.718749901777987,8.006847452487097,0.3649902755424461,1.6873799537136849,1.8383726623399737,2.1387712077558305,3.8367475828385116,0.8422566031477864,0.0,1.2928624163273381,3.767937831339326,4.481482753637381,2.798408747841689,5.624782556422051,2.283463433786459,1.015991259979773,3.0147159381407582,11.005746517324434,4.444308705691613,6.220993667212656,0.0,3.7049397936604493,4.474880390847605,0.0,5.702635150064316,0.8422566031477864,1.509440765941598
TCGA-MP-A4TF,2.8032149157815422,1.4498793027450012,5.391794048339874,5.901539839579995,4.264745348120361,0.9674780206433086,7.008704077310354,3.100416560620793,3.825621624171466,4.3732810028793185,0.5964710682944843,1.9035393366880646,4.341938745632251,9.538578803670292,1.773934884315503,1.6249765599147419,0.5964710682944843,0.5964710682944843,0.5964710682944843,1.2375042875347284,5.4974427777641575,8.387287219006755,5.580763254079568,2.2998112494446503,1.9035393366880646,5.350079301106626,0.5964710682944843,10.60348869097195,3.100416560620793,0.0,2.214474930742747,1.2375042875347284,4.6606616556927785,0.5964710682944843,4.618343041698338,0.5964710682944843,1.9035393366880646,0.9674780206433086,5.8322636363047415,0.0,4.505647044108606,5.41383561729186,2.378425135675752,5.938767636533008,4.205714485167949,1.773934884315503,2.121171124217459,1.6249765599147419,6.0807978097669295,4.287415085770148,2.378425135675752,5.3305279894090445,1.2375042875347284,6.51432150325752,0.0,3.515311472742994,2.214474930742747,0.0,3.5392796533103494,3.910814275208016,6.366040802182401,6.247071416335352,3.465582766074897,6.085246286715194,5.243956213195069,3.515311472742994,1.9035393366880646,0.0,5.181772314273905,3.299574317467791,7.183476100034642,3.8943477137481377,1.4498793027450012,3.8943477137481377,0.0,1.2375042875347284,2.5828572799270595,2.2998112494446503,1.9035393366880646,1.9035393366880646,4.847543651610093,0.0,4.103357159811458,4.598673125726684,3.237493436585192,3.8432515380009353,2.98366981372599,4.383514277584251,0.5964710682944843,10.812975195790544,6.412611056817825,4.794980300081107,0.0,1.4498793027450012,1.2375042875347284,4.116740229910044,5.27147532057994,2.121171124217459,0.0
TCGA-MP-A4TH,3.8722005112409743,2.786331358156086,6.32139939003177,8.124583102358024,2.490731320079262,0.0,7.497273776729015,5.747062246366141,5.81535366409074,5.394063814809801,0.653626422397662,2.841642425209794,2.3689625472571745,10.709074630691125,5.586060687124113,2.1258598475970163,1.3264116515185136,0.0,1.0455630675782943,2.665587973245537,1.545432582458188,5.563316617924786,1.545432582458188,1.6392491100057296,2.3689625472571745,4.117807150349767,1.0455630675782943,3.014195769319529,0.0,3.5591351670582765,1.3264116515185136,0.0,4.805315288805169,4.572101390922629,3.738899813663596,0.0,0.0,1.9453814378836194,5.073121711107696,0.3793264504984696,3.2641091949477663,5.0043690353747285,1.0455630675782943,2.069239679195239,4.63411715060973,0.653626422397662,2.8681943129514615,1.4419182648678877,0.653626422397662,4.015084881236469,2.4517720453124237,3.3398183086523106,2.2077248119700856,6.956002438608426,0.0,1.9453814378836194,0.0,0.3793264504984696,2.6329745814414314,6.027663873542793,4.9729334269122445,7.370343985509385,0.653626422397662,2.857125164102529,0.3793264504984696,5.26922835393806,5.174668409968346,0.3793264504984696,2.1258598475970163,1.3264116515185136,5.985645147198665,3.0799125634624676,5.29269157139647,6.073316386546102,3.8230103544977654,1.4419182648678877,2.727780930388953,5.440658588415797,0.653626422397662,1.195829739383469,0.8686958530664711,2.230293930979303,6.208286156995464,5.018715891287654,5.140153645230318,8.121709106759525,4.45284384104952,8.247089051238525,1.0455630675782943,11.508394214342669,2.564379964618964,4.960078570479103,0.0,0.0,0.3793264504984696,0.653626422397662,7.265485665745087,2.4112242281004743,5.724731503406584
TCGA-MP-A4TJ,3.08925449227173,2.361514160523333,6.51376705871816,5.4818923041986,4.366015386009892,0.6277549617928931,8.970813341411448,6.158283219448457,6.310545354300484,5.762148862305623,1.0104001911019609,3.3032500609898423,3.5570922537869913,10.470912767363032,6.268410442510341,0.0,3.2368768302177524,1.0104001911019609,1.2865016497655277,4.320627181503148,1.5026096535012392,8.058311483670966,3.3654872990280764,1.0104001911019609,3.892532289482563,6.288077866967307,2.9622065133288222,4.3770467556334856,1.0104001911019609,3.3348510051161093,1.5026096535012392,2.361514160523333,4.631753692637778,1.5026096535012392,4.4611785611042,1.0104001911019609,0.0,5.601635309172805,6.536811880212133,2.8675522510585045,3.47375367439331,3.6963837264968733,3.2706140202726153,3.3348510051161093,4.5480684764227775,1.0104001911019609,3.892532289482563,1.9619943871090846,2.646203165776062,3.779515088873263,1.8310122331497563,5.2171398485541,2.8419107062299376,6.898230057757066,0.0,3.1282550326787226,0.6277549617928931,1.0104001911019609,4.593265606835014,5.012932653144939,4.0714494581448974,7.372915950014165,3.961353975716536,2.7161704755849767,1.0104001911019609,5.82854847993795,2.0778026995113104,0.0,5.714336583594731,3.4521344459406276,6.57285580492124,3.674473687531335,4.366015386009892,5.87130619261413,3.5570922537869913,2.0778026995113104,3.1657872356924,4.869517099092814,1.0104001911019609,1.8310122331497563,2.275583817491102,4.010029546780213,6.130171585441387,4.476989026734333,6.021882203729465,8.326940264296002,4.593265606835014,7.95993262776139,1.6802318277341795,11.931464732565665,1.8310122331497563,5.122844305182917,0.0,0.0,3.837618373890765,3.605712496048781,7.299101178529418,3.2019656503942584,5.88110544821149
TCGA-MP-A4TK,1.4967394285084856,0.9106347670179976,6.125046563451103,5.651801224383012,1.9378059701572978,4.051151703868419,8.215379739697246,5.644821260276876,6.130450101215231,5.636024554588458,2.2940790187001014,2.7944786304330878,2.6992314297939917,10.55708016421917,4.0424949727802675,0.0,1.6970274555867915,0.9106347670179976,1.2460260405569354,0.40232685560766096,2.389303927197207,6.08639056222141,1.7838784957771792,0.6884361008298261,3.8514743807238574,2.2428350885882717,1.6970274555867915,6.210160221266146,1.6018894946767708,4.093345730222127,1.2460260405569354,3.45657847626483,4.534046832349161,2.0711699259955676,5.200081410832507,0.9106347670179976,1.3792193924479272,1.4967394285084856,8.571277886218061,4.806861269767877,4.077100060131787,6.254912839189787,6.297749998633401,2.7319945663456684,2.961446165187242,0.6884361008298261,1.3792193924479272,0.40232685560766096,1.6018894946767708,4.281133901373991,2.6992314297939917,5.381941346112955,1.842072283101644,6.607960138646554,0.6884361008298261,2.8532869842213997,4.051151703868419,2.389303927197207,1.9378059701572978,6.0682079719748145,6.036755739867387,7.58643835693126,5.059507994542015,5.731507882045687,0.9106347670179976,4.722428639630943,0.0,0.0,4.433307741487164,3.323088081528922,6.5119161917185915,3.20979875261373,1.0923259040254016,2.908828163538326,5.180771802692993,4.314803178989946,3.323088081528922,3.9802609253441945,3.1044835341334265,2.0711699259955676,2.1317255951035237,3.4720782475433056,5.871103190436798,4.435011559946766,4.301471191407248,7.031529222150679,4.101575025970745,8.790358909577584,1.6970274555867915,11.91149350959015,0.9106347670179976,6.283981164292765,0.40232685560766096,0.6884361008298261,4.814928554092165,2.2940790187001014,6.693327385735158,2.18882271365538,4.549770577484035
TCGA-MP-A5C7,0.6043159668533296,4.0287815164383405,3.456587937465236,7.79166330514988,4.538396635699288,0.34712953109520095,8.218477134504084,7.992038731785653,5.631344389516031,3.6574739227173048,0.0,1.3622321747691315,2.315461830807725,9.634417856829634,4.502261107545657,0.6043159668533296,6.478931980046718,0.34712953109520095,0.0,0.0,1.1232723804044806,6.273848232866365,1.1232723804044806,1.3622321747691315,3.1531205638027338,3.2700935163979272,0.9782885281019738,0.0,1.2498730825086934,0.34712953109520095,4.07918523808926,0.0,4.147442893217116,3.6915708291128944,4.430771559724802,0.0,0.0,5.607260560998852,4.529484970640015,0.0,5.7285173627757136,3.4300633873412676,2.9793030499281112,2.1843194408970805,4.050695659091539,0.0,1.918348066327629,5.536243120753809,0.34712953109520095,4.021370562263428,1.3622321747691315,3.87759303830354,1.6389578789700923,7.6901488370562765,0.0,1.3622321747691315,0.34712953109520095,0.6043159668533296,0.8086609767722854,2.7944908597075253,2.431374007826963,7.105416906281655,0.34712953109520095,1.7630856086434474,1.8554851601085998,2.658817939221985,6.478294565317752,0.0,2.687466468822946,1.463209104888016,6.976954795783142,0.34712953109520095,5.267682885971938,6.739420647496022,2.1364950889103627,1.2498730825086934,2.033358335391753,1.7164610451778268,0.8086609767722854,0.8086609767722854,0.0,3.2049351029841664,4.560335986661279,5.19093814801329,3.0984693510051033,3.0603067315458254,3.3312683578355937,7.614894118168819,0.8086609767722854,8.760733703179605,0.0,4.864792232471834,0.0,0.34712953109520095,3.0795677794662235,0.0,5.84265996805063,2.1843194408970805,1.463209104888016
TCGA-NJ-A4YF,0.7952975492048785,3.7450778239257243,4.366459848522352,5.7373300748095435,1.8668360197772893,2.251870578449544,9.028017215180949,2.576474989146168,4.462017802557727,5.507134787145956,0.0,1.5358344283894656,2.6648434207949987,10.440682431322188,0.7952975492048785,0.0,0.0,1.0376584459977696,0.47468017712963745,0.7952975492048785,2.7062686150197797,10.981926045033413,2.7062686150197797,1.3956752229256426,2.038997080051736,5.672611673842818,1.8668360197772893,0.7952975492048785,1.3956752229256426,0.0,1.956609845457182,4.783056923491933,5.521596908615085,2.784288759088007,5.9531420304554254,0.47468017712963745,2.372157796346006,0.0,5.166852408804102,0.0,4.849025754899318,3.840849185973621,3.206552199979361,7.856005811887126,0.7952975492048785,0.0,1.5358344283894656,0.0,5.45137316149325,2.9562635296436244,1.5358344283894656,5.243517932831199,0.47468017712963745,5.64292782638571,0.7952975492048785,2.372157796346006,0.7952975492048785,0.0,2.3138217249200332,2.3138217249200332,2.47952553083552,5.773861866776884,1.6587422301182437,0.8170006427269431,1.0376584459977696,5.03364193338651,0.0,0.47468017712963745,0.47468017712963745,5.0055423470302465,6.626650197298569,3.0468340496030755,5.057111672415418,7.899758124258613,1.2325894152718142,2.038997080051736,5.029672922973393,1.5358344283894656,1.6587422301182437,0.0,0.47468017712963745,0.0,4.103276222591442,5.854779615874779,3.0175475799344387,5.697375325979559,4.7308684798409555,6.037830346306677,0.0,10.247332543486754,0.0,5.841385566650778,0.0,0.7952975492048785,4.832656294736419,0.47468017712963745,5.5687947840491,0.47468017712963745,0.0
TCGA-NJ-A4YG,2.1407482837405274,2.070451249841703,4.323873019903372,8.115254856924473,2.1407482837405274,0.4557779219817535,8.007663394370699,4.268841139114737,5.428928875458098,5.313590141695067,1.0050705442597456,2.658817939221985,3.3573708781216016,10.975595004193346,6.894814912424192,1.0050705442597456,3.636309028752219,1.0050705442597456,0.7676515027280505,0.0,0.7676515027280505,6.279145994559568,0.4557779219817535,0.4557779219817535,1.0050705442597456,7.270250253637488,0.7676515027280505,6.278061656199819,4.852194312962837,6.00712133738402,2.6175491057587172,3.157736320522503,4.253940390285254,2.206415544037805,3.936342865628147,0.0,0.0,0.0,8.531949775490187,0.0,0.6602623532241686,5.30789138898231,2.9080479429091075,1.4960900269427748,3.489061728103223,1.1967971205768404,1.8239523397169017,0.4557779219817535,1.0050705442597456,4.383267114959973,1.3575861969831469,5.463780956275207,0.9684656375282641,6.702586705437573,3.2056730505503963,5.579190057696016,1.4960900269427748,0.4557779219817535,3.1328821117012247,5.848872227992946,5.772807790061288,7.36268334075913,2.7733072140627026,2.4197012396627255,7.588040092825138,4.331492262758122,0.7676515027280505,0.0,2.9691726692186413,1.1967971205768404,5.527749105703329,0.0,4.942677600913028,3.8783441875661366,5.9318896865992885,2.7733072140627026,2.9080479429091075,2.857636192860453,0.4557779219817535,2.658817939221985,0.0,2.6175491057587172,5.366200288935998,4.225991054537638,3.251412712479971,5.30789138898231,3.8783441875661366,6.090248232754583,0.7676515027280505,9.547198248514478,1.9130474664352548,5.112752556088103,0.0,0.4557779219817535,6.228065144842105,1.3575861969831469,6.0230092402399205,1.7261359152107074,3.4712767737828383
TCGA-NJ-A4YI,0.0,0.5136615985851988,3.198583317600419,5.279990449855152,2.7146086473994564,1.1033012781542413,7.52109597396591,4.51780674703192,5.860164947893075,5.543018866425351,0.8513041103546021,1.471737842937358,4.449592989169112,10.487770865639222,8.194693285561893,0.0,5.882871033160892,0.0,2.8398267215054585,0.0,2.042997968700516,6.515783228753427,0.5136615985851988,2.34171926394112,4.201611759007646,6.756556737303847,0.0,2.951095721183301,0.0,8.144124602991072,3.4407866166465144,3.7040291162750996,4.657354583225539,3.562173287978394,5.071680219729528,1.1033012781542413,3.617753953045372,2.6691222450913745,5.877242663017685,5.198088107889052,6.015886391336592,4.449592989169112,3.251946898459067,1.1033012781542413,2.34171926394112,0.0,1.1033012781542413,0.0,0.0,3.1127906022292504,1.1033012781542413,5.7096717653564335,0.0,6.443697140227967,3.3026028141565917,2.463163641169006,1.1033012781542413,0.8513041103546021,1.9519348213590964,3.871109340039579,4.106793419322393,7.124768075566022,1.851740746888108,2.4671584107903426,8.34946542533524,3.599567250433247,0.0,0.0,2.799802544153136,0.0,6.0272225411942895,4.9220736251156625,2.2749877658019413,2.34171926394112,3.6531615987845587,2.5714359661606347,2.8783104226625364,1.6150620671843217,0.0,2.5187604225445095,4.62207646605445,1.7403959969394966,6.6912111534748036,4.231320017249178,2.6691222450913745,3.142215058645048,5.262747182099395,6.048055160891095,1.1033012781542413,8.852929442981166,1.3044062016472064,5.2901944649284856,0.5136615985851988,0.0,0.0,2.9855960754285715,5.718201354511157,1.6150620671843217,0.0
TCGA-NJ-A4YP,3.4576375746803034,0.8199119813514425,4.6794145774077105,5.885381548299825,3.0717345218618073,0.4108505803845022,8.699173023162171,5.402844034651601,4.8719324573373575,4.980608982589283,1.3984205409177313,2.959726786018707,3.2243090381970787,10.12309686578208,4.366200814388077,1.9597566987338562,0.22641818384786702,0.22641818384786702,0.22641818384786702,1.2643244477106783,1.1898535957650525,7.853678596783521,1.9597566987338562,1.0219112137378388,0.5665630284504923,7.282073658093465,0.4108505803845022,8.909905324931739,0.0,1.2643244477106783,0.7012641486618928,3.1724506618775106,5.00275768034677,3.0276862632948442,3.549350109685778,1.994917976609182,0.4108505803845022,2.560408293187778,9.415499162672894,0.5665630284504923,0.8880558528593713,2.365982338123837,5.05783689558055,5.2390980068880655,5.5967427721751974,0.0,3.0950073101879143,0.0,0.0,3.2141486694537593,1.0219112137378388,5.7898531315296005,2.198690169497829,6.5151407473914125,5.352388798335764,0.0,1.3336053563394688,0.4108505803845022,4.695796687201272,6.031026548169765,4.964772839998159,6.35910316967569,2.848403273073663,2.6081340969617486,2.63600266888603,4.302938783479764,0.7012641486618928,0.22641818384786702,1.923299296669184,3.059889471997304,7.58939651935588,0.4108505803845022,3.5922308790581314,7.450672417294508,2.1833510050703477,1.5709049627173166,2.4997049462165144,2.154317076324943,0.5665630284504923,2.3418442669461625,0.4108505803845022,1.2643244477106783,5.372640672658595,4.184677223192432,3.8606012817412743,5.703899134517841,2.478620265145292,2.7877174536859197,0.0,9.70868847423106,10.816821918664377,5.685092228434721,0.0,0.5665630284504923,4.590675645837634,5.1664360403861895,6.056809774020934,3.2926688903011483,0.0
TCGA-NJ-A4YQ,2.4571671083541853,2.3433622865107506,6.511283112883594,7.5173414866921995,2.3433622865107506,0.0,8.756709179920009,5.142359220904807,3.872887088679548,5.50970002893757,0.8133716778663136,3.3092757874446144,4.398779272339553,10.331353217586551,4.436636734874511,0.4871679754153155,1.9847873966376413,0.4871679754153155,0.0,0.0,1.795419430059542,5.074048181946317,5.149672336113466,0.0,1.0589007884318817,6.986547974947236,1.4203817288640304,1.4203817288640304,0.0,1.2559008971862953,0.4871679754153155,2.9551498336715656,5.112457557515803,0.8271971886802008,1.2559008971862953,0.8133716778663136,3.2623145527534927,0.0,5.4681993719484,3.7770459969758186,3.2300610365065,1.795419430059542,4.522040719171587,1.9847873966376413,4.898451553090304,0.8133716778663136,4.073337109415066,0.0,0.0,3.078030896275109,1.9847873966376413,3.9483067175053925,2.802923922035854,6.21973294393944,6.0905811098003495,0.0,3.0486994162754693,0.4871679754153155,1.2559008971862953,4.018433170011744,4.691090968495692,7.447751280047908,1.0589007884318817,2.7016698901379232,1.6853243022652333,5.344303603384734,2.0675207707841423,0.0,4.562155163538972,3.187451203067412,7.959370295289335,1.2559008971862953,1.9847873966376413,5.167713114236646,3.9483067175053925,0.8133716778663136,3.570267637613568,4.874769750889106,0.0,1.6853243022652333,4.135472110056187,2.7766990134075886,5.597217530261493,4.284456528157775,5.597217530261493,7.649778334323969,5.085761319286655,4.55558070244803,0.4871679754153155,12.101950251971642,0.0,5.504603628795809,0.4871679754153155,2.4571671083541853,2.652022912005282,0.8133716778663136,7.33162988757305,2.987316963952644,6.14183308363978
TCGA-NJ-A55A,2.3623811363400113,3.0901738944520294,5.628059866345476,5.259836379729755,2.1824267385001934,0.0,9.503457646917903,5.655956845173597,6.113876851148028,5.342621292104561,0.0,2.5831519119602255,3.6530113147993664,10.162611958942247,7.79689267316373,1.0110189241747838,3.7804531163685047,1.2871920000766792,0.0,2.514837551076896,1.6810141109233223,5.9343146626434224,3.962295879363789,0.6281819017075861,2.7638884846942786,2.8175381870232754,2.514837551076896,2.3623811363400113,0.0,5.3257525562965755,1.2871920000766792,1.503366032705728,3.999024215699428,3.018031781048758,1.9628234522100754,0.0,1.8318131686852281,1.9628234522100754,5.2552845967306165,4.010972011213041,6.507265772015218,2.441511904135476,2.441511904135476,1.503366032705728,4.377996022659731,0.6281819017075861,3.166710571487508,3.506922830723686,2.1824267385001934,4.654246023634684,3.1291742871843304,4.47216436950994,0.0,7.01165572926308,1.6810141109233223,5.35508987260182,0.6281819017075861,0.0,3.5580273261949427,5.0080586440494725,3.049590525623303,7.160713910375533,1.503366032705728,3.0901738944520294,3.2715403786496995,5.048149423658662,5.194133935631849,0.0,6.635363708698981,0.6281819017075861,6.57868716407608,0.0,3.049590525623303,2.963116102319357,4.130261747808882,3.366416132821532,2.514837551076896,4.6707519127973605,0.6281819017075861,1.8318131686852281,1.8318131686852281,4.377996022659731,6.672545472324581,4.3143525360807145,6.289036305009679,8.085191070857514,4.941628136792977,10.572841403529486,2.514837551076896,9.983060919317227,4.21122941685687,5.375528376439372,1.0110189241747838,1.2871920000766792,2.3623811363400113,0.0,6.755192504432393,2.441511904135476,5.241498306885651
TCGA-NJ-A55O,2.149969900369373,2.0038690360818925,3.8643945661949126,5.303886828262905,2.3355265172281876,3.6155746208962416,7.772988478148457,6.425980237721029,5.25025568696926,5.112656239592023,0.0,1.0117099966375904,2.539126490990209,10.554384635989242,5.098505746419425,0.0,1.0117099966375904,1.0117099966375904,0.7732975747427738,0.0,3.3263948093552322,6.783491664664244,1.9219540508858817,6.021797321600377,3.5507374489317303,6.746480281362554,0.7732975747427738,3.1173700922008414,0.0,0.0,1.5042107212215086,0.0,5.312264649430547,0.0,4.973445583726473,0.7732975747427738,0.0,0.45957443375519635,7.617026761459063,0.45957443375519635,5.296079865207845,2.6272377528099162,4.13132237734367,3.7881341169336435,3.9465886698654553,1.7347304587798322,1.9219540508858817,2.7082035226811896,0.0,3.2388392235536934,2.3355265172281876,4.121907847234777,0.0,7.152699460255199,0.0,4.212292028803423,1.5042107212215086,0.0,5.7832219234826265,5.882327464746394,7.683914600236147,6.683527389986257,2.3355265172281876,5.027387522017298,0.0,4.839752069443131,0.7732975747427738,0.0,5.632272151330496,1.2040827982763795,7.898607879983196,0.7732975747427738,5.998896858925278,8.193427878791375,4.022535228225575,2.149969900369373,2.149969900369373,2.6272377528099162,0.7732975747427738,0.45957443375519635,2.0038690360818925,0.7732975747427738,5.133507579745148,5.034403902690616,3.676462684098848,4.844352427119779,4.2871938409027095,7.532612912093356,1.2040827982763795,9.173868277906163,1.9219540508858817,5.403217776373406,0.0,0.7732975747427738,1.2040827982763795,3.5673443883878235,5.835401205976373,2.3355265172281876,2.7082035226811896
TCGA-NJ-A55R,0.6735055403046565,3.006805735835104,5.8617344916661445,5.389879622561337,3.4879070464745765,1.7993968963572664,9.336832043809467,6.14355882828184,7.037677666976883,5.577277765537932,4.047013582924413,3.605557625996672,4.237585951541323,9.23593014297518,4.882453377002931,4.376671069200331,7.569623328382942,5.71622803965671,4.72073743526865,0.0,2.6543399531464154,8.044006902879177,2.63729148571594,4.291624515610143,2.044837156867903,4.750265705605931,3.0976117373751615,2.547404026707315,0.7890935216071543,4.320784009432663,6.344356594908992,0.6735055403046565,4.246740846854834,1.5394230903620605,5.313590141695067,0.3924474110268609,0.5428474097887283,4.3614577889072885,5.702688543197973,0.2153532858391468,3.7263245533358758,3.618532094293116,7.292915633749937,4.96625140800964,0.9865627848594868,0.7890935216071543,2.044837156867903,10.063733901678225,0.8926945180189684,4.624178380158765,1.8758708118467076,6.0048668338918505,0.2153532858391468,6.94093857277237,1.5778440408429217,3.3028823585011335,7.133583224085232,0.3924474110268609,3.4879070464745765,3.1400966519316658,6.220494738110864,6.9545625260893935,2.044837156867903,3.2058918973099058,2.5660410690198656,5.307658601048589,5.936176441973319,0.5428474097887283,4.468912795490961,0.7890935216071543,7.351029848485848,0.9865627848594868,6.589444912586388,8.413875033170376,1.416750818600818,4.304689222719142,1.3567110585782163,3.922751251448618,1.416750818600818,3.030288277695598,5.425421272062285,7.037888404030506,5.2424980557093175,5.569446949279773,4.741918897487289,7.4848067495507555,4.4034859770946735,8.646456739735546,4.2783854734121345,10.761445534248448,1.8383567546048372,5.122516503744211,0.9865627848594868,2.7354707966782024,0.8926945180189684,1.8383567546048372,5.925076316311786,2.9069229175319915,4.752348040646465
TCGA-NJ-A7XG,2.445151794005941,1.4363931924203548,2.8872167862028637,8.530425260184956,1.7190633204952837,0.0,6.895515679752556,5.512714781675562,5.494065054780403,5.525568470306406,1.321115635094896,1.7190633204952837,5.012533491379336,10.519173066668012,8.802802116382043,1.321115635094896,3.8651116751444237,0.0,2.9609907139980423,0.37699704412863916,0.6501874861198097,7.636592910183455,1.1907659768386543,1.4363931924203548,4.753072815911587,3.349051091998605,0.37699704412863916,7.1122214896276175,1.9391876032944866,7.337815433945681,0.6501874861198097,1.4363931924203548,4.773477331396467,3.1236284430920382,4.176076611385205,0.0,0.6501874861198097,3.1927084253139473,6.658623181968868,2.557700067817738,0.37699704412863916,3.5119304393356803,4.0801915457778914,2.9844185136537176,2.658852954085798,0.0,1.6334278391741968,1.1907659768386543,0.37699704412863916,4.110686961462186,2.5215760341450117,5.766005817836333,1.0408772380168714,6.901984660946693,0.37699704412863916,0.0,1.5397447958327555,0.0,4.396144013883092,3.835895456840577,5.324160536505555,5.626138000032601,7.790294792707546,3.917834088332877,7.326432718562437,5.573647213405551,2.272187739266457,0.0,4.276371631214334,1.1907659768386543,6.8088902883178735,0.6501874861198097,1.5397447958327555,2.5215760341450117,2.75070731076819,3.5780177233707207,2.3624093946397116,1.4363931924203548,0.37699704412863916,1.797940328303136,5.972607872257677,1.797940328303136,5.195775098120414,4.886469431470649,2.404636138391388,2.1194792287113664,4.518191899360061,11.036238753596525,0.0,8.163342826025573,0.0,5.9655850429403845,0.0,1.5397447958327555,3.0296939900863977,0.37699704412863916,5.586259405205675,1.1907659768386543,0.0
TCGA-O1-A52J,1.2215081574149964,5.522588282148258,3.0490692282445235,6.771124230240406,1.8346912366115675,0.0,8.851070635902788,4.5813968257557764,5.511050921379018,5.1819745432877165,0.39102806031039483,1.3534612040246503,3.5681176112132795,11.041190738239465,6.863282879834734,0.0,2.5982502159366643,1.4700149126114244,4.1077312263378065,0.0,1.4700149126114244,5.205873076156757,1.7552165010468488,0.0,3.4538530808879533,5.12388064259751,1.0694923900942575,0.0,0.0,7.502451352185191,2.6670267974116006,6.193419190683144,5.321652961245,5.712989955407114,1.9082972854760065,0.0,0.39102806031039483,0.39102806031039483,2.4853065698093273,0.671361588488023,5.437183255413218,1.7552165010468488,1.2215081574149964,3.2348239743764813,3.6706518358396156,0.89011101409077,2.0410384941468904,0.0,0.0,1.6688759481827127,1.3534612040246503,1.4700149126114244,0.0,7.163133660429705,0.39102806031039483,5.422122234522915,1.9768688032243313,0.39102806031039483,4.416647844000532,3.0026483025957207,4.034283115126342,7.176025147912457,3.135911520149978,2.830114429730269,0.0,3.838473338931274,2.158194957034647,0.0,2.9027887909112184,1.4700149126114244,6.671421366079453,6.065330525697909,5.594499461237948,4.274071088167517,5.151961230186691,1.9082972854760065,1.9768688032243313,2.7313825393452897,0.0,1.4700149126114244,5.08910137493124,2.2120037147628073,4.993224603836462,4.893651938610437,3.9550096953039016,4.042716123960817,5.296139997800229,6.73595577076774,0.39102806031039483,7.875328305183342,1.2215081574149964,5.8168968512864545,2.158194957034647,1.9082972854760065,0.0,0.0,5.928798937642533,2.4853065698093273,1.5743908773565327
TCGA-S2-AA1A,3.5192707455395924,2.104999633293702,6.47035358394169,5.1701259764116765,1.8312365597702551,0.8374206697163701,9.888779923663854,6.813896145900128,5.928982576486656,5.635193093184776,2.1818063246078387,3.8331637638489373,3.728631276203894,10.750222397316929,4.417627824479352,5.076504179906187,2.3197076615507677,0.0,0.5039218474491962,0.5039218474491962,2.6918598417034825,6.68830365411272,0.8374206697163701,0.0,2.5489372294451367,3.5384925158503275,2.9624598342904185,0.8374206697163701,5.173841987030528,3.3272996438179088,3.611882312326187,0.0,4.8333490388668405,1.0870793728543855,4.543695765695191,0.0,0.0,4.217003100682981,9.102513483987734,1.0870793728543855,3.776427770259267,6.417217458912866,1.5955823661436597,2.7769230653885852,5.224482434038675,0.8374206697163701,3.9406104622800586,0.8374206697163701,0.5039218474491962,4.1974951377600975,4.8731264781908825,5.637528705543748,1.7203350725496884,6.515972637547001,1.9310575359135782,7.603194830051934,0.8374206697163701,0.5039218474491962,2.9624598342904185,4.309212632671879,6.563306715878481,7.477638179273337,2.1818063246078387,4.132803767553168,5.6964321940742515,5.478515837856788,0.5039218474491962,0.0,6.127580721304561,1.8312365597702551,7.130218598991482,0.0,5.97498449394403,2.1818063246078387,6.266188651547,1.9310575359135782,2.6918598417034825,4.644044685370147,1.4530179931627987,1.7203350725496884,3.3505424799498598,4.991167010900858,6.988450081687794,4.712480798969532,5.112644199377707,7.079100145062459,4.352311995290361,6.338201775113978,2.2531322092745154,12.679395759186251,3.3035036968986944,5.826239016892397,0.0,0.0,2.104999633293702,0.8374206697163701,7.166343191229542,3.611882312326187,5.4591811770918
