,GDF10,LRRN4,BTN2A3,ZFP2,FCRL2,VEGFC,KRT81,WFDC3,ZIC2,ZNF80,CROCCL1,SST,NOTUM,ARSG,KIR2DL1,FMN2,OR2A4,NR2E3,LOC284798,PDGFB,CNGA3,KLRG2,IRX6,KCNQ1,ZNF354C,SPATA6,MMP23A,LOC100170939,NXPH1,TRIM6,TFAP2A,ZNF516,GRIA1,KRT6A,C15orf51,ISL1,GFI1B,BAGE2,C16orf75,HHATL,UGT3A1,NEFL,LYPD3,ELOVL2,LY6K,IGFBPL1,PBXIP1,CLDN2,CPS1,BMP5,HHIPL2,NCRNA00105,PHGDH,GRIK2,C1QTNF6,DMBT1,WHAMML1,GAP43,PPYR1,IBSP,FCAR,SLC26A4,GPRIN2,SLC2A1,SEC14L4,EREG,PRMT8,CDT1,INPP5J,MAGEA8,TRIM58,IGF2BP1,SERPIND1,HLF,BTG2,ZC3H12D,PLXNB3,CTNND2,ZNF767,PKP2,DKK1,FSD1,SCNN1B,D4S234E,ACADSB,SLC25A5-AS1,FAIM3,UGT2B15
TCGA-05-4249,3.4216533902295376,7.798490225839766,3.087727875299574,3.5216317143371927,3.9362315984609237,3.891240538245615,1.2741609611746356,4.791201519709124,2.800562531178738,0.9920288032653263,5.68807983092891,0.0,3.0114776617677235,3.502420349461964,0.0,1.7060926424709633,3.88464358660438,1.2741609611746356,1.9625143896505441,5.644428711623211,1.8676860248512244,4.764103695542805,2.582819500310669,6.690741651237906,4.256218200230766,4.38454097107921,0.0,4.446792083186488,2.237609142865028,4.063864735968126,4.653884156778691,5.732664672648175,2.3357006692052527,2.166421668181174,0.9592735900460094,1.357045760760767,2.425032787747572,1.2449035929279004,4.880632905301531,1.1797928103242021,0.0,2.3357006692052527,3.7195201951204377,2.8389498002610933,4.2832333960566515,3.34520182085823,8.773898396647429,8.38523085289654,2.582819500310669,4.730595059393576,1.0755824595534185,3.789893788795079,4.076726946049526,4.454307760588263,6.137048638269114,7.888634530743905,3.646676297895497,0.0,2.0897630907517075,1.0755824595534185,1.7060926424709633,2.2549797266743665,5.770515461192306,7.331531706861554,5.085470620711195,0.6759501557314238,2.8939043996520377,4.907169279034665,5.040666476658032,0.0,2.0491240767264998,1.4397403368255166,4.278780548699908,7.053715364425671,8.841404859209808,3.8713197538576676,6.123422202056712,3.878002826026819,4.736259850018149,5.894956400027313,4.313856192756142,0.827590657109436,7.352383406271625,3.6958227932481122,6.970485916883192,2.3357006692052527,5.7965074976384,5.1491268646733594
TCGA-05-4382,2.8491272204135005,3.0379389090163778,3.796688469747677,2.954238178224579,5.402127681265031,5.646785224299309,3.156770607510939,5.833435522883059,0.39109569414086265,2.2130432443325505,5.967566243970316,1.9434213402527236,3.166904405869278,4.172758251457604,0.0,2.1584490983848124,2.465443464874736,1.069663966712217,3.1361896262492466,6.82819029051594,2.6672976486152455,2.6505411375565444,1.6229857249793689,5.753226393335545,3.706829876941899,4.194642283537465,0.0,3.5057405633935907,0.0,5.119884240000884,3.66482751125088,4.615407604340571,2.616161494709782,4.622489339858558,1.4136663079157414,0.7868651844336971,0.2145467040886915,1.233638396981686,5.966426187253913,0.0,0.2145467040886915,4.2404774711700615,5.35464098760098,4.142814040056531,5.71767880518162,3.4311768074033413,9.053646795058244,2.3119015596313943,3.554810774319366,4.6928604991150795,1.069663966712217,3.7583635382695215,6.429848501973256,3.166904405869278,7.013132794495465,2.1857141412626304,4.100117864593942,3.391702447100354,4.820297694507223,4.345086419207936,4.150384573104773,1.7554584895017233,6.214027930157126,9.851767851460693,3.6209806267994926,2.3353329794538484,0.0,5.4617873436566295,4.123633101408658,1.1485763667055577,1.7554584895017233,2.2122554895023736,1.1485763667055577,4.13900717212829,7.539037694065281,3.407679659560971,6.746483806380487,1.5237928743055242,5.1795732441957565,6.378375248568339,5.248549224313916,2.524656069305283,6.284290865209977,1.221714485802093,5.850799196782718,2.465443464874736,5.20860051487823,3.4616714039037495
TCGA-05-4384,6.098310209389404,4.725527682651825,3.6283966972341957,3.2118149554976174,1.9613193860287663,4.604785111856564,4.213389024167929,1.5401307058347578,0.0,0.9743331992680241,6.157059490819498,3.0227636126050212,4.640797913631091,3.9572525524027773,0.7982726686009449,4.640797913631091,2.256771494454499,1.041195017798159,0.7982726686009449,6.667698247763149,7.259313153021391,3.2361222466766715,2.9293413711504366,6.836645883523426,2.6267172169354107,4.167142629205475,2.7894335481785544,4.248905158022326,2.043762549222818,5.393036462605869,4.628935539538353,6.2648067939549374,5.02714492372282,5.229535187149662,1.8714790477779217,1.041195017798159,0.47679302902178283,0.47679302902178283,4.402261766465722,0.0,0.0,2.256771494454499,7.436128047177628,2.99258231764788,2.4322879159900834,3.4893730805658807,8.716137488418864,4.43899398859638,6.92389434086517,4.876082427563899,6.479400182579727,5.524843191520499,5.096764059476604,3.1351202329627585,5.913416515411612,8.049535608051523,4.185899214002277,0.0,3.4893730805658807,0.0,2.043762549222818,2.377135824258342,5.942702257550049,6.943537394621777,5.539347986156005,2.6267172169354107,4.908174274537657,4.176564897143411,3.8970920920397254,0.7982726686009449,2.5815417091274684,2.5342204863409212,3.259856526793769,5.673890116791164,8.588350385732566,3.4893730805658807,6.954963239746688,1.7727465300461243,5.487631087752443,2.3187635137215077,2.751173545484297,0.47679302902178283,7.548108039028265,1.663187188428291,7.755831407868402,2.99258231764788,5.188390887169432,1.399802711144683
TCGA-05-4389,1.3041619715812716,4.165467607720983,2.736281261443036,2.0852993511639957,2.46285699982624,4.0841140754622645,2.8196989046011187,5.491459337608984,0.9850329052722998,2.8779898620724347,5.351621138570348,0.5134820922271999,10.552959714236268,3.9252234943353392,1.7114347773562668,0.5134820922271999,1.9516507828983796,0.5134820922271999,1.7401152360757166,5.239543530969646,1.9982043709192132,4.1758323790683685,1.391306777943427,6.700830735581283,3.0666472965235942,4.638111610222233,0.0,2.5184542499413425,2.5184542499413425,5.3264090737142205,3.3621897124800624,5.822788465901163,1.2086617938120676,1.5457097295504505,0.8511333526167272,2.20317351393863,2.341421116779244,0.5719959789957949,5.718198068890511,0.2893806290873624,3.9448986310215868,1.4714853321756147,5.424240514742529,2.5711225715981407,0.9850329052722998,5.57881620121101,8.666536907712986,8.369252191556626,5.585134064671439,4.889438939689726,6.229912388057026,2.916683654943486,6.035754122614161,2.6918124122124936,5.36167237511081,3.9831261819875206,2.757798636142146,1.9028087730033496,7.700317837840281,1.103069009385051,0.9850329052722998,3.002087039191999,8.341078730681733,8.048848984567254,4.472520690092594,5.985557132643516,0.0,5.930035852111334,5.0217137013032564,1.9516507828983796,1.3041619715812716,2.433850169463049,4.095350722539666,6.33520849492108,7.494229972514961,3.35049338728745,4.941063683743698,4.301613441712479,4.230988605519403,5.030522885103179,7.083899461694938,1.9982043709192132,5.952965373582364,2.4910378157182405,7.193836070066944,3.1844665581201355,5.608991826538582,2.4910378157182405
TCGA-05-4390,3.325906145625196,3.876638285436395,2.9715164222948722,2.23030468060441,4.0353798120561954,4.360283200229334,2.159188051645008,6.924740214821378,0.0,1.0702128141464118,5.004067104018206,0.0,3.7193189364041044,2.9382514548059886,3.4549340219807796,0.8229905307086952,3.9027602381489612,0.8229905307086952,0.49390324457004137,5.411181658326769,6.92912530471833,4.2481594713989885,6.407640422936504,4.89188929493931,1.9996810858361707,3.5870377402052287,0.0,3.312038245342337,2.082611512010657,3.928219137130214,4.511438459770188,6.72372666599648,2.6227391958426693,4.952356252587604,0.0,1.0702128141464118,0.49390324457004137,1.0702128141464118,6.006151168759606,0.49390324457004137,5.263932939686206,0.0,2.9715164222948722,2.3589748781813267,8.852232973993434,3.0651417249261588,7.643128268253952,6.184381853490322,9.821832712742305,6.458955647595192,1.909246164683722,3.9169707451520797,5.364470208967561,0.0,6.82650617724115,3.808179116887557,3.4944934132189225,0.49390324457004137,1.909246164683722,3.2295981348964764,2.9715164222948722,6.372192874983733,7.519111975396688,8.279829004462055,2.7529853250959566,2.525416595626129,3.2789129800422465,6.796980130622812,5.474729832334623,0.0,0.8229905307086952,3.4549340219807796,4.2014515519059366,5.998251463796956,7.715738936131712,3.302683742924606,6.072235451120657,7.845325977721331,4.934135746455621,6.9519922358751876,6.12749998948145,1.909246164683722,8.486954578155535,1.5752604606325138,6.847075968170286,2.2967078558211695,5.0339220408714445,1.0702128141464118
TCGA-05-4398,2.5450762661443647,5.836767884926147,3.124503605041852,2.900399093485162,4.170122805362958,4.5579622194835405,3.162030303248846,5.066870689493121,5.607352334597121,1.638083676624008,5.820109636227211,0.0,2.3783324349322257,4.917869208671007,0.8350372915595619,1.08431050395725,3.9942295242191244,1.3974321055303465,2.2720640279260933,6.278465137403538,2.851365244022802,3.241650501834351,2.046672968631067,4.978063891862195,3.89313372090744,4.6452366952011745,0.0,2.6579211410115273,1.3421595937553126,6.44290474968119,5.120248753155778,5.783323518055717,1.1552761357856514,5.368640685929888,0.925210829248714,0.0,0.19679957597460782,3.534807104552116,5.56578780307101,0.19679957597460782,0.0,0.6258849535007776,6.014255352408757,3.0345298202619033,5.9277070542217585,3.659515007984019,7.981306137054876,2.2942403724584817,3.1527787564932748,2.5786398292048474,6.187536959379152,4.57827369664443,4.801600083783878,0.3611648492115844,7.0235719381424015,5.8188388333423715,3.455227760148481,2.2024332110436045,2.2024332110436045,2.838727524743826,2.838727524743826,4.2708254845580145,5.775256266114625,9.28859686994195,4.472317420187146,5.991682023458286,1.7552165010468488,6.252839861186739,4.256966403090986,0.6258849535007776,1.6355344171553747,2.7729948897425922,2.018177653075922,4.609072561805332,7.430292058676139,4.1324588943307585,7.074303081660051,0.5022892927437043,5.7318028773392475,6.291843176080956,0.7359192724038143,1.7168922345485031,6.432814682946439,1.5469878755608948,5.316633595583808,2.5103550742415877,5.258130586902755,0.925210829248714
TCGA-05-4402,3.520833514088464,5.697908590459511,2.7076234433874222,2.62374787858139,4.245085148569854,4.559937436708333,6.1756260767798254,5.106327219208386,2.62374787858139,0.2783133224476808,5.49848702742241,4.849417478566787,3.0457264744849195,3.9211849067405304,0.39372985188974347,3.3668543532396096,3.0341882713100485,0.5445311562311618,1.4198500196481005,5.940260722402111,2.551178043634025,1.8028147999050397,0.5445311562311618,7.064297382788604,2.910795107537043,4.856947840296586,0.0,3.2889912660379697,2.219540383819634,5.604713238443918,5.774203658951928,5.182294655610563,1.950428497356781,7.172155930144548,1.4765463150969171,0.39372985188974347,0.9891321880492887,1.6762176701236375,5.817477164403978,0.0,1.4198500196481005,0.6755431346115843,6.201381004841098,2.0484022690826684,6.455230009386571,2.77000413507005,8.857240458565114,7.26444322283637,3.1646012487680646,6.378380342193413,3.9814874990172413,3.478195459149467,7.559856481606081,3.068420309503854,6.606333919975109,4.662986161364835,2.8143602657956244,2.85683220965485,4.632940982933448,5.390664068677737,2.108769734808871,1.8793429047832002,6.724328711889118,9.084160178668427,4.606784881665093,4.810890836210278,3.6160506634585947,5.471959700954723,5.094565819020025,5.386250402013313,2.691399002833056,4.676560182074764,4.707519171537782,4.613985219169323,7.768207666517555,3.1947101734094203,5.885603906408473,1.3597450258863542,4.389731872934234,6.074334024930277,5.908658859251064,1.227503766852301,6.888115678396381,2.532179790843644,6.337834072157251,2.9619893299890334,5.319320253636316,4.502800748149254
TCGA-05-4405,4.4975025665674355,6.06313848798094,3.568315054047169,3.12968607695052,4.0487141507720406,4.575550831913322,3.338183031718645,1.2948641445140034,4.001371815158826,1.3800750613059738,5.48311086557377,0.8438490629734383,3.510616649430696,4.858943810188686,0.0,1.2948641445140034,2.114917270355171,1.2948641445140034,1.0945707995083898,5.763308453970228,3.8721755359041183,2.9731645268363,1.4616800880257803,5.4533405227998815,3.4702164750275326,4.691430447627867,0.0,3.7449856478978076,1.2948641445140034,5.054448011941787,5.819946422519271,5.5167458192352745,1.7296003373196687,0.5083826421148506,1.4616800880257803,0.0,1.0945707995083898,1.8407083509599185,4.984400826791916,0.0,0.0,1.2948641445140034,4.595820614642788,2.9731645268363,6.014157600936909,4.428777816769568,8.625819767686762,6.850747794928186,2.9731645268363,5.854730889845468,0.5083826421148506,3.6050113137942073,4.589109907361577,4.4208422176961095,6.985114389026472,6.896007543765112,3.8154306039288195,2.114917270355171,3.2899901777546243,3.657646751682838,1.0945707995083898,2.559349089810632,6.5764236069891995,6.92247638976353,4.037086143381819,3.2899901777546243,2.1918322872588627,4.744697318188803,4.923638462455387,0.8438490629734383,2.7458532431678706,0.0,7.027145910652224,6.1359782255606925,8.036201412970124,3.314375077706184,7.441126822597615,0.8438490629734383,5.087713612305777,4.703512128986771,2.4511861162103132,1.2948641445140034,7.728635826051634,2.263241172251021,6.203870657879451,3.657646751682838,5.7089789495630185,0.5083826421148506
TCGA-05-4415,2.377488463020708,3.574217480372799,1.2992920749980297,1.1700643560747492,1.6945875574757814,7.170204155254564,4.058525656355709,2.5649493574615367,6.1609731170561215,1.0216592474999815,4.855321716142777,0.0,2.4178939593050597,4.453054600617301,0.0,3.8454087314054317,0.8472835745708761,1.1700643560747492,0.0,5.168590157404659,0.0,1.0216592474999815,1.1700643560747492,4.181200927197989,1.41369063260165,2.7227548886368256,0.0,3.455265655563456,0.0,7.071097869178289,7.033012535154414,5.837083007301276,0.3676940104211656,4.9360697813893815,1.516357245418059,0.0,0.0,1.373994021157049,5.58140389564746,0.0,0.0,5.081404364984463,6.852125226015233,3.0231334099019302,7.348799863595771,3.724352769920962,6.912742820493176,1.1700643560747492,10.767016543962313,5.5847474055329265,4.873501229157958,3.2380665002541167,6.205904330286775,6.595325492421924,7.728662228343354,4.653960350157523,4.187969990295556,1.6945875574757814,2.377488463020708,0.0,2.2454219732606715,2.0368862750776753,4.349560259536048,9.954375514787706,5.158417164615466,7.074870131029698,0.0,6.90385869715811,2.1465860393091662,4.674901451461759,1.6945875574757814,8.644100694442148,2.2454219732606715,2.779508475428945,5.919192196861345,2.1465860393091662,2.4178939593050597,0.3676940104211656,4.214594182984394,5.410158338615427,8.889905053810239,1.7730692230065752,5.009895020161106,1.2992920749980297,6.304854570178517,2.0368862750776753,3.991203803302587,0.0
TCGA-05-4417,2.412882402606619,6.136181584004446,2.9666123749801385,2.66325504624566,3.6828135939262294,5.066221361335802,1.066811976118312,5.7193637864230675,0.8201321923144341,2.652572726632923,4.895112202840717,0.4918874227457398,4.085216359995229,4.506326169531624,0.0,1.066811976118312,3.2246352077365312,0.4918874227457398,1.2645503662115403,6.746571927790698,6.719330736800867,2.6179504235457647,3.1457974763162837,6.646957886329618,3.8310710511818664,3.7142742591338784,0.0,1.8054979953385684,1.2645503662115403,4.919769224588882,4.433605763206961,6.086881539389469,1.066811976118312,1.4295693446012123,0.8201321923144341,0.0,0.8201321923144341,1.717107759532275,5.281664473626443,0.0,2.0780906296088797,0.0,4.593586351694337,4.09584676668112,4.832576638215296,3.803125129571216,8.180121975442704,6.904387614761166,9.515579906166296,4.387291500910943,4.667891431880806,2.7066024870030088,5.700420161745399,0.0,7.1659802190238215,7.326590606028473,3.774378020716082,2.0780906296088797,1.9952171864254962,3.788853740045138,2.412882402606619,4.99493942252322,6.62865626646083,6.508305542195888,4.703067924264551,2.7066024870030088,2.9333567447942213,5.070217804475688,4.83763020393965,0.0,1.9952171864254962,5.417384022455777,2.6179504235457647,6.230544437720545,8.499662421496675,4.697293474863897,6.13732092411042,6.515855741045402,4.205876992371177,3.343614171726767,0.8201321923144341,1.6951751447126653,6.745078689997935,3.17277324590402,6.9220821573781475,2.0780906296088797,6.219098003695044,1.2645503662115403
TCGA-05-4420,5.75245517160917,2.091827023955468,2.80421456144499,2.7552645211065774,2.721249374160197,4.383874925531499,4.544192251764178,5.29199240609085,0.23348984336835407,0.4225843999155529,5.944923102672066,1.598235397926107,7.989109500213966,3.236888616068838,0.0,1.044050500675427,2.184758306380603,0.8393232907175466,0.0,5.577750509941406,6.6654989873449955,3.9813643495247977,0.23348984336835407,8.23820653733168,3.0437697735904448,4.732181619799715,0.0,3.398677542866688,2.4439110290844805,4.515845954593362,4.991792206294776,5.544391979832957,2.895458796944722,3.5455170378045766,0.0,0.0,0.4225843999155529,4.177247790088503,4.960954733641677,1.7911092578864687,0.0,0.23348984336835407,3.9361984111193538,2.7038011868127954,7.332885750064205,1.598235397926107,7.6786317240375865,5.187480773398232,2.8355635214011694,5.957093057442532,3.3162928745717113,4.273582201961712,7.890402877800647,0.0,6.163523203370622,3.3351964584023306,1.7462563966487064,0.23348984336835407,1.9146995547847063,1.8340204279425645,3.50684485614336,3.116262642941721,6.215819364543107,7.916920499499033,5.952318231187158,3.267406907859955,1.9146995547847063,5.706322579190761,6.158530747082373,2.269793270169055,2.0588178273839675,5.666187905280821,4.955411478302398,4.997137946677602,7.372155739757438,3.6867922774753823,6.519720869723593,0.0,5.169699596569004,6.847551880938512,1.699315178836775,1.4244086932285487,5.011255101975661,1.8751810773671274,6.033055046252898,3.1946896839993713,4.230158140345755,0.5816009058150329
TCGA-05-4424,4.9497027081970835,6.141553417516281,2.1548156761972876,3.2498123184337846,2.0377076731955284,4.653093307718172,1.7520479689918271,2.9503425712551805,0.0,1.066984013209933,4.459763994766826,5.664407349582013,2.0979811167593225,4.194194422068457,0.669520249928789,0.38974214764292814,2.594717249119438,0.669520249928789,2.6634711577042425,6.2447473147151795,3.537041514506771,2.4818018348345214,3.813922736943828,6.28818936045992,4.567768377624089,4.407080157737989,0.0,2.7882528959771116,0.38974214764292814,5.058402713218004,2.7882528959771116,5.576358110400536,4.8724990295904735,4.5873676571607716,2.0377076731955284,0.0,0.8878501042423049,2.5720395471715056,6.77386839460648,0.0,0.38974214764292814,0.669520249928789,4.186978436641193,3.2121411980920853,5.615293643131573,4.557822780541583,8.325497433774347,3.9603864118827903,3.702819340847622,4.435719048870656,2.7882528959771116,1.9050435106813932,6.716104338507409,1.6657804379721335,6.53078724463271,7.647714477994548,2.6634711577042425,0.8878501042423049,2.2596358374576164,3.7374648354120255,1.9735809009803273,2.398758536442703,6.071469561763453,7.658345555078573,4.776860430113385,3.6169805785700726,1.2188220071761418,6.205123259210977,5.287529384963432,7.468621713104917,3.450152611572568,3.6669303247295897,3.9960736704992192,5.487717974297289,7.633282521004998,3.1927618025534943,5.99142704640484,5.366256349556229,3.894695751864877,2.7584897978602796,0.38974214764292814,3.550817815402882,8.048081963861637,2.558474595201145,6.505453661755985,2.3545036918380085,5.653387022701513,6.176819000019318
TCGA-05-4427,2.2052699045025057,5.379639255719954,3.758333219373034,2.9263232440567344,1.3930713453989143,4.497576066582503,2.0873601069241317,6.318942888203048,3.8374869416562816,0.5720524171818866,5.798865355902893,0.0,1.3930713453989143,3.165656466282975,0.9217159885192197,0.0,3.56413222465592,1.1046606272023132,0.9217159885192197,5.324662271887206,6.173388108045425,1.1046606272023132,1.7121569424384746,4.762549932477836,3.9601119714346447,4.390955404307062,0.0,3.781595362613678,0.0,3.7700307778148057,5.3147860109219085,6.336962005046572,1.1046606272023132,1.5111192115653203,0.0,0.6976868606019772,0.40846061708796283,2.871868286331605,5.550269924514213,1.7992976522663433,0.0,0.40846061708796283,3.9108322968159244,2.841724083574572,3.458742757659627,4.445685472128193,8.440456845034351,6.484459647701509,2.9263232440567344,5.913013696757013,0.0,3.34092353165143,5.0361470832649795,1.9536657110710753,5.699369418097078,7.06348471192261,2.4931971881057344,0.9217159885192197,2.841724083574572,3.1441436579454507,0.0,3.2275580252510347,6.436323430316421,9.0172021251483,4.788091562854014,9.366848271377119,0.0,5.242772943641354,4.695705347151337,1.2592277410355326,2.359560712350323,0.40846061708796283,3.7101197729264115,5.575441398528559,7.231598099203208,2.953007428093994,6.893036487068056,0.40846061708796283,5.006192104398881,4.4632828365346615,0.40846061708796283,0.6976868606019772,5.854008319528299,1.616671685495979,6.420844729829838,2.359560712350323,4.4765683374571825,0.0
TCGA-05-4432,3.250579897187056,5.201586177588265,2.8251752425500993,2.3801663121503944,4.9959479613443785,4.299803322041887,2.4816095536687053,3.250579897187056,0.0,1.282987291253962,5.714613605609859,10.277241811075806,8.54610323957303,4.407327598766314,0.6523772680167338,1.1049256507247018,1.6726943620691153,1.1961926170069737,1.9540342022456296,6.074895354836753,5.662932701972359,1.7254237785928137,2.4065125823599884,7.8005767496663605,3.7435096747650514,4.1924689602153,0.0,3.505695525584342,1.1961926170069737,4.980210450282278,2.8752129978047263,6.2186200398120475,1.4285872733101421,2.205644584926531,1.1049256507247018,1.1961926170069737,0.6234218980683799,1.792475879211796,5.324038718097668,0.2534011384749067,5.3226342988232975,3.496998350100942,4.601607848391302,4.349438874768138,6.730371113187974,5.305600777994296,8.743825051500771,6.235709881449991,5.496598390837235,5.252681721646804,2.1399838071639046,3.2048418071043288,6.190653463459333,3.7637851437207543,5.676856536716945,6.661217709039318,2.7903672435914237,0.8928992724167844,2.3253148047446923,1.9540342022456296,3.14455736902588,5.023946308155928,6.412322245781923,7.68885381128366,3.815926116249136,2.716897613733595,4.037204383510009,5.706056553644089,4.523364508529491,1.9123090448516071,4.209751443725548,3.3049617737813297,3.5887524419769314,4.101277142924045,8.2369606356179,3.9298432769980622,4.58033841371546,6.462633122540341,4.6496462960886085,4.410836370027095,3.14455736902588,2.8913490579606242,8.661920178834812,1.823225836024176,6.932106369845968,2.922865838066877,5.6397700373344914,3.2616939058816286
TCGA-05-5425,3.4148306909931256,4.582101129716605,3.0072061956276186,2.856625366596283,3.0616136426675036,4.813581752541786,3.4148306909931256,4.552733079802427,2.5984882792923987,2.442147015366537,5.046478515067033,0.0,3.8092724142857244,4.215707847794848,0.992065884937714,0.992065884937714,4.137589219723073,0.7566852013639329,2.249627256129268,5.8013658264220895,3.4148306909931256,1.9770903822527828,2.36230577696998,7.359193889777831,3.4148306909931256,3.8461929839963185,3.433257906353837,1.737532049941577,0.44826913709972943,4.052846992329962,5.74870166419791,5.796221871035505,2.36230577696998,5.099232080326898,0.44826913709972943,0.992065884937714,0.44826913709972943,0.992065884937714,5.967955358994553,0.0,0.0,0.44826913709972943,6.336673507171579,2.052494201600793,6.517530938102734,3.6608888466120093,8.262997473346559,7.205330749973403,10.806405262828184,4.232268584772819,3.087746117316412,2.414215909165231,6.186813379270702,1.3423685965514858,6.316446017013697,7.581994831614455,2.5105906407191307,2.3075527338095547,2.754036437938908,2.856625366596283,3.8461929839963185,3.14999723256542,5.808184531138744,8.8334860440631,2.5984882792923987,5.615883431079861,1.4801716967112342,5.839943739466739,3.992079251471577,2.1226087839554295,1.1824631208380536,6.546356337373065,4.062625110791654,4.610630252657452,7.524150996442943,3.569597483115065,5.138817404789562,3.1380474753255627,4.5704565805480515,6.690510545382942,7.488718718536131,2.639699980213977,5.547736666874486,2.1226087839554295,6.830630144383413,2.414215909165231,5.861108108977103,3.6462407061293796
TCGA-05-5428,2.580852990835209,5.641172758843776,2.5125542417168116,2.580852990835209,2.5125542417168116,4.668295208607155,2.960757732638086,6.960736647770037,1.6789826316250942,1.8297294004796836,5.655463699365572,0.0,4.479640976039739,5.131684102418397,0.0,1.0094531523482915,2.274216482193589,0.6270073780554003,2.6447837594172747,4.8338981155962015,2.704878509936575,4.2836748338266135,1.285396097014798,4.271575405516303,2.866113217749384,4.008528833796127,4.008528833796127,3.943089408532278,0.0,5.487614537078416,4.386450584561173,4.676448443988722,1.8297294004796836,1.9606861584467294,0.6270073780554003,0.6270073780554003,1.0094531523482915,1.0917555012048965,5.229727985076611,0.0,0.0,0.6270073780554003,7.074734745476822,2.4392465817524753,8.33842770430503,5.73560085804272,7.599876933870343,2.180225350172635,2.9145547555600544,4.776801471573855,3.4779454371554888,1.8325174617002227,4.271575405516303,0.0,5.727114812899281,3.422600035422561,2.76155937195447,2.815199116619253,1.0094531523482915,5.373049072710681,2.815199116619253,3.62767403866953,5.034384372267097,8.449815443486171,3.604225296697985,3.301778439107605,0.0,5.206103388560098,3.0877962811469324,0.0,1.6789826316250942,0.6270073780554003,2.6447837594172747,4.975940324299369,6.649950404680485,2.6447837594172747,5.921342466876174,0.0,5.094958060008108,5.787716064559059,2.180225350172635,1.0094531523482915,7.11238449279839,2.274216482193589,6.879809405271738,2.960757732638086,4.337750765723767,0.0
TCGA-38-4625,3.1216598301517817,5.150403033556061,3.465023148850969,2.5067007568236703,3.5812858915060257,4.17324353916185,3.6121657823794746,4.2722717557067025,2.5945753717833577,1.5085341174932154,4.602014211134333,0.0,1.0889995674850497,4.215703419224368,0.0,1.2625718466288718,1.1795469061641088,0.24810929733195775,0.24810929733195775,7.0435703121136735,0.6123708705326575,3.656764237026653,1.8919365741937266,4.981837935216454,3.634713616870154,2.8846107506709595,2.358473812223947,3.429159440531574,0.0,2.4596914006469364,6.650132854201673,5.5971507810235215,1.9335194142658867,3.7668029948616297,1.6533016760804877,0.0,0.7544304089768439,2.4997870520674232,5.228870820737879,0.0,0.0,0.44673500230638125,6.274746955215075,2.7134025185288193,3.97213926275513,1.1795469061641088,7.217348049304784,3.5165151588422017,4.642350357112375,3.3028419029718687,6.723195218607482,3.8367820840374316,7.157314835041769,4.038812472259089,6.151282707810802,6.8547120332699,2.3314834830366946,0.44673500230638125,2.5516068952150674,0.7544304089768439,3.5081126880062805,5.0351522815093315,4.223982970339451,8.547510928894537,4.505926480003358,3.3728356293370596,0.24810929733195775,6.744971608561223,5.288913286472742,0.0,1.973441932956646,3.627254019151056,4.45815515343348,4.480733312569841,7.190540380821211,2.5516068952150674,5.0580085819544784,1.6533016760804877,4.373084270651423,8.110280035392561,8.180833348478618,1.1795469061641088,4.823068002462233,1.0889995674850497,6.437831646536572,2.275203618652808,5.613927057214836,0.6123708705326575
TCGA-38-4626,5.316663050664812,7.19046500980736,3.3374691987785057,3.1131596904299554,0.9491837751761806,4.84960545143659,2.434200902059348,3.8241487107775947,1.0331488955238033,1.767278917484526,5.873570255262858,1.4272443474488448,2.6946339375039994,4.398296066796279,2.3365613085489767,0.6444295137625153,2.8100049236252036,0.9491837751761806,0.857559316810332,7.4109941963326,2.4538372905628325,2.434200902059348,5.721975964848165,7.321486131507334,3.45129779818706,4.4418497589063355,2.888559004740409,3.208999211297847,0.5180196843462312,5.202841172964187,3.7255825777195777,5.9722333065393105,3.741806288548144,6.3178179029580015,0.9491837751761806,0.20391995634645052,0.6444295137625153,0.3887257841038663,4.71110553639676,0.37328620974392923,0.0,1.7879355005035642,3.987838946743211,2.2847265746927325,3.2536829663736064,3.3212627237065933,8.098010424979826,4.6218109571362165,4.174748743017894,5.288509425556951,1.7493563643001402,4.478822074569518,6.621349724767493,1.4801261759537607,5.899916531480787,11.062914248931756,3.843718468413228,3.5205673056930453,6.082399259409385,2.6635896506139747,4.749036736400497,3.6695207782567314,7.407432995086026,6.489856694565395,6.0803312851835996,6.066785354907692,1.961263115366868,4.555058298727398,5.583184230014998,0.20391995634645052,3.3356983994294596,2.2847265746927325,8.29044816256036,6.660055168321893,7.957509901202587,3.1717590597851975,4.5860648355379,3.082519875507855,4.958604886001871,3.3691114221803455,4.40107407492731,1.3714344982128666,7.439976378434547,2.4141622452622427,7.77097429390712,2.9376952385453663,5.328147976506711,0.37328620974392923
TCGA-38-4627,5.080136480813572,4.253024967335755,2.115845792323543,3.3189962351234135,2.4492881076861464,5.673460714769813,3.395232963162123,3.880076093922242,1.536501561356588,0.0,4.1806323441466215,0.7393148614049525,3.68979903117332,4.992450956662404,0.0,2.6989152710527646,2.3145927121183227,0.7393148614049525,2.5395999907938727,6.389691858779507,2.23976243225902,3.2073698846819987,4.096051438013787,5.920940146285613,4.16636285251074,4.491877180044572,4.8460043319052195,0.7393148614049525,2.27787223019864,5.386506799357342,4.551362153347763,5.504522265471909,3.4312770838104893,6.45086686803569,2.115845792323543,1.3657344471545294,1.1597073880279205,0.31100789775527765,5.573343438621838,0.7393148614049525,0.31100789775527765,4.318295787280042,5.4322099439374885,3.9666229268937387,5.909125872384793,2.7231621055774227,8.790456308568059,2.9184137685352614,4.701243710734156,4.342306897028587,4.51609741305375,1.4547704324219617,7.14236088919978,3.6714077082018965,7.4471508667356705,7.399887260300874,3.7770093719700917,4.6397358504254,1.3657344471545294,4.954593903212631,2.115845792323543,6.381216853171479,4.337550837723315,7.63598481379592,1.682316557846673,5.250764436688489,1.2680174535288373,4.994925878168846,4.50808974018713,0.0,3.1306913964863736,3.0476461253559544,5.939365665163997,5.488061309157629,7.576292093569365,1.6120544862172543,4.39692386782013,0.5479479830677406,3.222022867730069,5.106999463712667,4.632668614689901,2.6224269511274154,7.295117514392448,4.43729813051436,6.100527450462126,2.975850943160804,5.4568882628087865,4.149243016869538
TCGA-38-4628,2.7832009626953185,6.654926704960915,2.254811911522362,2.349630879478128,0.6669058693547183,4.122003502616073,3.6697654396694954,3.899069469465564,4.196050909531664,0.0,4.297500349103308,0.2746728178581409,5.206289793091364,4.042029693573629,0.2746728178581409,0.4898675291745131,3.3159553475527357,0.0,4.822392239790102,5.271675605601601,2.961720370962285,4.680528090935963,0.0,6.2748091011129485,3.4142188991806055,4.4017581810124975,4.849981291207993,0.6669058693547183,1.16701832133217,5.136327708726,3.2322381500250934,4.729156165769083,0.0,2.911431764294458,0.2746728178581409,0.0,1.2608445104024748,0.09349034308733899,5.744012293875267,0.0,0.0,3.0989970947774585,4.5624369912877185,2.221093002138644,6.767579000781744,4.953323927383142,8.465977788731891,2.4635042435275643,2.349630879478128,4.210225048437785,0.2746728178581409,0.817221495661872,5.844995537559542,4.030866811601829,6.686176752377636,1.16701832133217,2.961720370962285,3.0096055924864973,1.900464386136271,5.040860540880961,1.0634340603184973,1.6909810323874954,6.909074408548035,6.9911492878443084,2.840177274798991,2.349630879478128,3.3159553475527357,5.658485203228321,4.706561836108285,0.0,0.817221495661872,3.5770005174133983,3.140866714699549,6.490286413182241,6.812028212292549,2.4900517244953404,4.370279152411078,0.6669058693547183,3.0402992468791155,2.636074313414568,1.16701832133217,0.6669058693547183,6.765029749517671,1.7475985734422852,6.850577335539723,1.9907605899073741,4.428248026179572,0.817221495661872
TCGA-38-4631,2.3434486866490447,2.6631155947083296,2.265122034260835,2.3434486866490447,4.619556209150793,4.038088094447659,2.4160834067704693,3.262406467686287,1.210243104839295,2.1801462358014683,5.309707254800474,0.0,3.099574136642529,4.1178397101703,0.0,3.6135873195781443,3.4281897867257567,0.0,0.0,6.089611608247506,0.0,1.4204542127665953,2.4160834067704693,3.805472893592388,2.904970235256074,4.2931653658708075,0.0,2.1801462358014683,0.9437113274501472,6.7636851195528225,2.815121252958484,5.18377594617504,0.9437113274501472,3.805472893592388,0.5793063641361857,2.483789359184582,0.9437113274501472,0.0,6.559208639262647,2.1801462358014683,0.0,4.345383396975043,7.70998105456832,3.787857897604685,5.599058793213451,2.265122034260835,6.978921786409929,1.9848698391340467,5.7547543840718,4.395009491481603,1.5940805901130584,2.6631155947083296,6.659633605573596,0.0,6.756381074510811,2.0872608907319674,3.1679193158673478,1.9848698391340467,0.5793063641361857,0.9437113274501472,4.303828578750345,4.091956713579357,3.4778589952582823,8.973274097796612,0.9437113274501472,4.024156333723399,0.0,6.194209453542815,4.679600249122087,2.0872608907319674,3.3976845522285357,7.689361954169721,4.1430696449086994,3.026212980807578,7.025333849292462,2.7669729834541457,1.790275034666706,1.7419738097175195,4.743104372077405,6.386025419540403,5.772004827147397,3.4281897867257567,5.838182240135856,1.210243104839295,5.810356254011881,2.7669729834541457,3.977632827517878,3.3759240171346847
TCGA-38-4632,1.1921026317554486,6.88576628332358,2.0645816787728117,2.39248978032163,2.460050273789134,4.026358326764195,2.8804785365233303,2.460050273789134,0.0,2.692198558377,5.2126941165732426,0.0,3.955714479052571,3.403112213866927,1.404625317804614,1.4008627252952872,2.7907601178398873,0.5679807042670504,0.9279425846146027,5.825955858613877,2.8804785365233303,1.573479073579833,0.5679807042670504,5.453010756224518,2.8804785365233303,2.5828497241179647,0.0,1.1921026317554486,1.7206214413947154,5.743714473247547,3.452742477678348,4.624354975402925,0.0,4.601590787578032,1.1921026317554486,0.0,0.0,0.0,5.593353580886812,0.0,0.9279425846146027,0.0,6.924858186881799,1.9625424901942916,7.232942651799938,3.206997556737723,7.200954603369883,5.046414193562402,3.074825299653469,3.2374816578603176,6.621596046420878,3.267063903058336,3.780126846508496,1.573479073579833,6.601026293610122,6.523258295185152,2.639014471554008,1.1921026317554486,0.9279425846146027,2.962800940718931,2.5828497241179647,3.5228514337757737,3.910802260622309,8.680187507899712,4.24592766292309,8.391133246455494,0.5679807042670504,6.361461359596519,3.8475975445656876,0.0,0.9279425846146027,6.321041638183689,3.910802260622309,6.091798450491517,7.075318464800547,3.00155528685678,5.735129321405922,1.4008627252952872,4.142156470277234,3.2957961244336618,1.573479073579833,3.566999914229861,6.464268938056441,2.157177745262873,6.99383205269949,2.523333778905982,5.812559148595142,0.0
TCGA-38-7271,4.71723020974138,5.986740908271568,2.313683279660079,3.6024279203828207,5.756090254279546,4.957445465582136,2.8299905092398574,3.5601536390401876,3.5601536390401876,2.364197462121568,4.715055449517334,1.1872029734499627,3.4698337451632417,4.862305418249551,1.1872029734499627,1.5678864852758652,1.8429435909898246,0.923703191589609,0.0,6.1596998569268635,2.058434939897158,2.5763304997069536,5.10138965736472,6.532929457143523,3.6024279203828207,3.888467745806609,0.0,2.235622302355,0.5649160026628633,4.902582267994382,5.673505381171924,5.459010880989041,4.45483322468279,3.9488022791536643,2.8299905092398574,0.923703191589609,0.923703191589609,1.525860632178753,5.597654998292523,0.0,0.0,1.714842427123955,4.737390719812513,3.991778287183426,5.058891982659544,3.0321509878493362,8.710629417459904,4.428002127082908,3.5601536390401876,5.554520381748173,2.235622302355,2.150947918331086,5.830144898185689,3.5383268766789002,5.316810313057208,9.173001886320815,2.994856890518037,0.5649160026628633,2.915817474366482,0.5649160026628633,3.200235162229539,2.685627344000193,5.6417013760255,6.804937084441122,2.058434939897158,3.5383268766789002,2.058434939897158,5.286543323742687,4.13522095526273,0.5649160026628633,2.386089494393794,0.5649160026628633,3.16880283823376,6.322222272682681,8.66295449289839,4.0595391539151935,5.792251122643809,4.372077303820213,3.9633337996625735,6.009368313885568,5.399053707169229,1.714842427123955,6.99239050181883,3.4698337451632417,6.456039404702476,3.28900618250575,8.416725132594264,1.714842427123955
TCGA-38-A44F,5.051463688596031,4.173262021656617,3.779821014471804,3.6098064844258273,5.354773311492252,5.219220045189334,2.8651963899092667,5.128761974403756,0.0,1.3296446414025567,6.8387449073420585,2.2577550770762516,4.041929586353444,4.407331255071216,1.6027959030455563,3.0964234045835095,2.8321362936573804,1.903271028370388,0.7615532132240057,6.87217058748307,3.346294070225146,2.2577550770762516,3.3259888040644006,6.9986740123027475,2.5189456920114233,4.289332779305968,0.0,3.4954008887239727,0.0,4.867495988177457,5.827385577851309,5.213020881925952,3.9905051113806533,7.120226078560039,1.6085174889743585,2.897198403238442,2.897198403238442,0.4515850437217175,5.365503940995618,3.146748044685762,0.4515850437217175,2.3157382102389583,5.705973406145367,2.8651963899092667,4.9951154824382185,1.188788098000733,8.394788241149152,8.491729731799623,3.2177792238209952,4.2329812340365915,1.3490856225875623,5.360155369566726,5.884566739310756,2.5189456920114233,6.1122253669831155,7.619213779313335,4.493906726633128,2.2577550770762516,4.182015027520861,1.8143360234069599,1.188788098000733,3.2403789662546836,6.373398284789698,7.749843880423665,4.48750651820708,5.677082515359501,3.8181627739405264,4.822601453228805,5.246639787806395,0.0,2.196212954707439,2.471880510147757,4.808723087537297,5.818942814792174,8.491259809389733,3.5784338088501744,6.463074697706962,2.8651963899092667,6.013971846811288,6.423728990197142,7.731478865490767,2.130621704668271,7.354496678402141,3.9798947153149156,6.41348846492872,3.146748044685762,6.329863497851471,7.193189827643438
TCGA-44-2655,3.9415526810319217,5.430980257133824,2.9096731702805148,3.7956329990557767,3.638433169333502,4.5484622588990415,3.0416803074566987,3.8685516711712724,1.0341804285087208,1.058727354969195,5.298722284557673,0.0,3.760097182104467,3.9212324678466524,0.5748702729688921,2.8364961849268466,3.1132574982021946,1.2031824921114922,1.821204996445812,5.7765278522327685,3.9515590534735385,2.578047812307485,3.0416803074566987,7.069159587520703,2.789875933626373,4.3785945016376715,0.0,3.262693647411075,0.0,5.126965422942669,3.016637234233887,5.725481994524017,4.055494580339489,1.0341804285087208,1.1222311542667436,0.0,0.4173278006506765,0.830645693745579,4.859269621422746,0.2303177550622101,0.0,3.4920400210950473,5.373809737122755,3.3481657351103498,4.450643935643055,3.23249861191231,9.347298387018608,5.852245582293823,3.3015832866210926,4.588751127959796,6.303795938530053,3.435279916959313,4.824522559862292,2.9375044645854334,5.47425190301714,8.320742689508188,3.5457507254690954,0.830645693745579,3.1360245100809574,0.7109379815684944,1.6868432992784952,3.768323521099425,5.662734760218678,6.843135687891819,4.345572690482971,2.5379338567466174,1.6377337815889477,3.90049278720992,4.5429660048243665,0.0,1.7784040141808966,0.2303177550622101,7.313500347897618,5.937776281802601,8.516020504087152,3.262693647411075,5.920148443291208,2.0114570901379647,4.578164801000251,3.6586547552124147,2.9375044645854334,0.7109379815684944,7.259052790412213,2.9909508607969606,7.541534547734729,2.2561117429369646,5.7728264559481355,0.9375824460084438
TCGA-44-2656,4.442646550596891,7.2236967661476985,3.559391305123785,2.639514368014439,4.829137398000678,4.738511560560327,2.6774741483033813,5.533385536150539,3.798307685387566,2.012433306641337,5.762588974101122,0.0,1.9403662385140106,3.8854757240023177,0.0,0.23980399220731702,3.5438479017001514,0.43301542219517,0.23980399220731702,6.0152225767702845,1.5672608335349143,1.3109510108161002,3.5200731533982754,5.489598664713463,2.966596931640465,3.2448515163996454,0.0,3.212656525054284,0.0,6.887734187824465,4.881869669992107,5.565010708561333,2.9383044116514676,1.0636066794692944,1.6222554161447147,0.23980399220731702,1.3109510108161002,1.381432561702983,5.769785547813715,0.0,0.23980399220731702,1.0636066794692944,4.284070582634707,2.7493328894867486,7.64732315206278,0.23980399220731702,7.951337475561203,3.5420456902495348,2.832448345637174,4.6309548849618185,4.59602650970163,3.8399317675288946,4.702287822267478,2.6959303852841194,6.076793259210755,6.484393985162651,2.816366344585669,0.23980399220731702,2.424510647669424,0.8564557981719693,1.3109510108161002,1.900658716184045,6.050959118893622,7.877586777784322,1.9785432775747431,4.7803076656519705,0.23980399220731702,5.645715412826558,4.044628969976168,0.23980399220731702,2.4002379810586656,0.0,3.822303966026919,5.404387630275103,7.4835480819986815,3.5670705128639484,6.710300185703,0.9653856115178729,4.8377570089295965,3.5280620174323882,1.771114487250767,1.859309077489289,6.521755976746302,2.6774741483033813,7.666788509854263,2.6959303852841194,6.055933534578144,1.6743826010744824
TCGA-44-2657,4.384456180934767,4.950658795535894,4.013900662970873,3.396489651000409,5.434542627449018,4.871603085400698,6.147277416161579,4.553452591071485,0.5134820922271999,3.809491816780479,6.620583742851174,0.0,4.81882082181877,4.978766158421861,2.20317351393863,1.6147835987588524,3.018623264197734,1.3041619715812716,3.112470318953751,5.647388474460037,2.7994862193579344,3.542610134612479,3.082157645542891,6.9087547793152195,3.798276312768241,4.685671250138708,0.0,3.599241904476902,0.5134820922271999,4.8242253913936946,4.791342651838087,5.4108376895039285,3.9118889964493437,5.0839043430237005,1.4714853321756147,0.8511333526167272,2.5711225715981407,0.8511333526167272,5.980481958660217,1.3041619715812716,0.0,0.8511333526167272,5.296605902829159,3.2516217757610906,6.129897345693188,3.418716357658837,8.266750383164204,6.416304086274238,3.112470318953751,5.521432917470239,1.3041619715812716,4.212376455799672,6.068131563541602,2.341421116779244,5.633088156529492,8.182235008037736,3.542610134612479,1.4714853321756147,2.0426997534517275,1.9516507828983796,1.9516507828983796,2.5184542499413425,5.6013768482691155,7.524388518441835,4.392790990554402,3.1982607876564337,2.6688102877646065,5.23776024245358,5.733516018911024,0.0,2.274679323740337,3.141895423544665,5.437466077456947,6.271343756246741,8.981264257758847,4.4492622965051964,4.145794677645923,1.4714853321756147,5.707110264748875,5.715990979985706,3.767734533759484,2.341421116779244,6.723678582831829,3.8424070827422434,6.578029632852674,3.46174356903014,7.250940646319855,3.8566942109311304
TCGA-44-2659,4.5758422970840105,6.824650805550537,3.8239761834594317,4.123971323319438,4.690227989328065,4.878512432835047,3.173179469931685,3.277088127616538,5.517934708085688,1.757116263284481,6.090621862641168,0.0,2.7118363578896165,4.936486295459933,0.8030772399321414,1.8805941829285457,4.006227119221467,0.9686934106672035,1.3717135762423573,6.173609004887498,2.7333150076819503,3.3934205537059894,6.603729709538557,5.295468311843288,4.423407273123556,4.4036083157698735,0.0,3.252105550919577,1.8294565864007852,6.591695679641607,4.7400157147573445,5.966187763923189,2.9937503107626786,2.494419591271009,1.5251646016993208,6.216931397471655,1.7755623343254838,1.718597203599071,4.48424810367587,0.6834503175810813,0.28284539456025376,2.754342008881489,4.93178687297854,3.4674812537881743,3.3934205537059894,3.5459064869121075,8.53630146005417,2.3005931103132524,3.425834708171434,5.719307994297948,0.9686934106672035,3.5074624880543865,6.195172443783309,4.737154131934348,5.883210961667728,4.075195721161117,3.816810820822135,3.7265629286288036,0.5030756703059293,1.0856621294924815,0.9686934106672035,2.3177987757994263,4.345993934403036,7.026320231084386,2.410003489761316,3.8995819352575354,2.834289235665453,4.871020674201941,4.599134004846653,1.3717135762423573,2.0979443049108113,0.0,4.476842374080879,7.568012465035409,7.494791662493552,3.2893491998687745,6.053659699700949,1.718597203599071,5.402618821599101,5.984460072955099,3.9448812130096202,1.285147179114933,7.943644286855462,3.7026689406224778,6.986936076856578,2.9083153597999876,5.77505142058606,1.0856621294924815
TCGA-44-2662,1.8541863875006945,3.744699611777297,3.4843337605347715,2.3356909948910407,3.303738895900183,4.9388671465193195,2.1019366195072067,5.79671407029499,2.684146777020651,1.3930713453989143,5.411342434339335,0.0,2.2256284518482374,4.833157984965178,0.541277231221819,0.0,2.997340978893407,0.0,0.0,6.396891321148072,0.541277231221819,1.028010981484563,0.541277231221819,5.4783070399473495,3.872073546804375,4.472127816629341,0.0,2.9507401377351012,0.0,3.3551743853498364,5.039125564495883,5.479809412726504,1.1488617050712366,2.960830221544726,0.7310689735585019,0.0,0.541277231221819,1.5579340695669848,5.600948394500478,0.0,0.0,0.0,5.331573209798896,2.777706852238698,5.567221736288947,3.8645707458650738,7.9253093445153855,3.392085998793693,4.037073789128911,2.8213967433926337,6.595460790724137,4.0178773991081425,5.155410734816241,3.4392732089143836,6.262571254047643,5.211789509007672,3.1469113998288027,1.028010981484563,0.541277231221819,5.119567423939844,3.998305283356306,3.818331914192246,2.6077509297856447,9.459276418592829,0.30682271597916455,8.639851435021855,0.0,5.753242255851943,3.537946093161353,0.30682271597916455,2.3698417915379313,1.4426510647872144,4.8806177207715296,1.9607565368715487,6.3093781323740075,3.2769937782028493,6.68167868048735,0.0,5.380712689266697,6.472930358832565,4.606281568174055,2.144889805126356,3.506124803548412,1.1488617050712366,5.673845467570887,2.922935748769427,5.049240433207323,2.4348319109056447
TCGA-44-2665,2.8946846661443173,5.434498994195235,3.8900370764624927,4.298381404033162,4.548107649904665,5.587731687790184,4.442248822583477,2.033580832464217,1.9010024384001034,1.98654469743721,5.6636095749838535,0.0,4.182295913963678,4.96504500486196,0.0,1.7481210121982256,1.9694871570117822,0.38825112737347645,1.9694871570117822,5.898191790347021,3.017968212454556,2.590317164195868,5.154452769783723,5.168054910836819,4.378866647168232,4.8786645877290225,3.8704486446180075,3.743772387022089,0.38825112737347645,4.661919071538332,6.81803623958091,5.577020498694047,0.8850477121342233,7.06465645842918,1.2154763837093514,6.9631710642153495,1.3471116472446276,1.2154763837093514,5.434498994195235,3.50429834645656,0.38825112737347645,3.8900370764624927,7.578135242188109,3.017968212454556,3.9557221370172373,3.085248427635383,8.944438055979298,0.6672137985334409,4.1302810420264064,5.098121003017151,7.6257609120387935,4.722775428062355,5.434498994195235,3.9373905121774317,7.579106647171625,7.341626421590482,4.692805534933391,4.507098597000472,2.9944965103130246,8.133607963384742,2.554090614126661,8.388322918873872,2.0938004572586966,8.468305422483615,0.8850477121342233,6.562205364635234,1.4634174261664732,5.889035840605661,5.3136344586598545,2.0938004572586966,4.888362193167008,1.3471116472446276,7.680018584224001,5.0071759842441255,7.342241828150705,3.6500424673282743,5.816843266940215,3.4148306909931256,5.248491416137195,3.9373905121774317,4.447816716033115,2.255378174828951,6.970326240743634,2.0938004572586966,6.513452638080084,2.554090614126661,5.128228682141038,0.6672137985334409
TCGA-44-2666,5.969643183534189,4.263604801279661,3.3360791369617915,3.9245423108662982,4.717936213032618,4.0770457976437715,2.0906287310704004,2.5398366566464614,0.34861252984868774,0.9350339746912903,5.702368141625264,0.0,3.0843336358467943,3.9883597776749182,0.0,1.2534198955286897,2.773469584166976,2.1408893539937472,0.0,5.502873232225466,1.558881188816948,4.7029228350797885,6.332883457312046,6.835852105242334,4.4056113166625765,4.420771272983054,1.6429887359451822,3.36532492350842,4.342564392354779,5.297997315337112,3.0454172753320403,5.524723589555695,4.425773148615352,1.1266488973619657,2.0376946403984944,0.9814040877625687,2.5398366566464614,0.9814040877625687,5.185523738072594,0.9814040877625687,0.0,3.36532492350842,4.138752120917407,1.1266488973619657,2.4717791938804994,1.1266488973619657,8.120312134691725,4.8981457233008445,2.2344347236453346,5.534653511648229,1.2534198955286897,4.239850843809158,4.706697363785502,3.6296892717471367,5.706661659157044,7.4057752593671795,3.487264980099548,0.8114634073779876,2.6634572164387937,0.9814040877625687,1.1266488973619657,1.7205498568712587,6.60103444741258,6.60612166817879,4.636465343968801,7.188344758355677,3.1927453790909355,6.053417697803694,5.031913955700637,0.8114634073779876,2.1684592379974887,0.9814040877625687,5.157110881323063,8.031645374834515,8.908843310490674,2.824243826166366,2.701119573020582,1.8596828801569858,5.348834609885853,5.523059639225943,7.069040447709995,1.558881188816948,7.199932234295178,6.0641386345974055,7.184242421388395,3.0049248916727813,4.8579968036674,0.34861252984868774
TCGA-44-2668,1.2402565164031827,4.917444866029911,3.7099043733225994,2.839294814372084,2.500673365962608,5.9267500104805935,3.892599586223489,5.50242079978201,5.2606518434595415,2.3230149745055537,4.401232270080369,0.0,3.208671941873405,4.6921365619651905,0.29966004921118794,0.24129776189425178,2.9451913276602713,0.43560626502015126,0.9699073253111687,7.319937774837825,1.3868941811918583,2.381950648374786,1.316247362807856,5.475354150161996,3.7297502474435102,3.8643756879605724,0.0,3.0145098658773555,0.0,5.57017869845967,5.65678520229529,5.57017869845967,0.0,8.175499747986375,1.3868941811918583,1.9848148782249795,0.24129776189425178,1.1580126319495574,6.193527454810953,0.0,0.0,0.24129776189425178,6.953349866540529,2.9873573011718015,6.69670579867129,1.6802877254041928,8.040479097279015,2.381950648374786,3.3132983380858154,2.1566803220206383,7.1354723557663124,3.5509125247385667,5.907639905261735,2.9451913276602713,7.326064217502116,6.472859300448804,3.817490323294159,2.247209794341241,1.2402565164031827,3.841207760140584,5.037744496574874,5.984042068542339,4.180750061260303,9.077210041772517,4.12055959258199,5.780413214335228,0.24129776189425178,6.569255588464568,2.565687546471436,0.43560626502015126,1.316247362807856,4.635515086940057,3.2196395331687637,3.0918012563036203,7.20999832405269,3.303316233081419,6.012513945881106,0.5981769429687184,4.331518558237799,6.584078431106894,4.927384111433937,2.3564196556224513,4.7965836194602645,2.886062486308066,5.667218761882418,2.0571448066812255,5.385265408198693,0.43560626502015126
TCGA-44-3396,2.4438155218323687,5.937369964352273,3.411576663407024,2.8397215315498334,3.6702978810275457,5.221204113828313,2.042894251743997,4.433671054909536,4.436324224144208,2.1740355560079654,5.694903170049606,0.0,2.8397215315498334,4.364956769978287,0.8626367585385216,2.9273088827392786,2.772101103373023,0.7508498906882346,0.0,5.892072296979825,2.6844130313360557,2.6533898409969066,0.6392716075906274,5.1626809026720615,3.536334151645263,4.520136125546253,0.0,3.3507072734061794,0.20196077204630308,4.672361435528415,6.117378878437575,6.085303190187574,0.6392716075906274,4.835170178098788,1.4716689826892044,0.5136017667127425,0.8512614236536372,4.360422435521235,5.703609126298909,0.5136017667127425,0.0,0.7508498906882346,5.246271157212202,3.6702978810275457,1.7402907208528624,3.6472368104532693,7.6910813147718065,1.9195515065503608,5.48427812673453,5.386776861175675,5.930854300188228,4.7432872981104675,6.603138622463443,3.4758997009661363,7.271794043321155,4.121311010451915,3.24313907700388,1.7002470687219475,1.4189309463961566,1.3632560044933142,4.381884124519792,3.5994579022576128,3.5809350475277544,7.757619842566655,2.251607538229178,4.121311010451915,0.5136017667127425,5.841376852167742,4.551315719861613,1.30432479825264,2.013448630095693,1.1748323145795188,0.7508498906882346,2.6375061271225224,7.986212478246595,3.977074519962102,6.283531367486951,0.20196077204630308,5.391885120118159,4.110360617730788,3.029708489108922,1.9195515065503608,3.7627709742721867,1.7788093100524267,5.705101604222099,3.225513745048384,5.936099817771395,2.3198649328933048
TCGA-44-3398,4.843478173822073,4.466843313407528,3.574856527877457,4.137886055551102,5.324389514946043,5.324389514946043,2.8976011185379633,6.941992441001033,3.8372154039755273,2.001250244088478,5.927051351450178,0.0,2.8737002236081928,4.902448566238234,1.0121825606697221,3.2845099955625248,2.460152785321771,1.272453544696131,0.0,6.8739285520932185,1.3857692232591372,2.2581419667495553,5.008018540046419,6.02446402537109,3.4871181641697557,4.642311816268712,0.0,4.029740261143298,0.3564849258864457,4.755338661640481,4.666763749993098,5.136768554569351,4.037324374122652,8.893211637661556,0.9980918925625548,0.0,2.3019448881066227,0.0,4.486323584946502,7.534126771144265,0.3564849258864457,5.810428164124271,6.676190115229105,2.8737002236081928,1.814694440510551,2.920949458360303,7.326505086745467,4.595854933430005,4.088869601941831,4.565128095596866,3.6555139656272577,3.5129832107116443,6.276735590363373,4.843478173822073,6.985725070417818,8.5013361301273,3.9587519992255817,2.2123321040164834,2.422889392037474,5.281766147689986,2.3841742965338577,3.235186086438376,4.5695761684169005,8.846563123418932,4.341243701890707,7.19607964511916,1.664437330652705,4.682742151582976,4.53342818195389,0.3564849258864457,2.3438997661282586,0.3564849258864457,4.1648542827117145,5.6462486962581435,7.815759774629304,3.2845099955625248,3.462317566941241,2.5307719056599502,5.264196825378665,5.2118930899085365,3.2519004588305758,1.8821332425775579,7.282438103367102,5.030660118926957,7.308020222976679,2.7719197485267557,5.240206145990723,1.3857692232591372
TCGA-44-3918,2.8564529646925387,6.168258354004618,3.6374466763148163,3.5859520870589057,4.9883215164996715,5.283376302678737,3.8851347341424347,4.404940837562451,4.083492558317271,2.6971105810638245,5.638977251290085,0.0,2.390238763668917,5.2853081119543965,1.300109914856057,0.3230974776727355,3.438162347400977,0.9264786582616449,3.8035376124227946,6.0111225561043025,3.9605731407929694,3.6573217053092733,4.237990257404212,5.089588177357612,3.4007139314856154,5.070638546432066,3.553735333170477,3.107170780742189,0.0,6.93767324001941,6.5418968672184645,5.379279651280957,2.1549895479151724,4.023920309655,1.6477543707183049,0.0,1.7847348542910906,0.3230974776727355,5.493806022040095,1.1903707139076503,0.0,0.7627665224400024,5.785549848084544,3.9385325030681764,6.266351991275004,3.99626120738662,8.056769131230704,3.8613484669400964,4.494038605278143,5.974951453358751,7.298783339292532,3.1902787999705144,5.10823376286015,2.7884313130490224,6.805281703211407,6.948350047688562,3.4860041079722146,2.1097767414759088,3.0724618064126643,3.1407196698679094,3.1570812689456718,3.5427605993172153,4.463749468606052,8.0958852456863,2.4899190666115367,8.26851898895542,0.5669034539856949,5.063430127276655,4.187166801181822,0.5669034539856949,1.8467841267467753,0.3230974776727355,9.088428072632952,6.00455844661914,8.2121859003556,4.169634454680379,6.747451541193343,1.8467841267467753,5.126514296008082,7.200462205681664,2.239698539938855,2.7646888502582656,6.358323952904921,2.7154494258641515,6.2619972816759955,2.354674570343807,5.987110080162945,2.390238763668917
TCGA-44-3919,3.9891340353153995,4.935990767766674,3.354884646130559,2.8670690123263287,4.070068946009987,4.832727980180721,1.4473894604797015,6.084611024158495,4.672978355993285,1.761214347399894,5.586323136604094,0.0,3.1951813140085363,4.2661092014485815,0.0,2.2115766474494136,3.5869020980014716,0.8332568885445905,1.18674525865931,5.678061166473236,4.60378723014534,3.6309324941590866,3.8470299810196096,6.237482473654555,2.7284343586233124,5.016743269047123,2.0985699221148355,3.7676074517810396,0.8332568885445905,4.801148069229532,5.426451092946875,5.867940060822485,3.3992989140457053,2.2115766474494136,1.082211867300329,0.501017682774905,1.8250814085164808,1.0811269743270902,6.199254837996308,1.4473894604797015,0.28156339144360376,2.015449537841143,4.830136075834339,3.1817719097163564,2.344772554839329,3.939764623609805,8.246777198608639,3.1817719097163564,4.139773528333411,4.845595542936828,4.893037241329482,4.001700990522656,6.212377612737435,3.3319151826097344,5.828539652864729,5.217188652716563,3.208413282857292,2.015449537841143,2.057873106261744,2.137675071819528,2.0985699221148355,4.150078814276758,5.6089954912940785,8.315769545891653,4.170376159213129,4.001104737752352,2.706962943585244,5.038062375997453,4.511752514260126,0.0,2.567446237660124,1.8250814085164808,3.939764623609805,6.5420150838202495,8.131536592939893,3.8400650280706454,6.132015308718209,2.2115766474494136,5.115169468428112,6.039151722256228,2.1753083847002577,1.7712165679967256,6.0794113198119355,3.259660698699492,6.027456495714115,2.7700417314106773,6.113843671216574,2.462294579700635
TCGA-44-4112,2.5686501932208596,6.102972379238986,3.222724409556383,3.8369006728309296,4.413114606944576,4.857569581035191,3.173526932724218,3.173526932724218,2.3259988394030606,1.6686874716380609,5.606628930232125,0.5895628643033748,3.2696145655192477,4.226394232638258,0.0,2.4015431566268868,2.813172688433542,1.5292035197234943,0.0,5.770440622796432,4.094946047959947,4.081477130765117,3.3572733586002057,5.418293551049944,2.3259988394030606,5.005240769778949,0.0,3.940684317667357,2.9052111080928045,4.347761223705988,5.617850514886135,5.505250231814264,2.2859779546803307,6.652728826800201,0.0,0.0,1.337944100178844,1.1012754060875933,5.901701205115676,1.949347093133522,0.0,0.7906368018372024,4.799766103657434,2.5989642360488143,2.2859779546803307,3.6467388823192977,8.611224371831256,2.1076523484048844,2.6847542793515977,5.769186246356518,2.836988561886519,2.505117690404131,4.619092814828448,4.793134127879332,6.320082807559695,3.384868115258056,3.8282043444740363,2.989487817456662,3.5929575872672315,5.124368659414019,3.1901964757943273,4.590973893785333,5.065312855386951,8.306472160100585,0.33761444119998996,5.317193093816844,1.6126527393360428,5.0627722325160835,4.427608084994115,0.0,1.5292035197234943,0.5895628643033748,7.1681098330261115,5.620763118936109,8.036887073316983,2.2007848985309764,7.103848239860009,4.7454189663601385,5.126757692398113,4.935574047207697,2.2007848985309764,1.5292035197234943,7.513780167310675,1.337944100178844,7.134420621503144,1.949347093133522,5.1355160442399885,2.155302440844607
TCGA-44-5643,1.5981140387026571,0.9895783676439744,2.459947751746805,1.477117215193491,3.1342673767130624,3.54969784331383,3.1584971727987274,1.3394385748346274,5.8981972791375386,2.315185374969784,5.869717728533355,0.0,1.7060200102803444,4.039089042612334,1.8637544963992028,0.0,2.5948367091601963,0.0,1.5981140387026571,5.174877737490305,0.446862936804093,5.953827579167917,5.9390943572871615,6.684452965065812,2.2460888128363767,3.967098139636111,0.0,3.404103155808327,0.0,5.245612550116008,6.174696106390714,6.733250689930737,1.803424500758558,9.079222065515934,1.1797313399529017,0.0,0.446862936804093,0.5231296182221548,5.721049209554919,0.0,1.3394385748346274,0.7546185026480464,7.806374790497692,3.057847548500675,4.314855317434909,0.0,7.032474205639633,1.477117215193491,3.9345826130727146,0.0,0.446862936804093,3.2052635974483388,7.82500954650669,0.0,4.554765969937451,5.8603844333573205,4.058741563906662,0.7546185026480464,1.3394385748346274,1.7060200102803444,0.446862936804093,1.3394385748346274,5.422091309716579,8.555413404235935,4.499966324725991,2.4106140452061453,2.1191308950041563,6.375840500698606,4.738292745051561,0.7546185026480464,1.1797313399529017,7.1967464941325465,1.8921777923465621,6.646408696500624,7.443435453445328,3.753967043236089,6.0140036229896685,3.5657565617658085,4.974399986847477,7.250152783622727,4.645342369426849,3.003447435008818,5.675739589498204,2.8848789220787903,6.330723967350325,2.785708529940951,5.882302369838847,0.446862936804093
TCGA-44-6145,3.444327111312152,3.5585543444376984,3.3602121793797934,2.89348911610431,4.881012443635663,5.455756917817911,4.918651575480069,3.5219094568244187,2.515338856908202,3.6514371586380663,5.418617232328694,0.0,2.857877261830304,4.079526988871677,2.9875841677172694,1.0630196527427216,4.836908694606033,1.6904647510764736,0.0,5.5509226280118655,2.515338856908202,1.0630196527427216,3.19348827086197,7.139358942414046,3.6111232969568277,4.365650779282479,0.0,2.89348911610431,0.4896224161148877,3.8254079135435646,5.298262365035481,5.601162644331376,1.9902140746118377,9.536819991135875,1.8999260442163428,1.0630196527427216,0.8168681075497042,2.059417389848908,5.851656353663259,0.8168681075497042,0.0,1.260390944230735,7.974615428469532,3.08404072564456,1.9902140746118377,1.425178479169857,8.276298008076363,8.095665772299617,5.173977884292408,3.3819126202502883,7.394511545893543,2.89348911610431,4.904704245345002,1.260390944230735,6.707393980096373,7.431104158413418,3.978411688959239,0.8168681075497042,6.088298565280649,0.8168681075497042,2.78260712008327,5.300694538833788,6.359146441698344,8.028562755326435,4.299282051051982,4.535068485691916,0.8168681075497042,5.876766124138513,3.4838704729952092,0.8168681075497042,2.6578790838558466,0.8168681075497042,4.613242516878964,4.341274950181819,7.303944162309905,4.068783989730157,4.404999476623169,1.800669655357811,5.246402826595836,6.3667710898192995,5.064466698090139,1.8999260442163428,5.347569328834208,2.515338856908202,6.138618665122263,2.0730209738769134,6.534926272205001,1.0630196527427216
TCGA-44-6146,3.8015963451701387,4.612435727899821,3.3665472740262863,2.43177833945472,1.0314391889630772,3.3022348735527713,1.6216431248724625,2.2590510909703174,3.015745662952004,0.6431688107537038,5.310818895770962,0.0,2.2590510909703174,4.042291330032143,0.8560310434614248,1.0314391889630772,4.681668156960816,0.6431688107537038,0.8560310434614248,5.647180376632145,0.8560310434614248,1.5282495487472594,2.3051118979319156,7.764011464910842,3.120627733625307,5.318458171949672,0.0,3.739216041002777,0.0,4.5238657660235875,5.261585952517224,5.444994474392525,4.871472838659556,2.210765812902886,2.508102207391189,0.0,0.8560310434614248,2.4072873920748616,4.575938060381924,0.0,0.0,0.3724597064941801,4.111170541471725,1.0314391889630772,3.1403476363979106,2.947093347947431,8.23134144289918,8.522347883136007,2.9933845197355122,4.730612701678606,1.1805915814880241,3.015745662952004,5.483223081527256,1.7857246294916314,5.433232800944721,7.98665113663906,2.736987450996808,0.3724597064941801,2.391310001050416,0.3724597064941801,0.0,1.5282495487472594,5.282431857317813,8.28375432474855,4.681668156960816,2.2590510909703174,0.0,4.018235358169722,4.647645213496182,0.0,1.9902960709493807,0.0,3.48395639682992,5.84183861515214,8.31096575247834,3.0590309639189317,6.395970862387834,2.7657969603515693,4.6774722427434865,8.019102795952112,2.4706640369248833,0.3724597064941801,6.501534385340024,3.7812307151781224,6.620804938749026,2.5441891949517257,4.91427856685215,8.62353682365655
TCGA-44-6148,6.553481735087185,3.9695746752661507,3.704779869833058,4.0841309133704575,3.3050094834423613,4.786849870159216,2.2011501953386916,3.2442238323964796,0.0,0.9582384924819115,5.898770691740069,1.4384360455228369,5.323487913689981,5.098951375144823,1.2892877431777403,5.432271169944566,4.280088035354242,1.6649672222265806,1.4384360455228369,5.890317365103024,2.364846022387559,2.00529703039703,4.162182322380317,7.5268091026661725,3.9594083738100534,5.708842981996048,3.9387603553858064,3.8987492982725627,0.9582384924819115,4.727024921014529,4.693272634209637,6.555769324529536,4.712696354925099,1.302505060390182,1.302505060390182,3.264896443097692,2.4139565069517017,1.193346545084636,5.0207770257730315,2.9556131569571633,2.2011501953386916,0.4289863031495102,4.102008452778857,4.309316147121984,3.6915109885878756,2.7384888750427736,8.790620647856018,7.8159977099966955,4.37885285355455,4.492996513397019,1.1451141223195294,3.3435753309474747,7.225852582951698,4.573561864916939,4.804561882060937,9.364725310077114,4.302088817332495,2.364846022387559,3.0098767668952116,0.0,1.4384360455228369,3.7178749909551887,6.0272008312987975,6.691596030542372,4.7364703412528435,2.00529703039703,6.133740717465765,3.9594083738100534,5.521844844153115,1.1451141223195294,2.7384888750427736,0.7282247071726413,4.028491399544116,7.238633325832746,9.512058476829806,3.593348249885513,4.701089271280927,3.41651283243993,5.489189760509063,5.86935340871301,2.3131985702536566,1.302505060390182,6.368693061804457,4.474854189859826,6.777561168574199,3.7178749909551887,5.624551659530918,7.966218957466971
TCGA-44-6774,3.1877648586431477,5.764701954958384,3.4842662750441264,2.8213372188744668,3.3948573259159565,6.394566866026958,1.5512789982605681,4.022359719249094,0.6572090737543161,2.161701021267173,4.791790821818201,5.869748788423886,5.9790174018062245,4.609584428866511,1.2093483302627754,2.417965244034119,3.3631839394639393,0.6572090737543161,1.050366976040115,6.5745359459287425,5.43644754353529,0.6572090737543161,0.6572090737543161,5.3734248390348425,4.2844317218536645,3.8984736257616497,5.311593842809787,3.370559464051668,0.0,5.596891158290981,4.2971588676008725,5.950382102006752,3.1486593479384917,2.0156494085920564,1.3318645741306072,0.6572090737543161,0.0,1.6049679369626486,4.839965590042748,0.0,4.005573455998611,0.6572090737543161,3.799532688592066,4.022359719249094,5.020968389969375,4.618796918902748,7.966576291756998,5.799080533174942,4.102306118092793,4.861771723950893,3.7350996520807307,2.7040756463467988,6.5130253421741395,3.296662451041124,7.777273010842597,3.9354641034935005,3.97113306911553,4.309726066642379,2.417965244034119,7.094616515818124,3.2616632466702575,2.0156494085920564,3.9354641034935005,7.6999556256252415,1.3318645741306072,6.127412704502485,1.5512789982605681,5.43644754353529,3.8794543581440424,0.0,3.107966610279958,5.245243540586104,2.417965244034119,3.8794543581440424,7.7174758750139745,3.107966610279958,5.1741760347005386,6.106922660002473,4.381980383604318,5.360803783559477,2.4975266811441026,0.0,7.30016891934557,3.330478020649503,6.240435676451651,2.639857009785823,5.20238999632088,1.050366976040115
TCGA-44-6775,2.9534821764471606,4.644179338302418,3.5208068964377066,2.4065756707152506,4.672894252882823,5.5188936251847585,6.271972824311679,4.366132235296037,3.8048207948909485,2.4793830896446383,5.667982570525013,0.4086599990046836,3.3233871800913346,4.727962874574957,0.0,2.7815422693403344,2.7169636909911485,0.0,1.259596708073933,5.542897503638556,3.1001553499529053,1.1049918956321487,4.250735587742649,6.8585965468998955,4.103732028426052,5.033361747419387,0.0,4.279110351666413,0.6979356972917425,5.165671296195788,5.832562597855237,5.785620492871834,1.1049918956321487,1.7125719513310345,1.393468564867891,0.6979356972917425,0.9220342065012208,0.6979356972917425,6.258536941685858,0.0,0.0,1.259596708073933,5.043186378746137,2.7169636909911485,4.796955156430402,4.061165163524282,7.89185791861334,5.207987763056365,3.341411990926117,4.422228837162731,4.061165163524282,3.3255646579217255,6.665616199579539,4.236240457982344,6.757707670035073,6.833364651500546,4.034727245403598,4.333551733303911,1.7997276388772319,5.598629344899839,2.611531958550507,3.1226380149480666,5.177132300543239,8.065968921008,2.926800114509716,6.0533425008228186,3.187203510733049,5.384779426023757,5.179972923331915,0.0,1.259596708073933,1.259596708073933,0.6979356972917425,5.998482364521843,7.131594588200673,3.6065977834991303,6.019760416262829,0.4086599990046836,4.880845464515255,5.53096758595521,3.490492537730868,1.9540908811455073,5.8487049913758105,1.7997276388772319,6.333886903746052,3.286332583804816,5.597695769460641,0.4086599990046836
TCGA-44-6776,5.265427372041364,5.06466883058868,2.335932824673073,3.4845944571482654,1.5243156590172653,4.104730441774518,4.104730441774518,3.083436327254374,0.8906857031587604,1.6696483308330834,5.630218457096453,0.0,4.918344551200808,3.589089505110389,0.0,1.354184307201657,3.7191637212974826,1.5243156590172653,0.8906857031587604,5.967089883966327,2.903693736086683,3.0499789524050023,1.6696483308330834,7.136276345509001,3.4395330879277286,4.562550743692687,0.0,2.1863096703178897,2.0102924079845814,4.443259306884319,3.628011521449818,5.983515537275255,3.8496581202314153,4.345743801721248,0.5413936253324085,0.0,0.8906857031587604,1.0100360515596662,4.819030783703385,0.0,0.0,5.104690140845097,3.9233387403264692,3.462317566941241,4.364196111501418,1.6696483308330834,8.877937046098715,4.184416805532815,4.675833661239164,4.40010964702452,3.9513533279587154,2.7322744113263924,4.777576077994669,0.5413936253324085,4.599348271484699,7.764673854377593,4.030980462293001,0.0,2.634116572724088,3.770116064186902,0.0,2.335932824673073,4.771514788258905,6.7013459266590925,4.508647170996421,0.5413936253324085,5.654182482664718,4.258217824197482,4.6417913694437365,0.5413936253324085,0.8906857031587604,0.0,2.5252725403086385,6.266938654667612,8.798865239799806,2.1863096703178897,5.888478986787558,1.149051885426179,4.708755126244467,4.206064811832508,2.0102924079845814,0.0,7.965653206226231,2.335932824673073,7.8502477280776874,2.5811709197580646,4.92827490266749,3.646918790722939
TCGA-44-6777,4.516106158297157,6.776941333608197,2.992597364858504,3.116515249331347,4.0388336140943775,5.56399536529769,2.1849945388119147,2.397413338504874,3.618904850886039,1.3036733324315537,4.088021279005183,0.0,2.8202592121888705,5.180372442788482,1.0198576399792045,3.7384074412631336,2.488799064503344,0.7188636590645816,2.397413338504874,6.9387790270838,0.9470526935241959,4.101690845418283,4.670339757971187,6.6327235195121625,4.066257110346863,4.577440240368308,4.40684119104832,3.8223892840059848,0.42264993286226527,5.323512291982575,4.92176036358708,5.435035550953346,2.6118990010728327,4.886658114276544,0.0,1.1327560332349471,0.7188636590645816,1.3304380403651535,4.790910890827702,1.7464831243584196,0.0,1.989585212557975,4.7688269678862225,3.7991051157330706,2.6497852929702344,3.4163552518272717,8.137778797650872,2.8202592121888705,4.001058998166105,4.630106671278123,7.514390957594103,1.1327560332349471,5.939507874839236,1.7464831243584196,6.726528322894187,6.123698223062349,3.5902904046869777,3.363152776622509,1.989585212557975,5.770917621641038,3.632909451480629,3.398931483118585,5.116207787285258,8.389898311257493,0.0,3.981621826623819,0.0,4.902411423688839,4.110355697161085,0.42264993286226527,3.009082757922129,0.9470526935241959,3.8108160739064223,7.411477734877019,7.892437101309353,3.763130808845028,6.368609052755433,0.0,3.5902904046869777,4.380848440876072,4.3675955050188975,1.4246011952744773,7.094317830033346,2.7214993544262143,6.729675911366306,3.0440223126817405,5.96873313510589,0.9470526935241959
TCGA-44-6778,5.581968826985667,5.707532102673046,3.7583635382695215,3.248287043404272,4.566197522068055,5.028147719180887,2.466980261254545,2.224483001107046,0.8193392057977046,3.7404467109703425,6.0037240908636695,6.051754995447621,3.829745134971698,4.454642601483835,1.5700939916910757,4.337390082303192,2.825115942527548,1.9037032674500391,2.519412740915101,6.603503348201191,3.5628626135304495,2.224483001107046,3.1714738966531804,6.417834615896043,4.511974269552971,4.559577454577977,2.825115942527548,4.192246834196403,0.4913369471821282,4.598651988620846,1.4285393427136366,6.892136945306634,5.653415067292414,3.4486183549491507,1.8043630427942736,0.4913369471821282,1.2635898598944049,3.4415328578515583,5.5771794066185905,1.5700939916910757,6.252676224525215,7.221850434385534,4.654541133850971,5.206596736594245,1.9037032674500391,4.073139652186894,7.882118673310251,4.051299612655949,6.871296667710918,5.530495978498242,1.2635898598944049,3.870248474055339,7.016232931317529,2.786762793795663,5.011381682146047,9.678423408063052,4.2045403689954925,4.815933416413349,4.295037984698719,0.4913369471821282,2.661999281773645,4.8660487319375925,6.692335571837144,7.37496751591485,4.125741479919134,3.0882704330394297,3.7730528495073443,6.261192021105894,4.552914323217044,2.616694857281105,4.1560243134681585,1.0659513464285486,3.6653830632649638,6.163283224588647,9.317722842105644,4.497946825200068,3.13045982549463,6.611215425294106,5.318345458621201,5.770808524327685,2.466980261254545,4.185415465949513,6.018347442204242,3.8017995738265253,6.763709373526577,3.488166813327648,6.938041971587009,2.411645754660647
TCGA-44-6779,1.7547150528886735,1.8838523578849768,2.278978640318371,1.221095372882658,0.586118607801422,6.577960101107232,8.781318980411081,2.961673813017034,0.0,0.586118607801422,4.157397605583678,0.586118607801422,3.5167794785101636,3.114323871124958,1.7602172012181763,0.0,1.8838523578849768,0.953162534650006,0.0,6.002078024367593,0.0,0.586118607801422,0.586118607801422,4.484886651689074,2.100799331632479,2.4301512287996503,0.0,1.9982043709192132,0.0,7.038801085094298,5.631724195318011,5.510456591751173,0.0,10.055955388604357,0.0,0.0,0.586118607801422,0.815010768316786,5.739863649227149,0.0,0.0,1.9982043709192132,7.50026963958744,3.114323871124958,6.072479858572151,0.0,7.665983021249118,2.6774878955195702,2.278978640318371,0.586118607801422,3.871644662479977,0.953162534650006,3.2152331985531366,4.68022199829881,7.6170120012751505,4.429446813222364,3.585370001958262,1.9982043709192132,4.410262960887618,1.606413343032052,3.0409111630083347,0.586118607801422,2.278978640318371,8.981728144674303,1.8838523578849768,1.9982043709192132,0.0,6.6485582933872145,2.497954488637258,0.0,2.8756190250592444,1.9982043709192132,1.4321994149772717,2.5614509374277863,5.8139245404610485,2.781455545518485,5.23500476033627,0.953162534650006,3.2772617072824928,7.165253879126648,7.5790504336624815,1.8838523578849768,5.32701171758938,1.9982043709192132,6.017724223894561,2.1938522306953607,5.536042093939703,0.953162534650006
TCGA-44-7659,3.1536544039409713,7.405191665629111,2.7693146182059842,3.7750777923437764,4.119656495189132,4.155444365239711,1.8296491687704646,3.607517543341166,2.8589097568312547,2.5336491937759904,6.45090002969166,0.0,4.810752436356598,4.694745772580456,1.1762521117253357,2.439159351403237,2.721315164499567,1.8296491687704646,0.0,4.8868844866600805,3.522969487425392,0.9142085656698304,7.109037605541666,6.7789851051736045,3.9035875266070446,5.090277921748452,0.0,4.026684730414252,0.0,6.151902563006067,5.312190685480544,6.28715571099068,2.617797212124648,5.9221064303556705,1.3836659097661985,1.7018894647990122,0.9142085656698304,1.4276522120434554,4.06985717857083,2.299440152849967,0.0,0.5581289688818571,3.500665571615144,2.3717379516823622,1.1762521117253357,0.5581289688818571,8.71082718727626,5.174085456528683,2.136979050320936,3.7750777923437764,1.5553829133113561,4.430335730767667,4.840724405378773,2.8589097568312547,4.869824134818832,6.998664881341942,3.947816699206716,0.5581289688818571,0.0,0.5581289688818571,1.7018894647990122,3.7577873219881828,3.7401926233039817,6.7583720501127775,3.477852820551118,2.221505180943304,3.121223303923513,4.594183047835943,4.8868844866600805,0.5581289688818571,1.3836659097661985,0.0,3.82522251529123,8.198716460033198,8.472147707173022,2.9008609974173583,5.548266418682577,4.189994078384725,5.696126576245286,5.326822215517653,2.5617210752383026,0.9142085656698304,8.168670640519322,2.9411282415599502,7.646678562178666,2.721315164499567,5.764526305053285,3.087709632949959
TCGA-44-7660,3.5691495244888083,1.2594264325109028,3.3588916480563764,1.5655069233281322,6.74091762544152,4.140324432004484,3.3734115734041294,2.948866007505151,5.4624579804046425,1.6497541790955768,6.2745906317910105,1.6497541790955768,3.415744392302679,5.272389115871257,1.3352641900071118,1.4735036351932673,1.6497541790955768,1.372195436740389,3.200781098278951,6.090750902348223,1.6497541790955768,4.538222364816678,3.05339722574839,6.512465723887479,1.9297662490177196,4.403648684248458,0.0,4.0270306376575045,1.4735036351932673,4.217592637309543,2.579944065122752,6.403724848838054,2.2419110949586254,6.345680219515912,0.986674635427245,3.5080647614297864,5.968359673392885,2.3586156488189713,6.794608977042277,0.0,2.2856322013413832,1.9297662490177196,6.841976522403778,3.05339722574839,6.518070011721489,5.295849323433657,8.46342314820641,2.0038825172587993,2.4794501233207065,1.2594264325109028,5.7650280800929785,5.438983248073159,8.146755401071255,1.1323049296345793,6.388290780694734,3.3588916480563764,2.7549210642738164,1.7995292064924158,3.6488462109475317,0.8161167429036288,0.610363219081024,2.8355869953040593,7.385609263397513,9.517332303274888,2.0979688462937194,1.4735036351932673,0.3510793175815725,6.493552609318737,5.189171919287238,0.610363219081024,5.22587569764732,3.495385720316731,0.610363219081024,4.242077549788656,7.3637233692634085,2.7278005394496474,5.956650510278804,2.3677171879318277,5.734230848748895,7.180191725218352,3.2344656692738876,1.7274342586714975,4.078182998202563,4.960961739852683,7.05624424723964,3.387723684370284,5.251010851227145,0.0
TCGA-44-7661,4.5957630775629,6.375358665288004,3.6581341232256035,2.7720010495940333,2.5786929417921636,7.015479000069065,1.6213664832993742,3.0439270224036594,2.210458839113844,3.1696141495548584,5.338340642177266,0.0,3.0289349143817095,4.1890394012279515,0.0,2.5786929417921636,2.690659861898128,0.4852616316347165,0.6610887568660565,6.9562787409230245,0.4852616316347165,2.0226595275808514,2.847226464754687,5.9487162192317475,3.834800650152452,4.179524819290025,0.0,3.6741083972102566,0.27178132292010393,5.468490428295167,5.740175475648447,6.335206722143323,3.360205233777749,8.515768176564691,1.890321930384882,3.4631763800141333,0.4852616316347165,4.437833788751208,5.762016790986919,0.4852616316347165,0.0,1.890321930384882,5.310428727030382,2.9001460556546563,1.0556351958129693,1.6213664832993742,7.612267630620779,3.1564002410780807,5.12816940988577,4.771650259784691,2.647365577485703,4.0358375924303616,5.113246032579751,5.669473943623931,7.450759571112337,8.885162710821223,3.633683818645986,6.200898550558471,3.402672959128725,3.073253343030156,2.6021117406887053,3.8143506378538015,5.3226928556893505,9.034029117077601,3.392223906863047,8.273157919959475,1.3378128992969858,6.00803647110168,4.120452433024553,2.3388302296611827,3.492106984021961,1.3378128992969858,5.383297097809072,4.774296736993154,7.40926968761699,3.7576776399842062,5.406786046853732,1.416581053724763,5.004161047987408,7.222901728888598,5.2694908461227055,1.9804633930952937,6.295679200194123,2.0631470038360424,6.301996071157408,2.244129367420777,5.598121913989373,0.27178132292010393
TCGA-44-7662,1.8448894092822294,6.404854834523262,3.668161307858139,2.5975356856354863,4.154892318339345,5.812801290566255,6.395511984128525,5.594157322794985,0.0,1.3761682648208815,5.501372489728898,0.0,4.5887694257750375,4.5235044953232135,2.285611859186335,0.9081779117636046,3.74098554309445,1.6377337815889477,1.2142300187785844,6.943981127386182,1.5154788195007165,1.0209389939396023,2.7217163918660248,5.1111078832813,3.381433353621015,3.7889781506500584,3.754934012985346,4.533092919785407,0.25928259793008296,5.331253952794298,5.482462260052852,5.530523726270989,0.46492827137895315,4.004895671453482,0.25928259793008296,0.0,0.9081779117636046,1.0209389939396023,6.588122853476223,0.0,0.25928259793008296,0.25928259793008296,4.894797864520288,3.3083910645756807,6.733130426422529,3.3713187616176823,8.3289050700245,1.3761682648208815,3.573137459116234,0.9081779117636046,1.298473565730462,4.243689426882231,7.8255249167356915,1.9343146084435938,7.652787828618817,0.7811122692885893,3.6217776505732004,2.4035971678724466,0.6354651002188605,4.087682419348551,2.4300015776186674,2.26000113045275,4.754718864259944,9.194255704493747,0.25928259793008296,7.021922898000112,2.7966896964320322,6.602684224048596,4.272995501646306,0.25928259793008296,1.0209389939396023,3.340349818329441,2.8831289251265804,2.1281364632185946,6.547374906987823,2.9778686651450474,6.5176697958063095,0.46492827137895315,5.140990815643381,5.998013058725745,6.258615414415189,2.552464047030163,4.539434148113482,1.890608833270224,5.382879078891074,2.832165736683655,5.10547263485709,1.9343146084435938
TCGA-44-7667,6.1028650353515586,3.760041304996838,3.0746451123968406,1.7907756521053226,1.539508888607539,4.311862988812285,1.2031524679420336,4.531425686231812,0.0,0.846640501517054,5.714735602870017,0.0,4.527834394641874,3.1907108907409887,7.336826230499124,4.636785125357343,0.692547000487913,1.7907756521053226,0.0,5.599706319039979,6.167728208516511,3.1907108907409887,4.58038556916546,5.897791027244802,4.115156483930843,4.421676342334321,0.0,2.8122960958008276,1.7907756521053226,3.3428936062636567,1.6084974703570436,4.845626994175617,0.5103655179335341,0.846640501517054,0.5103655179335341,1.2031524679420336,0.0,3.695524824646832,6.498101410252518,0.5103655179335341,6.208746955432476,0.0,4.178333320142235,6.1579107547436465,0.846640501517054,3.5446250607751852,7.376570702591063,2.4556494687208823,6.232571780993549,5.303782405979095,0.5103655179335341,1.6091578732267815,7.850863194215316,1.7907756521053226,6.410633658291161,6.021455294882573,2.1192149866641152,1.465428964283618,1.465428964283618,2.7504261875513114,4.487462647481727,1.2031524679420336,6.850704388773079,7.498792211592304,4.247325987308812,2.2676209079579506,0.0,8.119103815596125,4.998286021415049,1.3853939558767265,1.0978119684973406,1.99140236395667,1.7907756521053226,1.465428964283618,7.4502481602464945,3.4852045282450663,4.524231243482739,4.338295464686566,2.9607059516303122,2.994606640266481,0.5103655179335341,6.059494621921596,6.214089964213843,0.5103655179335341,6.3606926197995275,2.1961684642895554,3.59341426229587,0.5103655179335341
TCGA-44-7669,4.509305552502728,5.157122397880994,3.9010874293802895,2.1943092206996915,2.90001401049502,4.2083277951708125,3.4056906053300326,2.1235062728419365,2.260428875460654,1.7299017958492382,6.505609156941181,5.10826399617061,2.3224367386966467,3.856709007254455,1.377657167724227,3.251981726765196,1.4755636038777726,0.4783437535207369,0.6523772680167338,6.462152317275939,1.402856449418869,1.9648300339078242,1.8749203871499682,5.460891044547085,4.08210496299252,3.984339946070617,0.0,5.006861515676682,1.402856449418869,4.453785510574503,5.054945597386835,6.202217652909243,3.36412875111699,3.616007640678026,0.8005206688282747,0.0,0.2675048750129634,3.702991903401976,6.619973201530023,0.4783437535207369,6.153217683461021,3.0266396805822766,4.979825509702726,6.794751180990971,0.4783437535207369,4.274499885536705,7.66315869073618,4.15685603027504,10.195630908646587,3.875970867035644,3.0983475244183305,4.478455506690491,8.526648350186992,1.9648300339078242,4.704897866978026,8.111667081447498,4.137463117626498,2.7549910372706297,3.215726872116509,0.0,2.086144029739508,3.573900608040253,5.8562002252571475,7.769927677168688,2.6523612952416213,2.8118635204689,6.161013210029622,6.380363185907571,5.526468359672785,2.5619217018111935,4.016788344003226,0.0,3.9010874293802895,4.688094890562239,8.299750857234285,3.616007640678026,2.2819435138761803,6.872352946525734,5.588008669144372,6.395832386770583,2.4624906105036684,1.2393882095468904,5.970539640291663,2.916743177303619,6.442812422396821,2.4360052294298282,5.376250157604459,1.2393882095468904
TCGA-44-7670,2.80075699503642,3.951409089522284,2.907556582650266,1.4817408952639035,3.2233896223394547,4.379916910770623,5.883288961745768,6.247965502076188,5.221700866050965,1.279182312423258,5.352241946066514,3.6237781079534055,7.5076077473177785,4.238742120320622,0.0,4.489823305494547,2.201404717253849,0.65617194443505,1.8816915767286622,6.664484272620926,2.4160655524970487,4.164714485138372,5.4207827561886255,6.52961297999944,3.740427715994513,4.913353171289702,0.0,3.181149035255248,1.1518370499054076,4.183741840683828,5.5809253374925705,6.279166619359765,1.8816915767286622,4.15020333559883,1.7827691773899224,1.8334450907151618,0.0,2.5838616941473087,6.163788376092217,1.2450475668976555,0.0,5.86591549636781,4.922401351896423,5.518424312037984,6.849677972501394,3.5643049711989407,8.650721834036979,7.3241075726873595,3.443490293852407,4.924648846232733,3.2596568585495724,2.956960259720112,7.63475300991722,2.201404717253849,6.963804744833159,6.795487630576343,3.3928392159744085,3.453318499975577,2.7021260210822415,1.4817408952639035,2.3296456315409,5.993267920053077,6.065432688057205,8.892131735819424,4.35640878168059,2.3296456315409,2.093134858811838,6.5955263833121975,3.6562374536980085,4.089954941920543,3.2596568585495724,7.294098727882714,4.036816079915263,4.994058657691454,7.173697749412823,3.119718253334982,5.965251466692026,5.747936511751783,4.454513561500443,5.449096655332113,6.465804075243556,4.238742120320622,5.880700570123127,4.652740558895508,6.156608154124203,3.453318499975577,5.506594965111762,1.4817408952639035
TCGA-44-7671,3.8896321916650884,3.3468256695948173,1.8494621793563442,2.9588037313684903,1.1648992803397977,5.099250384449902,7.54413102963772,3.829881931055635,0.6654162068216343,0.40192551780963176,5.43177250626538,0.27391270836578213,3.022145356505607,4.532650029510681,0.6654162068216343,2.58688394881713,3.625668051964268,0.8154975478374058,1.3443780180185991,6.129339928436707,3.3014507084918705,3.3129889248218944,1.4233010867489861,6.278264355479242,3.4717614625972586,4.588646417354905,3.1241606680026104,2.873536390593214,2.284665491691095,4.522435107133851,3.547145944476686,6.264570908107375,3.8367001417463227,9.282177195594866,0.48870270667821997,0.27391270836578213,0.27391270836578213,1.628475541311238,4.61394953447924,0.27391270836578213,0.0,2.855573252353469,5.3689016377531384,3.4519918850074673,0.8154975478374058,2.655605366753962,9.167585260188151,5.286310572623419,9.496736618107507,3.721607984736018,6.896481973383678,1.7450695978986592,4.703512128986771,2.7605793981140505,5.836423470995577,6.151063216794669,2.5130891007617917,0.9460048618575464,0.9460048618575464,1.8494621793563442,0.6654162068216343,4.9337974453716305,3.491147768860417,8.296581432409385,5.260464916895175,1.8494621793563442,2.9750192319564492,5.367432897178714,3.411243417506412,0.0,0.6654162068216343,2.0303563339893445,4.2619584901437815,4.9896431596168345,7.581602405934587,1.943994028754474,5.844329615928383,2.284665491691095,3.829881931055635,5.435624123507543,3.519537299268036,0.27391270836578213,7.40823961548146,1.7450695978986592,7.131906322605486,2.070892603417211,4.600903094890318,3.8230169130431673
TCGA-44-7672,2.942421155254696,7.663257348288848,3.4234773300198706,3.543292831174599,4.1868994344989785,5.042431074635784,2.0331357888033246,6.906020775600479,3.9836699517405054,2.2439279095009437,4.983085938231014,0.5771188544998229,4.060598170922218,4.168941700428884,1.470244808239822,3.3160787577393145,2.376002826988208,1.5072501360895079,0.5771188544998229,6.161740934572659,5.379579330626303,1.9806703795798155,1.9806703795798155,6.059536661494853,3.6997625181530616,4.571259668754978,0.0,3.6502789485921343,0.0,4.804398022848405,4.898966031186004,5.320254968065938,1.5072501360895079,6.638545537610056,1.666800749822576,1.4167750683734774,0.5771188544998229,0.7387417681183372,6.587697386885111,0.0,0.0,2.786762793795663,4.1868994344989785,2.833766132417044,0.5771188544998229,2.130491056355527,8.677044165082824,4.947262315672025,3.5874694582004603,4.350698493074218,1.8043630427942736,2.7374471779529976,5.482137799465727,1.8043630427942736,6.960812516706486,7.208207958991119,3.7560847288013486,1.5901939290673395,1.5901939290673395,2.7374471779529976,1.7379542506691081,4.552873230206169,3.640080414905121,8.280343640545853,3.939071864278984,7.81227297989406,1.5901939290673395,6.013822729718649,3.7560847288013486,0.0,1.4167750683734774,1.08261839891376,4.113048547015873,4.277582365800408,8.109252020392805,4.125741479919134,6.5274826585059955,0.5771188544998229,4.390198156661444,5.120033646707133,4.451231983585906,2.1758193332020888,6.151810993472251,3.344030732494179,6.074021015712361,2.685565981549221,6.498985215520583,3.843429339962152
TCGA-44-8117,3.327999251886555,7.293996792122543,2.5974537797601833,3.614489903859283,2.7563322997202584,4.673622911622534,4.074342515043098,6.315021597747823,4.866918876413368,0.8231222569816907,6.097399897516651,0.0,2.4835891155541634,3.7725701152914244,0.0,0.0,4.1176280523843305,1.559785376529029,0.25394430046692207,6.342357306390425,4.56539347829849,5.24573903632918,0.8941678147863844,4.70811478566964,4.270122534163932,4.763898941843726,4.814393295979552,4.842145634033093,0.0,6.884050528295484,6.605645627744232,3.8855722482068638,1.4970975385863967,2.0344964756366672,1.1063820259324704,0.0,0.8941678147863844,1.8652267599988068,5.225735920967218,0.0,0.0,0.0,5.92085429694043,2.7189176030662665,6.593449931409914,3.2185517723688606,8.86119274088636,2.382135371752055,3.6749047613682784,6.01831580375866,0.45622159177194993,3.5918948732822806,4.054487379898615,3.368629423114355,6.359007964634251,6.823342703997571,3.4544316245232762,1.430239473626123,1.1977031913123406,2.3550826619517995,1.955888768051508,2.4835891155541634,3.0691314231237588,7.710500982148743,1.3585633873815797,2.2388675680801593,0.45622159177194993,4.651786560616671,3.1951485461930815,0.0,1.9959648195220139,0.25394430046692207,4.159115868763047,5.31346210387449,6.103891039847348,2.3272679494392654,8.016746849395116,0.25394430046692207,5.277226509840545,3.338314378287405,3.31757661369208,1.825049167092697,7.918286527866205,1.825049167092697,6.2173264004891875,3.2185517723688606,5.215473656393753,0.0
TCGA-44-8119,1.4860265675188657,6.6265362758300785,3.226820184710117,2.3230051766836097,4.029587350506821,5.877424809062887,5.821340299769409,5.047712686336371,0.0,3.079898774384796,6.166350192578163,6.245647357644359,5.424725322635882,4.31281454273131,1.3518323075647887,3.87294116263193,3.00576675928188,1.2141112362988604,0.7188636590645816,6.107501615004894,4.866672540656487,1.7913760624037178,1.4860265675188657,5.740178689847492,3.8166832251857326,4.771116734482513,0.0,4.609440057100001,0.9470914810268674,4.692338217373448,4.429108197157281,4.938924446542256,5.390536410073146,0.5817127001136401,1.3592828118730407,4.265112127986995,0.5817127001136401,3.693745097648455,5.117850089514263,0.0,3.13962047381474,0.23348984336835407,2.7041024188541125,3.0688386728724817,2.373267203579576,5.265499710004358,8.11867191898248,1.9529992476274491,6.034643761201915,6.427475025655387,5.460023715992044,4.375103978285191,6.733192346074656,2.9793792893912188,6.821565382666664,7.738235367243181,4.577506037755558,3.0187014506627197,1.3592828118730407,4.716165794644259,3.277695524674811,3.5274599200594623,4.152655922275169,8.920540057633282,2.2968889004491646,4.302187656246133,5.077670695432414,5.853557882639945,5.589937922979686,1.0442616939180283,1.6995710782331521,2.6863429611823717,2.8358686391672583,5.323580548040327,7.986491337645454,3.433541944081121,6.10628765092947,5.936799786235361,5.466713242913646,4.925650952191258,2.373267203579576,5.1083546906180555,6.558036087609411,2.1240563344387873,6.952776444629658,2.611965054421945,5.300774345701211,0.8394960768950823
TCGA-44-8120,5.674816996363186,5.715348661027566,3.673943465497955,2.6903477668558704,2.6112015050551567,4.382735133629212,9.553014763978632,4.215405183683997,0.6103089022509408,1.6539522817407437,6.59622030794814,0.0,4.688150114264266,3.86150625156021,0.35100892231210556,0.44513443856637086,3.378085685431392,0.24709442546999627,0.0,6.456042546708583,4.8094896710590405,0.0,2.8644953893875806,5.32205342422462,3.924360583547639,4.263886191405006,0.0,3.742666636176893,1.4070279275067974,6.0696308801064776,6.210696457922034,5.9475831900068306,2.6112015050551567,2.895961660792501,1.6496389141782477,1.3358954035360386,0.7520762480892328,1.4874510530796285,5.192173210591006,0.7520762480892328,0.24709442546999627,0.44513443856637086,5.819640696082684,1.9296646163616078,7.507904105408328,4.128984285826278,8.93994927853909,5.540125643091402,4.039328557665944,5.139362665868793,0.44513443856637086,3.6604774075724698,6.045183023363257,0.0,6.852873448229856,7.697361978602928,3.9782619550174565,2.5025582725212345,2.4793411913151187,0.7520762480892328,2.4793411913151187,2.0805159642811013,5.598899622676692,7.894810112788055,2.8644953893875806,6.5525307113104905,1.9296646163616078,4.5588707174594685,4.096881341874071,0.0,1.594283664662423,2.5474431682548984,3.7817434626612267,4.3324673623165575,7.02095002674848,2.9264679366522093,7.463753101394733,1.0859997506172658,4.973528611471626,2.9988922754846405,4.058883173943942,1.7021082472754085,5.206103388560098,1.9695569187753879,6.5863454328578515,3.189179213131364,5.509064397525695,0.44513443856637086
TCGA-44-A479,2.1911506125477405,6.3208600166626585,3.6346845858082353,2.720531978604266,5.204248416099739,4.798415197356438,2.642857243645676,3.7478603728491295,1.3448732288191017,3.1672119355030244,6.270220651367971,8.296566470226303,2.601637280008146,4.046312610536922,4.5501182578308645,4.387700507769686,3.064852470268075,2.310612784681275,1.4827856613086519,5.806465408789939,4.798415197356438,2.792605787326848,1.8095666428779207,5.998479882001887,4.176411373860536,3.604268829374707,0.0,2.417314582430947,1.3448732288191017,5.439317672269477,4.835154287300354,5.169352673517037,3.604268829374707,2.1911506125477405,0.4494819935249387,4.2837189668878,0.0,3.3938303113165884,5.9314730061035945,0.0,8.197098114025577,0.0,4.167658528760587,3.4724166617499965,4.53805234125357,3.7999802130063975,7.940444978020514,4.874937747529569,6.087397260370864,5.806465408789939,5.027374410100532,4.821538839421101,6.435489893893917,0.4494819935249387,6.865301745893039,5.669453245332574,4.21067172379311,1.6039830617511366,0.0,1.712048650917595,2.0554561789293246,3.7742609619214473,5.746666342054873,5.938978436334583,4.8530297642527005,3.038015599808727,4.663382488736429,4.91319885540478,5.436848116534189,1.3448732288191017,2.642857243645676,4.185086748856309,5.346412050832152,5.831750503766011,8.854537904462036,4.641733525295138,5.264791606322868,7.003874222557948,5.872520525267877,4.227372286360278,2.826780935698208,3.3205005712211504,6.505770607122939,4.337060649003918,6.4490491915051615,2.859832363920546,6.521251267712112,1.9800216786840812
TCGA-44-A47A,2.9664939699472717,4.932068163889289,3.5038021036061826,3.1132663893435057,2.794417481817473,3.6335649275038966,2.660679029686192,5.899538385051408,4.441832097541806,2.471855182043269,6.218452698467189,0.0,2.992502062033706,5.101420098301694,0.0,2.160629746866664,3.3897723639926878,2.8252345390563662,0.7048286853337833,5.243502087774724,3.406877883683941,3.3723657149934527,7.66625939568671,7.32978247538928,3.066693872491335,4.4478401239440535,0.0,4.242438364716795,0.9303119732364092,5.229893975733324,5.221641484750119,6.0171737160006,1.4037904087366417,5.783674401732146,0.0,0.7048286853337833,1.8915293865726364,0.7048286853337833,5.668635319952859,0.4133009938759393,0.4133009938759393,2.217930935578094,4.150031523636354,2.5471534845170485,5.164797402429637,2.794417481817473,7.943161491746454,8.87521442869526,3.3546506990050338,2.586447379342961,4.9058968071606674,4.822995621157488,7.177087518321036,4.411239503300885,6.3008078127694676,10.856407180166276,4.133765575826728,1.1141903186314281,2.4636149143203783,0.7048286853337833,0.4133009938759393,2.855130228391285,5.943444836063303,7.0065774662803495,3.548953373268796,3.0902512313337995,2.506260361112857,6.258613500519445,5.677428232323442,0.0,1.1141903186314281,2.660679029686192,8.698742783655547,6.509394872603904,8.168812327730873,4.31341315549428,6.941499484946298,5.262244493742629,5.478490784409432,3.748407003778489,4.528364732747539,1.8915293865726364,7.099061353847556,2.035097727827784,7.240327061569976,2.729785599914472,5.7073494388022885,0.4133009938759393
TCGA-44-A47B,1.9201233666508444,8.156381129967732,2.5371432491235093,3.4626091445821237,2.6055891815436114,4.5683754876796145,1.3048131192520074,3.327540077173274,4.096231114895346,2.5949486899891956,6.137353334153647,1.026507437133154,4.60487014097909,2.6381283267971667,2.278241169604528,1.026507437133154,2.203968452869565,2.099881220917292,1.026507437133154,5.69979453337834,6.555632813911358,3.8809409235851033,4.4911287667465905,5.752344041270631,3.665237164740968,3.926101437597684,5.8877859495659,4.398972243400023,0.370045162876904,3.189945345190685,4.501117703370817,6.0544135243397434,0.6395881634653823,0.0,1.026507437133154,0.370045162876904,0.6395881634653823,1.2225688216080086,5.861361556505567,6.8320700636340606,1.026507437133154,1.5222665226431051,2.6381283267971667,3.072697944309032,2.153284300096075,3.171331284587119,8.31928113186118,3.113324179835208,5.926755344738531,5.225493953610123,1.6155193827499683,5.215180292925179,3.862288495504589,3.823908474733608,5.755181930075136,6.038517488894322,3.773765031525215,1.1752955134390675,1.9201233666508444,2.298235647856207,1.9837012693990002,4.00748044711618,6.508696108969882,7.324424057597627,5.795480076344844,2.66964195780589,2.84035250537367,4.6137899290314985,6.012550664104242,0.370045162876904,1.6155193827499683,1.026507437133154,8.28575785809602,4.806975691854734,8.340773384982707,3.8140793610980195,7.310891009529031,5.595636602009174,5.458589273380231,5.142686425007127,4.887797002136239,1.8522115271365873,7.536449268097162,2.66964195780589,7.482479218998276,2.6055891815436114,4.981810489079495,1.026507437133154
TCGA-44-A47G,2.733347508876372,5.3919989481787205,3.44982245283941,2.614340073864104,4.862197155480239,4.939246698008603,2.32297578264178,2.26494552916509,2.26494552916509,3.552022538060837,5.948491803884972,0.0,4.019270739169147,4.475989316100827,0.8960472073970961,0.7657933705447992,3.813390914180534,0.0,0.7657933705447992,5.986472105584938,3.8985607951389,3.354035890484543,2.32297578264178,6.2003732621701735,2.733347508876372,4.117642707059131,0.0,4.126966629039356,0.4545092082870869,4.807327049282817,4.5516217190304165,5.747569668624144,3.2480889362975995,3.9877684932637996,0.7657933705447992,0.0,0.0,1.002872016387274,5.826943614939534,1.002872016387274,0.0,1.002872016387274,4.501840939239345,2.377822427178326,3.1295723685250407,2.7700667948525157,8.44202558112119,4.462807915688814,5.33264149559199,4.328079822820768,1.9918527252768807,5.257620364215932,5.146831466372923,3.023478754922058,6.271353204640088,7.321525801453388,3.826011855317517,2.526328464380223,3.270196118891258,1.9100905028542678,2.203339178336073,3.4126020999255915,6.073636524737982,7.515273762573347,3.7062477482750285,7.064895770578833,1.1943769106524889,4.909982199643338,4.666199431815542,0.0,1.1943769106524889,0.4545092082870869,4.029555342995723,5.5447515725589875,7.520895584559881,4.257317638579577,6.6888738817710145,1.4933983560340915,6.042687464019096,5.683120478208105,4.1362060163170185,2.8054853941929103,6.576352570560714,3.8006086466283735,6.484062552599652,3.1295723685250407,6.7144605363972145,1.002872016387274
TCGA-44-A4SS,2.034195713922674,2.6977372044937664,3.5002279051251097,2.230842014581144,2.3950913454656364,5.03604959742472,5.300235525703941,4.905496975972951,2.734361015892007,2.7906496375574363,6.461732203995352,0.0,2.230842014581144,3.9396342814029657,3.2762688778449007,0.44070354353418334,4.1347936872351605,0.7455973055608643,0.0,6.773551660464409,0.7455973055608643,1.3268627773504642,0.44070354353418334,4.601003517468611,2.230842014581144,4.451297300905633,0.0,3.8011741228671783,0.0,5.201547622097269,6.374968600189881,5.654858301507967,1.7891895030254177,7.21125410450049,1.3268627773504642,0.0,2.5790494818403182,1.5845097721092494,5.246292225478652,0.44070354353418334,0.44070354353418334,0.7455973055608643,7.810194520365544,2.3950913454656364,1.1679517667467225,1.5845097721092494,8.265192241819205,5.983109742725229,3.4310021083543596,2.4443450380318774,5.427246937012246,5.576236940505048,4.726289871055602,0.44070354353418334,6.577558112859627,4.549653247719084,3.3566253088240283,4.797310051719385,5.878077460095632,2.288638286861421,2.4443450380318774,2.169487891809062,5.6683383545229775,8.55116940697117,5.754421721868188,4.186616798812975,0.0,5.7990411379820594,3.8376269917944597,0.0,1.3268627773504642,4.211554100126747,0.0,3.1179454814896896,6.57447175301506,3.4833639861154375,6.765180835230267,2.5790494818403182,5.578332623938786,6.87695890125987,4.731185906570952,2.1041341542702074,4.1781632089795435,2.288638286861421,5.4584018351490995,2.8997278528201895,5.536183999415128,6.530222894484409
TCGA-44-A4SU,3.197729815638437,4.089203033855695,4.049078680467369,3.8603991300889438,6.317375855785273,4.522771789189706,6.029730477678326,5.749972435829112,0.384922206876835,3.1026116351810873,6.917349110653458,5.697824762681954,3.1384593806972125,3.734089407446369,0.384922206876835,3.4506222649896783,4.374662082810828,1.3395171695609618,1.2082735428776281,5.817857904889322,3.563211350355347,2.4274452488756335,3.676356366558632,6.120394117572191,3.640046289019978,4.248812334627336,4.281790467089048,4.437673003171436,2.7444271309442585,5.049522618348299,6.724496883491818,5.4180540481503705,0.6622239479064352,3.870240132745628,0.0,2.8030451797207085,0.8790456658442425,1.2082735428776281,5.360174170093142,1.0571650987539363,0.0,2.68215786913626,5.040446491667885,2.6495096560882745,6.118328448833862,2.6495096560882745,8.772508051732549,5.450832423759326,2.960726664355176,6.024064835841489,1.960658005689869,6.127591630510512,7.167755212158354,5.42013226331779,7.001527913733274,7.985154145651049,3.563211350355347,2.468048682721216,1.81887191588459,4.980986754495102,0.384922206876835,4.454190307187183,5.130460687164605,8.077040360611958,2.68215786913626,6.4203482859043755,2.68215786913626,5.277395012591878,5.760380175770591,0.6622239479064352,1.960658005689869,3.777988629185712,5.353529721376217,6.22605038506255,8.121394215364747,3.82004367219023,7.734055655659321,1.455540533856705,5.9485674844555865,5.819251724462315,5.291675357159493,2.246194619506528,6.750109163899428,2.246194619506528,6.230682214824964,3.9180368857449226,5.850307006338259,1.7396588314826833
TCGA-49-4486,2.26640854167488,4.416338685416624,1.6719243294455408,3.473645166944167,0.9792655310355435,5.133277615388609,3.9161843350733747,4.091854798664857,0.0,0.5098251234324072,5.269367328971677,1.0969108420283522,2.8692899795016045,3.608452714376192,0.0,0.6918963986582927,2.118037059439199,1.3843925538302944,0.0,5.498736666776691,3.0261111278104655,5.292460247063639,1.464389018729256,7.162707526810999,1.8949626595320224,4.231610638890912,0.0,1.73252242594577,0.2870568770578626,3.6780434561734348,2.364827229457459,5.593428028578038,3.543318856989317,7.925515365757988,0.6918963986582927,0.0,0.5098251234324072,0.2870568770578626,5.490539748019254,0.0,0.0,3.5902738503598144,3.840552782123356,2.118037059439199,4.424338718459498,2.4825872954974235,8.758547515462883,0.5098251234324072,2.03467950370584,3.398747717015563,6.3668020078795715,3.2556628096749285,4.796030186302101,1.6719243294455408,4.575635293460707,6.714064941810973,2.7702171623132807,0.0,1.0969108420283522,0.2870568770578626,0.0,1.2974358246356397,5.6499667032512395,5.779245480717623,5.726492635682493,2.4254396909544527,4.533672036053002,4.432274069841292,3.6438533220790834,0.0,1.6074158694824618,0.0,4.297052726089644,4.660926506242945,8.69062871745536,2.3003024898364934,3.7053948215418324,0.6918963986582927,4.287961804100203,3.5239016216376067,1.9437363595144608,0.6918963986582927,7.660877458634653,3.4940530364315063,8.37094586432277,3.6947074383739076,5.306935126754877,1.5384573525169982
TCGA-49-4487,3.0938340078872346,2.549007575194524,2.6127793538576833,2.1496786387969475,5.326506298907289,5.4276863583892565,3.471065425629483,3.9092732282538143,0.0,3.4404886051500374,5.508051410952312,4.4356088699364005,5.56251840465202,4.107831536064728,0.0,2.4808986283904613,3.300135023086217,0.6111233450813547,0.0,6.391278718707297,4.308030194761747,0.6111233450813547,3.014387183651157,5.933782466766897,2.6127793538576833,3.471065425629483,0.0,2.7292766508832127,0.9876434833193966,3.9425056526381423,6.191920674097419,5.309988987408438,1.8008513459062732,2.6127793538576833,1.4747172414697873,0.0,0.0,2.8488492866178574,6.654233702454859,0.0,2.7292766508832127,1.8008513459062732,5.908933120140058,3.783405235449113,3.8023844631607093,3.2359806988509634,8.962914373942079,4.021054973050373,9.745429247877853,4.799683783547408,4.697539682582385,3.0548970067219625,7.079336025910028,2.2433232921151562,6.741499966124905,7.752708965367711,3.330728421291837,3.131311567795814,2.2433232921151562,0.6111233450813547,1.4747172414697873,2.782805106806432,5.542920994359722,7.8790151410738645,3.892232458059004,3.2359806988509634,0.0,5.5974770682852695,4.94768129471855,0.0,1.2605610556541271,3.6826903410047906,1.4747172414697873,4.7203275553755395,8.077670657415672,3.9092732282538143,4.793283272782167,4.575127386638841,4.813459964201652,6.475204647555001,4.330455670160602,2.328944608212903,7.531209342940738,2.782805106806432,5.612971159766024,2.9721616562913873,7.167292474129227,0.6111233450813547
TCGA-49-4488,2.1208353726704474,6.429077336426465,2.7042028093733164,3.3111705536757046,3.8393705888239067,3.7741622546423943,3.2840416492099687,7.102877884946487,1.16358821413046,0.0,4.313434575708001,0.0,2.9237742961964903,4.944666417154044,1.6869358464544841,1.369961706498993,0.550315531452403,0.550315531452403,0.0,5.931478315227324,3.5051879593833606,3.686173295768205,1.369961706498993,4.3287405665573555,3.035572986775195,3.0702226725732364,0.0,3.5269926777064633,2.0287138767674526,5.895784799021712,4.710178639679376,5.546606110949442,0.550315531452403,2.0287138767674526,0.9032460183533465,0.0,0.550315531452403,0.0,5.103761272085739,0.9032460183533465,0.0,0.550315531452403,5.31221040973546,2.9237742961964903,6.333455456375494,5.594120126779418,8.433765929261181,0.6237435104210662,2.2829638492468756,6.752140694836288,0.9032460183533465,1.369961706498993,3.885631801047192,1.6869358464544841,5.929527971306155,4.2992861245348974,1.369961706498993,1.369961706498993,0.9032460183533465,3.9153235526248196,1.16358821413046,2.7159191594809053,2.5448251399992436,9.022111400717762,4.863039749017383,8.779725134132638,0.0,5.712398582496233,4.258615289758647,0.0,0.550315531452403,0.0,3.6676072975883964,3.548332078366727,7.009941762725894,2.6008212743843564,6.444147154825257,0.550315531452403,3.6294080733093836,4.655872805961852,3.482894105312172,0.550315531452403,7.070978960084151,2.3551301036578125,7.286568356092875,2.2829638492468756,5.171477819213086,0.0
TCGA-49-4490,3.7196729307244953,6.486537242466813,3.028073608724654,2.881958689294124,3.6732250609850254,5.222542621484394,8.498403770652917,5.539984295895338,3.114825561565847,0.0,6.100731422996025,0.0,3.1946528020033136,3.9425056526381423,0.0,2.5778579891082423,1.889551415385929,1.0550434695213167,0.6606756404129825,6.5791109243924755,2.881958689294124,4.029413074994579,2.828088469586026,6.944308977272442,2.1387123062685514,4.197573307270721,0.0,2.9513414182191826,3.114825561565847,4.670723816727531,6.6518186131728525,5.647889142615661,1.737004048239705,6.33927229339294,1.556943897470031,0.6606756404129825,1.3371566365583423,0.0,6.412545425270029,1.889551415385929,0.0,4.139642922849387,6.551425989583705,3.8065535949526055,6.245790824104473,1.556943897470031,8.873783131742265,4.029413074994579,3.028073608724654,3.827144624710971,2.1387123062685514,3.7196729307244953,6.595873405821592,3.2322934051855445,7.641026610626237,7.027394368881462,3.2685722449303487,4.154443555724096,3.432505462085595,3.4622987525607822,0.0,5.498712114849363,5.262140815228871,8.146790161312495,2.5778579891082423,6.099493499320081,2.7107798056730763,5.222542621484394,4.653036113658713,5.510137044130803,1.737004048239705,4.412044069591458,2.6465222547443186,5.451656288417508,6.940687027217111,1.737004048239705,6.307896235274878,0.6606756404129825,5.176042382179213,4.971326043690334,4.291515048182751,1.3371566365583423,7.856942924719027,2.881958689294124,5.768942677509643,3.905511853812489,5.424059753472563,4.029413074994579
TCGA-49-4501,4.033925544267743,6.353179767485651,2.9143757865835775,3.995786781332099,4.445941133024727,4.338093033288896,2.672367754228807,2.970111855685384,2.158922553170065,0.733905173032113,5.130803630806952,0.23443951105606128,3.376546018221026,4.270279098691204,0.7211513769695427,1.217224610001684,2.0629564054199734,0.42422143659060785,2.725680536038346,5.381646974135041,4.26286577525413,3.8935433026812754,3.3674785719088414,6.13791494140191,3.736504654261924,4.9508215933944,4.973009574930183,3.4955464937281886,3.651086720911806,4.568262395964707,3.394437921229588,5.175912416280952,2.9968566412157003,2.535663133451786,1.489437420036759,0.9498028744066033,1.2925329813054163,0.3127648528192441,4.980299790300137,0.42422143659060785,0.5836670799411242,3.376546018221026,4.619033642647245,3.717430467153093,5.243729176263634,4.259138402147839,8.837332773416552,9.018049688152413,3.5270984875486406,5.520968796790533,0.0,2.3524413553454755,6.346718231535731,1.362565034420654,5.580488029043663,9.564112105675457,3.8438876233349153,3.2099601985236466,2.9143757865835775,3.5946484417988533,1.8380067203933748,2.3524413553454755,6.016759417329204,7.090251820465378,0.8419981272923,2.870429787558861,2.425138952373618,4.23647760436061,4.35180193577236,0.0,0.8419981272923,2.4708246285786886,8.195474385738368,6.494513006982035,7.928445665034545,2.576665075027541,5.908582813210582,2.188968366207078,4.097356687880059,4.889115284642963,4.445941133024727,1.2925329813054163,7.861515190970767,5.363247998300192,7.572739582543386,3.429289088828339,6.643912121491247,6.411263105425649
TCGA-49-4505,3.4529102546809463,6.415358790684514,2.9124104454367266,3.2786643325327147,6.9042581712227005,4.622597445310618,3.83268971272696,8.019523974666438,0.8768427929070438,1.4742823444076438,5.220912426903542,0.9873082191094353,3.2680316364661777,4.694425709662499,0.7446954424405219,2.6326439506523807,3.407474307149015,1.4742823444076438,0.24740680344988902,6.373149126550743,1.845710894320528,0.0,2.3816919783070136,6.254789888055024,3.958165859037292,4.376831915453023,0.0,4.130104164430065,2.2125728542830188,4.2960724259576315,5.654564218868626,5.284132231555955,1.3367364022715467,2.27217743057262,2.0815143918407664,0.44551880756533757,1.7030375391672503,0.4181838805159391,5.663370118444939,1.0867421160976223,0.0,0.6108519378331151,5.67787303870314,3.689181908370036,7.637489900984338,3.1184365135294425,8.792601245342572,3.0675132546485773,3.3401797659670747,5.608302613790192,0.44551880756533757,1.930636962622484,4.54818281634278,4.717265968725828,6.464639704238089,6.925162883637171,2.6122585720864775,1.177207795805781,2.3007033235760272,2.2125728542830188,2.865572334046118,4.372130327361416,6.074478988649333,8.366609807881474,0.0,7.1357828838656285,2.9999732678112454,4.79449218242679,4.889679731293283,0.24740680344988902,2.1159181084898533,0.7526417523455851,4.411489558532833,5.443036566609904,7.52582324665597,2.9859041352350113,6.509192296309404,0.24740680344988902,3.838748839407609,4.284536455396469,6.79922864534718,1.595196990143758,8.365500155772624,2.7822791183227347,6.204489073340953,2.799498387546639,5.518957787644128,1.2601640839756785
TCGA-49-4506,2.23616747412433,1.7536421471149268,2.23616747412433,3.1306302320019492,4.0167775375150105,6.335281176103333,5.4145836970328585,2.4967693423305124,4.851663008989781,1.3100070929477714,5.515531372805152,0.0,3.668809391060002,3.8280020617233887,0.0,2.3932755272784565,1.0952399420272512,0.7856807819628782,0.3350426438116185,4.920754349286816,0.0,0.0,0.5855062890425538,4.540387368345892,1.2201807431701444,0.9523911974988778,2.3562490750795915,2.144479937859058,0.0,3.095233657976784,5.628649361840686,5.213129779986585,1.0952399420272512,9.749864233629653,0.9523911974988778,0.0,0.0,0.0,4.894281236963564,0.0,1.3312572251899821,5.403901857121609,7.889755096615696,2.7552454432658067,2.099672998584082,1.0952399420272512,7.349275839677312,4.557229161197752,10.328631097222589,1.6053696482581463,6.842286191668801,4.080639407499201,5.531478573181745,2.1472637281824474,7.389409525447848,3.7374529281410886,3.164812381368567,1.3312572251899821,1.2201807431701444,1.3312572251899821,1.2201807431701444,3.718316889767553,3.6988075074912405,7.727107706375997,2.099672998584082,6.964145064169418,0.0,6.854532756409,3.538913755025989,0.0,1.0952399420272512,0.7856807819628782,2.851677128558745,2.896613349683836,6.924632061538575,3.1306302320019492,3.218939822820288,1.8202821361612562,4.62188963379486,7.364515348143129,8.534767848432748,2.8284254296771785,3.668809391060002,1.7536421471149268,4.671519566529625,2.1472637281824474,5.404509036701249,0.3350426438116185
TCGA-49-4507,1.3263320199472077,1.0041184422396752,2.0244704398103197,1.7041479121663927,2.8482410369966393,6.361901607212697,9.831497336353408,3.4698244084583205,0.8686119498906868,2.3871468053370832,5.363885045421064,0.8686119498906868,2.266698814429637,2.868086384468178,2.029029437877165,0.2970629342575329,2.1922902010785497,1.1234349740994554,0.8686119498906868,5.521656898656756,0.0,2.649304646066808,0.5257930508877771,4.345079933993253,1.0041184422396752,1.4949245256453396,0.0,1.6636987991605374,2.0244704398103197,4.1953249993259,6.214284045922851,4.349556385781702,0.2970629342575329,10.544319864447601,1.4949245256453396,0.2970629342575329,1.414177002106143,0.0,6.612034314380402,0.2970629342575329,0.0,0.5257930508877771,6.259514540219453,2.8482410369966393,8.195992942067134,1.6391520424174917,8.016565392626692,3.904043251711874,9.870628560654346,0.0,7.064288831796903,4.92771010272199,7.098887904054641,1.7041479121663927,8.128626497456862,5.679967809890161,3.4805321464955914,2.15290108936613,5.152788577832696,2.9066332644305417,0.0,3.5424770123452682,6.386086075535004,8.295680809022365,2.266698814429637,6.53523691686775,0.0,6.8111926151470525,3.448058702682102,0.0,3.1456382430456618,1.6391520424174917,4.006616564885071,2.4315937735575797,6.47896115316538,3.1111079694473673,4.045863100399196,0.5257930508877771,5.054045935178003,4.4594227663295865,8.98727806736137,3.4030523268537407,5.470571752329945,0.7118217208247538,5.109871091903053,2.807322219419479,4.772860222237328,0.5257930508877771
TCGA-49-4510,4.6017543586869225,5.840385810693939,2.772988642261108,2.8311052412150937,2.328184611294258,3.7496687682501992,4.351933339616498,4.559213154704907,0.27710129290759383,0.27710129290759383,6.8087677459950795,3.0035565836495293,5.500988786498226,3.8290587007099233,2.5991352276892266,2.5991352276892266,2.6898319180695722,1.174028927952864,0.0,6.654028801190133,4.678801616042232,1.9995456982212227,2.4174393996630195,7.014014390781491,2.5252725403086385,4.460933697747124,4.063060272182335,3.6385593702139207,2.2301649264639662,4.388280786630456,3.513543441493694,6.298552109183686,3.2294437867302417,4.500703714997646,1.0701099281953976,0.27710129290759383,1.809697614359068,0.11733849241723332,4.588856844049172,1.0701099281953976,0.27710129290759383,1.0701099281953976,5.856045660000246,3.503988599499302,5.356807948213825,2.358823639441235,9.679768835846021,5.148290671394316,9.601246679863216,4.30131672530412,4.49715281066898,5.111023468127524,5.615413813336426,0.6718724702810903,5.327783931526147,7.7104382466103845,3.6552089102366576,0.9541258701771764,1.2681581381001925,0.822902703552482,0.9541258701771764,2.622593977870238,5.630415766160216,7.686547904070576,5.642934911323486,1.7560113861759667,5.628120988732288,3.61305616549188,5.299486682631439,0.27710129290759383,2.667922410011431,3.928061695245624,1.5751362807370792,6.790019617203594,7.920646267244769,3.3371636219999625,6.657455050512405,2.7322744113263924,5.5990032714850075,3.8220961097139576,2.772988642261108,1.4333687685058194,8.395820721441314,2.7528387185589547,7.4008221453261775,4.177094371617846,5.123213698012555,2.1590379959509787
TCGA-49-4512,3.0797654701636814,6.285517532129885,3.4332417654241514,3.5278740844886585,4.974911393295432,4.937024634159747,3.6548908296820155,6.568065270882647,1.7248715236864232,1.1957087509074735,5.7761961551652465,1.5775756592853172,5.210403764493931,3.457754133058069,0.0,1.5775756592853172,3.3823441035913637,0.9311005235276348,0.0,5.844561291143935,2.6438245199140074,2.246543702110421,5.275386451257315,7.305913758574529,3.0797654701636814,4.345042318918683,0.0,1.9669864746572294,0.0,5.690893095695956,4.51851692668485,4.159326734931758,0.5701882731594976,2.587628687722783,1.1957087509074735,0.0,1.5775756592853172,0.9311005235276348,5.4711818458193955,0.0,0.0,2.587628687722783,4.535141421005833,1.853246464191894,6.425596473998183,2.246543702110421,8.718334866858994,8.525962627267482,4.990718260255897,3.6348112606209657,0.0,4.501610270498594,5.595658885966211,1.7248715236864232,7.234797477945628,8.308226176469642,4.272697141925443,3.819493156918171,1.1957087509074735,4.673501505364359,0.0,1.9669864746572294,5.158733408332758,6.6328538516948505,1.4047725823656638,1.853246464191894,2.4647889728688996,5.4711818458193955,5.369157863456773,0.5701882731594976,2.1617585841690494,3.0797654701636814,9.245997049184217,5.933922824520503,7.0059975197279165,2.7475401087886224,7.2462183896406716,0.5701882731594976,5.3869004244665515,3.9004422060833464,3.2720411658825035,1.4047725823656638,7.266436209583606,2.795621421350354,6.628799025598648,3.4081167210578447,5.489123659283274,2.3971950276839773
TCGA-49-4514,2.523854889926445,2.4605712650508273,1.1924972108509115,1.721086615933009,2.837158492889081,5.1043259814120745,3.2963404428919056,3.0753702839640202,5.027105577912488,1.1924972108509115,4.737863727713557,0.0,4.697247874188999,3.4532931872847414,0.5682073460040963,0.9282983509984322,2.791293933870112,0.5682073460040963,1.5739143563650537,5.9554461012195485,3.81498773851631,2.743224276109864,0.0,7.648448993581177,0.5682073460040963,3.0394046020101775,1.721086615933009,2.4605712650508273,2.157686480488728,0.9282983509984322,4.724782658315381,5.162950003847138,1.8493520480639996,3.708326626086494,0.0,0.0,0.0,0.0,6.939602722421257,0.0,0.0,1.1924972108509115,6.251859566191613,1.5739143563650537,1.401281490928139,0.0,7.451526197355722,9.01921981729083,9.745066099258219,0.9282983509984322,6.397059646766879,3.4783929631927695,7.995414467525319,1.1924972108509115,5.986678110374021,8.377197521728979,2.9230271630833595,1.5739143563650537,1.1924972108509115,2.9633433703519874,0.0,2.743224276109864,5.596761321643848,7.349680884093075,4.784077587848925,4.602152637765431,1.5739143563650537,6.777432447700679,3.6098362467734835,0.5682073460040963,1.721086615933009,5.046980080863045,2.2424316101742017,5.2825283738336415,7.277282280284672,2.4605712650508273,4.835885002798619,3.7630797434348686,4.488493662920794,5.596761321643848,5.430384562759976,2.157686480488728,6.381641721337556,1.8493520480639996,6.8480912581408155,3.0753702839640202,5.470369708317336,3.324269539974919
TCGA-49-6742,3.8551182064840446,4.529612240053356,2.5596584622511087,2.977710858956172,0.9128448014698552,5.475969706160386,4.232072553462361,2.977710858956172,2.437115985951652,0.5571556213485969,4.974966664816796,0.9128448014698552,4.001704647418099,3.2429243276253397,0.0,4.153239060787087,3.4284395868058883,1.1746778672689115,0.0,6.855198028243461,0.5571556213485969,0.9128448014698552,4.944837313505824,8.34640961538318,2.615722901417614,3.806595820881332,0.0,3.567124164492641,1.3819850895317922,6.118962462358707,6.157593203694647,5.601926920549191,2.5002631331086906,3.886204559324991,1.1746778672689115,0.0,0.5571556213485969,0.7750957632071127,5.972533989448517,0.0,1.5536291756055218,5.747649428578627,7.723673036709505,3.085568407159424,6.472017028552295,1.5536291756055218,8.688308862811525,5.19279572679931,9.52104048497317,3.1829211324580466,4.764999000368615,3.1515130526186987,5.509732406983639,3.52079506614328,7.560320019659657,8.915457771163245,3.4284395868058883,2.6688102877646065,3.52079506614328,2.719220909104382,0.0,1.5536291756055218,5.209234755123444,8.136986389522168,3.3788529266572644,3.0149710164070203,1.3819850895317922,5.905756865392795,4.3825952229969,5.377641354465934,3.768766765098648,7.167269331605997,7.060527866819534,5.6607114251289365,8.381352849504436,1.9409981046942926,1.827769906751088,1.827769906751088,3.5639622809068916,6.463913621314323,7.060527866819534,0.5571556213485969,6.317738529288371,2.135006325254239,6.157593203694647,2.8987476927223357,4.54049085493727,4.820628279686312
TCGA-49-6743,2.270216847961316,3.6204346466981447,2.5600991526732244,2.086131613163379,3.545032178115778,4.546757927589956,3.852708150492466,4.5293501336765765,1.3118401751949431,2.4465122618006885,5.209737487374469,0.0,3.590952353156397,5.068243606716569,1.2343662096457295,0.4334693045177617,3.213827101485589,0.0,0.0,6.578409190943174,1.5682408475837621,3.8411261797129717,2.6786076587688874,5.2630683557327655,3.852708150492466,4.517574274555122,0.0,3.428896851237549,0.7348647739118138,5.676171440948019,3.7432989817380924,4.808445667864831,1.941399993577427,6.262641786059198,1.448235762660074,4.3362509847871955,0.7348647739118138,3.185058407584157,6.29118943785112,0.4334693045177617,0.0,0.0,7.430292058676139,3.1917718071761416,5.638276374453835,4.558197020077071,7.617543230690207,4.776961493808865,3.805552985609259,2.9103377705370423,6.524167115873089,2.376458037530941,6.304172713124538,3.0481349523470396,6.539184140796859,7.965545573129992,3.6630897399276328,5.15955517425618,3.0481349523470396,3.6348561207694603,2.0163819264216643,1.675356730523388,5.914869638936999,9.246768728589734,5.668707821372711,2.849422440455876,0.0,6.087912715521217,3.7303692256215006,0.0,6.269198551204036,4.909436476915929,5.8529493272512365,4.239408366882443,7.072396454921013,3.256529926911476,4.820853982388447,1.1538577628940883,4.191338172746321,4.963962885897825,6.780539898294763,2.376458037530941,5.978690809189631,1.7721178289727662,6.045130898567006,2.9952721677215344,5.453978333888168,0.7348647739118138
TCGA-49-6744,5.24649761781824,7.195929730195598,3.52917127663149,3.4019437697119472,4.078296477800493,5.171352935581762,2.850319143253218,3.52917127663149,0.9272306719124894,1.3377866570548471,4.933840639117183,0.41157970910801833,3.899357130821258,4.686141692963215,1.265763804482143,1.3999506875673762,2.789624043682515,0.9272306719124894,2.789624043682515,5.9423714620626535,3.130879235443415,4.112209038005668,2.7578430370314395,6.481165099534002,3.4352992466071277,4.657563375269422,2.5424520257854724,3.755404282486508,0.0,4.3083774034363005,4.374641934773121,5.733486897362532,4.478100159419946,7.268076566921023,1.3999506875673762,1.1107713994919195,0.9272306719124894,1.7720498376076435,5.127024766601816,0.0,0.41157970910801833,3.0129973703155657,5.0253399816308715,3.195467986601733,4.927000029800999,2.789624043682515,8.848484889332223,3.801944711869806,3.514127177899681,4.5823241923469675,3.1528770380615008,2.6195176677406415,5.205450698934711,2.095351799603808,6.129590369159241,7.5980885040804464,3.778946366530329,2.725012196313435,2.655935516834757,4.006814869111693,2.0306582524867713,5.3435249303856445,5.3840545988266015,7.541905886734365,4.7758998152460475,4.374641934773121,3.2161039868721826,4.613101648614367,5.208239474421367,0.7022555729239363,3.1917060466349088,3.061828955128842,6.207418313752809,6.595304991082161,8.363258488264337,3.8464129770983932,5.6715898068340005,3.236318807646586,4.328722108588786,4.94165670822155,1.9615022438151495,1.265763804482143,7.390267844245544,2.987654737924573,6.692071335481771,3.601181477832586,6.425805376314439,1.1107713994919195
TCGA-49-6745,3.202225982318931,5.448675148136593,2.8458508010122676,2.586635579211777,1.7773224214302854,4.454490309282471,2.7246188465417505,4.118098523034582,4.32017117756537,1.8432444119165634,4.043396822158865,0.9059171114465941,2.2357826778478302,4.520800045134064,1.9522045831894335,1.8571413846086942,3.11890520205029,0.6845099871642818,1.0870793728543855,5.956505539971575,1.0870793728543855,2.6229569832684843,3.8224789694180563,5.588517515981232,2.6229569832684843,3.9532743477654346,0.0,2.806555271803054,0.0,6.4608648694006705,5.344026599041636,5.925495670165771,3.0969431915277688,5.039008928284095,0.6845099871642818,0.3997152761275574,0.9059171114465941,0.8528822386811042,5.66458762783505,1.0870793728543855,0.0,1.9310575359135782,4.949107347738364,2.90136664751827,3.003928591778477,3.864574940240835,7.451462334278139,3.2220148928350385,3.003928591778477,5.130247766423546,2.586635579211777,1.6905754052270394,5.2350154138777745,2.953961912809948,6.8354404673854,8.987444290038901,2.9792573034601117,3.11890520205029,2.509778108173127,3.400950684568263,0.6845099871642818,2.0642771411600633,4.607795736212575,8.059636575696251,4.2455781342818195,8.689723638014076,0.3997152761275574,5.703022185709792,4.149588459358771,0.0,2.1818176082967025,0.0,4.567797444283284,5.547237820446481,7.425155244327257,2.8739939259542746,5.507378220531613,1.0870793728543855,3.5241168329508876,7.475140804181921,4.30037315123066,1.6905754052270394,5.586679207904575,2.586635579211777,6.521539704065333,2.3356909948910407,5.395893159729225,0.3997152761275574
TCGA-49-6761,2.8409480597531247,5.192501191537698,2.544149925828639,3.5889790051254704,3.4821842588519556,4.552389470148042,3.64797672716824,5.664497492771062,5.066725730443799,2.4737698653770837,4.624050819751379,0.0,2.7514544587094956,5.098560697680723,1.4396218351604295,0.0,2.88286028394563,1.3694279190099896,3.3626055373960453,6.944193277820921,6.02546009436594,4.076324844597476,5.3470265750596955,4.748326361431266,3.412166994850742,4.038280255510953,0.0,0.5500271059651276,2.7035199550156785,6.203530972974369,6.320924756829818,5.507954110236264,1.8136677212769348,5.704365637916782,0.9028001416916559,0.0,0.9028001416916559,1.3694279190099896,5.501992634666848,5.443490727706486,0.0,0.0,3.3626055373960453,2.7972020633955728,7.538058501820579,3.412166994850742,8.67186602061407,2.88286028394563,2.2823109545539557,3.64797672716824,6.1264957519516585,3.0708861271544152,4.938702390662056,3.3626055373960453,6.951944398369617,6.397067978982307,2.2045311525186575,3.7391732491684033,1.5403878964572908,2.120187533311945,1.3694279190099896,4.148329148499252,3.5685124579050815,8.226437065566792,3.0695216235244844,7.994841395811624,0.5500271059651276,5.950038203338836,6.816945059153724,0.0,2.0280824556543786,0.5500271059651276,5.75902794888218,5.4145347327389475,7.457182193329621,3.255450733272646,7.309185591572626,1.1630883078524745,4.512972656856546,6.3235593596300985,3.103011447409436,2.4217715877852086,7.5562397656358895,1.3694279190099896,5.830429809769566,2.120187533311945,5.361723997339353,1.1630883078524745
TCGA-49-AAQV,2.7575575683374867,6.216436426012221,3.776058941972142,3.9226127357822747,7.022458019842284,4.153452740701674,3.5679257722671283,6.911856856003212,0.9708167952287203,1.480490284006847,6.22382945076379,4.638072905663799,2.550148048848999,4.949242043627153,0.8035250880295547,2.736521033077904,2.9804968009112134,1.5278590254410724,0.9708167952287203,6.002589929891401,3.5771375092681885,2.1061564981974104,2.575432676487371,5.609233671597694,3.595313003130465,4.656936868309891,0.0,4.943483583774247,2.442077433812579,5.3151400680763325,6.365236009149604,5.014501145388104,1.4540231005952178,3.363232413064879,1.2876335742959204,3.630699342047474,0.2836740510542421,0.8381562024699203,5.804086226407174,0.8381562024699203,1.0879557084795808,1.1927702898179424,5.9415623899034,2.550148048848999,6.1466033100488735,3.7983569832294513,8.470007239809483,3.639353018963535,3.7377529481446725,5.220485546393881,6.345287177064023,5.283452428774038,5.719504893787957,2.6001011528977003,6.329621078793293,7.635559892134458,4.095095946528863,1.3742976879357065,5.417747933168531,4.70852970097875,1.1927702898179424,4.944744748273971,6.943691758786443,7.591513521078714,3.1626863532168237,3.6648761663845826,0.9708167952287203,6.057039249973798,5.2518963936273,0.9708167952287203,1.4540231005952178,2.2192795681170505,5.660767104222495,5.548538975697351,7.115403393722101,3.630699342047474,8.601609704657049,0.2836740510542421,5.389706231673963,4.923332965693459,2.92924518853163,1.8835026889266964,6.733906526392683,3.1201554369082594,7.7750742301955835,4.084109024034521,6.404965613572908,2.413133130165577
TCGA-49-AAR0,4.7665234363458495,4.859137758234491,3.230547445728602,3.1054293726269444,4.203789226379724,4.926071827618347,3.4575367564774915,4.196354972538269,3.971376231127659,2.3902021198740817,6.9865664594064265,7.822560908637696,6.543341899003441,4.831843500352546,0.40266118077543017,4.783257792249985,2.2949661423608094,2.007569529442041,3.764492364708087,6.452236633985201,3.852444960758742,4.315781324466843,2.5948516406619326,7.365540820456624,2.132603089794068,4.211168619687331,0.0,2.795413738298377,3.249959677221676,4.2401519620550925,4.440151664523347,5.936979321819531,3.6161044393315245,4.118807880233796,1.697833331195892,0.6889383357858906,0.6889383357858906,0.597736995755287,6.1869778752758755,0.6889383357858906,0.9112379882375036,6.727326330075464,4.918848898465547,4.118807880233796,6.834228214991668,3.503335711650964,8.451525499672089,5.069884853300216,3.9332833932044347,5.611966848447383,4.086021689673287,6.765769966751027,7.23577042645251,1.092963028269411,5.472211848411892,8.403260483724438,3.9332833932044347,3.8203615608858255,3.1054293726269444,1.8646381146406275,0.6889383357858906,2.7001524289750694,6.265371552469136,6.967890369232839,3.680628004344735,2.072039211913074,4.134804891349312,6.551163188753798,5.369167179518129,0.6889383357858906,2.764657351913501,1.6026750960547114,5.478440675631617,5.58999021524866,8.800877784583585,3.230547445728602,4.771701056875722,3.012373044702116,5.94609838933252,4.3419231319765474,2.2949661423608094,2.189707505926931,7.46716533146976,2.132603089794068,6.185957563580905,3.913677635772038,5.965762049755609,1.2467161518647685
TCGA-49-AAR2,2.3302488969765194,4.5608065104465725,3.5736649918467203,1.5501548902702613,4.037469049538316,4.437036700799906,4.836099350606543,3.6407862969786553,0.0,2.3886893920461776,7.24651774816037,2.268179966269868,8.20690007174623,3.1735353038321765,1.5501548902702613,0.4816233579577778,3.2240305165879697,2.973532675818078,2.3302488969765194,5.5423805681147496,2.593305046409276,0.4816233579577778,2.202002035974321,8.702995350546747,1.409400349834366,4.160555122223275,0.0,2.6817952019546913,0.8053144774306931,3.818727195418021,2.545939031596284,6.545057951124758,1.5501548902702613,2.638528618443565,1.0494570578699642,0.0,0.0,2.822205925270654,6.731872150951597,0.0,6.866912450911531,1.2455369234036284,3.76285920376179,1.5501548902702613,6.8967539860617535,0.0,8.753391951428181,9.80986345050346,10.881900137757166,4.98206433710822,1.6735200794579712,6.867395677541722,5.793900410181123,1.409400349834366,5.497774598788678,6.460678802380044,4.261450953209575,1.6735200794579712,3.4636994556480736,1.409400349834366,0.8053144774306931,5.693284227057398,6.8539388040501485,6.0617785455223165,3.4241812180525306,2.3886893920461776,1.5501548902702613,6.635131262795779,5.443088481175845,1.6735200794579712,0.8053144774306931,2.131132257085191,3.361811854927862,5.694930074190155,7.882413027375029,4.080203378667069,5.436377862283438,1.2455369234036284,5.87182197107758,2.593305046409276,1.7833239904069533,3.2240305165879697,5.163951339999217,2.0548542360444926,5.814417057936718,3.4636994556480736,5.274101515288918,4.392124231910546
TCGA-49-AAR3,2.3591449944278384,7.1639002436357115,3.9587863550912763,2.760541444329105,3.9752757002452603,8.118365010103702,8.485357779664737,5.773177931761353,3.0867560069317634,4.280193224792212,6.065906213579561,0.0,2.273238668198815,4.023170742767576,2.06230809893899,1.0087605179404175,3.8719986094082897,1.5005824075214134,0.6265264932180495,6.357467846334959,1.9597566987338562,3.362962315932154,2.273238668198815,4.488401510694241,2.579845548554838,3.1257512548777258,0.0,1.0087605179404175,0.6265264932180495,5.265324023016111,5.3432333691688685,5.5629175909314545,0.0,7.823749967039645,2.3591449944278384,0.0,0.6265264932180495,0.0,6.776856988129064,0.0,0.0,1.0087605179404175,5.615020475311957,1.2845938062935514,6.941286762190929,1.0087605179404175,7.8927620440270525,1.0087605179404175,2.814174425060599,2.179252939422107,5.595800006163716,4.835662667643339,5.419379464642591,1.9597566987338562,7.790079629493005,2.273238668198815,4.220583596785343,1.6781053976553488,2.5115485807344213,3.1257512548777258,1.5005824075214134,4.730647985314941,3.7362591001607113,7.483733610234643,2.814174425060599,7.219627398735117,0.6265264932180495,6.9156936862836575,3.2680963725998153,0.0,1.6781053976553488,1.5005824075214134,2.075508818652123,3.5545506007449577,7.414295734515218,3.693832169147894,6.381772023206557,1.6781053976553488,5.411628194552742,5.47199332428932,6.242351661881252,3.7362591001607113,4.866918876413368,2.179252939422107,5.770462451240455,3.2680963725998153,5.839871011665051,0.6265264932180495
TCGA-49-AAR4,2.347348111467561,6.102057350443464,4.129714923557433,2.347348111467561,4.088294631575518,4.395383286136991,3.592065644424576,4.925962997505672,4.305955197722586,4.77919071774266,7.316960052483588,1.061809982144005,3.482036695038024,4.119518359837395,0.8158071932958327,3.3135203286139183,1.2590574026294883,1.565088871859909,1.9885864233357495,6.04395025528755,4.395383286136991,2.8191681111120483,2.9914983230219296,5.318247436703422,2.513599381305662,3.9156225193978864,2.8191681111120483,4.0339839680473,1.061809982144005,5.726199328940201,6.515679630642964,5.37822314176983,0.48888671624723673,2.285154051264366,0.8158071932958327,0.8158071932958327,0.0,2.247230932861968,5.754564304934948,2.8191681111120483,0.48888671624723673,0.48888671624723673,5.694886354594184,2.5633943028367416,5.389797493783368,2.9914983230219296,8.252300132240897,2.0349670515780063,3.5200731533982754,5.3811270119471235,3.988306038991299,6.108878625819233,5.897642759098843,3.2422094656941067,6.956716857030799,2.926087403848102,4.505718843393185,1.7990825896078364,2.959327591660191,3.052892076281864,0.8158071932958327,4.25733746271121,5.456563932484046,8.375244760416043,4.28011018141861,5.914807559742821,3.6592188966955095,6.136728715739516,4.598756663248919,5.4699318061983035,1.565088871859909,1.4237346440937357,1.6889143059358787,4.379706445114584,8.218196684811954,3.988306038991299,7.566719833886052,0.48888671624723673,6.187232790620693,3.8640568017100496,4.3394061488372415,2.1478242270410925,4.778341674966312,2.740962597057969,5.9532043724898225,2.8917042031299434,6.350904913738154,0.8158071932958327
TCGA-49-AAR9,3.175813823404599,0.3776827270957127,2.8096135165116514,1.9410411719438094,0.6512308374586538,5.7316602531181715,4.778652794114842,4.066730101855544,1.8728938884599202,0.0,5.976982689378295,0.3776827270957127,3.1367325792754315,2.121398891440343,0.0,0.0,3.9589008661197678,0.3776827270957127,0.0,7.89979520689356,0.3776827270957127,1.0422888202818212,0.6512308374586538,3.9848365687675527,3.6053945789735495,3.3828093533488777,0.0,3.2673192622681864,0.0,5.3678480933648745,7.2759338023042845,6.191093791357123,0.0,6.915147886201635,0.6512308374586538,3.1947962243475314,0.3776827270957127,1.5414588126212394,5.335213264025705,0.0,0.0,0.3776827270957127,8.121299134322944,4.097697268947875,7.015622649851144,5.02077042635444,8.030874797204586,1.5414588126212394,1.8728938884599202,0.3776827270957127,1.1922847645307448,4.593301025357994,4.3341996939557585,2.364376093150253,6.824622552112852,1.6351641370049808,4.735285751311444,0.0,1.4380562956784801,4.090043659920395,0.3776827270957127,0.6512308374586538,5.734628473993962,10.354324289863118,0.6512308374586538,6.050040012012211,0.3776827270957127,6.697708094654673,2.064822705293239,0.0,1.0422888202818212,7.4699733922156835,0.0,0.8657550451662609,5.560042965573704,1.5414588126212394,5.540208086396954,3.8380254887124594,5.230386431007463,8.570730166867886,8.788671184026365,1.1922847645307448,4.164054065755845,2.4471442061759894,5.849411231541224,2.3202776525249638,2.5113619355990284,2.3202776525249638
TCGA-49-AARE,1.5349944994109956,1.7141041871624503,2.9066988536127227,2.516017644813053,3.6460658944102873,4.7311506419096645,6.096572030755909,1.7141041871624503,2.356931222734159,1.8124114089589156,6.35486209363254,1.4317934011911089,3.5330177279481005,3.310528414747319,1.8026994092663893,0.0,3.7259295439372235,1.186562114066142,0.0,6.243053659881871,1.4317934011911089,2.6847815741628556,2.356931222734159,4.651843826185763,2.439630304918365,3.8782035193505084,3.128863586157174,3.506061774271292,0.6472602977874691,6.408991616394023,6.702988093238195,4.800893207326307,0.8609894160890657,5.9747074275416425,1.8659388674023065,1.186562114066142,0.3751433482217754,0.3270710406801524,6.1987307172577735,1.186562114066142,0.0,2.057643174218424,6.927224517377079,2.829134448424975,5.918786321609996,4.556183702549292,7.967886580831965,3.241771702345105,2.399139952408677,4.9787179794161975,6.204264790363595,6.969546279138344,7.3039845342702385,2.1676584417344524,6.842006425688015,5.5728230098831855,3.5848458355164863,2.399139952408677,1.3166762942390207,3.5592689362326504,1.4317934011911089,1.7928921608239887,3.950832095414696,8.096713932934772,3.2238156040446078,1.186562114066142,0.8609894160890657,6.477075434500699,5.105096628885081,1.4317934011911089,1.186562114066142,4.98806925208432,2.2184423248816176,3.464212868571686,6.580740380425986,3.10873947862033,5.9514365081549085,3.0672386502052413,5.907713304645485,4.797144999810184,4.119640244961629,2.7153700124644224,6.85792091983083,1.9340110634696301,5.5623917064642106,3.5848458355164863,5.383140935363067,0.8609894160890657
TCGA-49-AARN,2.3703839185584807,5.858658605565894,3.5433362071561683,2.8574984130667898,4.522275415045929,4.38333203227157,3.327396541825654,5.476714566449835,3.4764068897594775,1.9351958121381094,6.628189513354828,6.019682645181966,2.8574984130667898,4.165622820222731,0.0,2.3703839185584807,2.6164172519902107,0.5574992639636625,0.5574992639636625,6.008739472652164,4.622479511510654,2.9784182471203793,3.453062179377231,7.001236514559879,3.6060656187435716,4.165622820222731,0.0,3.0516068080178576,0.0,4.177138865397547,5.77885284070318,5.234136114915448,1.700667048824716,3.946352932004863,1.3825624060302124,4.177138865397547,1.1752028908298222,0.0,5.566235410958677,1.8283967199089712,0.0,2.1356682716371136,5.295849323433657,3.0156819488616113,2.22018126673923,1.1752028908298222,8.60382766405301,7.5927896394315315,2.813706672960679,3.152227346001222,1.1752028908298222,4.506751078472307,5.674346798167703,2.669503394156456,6.500056177367651,8.495213395808179,4.11818803390655,3.0516068080178576,2.8574984130667898,2.043347934031597,0.5574992639636625,1.700667048824716,6.034088117814864,7.645182468233628,3.83993391703338,6.7859581978136845,1.5542000061794847,5.684545287468628,4.607703973236278,0.0,2.3703839185584807,1.1752028908298222,7.767344433826986,7.5837206947833,7.998211060266632,3.086281136256605,7.644062518657876,1.8283967199089712,5.856523590085598,5.99209934558079,7.791072304461086,1.1752028908298222,6.665151091885983,3.0156819488616113,6.334499132909235,3.0156819488616113,5.773694035130279,4.345354870189038
TCGA-49-AARO,4.1919022145669045,6.270097676084902,3.827982483801628,3.876932471330853,4.267419332284339,5.9999806816763215,9.508346467825612,6.831240258364068,1.3565307879142032,1.2777621542964293,6.592104366295722,0.4552072000029785,3.5557936764740212,3.156357661432848,0.0,2.65747945263302,3.840447516138673,2.205137630828081,0.7669086641219989,7.385131662557286,3.802580837817406,1.1957692469752477,2.2667506399848296,6.108233735661701,3.314934815153057,4.623933057238976,0.0,3.6500034815307956,0.0,5.780311323645325,6.134347700389162,5.555711608581798,0.7669086641219989,2.874665728074547,1.8227412068367834,0.7669086641219989,1.0041550783152229,1.1957692469752477,6.15704042437612,2.1394777551238953,0.0,1.3565307879142032,6.912494033329311,3.272132191168632,6.546610359571953,1.9935976647149287,8.443544498393091,2.781647566728127,5.075948515076398,4.0814281702888735,2.379647980795478,5.981898942238281,5.481729994573907,4.071647249363271,7.207074377827948,6.939660839993121,4.471413625157968,2.9066879223811006,1.7249606176895649,4.877461932609031,1.0041550783152229,4.83103802306373,5.464788973911926,8.90254674451497,3.3559803263295036,7.922674315952737,1.8227412068367834,5.61833714350369,4.715771942315887,1.0041550783152229,2.205137630828081,1.4949693777455466,4.877461932609031,4.736207220285847,7.361604119471173,3.6795308921615386,6.7764864676461585,0.4552072000029785,5.915012676322627,4.961641109115994,5.991369542595196,3.180608896717359,7.444833273892193,3.3356663681669447,6.17279394520857,3.395407318216514,6.028247194438846,0.0
TCGA-49-AARQ,1.3373666874964671,1.8897932094994205,4.419111655397227,1.9712715275189676,3.2899939031692162,4.527997522461525,3.2472339065332263,6.207595568004354,2.783064904907656,1.625055323329177,7.483171297540237,0.44583900224643763,1.1777930865425508,2.3014644653253424,3.326369663373828,2.408061601924392,3.3703910348937764,0.9878296926564707,0.7531127617273793,4.778938602070655,2.5922352275405247,4.130933610452717,5.843022541747705,6.527349545467231,0.9878296926564707,4.5340479060622485,2.504382426288657,2.408061601924392,0.0,3.426712420195222,7.298803629921982,5.635553596965939,0.9878296926564707,1.4749460587144532,0.0,3.9643383773164915,0.44583900224643763,0.44583900224643763,6.801008246999087,0.7531127617273793,0.0,0.44583900224643763,4.750196508038198,3.563024238399481,0.0,4.1922045188838455,7.572055353984362,6.43440204607248,2.1821334999033817,4.439208867674596,3.2472339065332263,5.895394078357248,7.623891182311919,5.17843525437119,6.040495158558126,9.539111603256657,4.289227175371369,0.9878296926564707,1.8010825406889064,1.7037293917210192,0.44583900224643763,5.754497768700399,5.009808285552275,7.7732915186571905,3.4625715264376344,1.1777930865425508,1.5958662324040056,6.110220442715957,7.316129484892428,0.0,1.9712715275189676,1.8897932094994205,2.2435779124140134,5.773886728329116,6.904255160708481,1.9712715275189676,6.606779907513771,3.898220183250685,6.384474072171012,3.4625715264376344,3.2251481128782182,2.408061601924392,5.498225043713023,2.2435779124140134,6.183546647769797,4.175077800655154,4.345481937793064,0.7531127617273793
TCGA-49-AARR,5.089107538468371,5.107804351177788,3.657386207039877,3.670465961523219,4.503105344735586,5.2566669039428495,2.6930922195358145,3.951760892516238,0.0,2.4241033661791644,7.214680999000622,1.1122192920743266,3.696120673090552,4.664523411687605,1.1122192920743266,4.678848065665302,3.8911118839792724,1.7214085331315323,0.4123083065901588,7.215879480087862,3.769359758335828,2.0972569015498372,4.163145859804388,7.1827091909820755,3.4208562077697664,5.917427726269099,0.0,3.3154216046407514,0.0,4.139040642770953,5.783889795626869,6.435393671890436,4.438927862666607,5.110884770617525,1.7214085331315323,3.063895467620465,1.963357062659034,1.470750392660207,4.186683666081471,4.036349916484758,1.7214085331315323,1.7214085331315323,3.8265457238394727,3.3154216046407514,2.4163958049646705,1.2673137336365992,8.282369188452636,5.170608987226303,3.6170907135392456,5.024143644121048,2.0972569015498372,5.694701365920008,6.4864442853405535,3.990242513621581,5.575149541157563,10.609348568682815,4.486007073463561,1.7214085331315323,3.6833768424770517,0.4123083065901588,1.8087312962014428,6.317494957111769,6.01424069029712,7.351703648905995,5.027492411162679,3.5009522147991476,4.06302759865365,4.491739415470571,5.513307771105859,0.4123083065901588,3.0397730821295803,0.0,3.063895467620465,6.025402098135679,8.279265897109278,3.696120673090552,5.341362488089174,3.3337854027628993,5.883904391793443,5.7648713024378635,3.4373975118033386,0.9285354582905921,7.75815404088659,4.261367748972034,6.499576492176289,3.6032888854797336,6.3302216713841375,0.7033450055363913
TCGA-4B-A93V,1.357534739448466,7.044050349129381,2.8813590428993927,3.0313455261001883,4.031166892483868,4.852108385868019,2.8813590428993927,4.536584017500548,0.0,1.0730893314370238,5.7662093929288405,0.8933495845725876,6.993244664997552,5.0337591972302915,2.301284247260998,1.357534739448466,2.9838064426849633,2.6033265196594595,1.5787312516549383,5.406216158056367,5.631484146160523,2.5670625078012326,2.316576751620782,7.118842443262935,2.0458071956808483,3.812452362727054,1.225391771699236,3.347188121675055,1.8392948782674472,4.064761259680426,5.224363997827203,6.836740364543547,0.0,0.0,1.0730893314370238,0.39278505495078986,0.0,0.5762762288285299,6.236305008862014,0.39278505495078986,0.0,0.39278505495078986,5.876426802190242,3.201684904095519,1.0730893314370238,4.064761259680426,8.652536691182418,4.048105142137229,9.592134179111003,5.410529357154965,6.710273382780017,5.455534767746079,7.040264899775568,2.7969886090633165,5.237228887166314,1.673332476275671,3.7118950515440243,0.8933495845725876,0.0,0.8933495845725876,2.7969886090633165,8.417293294958071,3.5868550341621335,7.954593455934183,4.48910143011412,2.6721328259154102,3.801766077440224,6.505437213735841,3.9325018746094673,0.39278505495078986,0.8933495845725876,0.39278505495078986,1.0730893314370238,2.767205508710892,9.289946061094096,3.4127009610455707,5.829633616179024,6.490945057764114,5.629759114307415,2.7365080739186944,1.225391771699236,2.216885582404009,8.363258488264337,1.673332476275671,7.135074101706823,3.1411564162441277,4.472759308209408,3.0078584533518313
TCGA-50-5044,3.9740696744794892,4.928376243258827,3.2804787914786693,3.2804787914786693,2.506260361112857,7.756066911043431,3.2804787914786693,5.182193578578548,3.6335649275038966,0.0,4.922131895504852,0.0,3.6602484713147834,3.6335649275038966,1.3144223488820956,0.0,0.0,1.1141903186314281,0.0,6.263499209877227,0.0,1.4037904087366417,4.150031523636354,5.9995616766954365,1.9658808294566696,3.4236989778419478,0.0,1.1141903186314281,0.0,4.340450449573395,4.379682639662759,5.331423268445032,1.8111862088938662,9.367352667757869,1.4037904087366417,1.1141903186314281,0.7048286853337833,0.7048286853337833,5.71016539375042,0.0,0.0,4.257041475879755,4.36677593163326,3.0178508444323167,4.890627285021286,1.6281026376632557,7.891513986947676,2.9664939699472717,4.133765575826728,1.1141903186314281,1.6281026376632557,3.711572507942863,5.766196866427461,4.327022516319231,7.160527533007418,8.362763806087543,3.5190781903163812,2.4190695080297773,1.9658808294566696,4.011826710572077,0.7048286853337833,3.806935785754903,4.21257490522904,9.612319410799515,2.660679029686192,6.817829477361647,0.7048286853337833,6.564265879561349,3.5190781903163812,0.0,5.477509030333064,0.7048286853337833,3.5190781903163812,4.4297078508543875,7.730772156333613,2.217930935578094,5.361273386190368,2.660679029686192,4.500343972010142,5.7820975369633905,6.863790852189384,2.4190695080297773,6.7766802954843195,4.2856244838861945,5.006714283638725,2.586447379342961,4.494301193155802,0.0
TCGA-50-5045,4.548447441936159,6.208127142322502,3.304198109477463,3.36449190265374,4.306508052693148,5.238535514501374,5.199617949763216,6.622531515744028,1.8716790924039286,2.6234649695492647,5.883698362369485,1.654430398352929,4.579305561860434,4.775731191134086,0.8193392057977046,2.8620580135815574,2.1030604072784698,0.8193392057977046,1.376521764471063,6.387697166652541,1.8716790924039286,2.705339864790154,5.144431651614481,6.19527236211545,2.247093524489354,4.076733731184651,2.8124942969756686,3.3358549819452064,0.3527673191077153,4.634204578906439,4.63008716365064,5.1807661790128,2.484764973085664,5.8309377496439305,1.5700939916910757,0.8193392057977046,1.1362612544528667,0.5564679816446918,5.663741425119017,0.9902844117824814,0.6130211360806604,1.5700939916910757,6.271634725800908,4.098032752479113,1.2635898598944049,3.189063830576254,8.452754931918967,5.407534934208096,3.768180348250295,4.998616692511671,5.999641028392117,3.1173435277776864,5.828451377846795,3.3933264872815863,6.785694983879675,7.569613010595075,3.654497614704771,3.189063830576254,2.616694857281105,4.083883367566905,2.247093524489354,5.481192936515016,4.488484672833489,7.665275341962318,2.786762793795663,6.364662973308859,2.2013493919131695,5.548772536883658,4.090982249311298,0.0,2.6766558486018863,2.1030604072784698,6.151186819603593,5.104162066392538,8.090742416496525,3.946644697740304,5.6429951312679965,1.1362612544528667,4.841308932797112,5.0514252881045,3.654497614704771,2.837586122451244,6.562833848238023,2.8620580135815574,6.247367598204798,2.484764973085664,6.626019492279324,2.411645754660647
TCGA-50-5049,3.7834802914853025,5.5254529391317835,3.4735180432417816,2.810907586541918,5.512024534915224,5.236133404592454,2.498209440670648,4.096871367159971,2.741414052687549,3.2273676669008666,5.174566559111862,0.7495747718585887,6.168693994423858,4.391965826851154,1.262288881148772,0.9836128751383112,3.540440348813256,0.4434029474485566,0.4434029474485566,6.619174135820716,1.3324187881505727,3.5241256762607027,2.040752687064724,6.715648805653312,3.324521499864238,4.335128928675343,4.19404207329506,2.498209440670648,0.0,4.678281232805414,2.7767674790611983,5.31325031303439,2.1107585061857863,2.5430812138390726,0.0,0.9836128751383112,0.7495747718585887,0.7495747718585887,6.92369752340289,0.4434029474485566,0.0,2.4019416207341657,4.941292361345009,3.676414589468857,6.555369694004677,4.781674857460481,8.149099009737233,4.3424135445508245,2.8439205229646083,4.385035852433094,0.9836128751383112,1.5916404734035197,5.868389722099378,1.3324187881505727,6.610949040975302,6.40026575092217,3.5564959738144584,3.7834802914853025,3.86859344750081,2.6667350294345398,3.100335502542636,3.100335502542636,6.880484796538606,6.965118116370613,2.1107585061857863,2.2375664566195974,2.4019416207341657,5.26827044519574,4.15978892296307,2.1107585061857863,2.1107585061857863,2.9068518783101145,2.2375664566195974,4.879615031657852,8.2740101847643,3.676414589468857,5.027171153403016,1.5904997114138495,4.42591552146856,4.976547518185366,2.35009825166273,1.4697619663611536,5.863645380042668,3.240778206919908,5.97172856759079,2.7767674790611983,6.921569422815508,2.627187157044771
TCGA-50-5051,3.308211831145606,4.105015755303861,2.8028693512803087,2.2534473684324974,3.6624097008440883,4.796302811060596,2.704222886267823,5.064125506823853,0.0,0.935779584458002,5.9744557135331915,4.190651215079172,2.4042116460823237,3.7751167816045332,0.5735750454191003,1.731230676153233,2.8926524883852966,1.8597607381285135,1.583709763861369,6.085455675528224,6.868490404853774,0.935779584458002,4.332515960999805,7.229106626135391,2.0758475911696195,3.682099018828958,0.0,3.2794665637576745,2.650992958614856,5.904293157316987,5.591863461960386,6.051390101104025,1.2011087067112858,2.594769514643244,0.935779584458002,0.935779584458002,0.5735750454191003,0.5735750454191003,5.882937913473025,0.5735750454191003,0.0,1.8597607381285135,3.4155768333568566,3.0871257019832017,1.731230676153233,2.168585019127055,9.280500561881807,6.710881145228167,9.889180695789683,4.743757525744134,5.097821655775172,5.446000030931913,8.53717619460057,2.8028693512803087,6.14863922147998,8.13423587188331,3.7571920942960237,1.583709763861369,2.33166805388571,4.142618720267396,0.935779584458002,3.051138597825496,4.882089547695498,7.196574204970981,3.389799336709786,2.535195690081168,3.0871257019832017,6.155235941943492,5.843309606856913,0.5735750454191003,1.4105966536428554,4.3625800189980435,4.583171990194394,4.7637880160828106,8.37693982831369,2.9750294411947893,5.746669535458578,6.8884307573752155,5.815991485742861,4.352658326787136,2.4042116460823237,1.9736225876218492,9.35840686634103,2.0758475911696195,6.599244452946626,2.93468631298685,5.548998260855335,2.8028693512803087
TCGA-50-5055,4.247593406946871,4.07989905987388,3.0802618233567363,3.222325866624049,5.786133285839076,5.731102526811135,6.246009861561723,4.595186514579133,3.508316350334845,3.192416853183713,5.570894684399044,0.0,4.147765258750815,4.470251545866269,0.0,2.0339864350185315,2.394872527084019,1.2503887236339033,0.604643781968542,6.31594733958261,1.4637876679848876,0.0,2.230616369476954,6.885247877078824,3.0802618233567363,3.912089003250242,0.0,3.0257569866596863,2.59961087669896,4.691100145122823,4.0368531517684625,5.287478841367042,3.0802618233567363,4.6362714872864395,1.2503887236339033,0.604643781968542,2.0339864350185315,0.0,5.467553683793335,2.137132452606931,0.0,3.117715365501366,5.2958392986724965,5.103645862122087,4.5523367588362875,1.639540256250544,8.488069174641792,6.359992466169326,2.230616369476954,5.56439396254728,1.2503887236339033,2.8217121641993335,6.169075024171818,3.0008690576591435,6.451875437806799,5.717540727680472,3.603166324944889,2.59961087669896,2.230616369476954,3.3170219794917335,0.9787395711466436,2.230616369476954,5.013976373137177,7.163071688642341,3.689791538038904,6.258806785493862,3.041355523578408,5.320509294054534,4.10760130206374,0.0,1.639540256250544,2.8202294164979214,0.9787395711466436,5.368099926149237,8.31097558469162,4.391162277323073,5.367792121910301,1.4637876679848876,4.359812978181312,5.379653084077767,6.4117739317517035,3.0008690576591435,6.43735797225559,3.750167385303825,6.471339605579383,3.0008690576591435,7.927050152444083,2.230616369476954
TCGA-50-5066,2.8650824395345316,3.796701936642682,3.6719240197145226,3.1994564841083513,5.615020475311957,5.602247963831904,2.438251704415579,6.197295089452846,2.273238668198815,3.149932952131291,5.640551542695608,0.0,4.880238032566918,4.860192177200078,1.9003447796414958,1.0087605179404175,2.273238668198815,0.0,2.179252939422107,5.514988013746163,1.5005824075214134,3.2680963725998153,1.9597566987338562,4.944303165405907,3.0461782090343643,3.924970819534358,0.0,2.760541444329105,1.0087605179404175,4.873600629316315,2.9135238891612727,5.0992076743083725,1.8288143771790661,2.579845548554838,1.8288143771790661,0.6265264932180495,0.6265264932180495,1.9597566987338562,5.65544270904211,0.6265264932180495,0.0,0.6265264932180495,6.072876317187756,4.154463958394334,7.629305254058269,4.944303165405907,7.820258848601714,5.125433137756658,3.2680963725998153,5.135733729074393,5.566254535037614,1.9634272533672168,7.181941693328583,1.2845938062935514,6.235551251542046,6.017151786843958,3.579153869835283,5.175912416280952,2.8650824395345316,0.6265264932180495,3.2680963725998153,3.503453082366503,5.083135784466956,8.250236196489567,2.814174425060599,7.13932721149226,0.0,5.511475226383899,3.332329502363355,0.0,1.5005824075214134,4.154463958394334,4.417411876802996,3.9752757002452603,7.728376166380383,3.1994564841083513,4.84440753459906,1.6781053976553488,4.4278672149994165,4.007460449861258,6.837531292841576,4.007460449861258,4.811785902016681,5.367913389435939,5.942250668184131,2.9135238891612727,5.726968261497743,2.273238668198815
TCGA-50-5068,4.479807623151262,4.264315158957024,3.7181590911789164,3.9238408982320703,5.37353615009371,4.377854192129405,3.181672275870657,7.8337309599641864,2.0593153620462434,2.8102276561935384,5.613066060667654,0.0,3.5851315264258306,4.673099825777825,0.0,4.239973319107124,1.4862075670894859,0.6179386029621904,1.8132763126903046,4.311288938293489,4.065432267616117,3.2165571387920977,0.0,6.2894223925004145,2.162828650603762,4.968409536984385,0.0,2.494526893164991,0.0,4.623982126637837,5.2558377489294115,4.841790516189425,2.0593153620462434,0.9970224329064764,0.0,5.137590947190672,0.0,1.2712201532744252,5.606018954538748,0.0,0.0,1.6630545058711141,4.377854192129405,3.4036144581777603,5.446176869786889,3.4036144581777603,8.30261039207612,5.181789168253832,2.342363343002458,5.964103627751329,2.5627238058346387,2.847603426045227,4.508470941880492,3.9570824094344808,5.324779144948586,8.052789851236792,3.797931148980116,1.6630545058711141,1.2712201532744252,0.9970224329064764,0.9970224329064764,3.2165571387920977,5.92375567237285,7.45089900142355,4.0204252902121045,1.8132763126903046,2.4213365484694385,4.848516284619808,4.3885304390125475,0.0,1.8132763126903046,0.6179386029621904,3.4036144581777603,4.980231067917917,7.748567869680335,3.069066374918369,5.315828153897949,1.4862075670894859,5.106999463712667,4.264315158957024,5.825277132232582,2.342363343002458,6.693739938494799,2.847603426045227,7.307470555109695,3.9238408982320703,6.255826814238146,1.9438365721084045
TCGA-50-5072,3.506535897077978,4.511620755155106,2.5295055029897524,2.787631263772549,2.3260965204549677,5.818107687074609,4.769488994730976,3.122761321682532,5.196710906707888,1.003385438725089,5.028534149584013,3.6240635611790313,3.783191408584365,3.824364873883325,1.2023414744305867,4.096382484247666,3.1428971810217967,0.3797369595354331,0.6543023967363781,6.949002782960401,3.122761321682532,2.2799304024292395,3.181991899298869,6.769350315494531,3.081230840156137,3.3246690468951217,2.492006386903223,1.878349924309153,0.6543023967363781,6.192221375224246,6.816382039249134,5.498879874339931,2.492006386903223,6.060790029940313,1.046476534247581,1.4429818307496876,0.3797369595354331,0.9948800762343858,6.127469440605428,0.3797369595354331,2.4530375141136056,4.141447589690744,8.613399333362947,3.999662018746215,7.153880712128252,3.1428971810217967,7.624223400113054,4.212315728328989,10.674558273843767,4.278492228440641,6.6066907259170105,2.7587813375085677,7.4619219617595505,4.170399328617776,8.052576625851978,8.810322401241235,3.533873408565702,3.706790587781037,1.3274462853106852,2.869499892501947,0.8694925823255157,2.3260965204549677,5.0687029241035155,8.977984517399431,4.184567581917255,5.446508897292166,1.1967971205768404,7.103897554793403,3.5735247177509075,5.0570098446061555,5.516653380149552,7.6756712847129105,4.541597598186672,3.991163152069833,7.533351405279802,2.180666015697689,3.0379005614145362,2.2315293810282095,4.141447589690744,7.25674174215511,6.788266539439629,1.5465407102619877,6.387777905412235,2.9205775999532304,6.340041793009098,2.6984576728967062,4.767603611830533,1.046476534247581
TCGA-50-5930,2.904970235256074,2.4531063372382023,3.570360522752716,3.267018160194215,4.954234240445486,5.2993568261226995,3.6766423856681767,1.842484268719666,0.8450524842730983,2.3317943195780324,5.156794123993961,0.0,1.842484268719666,4.2301959698626765,0.0,1.2963970055154292,4.128591387617284,1.2963970055154292,0.0,6.51173641430038,2.4531063372382023,3.4514214379516677,1.842484268719666,5.400228439713835,2.6588949703040647,3.9147772091246806,0.0,2.693626680436486,0.0,4.149754040157454,4.514232930995956,4.611191024309829,1.842484268719666,7.915026832499388,0.0,0.0,0.0,1.2963970055154292,5.480843069169481,0.8450524842730983,0.0,0.8450524842730983,7.349115062286125,3.772708063133564,6.126541619553741,3.160267419121428,8.809816535651914,3.1022880745735653,9.79154430706399,1.2963970055154292,4.484711824837706,2.033436869423207,6.625398999285704,4.390529135748942,6.374464185700445,6.414402773927244,3.215064571259205,1.6062729090909438,3.5322636550420397,2.6588949703040647,2.1936961374850985,4.834987418669283,4.944823073258613,10.55630480499128,2.904970235256074,3.160267419121428,0.0,5.363580625000065,2.561288819706806,0.8450524842730983,2.8294769606967587,6.383477918255471,3.160267419121428,3.9147772091246806,7.423968364280494,2.975157047880532,2.4531063372382023,2.033436869423207,5.237797426752248,6.891380948355584,8.623632125371964,1.2963970055154292,6.246657001670761,1.842484268719666,6.403468232055729,2.7478220444066475,6.046371678712695,2.3317943195780324
TCGA-50-5931,2.286293096217068,1.8001409132559703,3.4025431423865102,2.0724672779424993,3.8109178672394894,5.0396049260473115,6.418974864084712,2.70061596888307,6.2941657654055865,1.259965539025868,6.405869574785617,0.0,3.054095516850906,4.67339876547831,0.0,4.958738308752053,2.927282111916262,1.259965539025868,1.0626050733621075,6.365055357616456,1.6899482030813702,3.218471743238214,5.449715690688481,6.7228427685648295,4.307199365426482,4.001161451933932,0.0,5.047507096872106,3.3596042565637925,3.463680667249283,7.2315112917637565,6.423082989051478,1.5660919019304194,7.768647459314579,2.1489442831609873,4.151039905898646,5.300789308779815,0.32121355566057325,6.510386308525372,0.0,0.0,5.717126380747781,6.232854613642965,4.980663940100271,6.148835749765733,3.423340405347787,8.352679332192244,1.8001409132559703,3.054095516850906,3.1666262839489496,1.8001409132559703,5.419419332900154,8.529564352071235,1.5660919019304194,6.834141031080382,2.7421424012699793,3.977792019199044,4.11045902404068,1.259965539025868,3.3813041502615477,0.0,2.286293096217068,5.410989586428754,9.328665482905436,3.3596042565637925,2.219974925547909,1.259965539025868,6.715218524260828,4.918022805581817,0.0,7.99153138711525,7.442381410213954,0.0,3.3813041502615477,8.0847750929877,2.8572802228959655,7.134588016871465,5.129478508305443,5.497397707156946,5.118203371296083,3.2677612225980113,5.804556488375868,4.478713139635339,6.174133960059634,8.462515228125461,4.492939457705614,3.8499603501370236,2.612001748841829
TCGA-50-5932,3.9772319267972565,7.46378177596985,3.0421434196264445,3.5810909933814425,2.91541119380521,3.6263442583128302,5.7702503833280305,3.700921654886724,0.0,0.0,5.118101591039569,0.0,4.1287025097333565,3.2395408253117846,0.7346729273884436,0.8095514884300478,2.869324022441102,0.6050260971647659,0.34755346948917126,5.694882991469168,2.569033314437435,1.8567978654072772,1.7177361088792689,7.370671350725978,4.193488293659546,4.283419651380125,0.0,3.7697472059602934,1.5561637099746055,6.344166860589174,4.015431216579123,6.479849757677464,2.84546155692517,2.5032294244723063,0.6050260971647659,0.6050260971647659,0.34755346948917126,1.3633839095367846,5.136739170891982,0.9792655310355435,0.34755346948917126,0.8095514884300478,3.1721824608760163,3.8876729341637954,1.3633839095367846,2.357016458482083,9.04043066845723,4.03767014888207,2.231368321903057,4.007907565698969,1.4644121403838426,3.3904161390307213,3.861788098119762,0.0,5.223265102537216,6.160297625346372,3.4966075564668135,0.34755346948917126,1.1243125235179232,2.869324022441102,1.1243125235179232,1.8567978654072772,4.789863926927102,7.258672680034846,1.1243125235179232,2.5032294244723063,5.421728976463236,5.275631988114654,2.660266530248404,0.0,0.8095514884300478,1.9196835032946329,0.9792655310355435,5.236612161111357,7.323256522842982,1.7896739627370335,6.79658011318655,0.6050260971647659,4.3919831536267155,4.853451129012554,3.3620060014119937,0.34755346948917126,5.928207870722941,1.4644121403838426,7.738967310497977,2.660266530248404,4.276573059130563,1.6402192680235357
TCGA-50-5933,2.503548472892655,3.2776389504692394,3.58928285070796,2.7270289596999913,2.621518708949431,6.129520687603921,7.3170530331104775,4.485994681296537,4.55806390329415,0.4123083065901588,5.184532577241416,0.0,0.9285354582905921,4.330846491779196,0.4123083065901588,2.2694935579938464,2.2694935579938464,0.0,0.0,6.2478010657779555,0.9285354582905921,1.5199070004438109,1.1122192920743266,5.352914447417919,3.560693747814166,3.58928285070796,0.0,3.087435957764204,0.0,5.155998909071165,5.906366792519968,5.280311224605293,1.889022286848265,6.890869513505352,0.4123083065901588,0.0,0.0,0.9929554328095668,5.308480546034456,1.1122192920743266,0.0,1.6257245619967815,5.076435518950836,3.708694336236986,6.112712683473803,1.2673137336365992,8.107030064881181,1.7214085331315323,5.814792998912446,2.881370254541562,6.510250900019279,2.0972446221945034,4.765075703497714,4.089000307096325,6.946379660518905,1.963357062659034,3.258208070263069,2.5837182681529884,1.1122192920743266,6.426339579061937,2.369776342534369,2.416386880656193,2.9636996639726787,9.319625177526163,2.759858029760963,8.698946253314253,0.0,5.409299550973916,3.9807483744728427,0.0,2.7270289596999913,0.9285354582905921,0.9285354582905921,5.19352335706195,6.527564565415913,2.369776342534369,5.923169646268551,0.0,4.579232698862849,6.393602459567739,4.594820815529209,0.9285354582905921,6.1093164692805235,1.2673137336365992,5.196356620673569,2.1580100863858025,4.171592599208017,0.0
TCGA-50-5935,4.054577566550358,7.081910246443031,2.935233581308095,3.949917839992755,3.38941827962586,4.4355626622541875,3.2514940200607865,6.78303523784402,3.790790527279735,0.8212325203231636,5.218397151371988,0.0,4.739019028220155,3.635610525234596,0.6736075186853282,0.4926209191111443,2.4700383287550434,1.4310765038917836,2.079816471384909,5.967742900477559,4.576074996261655,3.886662119592942,3.92509321686388,6.453760422793327,3.6186822863246384,4.2631051387174255,0.0,3.776313241875573,2.079816471384909,6.052091521862825,5.760191163077826,5.803371366490777,2.2274627603968296,0.0,0.8212325203231636,4.09779526834833,0.4926209191111443,0.9717254387622557,5.487486260066102,0.4926209191111443,1.2659893980762418,3.226538392270212,5.441668512193883,4.054577566550358,4.365260617207764,3.3455260967916907,8.996666838163348,5.349267101925949,2.750004354488684,3.226538392270212,3.3455260967916907,3.149062616997347,5.34015005014997,4.627176266250706,6.0475872859327735,6.142273936751439,3.776313241875573,0.8212325203231636,2.750004354488684,1.6968075585710074,0.4926209191111443,2.9684895371601168,5.985511864998557,7.647566555705968,2.4700383287550434,2.4700383287550434,1.6968075585710074,4.953690974983454,5.17091572001333,0.8212325203231636,3.5479435729421898,0.4926209191111443,6.083065583810786,7.927198089711735,8.127407516025992,3.226538392270212,6.659633605573596,6.67740079124529,5.072188112455947,5.791781141892161,3.0006800132779246,1.068118716331768,8.701960089258549,2.6197871319818185,6.901253186117006,3.322832155118984,5.862846777128949,2.6197871319818185
TCGA-50-5936,3.926075800743719,3.523258659980801,2.9960222315121188,3.544596180909648,3.3074652893558287,5.909956182550611,4.035224225068611,3.835608374982503,4.794823135657846,0.7506610867605521,4.919455240234407,0.0,2.8799229139170848,3.544596180909648,0.0,0.5486992761940722,1.923956638839441,0.5486992761940722,0.0,6.116962192933194,1.160960913732645,1.5379419107290304,2.4189359925217526,7.329349609020173,3.456373461605564,3.523258659980801,2.4189359925217526,2.838019423391377,1.811071780260428,6.427604339484065,6.362912579626455,5.329859637307916,2.481977363615423,6.074147612122026,0.5486992761940722,0.0,0.0,1.160960913732645,5.388322590834463,2.70061596888307,0.0,6.43349460135028,4.725988610187996,4.190540713074508,3.7871103644292385,2.117447575100607,8.092098681007577,5.3782508374862275,10.198307837222456,4.00903355696256,2.9960222315121188,3.132437374633781,4.5946470110911,5.371479534427016,7.399703846978438,9.389757715622748,3.456373461605564,2.481977363615423,1.5379419107290304,2.2795109200234442,3.4791671730978364,4.358618540486393,4.022214632452006,9.150885440804844,2.3516514095061,2.4189359925217526,0.0,5.504855813038071,3.4791671730978364,1.5379419107290304,1.6838029943894073,6.77202260817873,1.6838029943894073,5.3680766109628895,7.005435375586613,2.838019423391377,4.136428160585451,0.0,3.995676417425399,6.866999948906425,7.641852445871036,1.811071780260428,5.562614377441888,2.3516514095061,6.620431808891509,2.5412791066965537,5.380104705313484,0.5486992761940722
TCGA-50-5939,3.437236757673219,4.342979106523212,2.8960666224401637,3.036835828432408,4.53641050159663,6.311781994972495,9.78207104882232,1.1158954047906693,1.630161683974076,1.1158954047906693,5.641928347307514,0.0,2.6389216061195273,4.020498863364039,0.8621301729147194,0.0,3.7056996973441856,1.4862754334832047,0.0,6.33630878339268,2.1430264833049466,1.755925016218839,3.0034573581048236,6.234369548400009,4.249855744717182,4.168561099910943,2.686635875718136,3.0691360692622367,0.0,4.444363906714372,6.6604304530719975,5.732855722141908,2.8960666224401637,9.25010901191324,0.0,0.0,0.8621301729147194,1.4862754334832047,4.997779680326129,0.0,0.0,0.8621301729147194,6.540506052429959,2.588816113178512,4.297500349103308,1.4862754334832047,8.074290978579178,5.728416548947874,8.204368338397018,2.4214075882250916,5.011541549988971,2.480379752164273,6.49089802610649,0.0,7.5464145942579615,8.277401831129138,3.93065043264322,2.059379130642782,4.1895123076407055,2.2918678681528406,2.6389216061195273,3.889527876600774,6.2167777430401685,9.676078667605964,4.848594681559232,3.7056996973441856,0.0,5.479617568603436,2.9331598184413794,0.0,2.536067018674681,0.8621301729147194,2.81747843237584,4.613934665482536,7.9224967086130995,2.480379752164273,5.9281945543812595,1.630161683974076,4.06843512626904,7.270278090762471,7.686088838902805,1.4862754334832047,5.216792728023859,1.3181225810165567,5.958008585797339,2.220213843035634,5.719163576694504,1.4862754334832047
TCGA-50-5941,3.825850549173365,6.801368681526831,3.3294543032492534,3.0980090393389057,4.05022372973635,4.789414892343895,3.6253670729812493,4.4271469780425825,2.002870924318426,1.8129010689814304,4.80601904739593,0.0,6.600706884039391,4.563011882337704,2.233588650072145,1.8129010689814304,3.2331336966149005,0.4953058121079539,0.4953058121079539,5.889586848285254,1.270911567576326,1.5781948926941687,2.5288039108251836,7.326195840612692,3.8534145996813733,3.9688399165182235,0.0,0.4953058121079539,1.7024181072029745,4.7118338521763095,5.380017162031338,5.608720597355592,3.2331336966149005,6.880832080483707,2.085833569075485,0.0,1.8129010689814304,1.6570082853415171,5.65014608648994,0.0,0.4953058121079539,1.5781948926941687,6.618841781971595,3.154269034733688,5.652397948036942,2.907321736377917,8.491421947311993,8.090457459031391,2.756433933483082,4.778694829819976,2.4209368557833786,1.813944876363282,5.244188476709627,1.0726446969705279,6.136728715739516,7.498941713667615,3.0383989655731094,1.0726446969705279,5.65014608648994,0.8250960716892282,2.5288039108251836,5.575267052420774,6.078229227003719,7.7546573467680675,3.6081410878594022,6.954438463122507,1.270911567576326,5.979470404092901,4.8514285204083,0.0,2.36230577696998,0.4953058121079539,6.880832080483707,6.248093163379319,7.462433181316503,3.9927749999598148,6.761201171992734,1.8129010689814304,4.29641291686709,4.576295289829459,3.707298772137686,2.16243757629466,6.329034395418747,2.6714899457904075,6.413416333308153,2.4209368557833786,6.398669806940186,1.7024181072029745
TCGA-50-5942,5.942142991775271,4.781406599126098,3.393467583600214,3.765713172330031,3.570174743845969,4.211954249521193,2.16006485000296,2.0834833625061675,0.0,1.7187406473245506,5.120457840073971,0.4942693214502735,4.957853172657284,4.058693204666583,0.0,2.2976027014697453,2.904789542545438,1.0708641794653844,0.4942693214502735,5.221009665332246,0.8235612192818783,2.2976027014697453,6.280742220910605,7.1098794630722715,4.416812045630843,5.2278949022514904,2.904789542545438,4.058693204666583,0.0,4.8636886031175,4.328089057777189,6.441781917286493,4.84374604433192,1.0708641794653844,2.000547132792154,1.0708641794653844,2.793830264781093,1.9909927684947226,4.606100752876388,0.4942693214502735,0.0,0.4942693214502735,4.091283214408307,3.178686963210362,2.000547132792154,3.066092875937128,8.318024922301731,9.163733971657859,3.7948845120097796,5.374389123499281,0.4942693214502735,2.8322010671709243,6.770492361441669,2.793830264781093,4.512427507330032,10.759722500774728,3.349567188425297,0.4942693214502735,0.4942693214502735,0.4942693214502735,0.4942693214502735,1.2689737185433478,5.294239061556166,6.449899959303208,2.668997473838509,4.5332519684170105,1.9101053094432003,4.637540566018542,5.335116881734912,0.4942693214502735,1.5760672542922636,0.4942693214502735,6.430512711733185,8.020125820674519,8.45025820103873,2.6236680918295754,2.1278506808875233,0.4942693214502735,4.599693214725849,5.21755189774559,8.108773723481637,0.4942693214502735,7.267120600607087,5.096109378946486,7.182397703551114,2.9391989584167795,5.697730867227766,2.0834833625061675
TCGA-50-5944,6.38341203581506,6.3730552494699095,3.41024961958159,3.430192918503408,1.5388222964377556,4.954946388235667,3.882968995757391,3.6742859855609273,1.5388222964377556,1.5388222964377556,4.746192203699979,0.0,3.2102023185275734,4.712974712616528,0.0,2.2552733354427947,2.042297670396705,0.7973720516174779,1.7713526594503923,4.992905716546846,1.0401000176004414,2.787859035275625,2.4307496096693177,7.315258309115867,4.486592709847416,4.915496432949385,0.0,2.532672479982663,0.0,5.727316692989705,4.202656218976183,6.330524504119464,5.106242399510778,0.4761099476774964,2.483013191660357,0.0,2.118445885273066,2.0150363449874993,5.75859257781612,0.0,0.4761099476774964,1.2352970375679622,3.0789192635560054,2.532672479982663,3.4877480970079455,3.5062178395068773,8.861768225812064,7.701240885592091,3.610406971325126,5.958512544467889,2.4307496096693177,2.6251612244231475,7.645082011153831,1.0401000176004414,5.75859257781612,8.12297361463083,3.967215488091126,1.0401000176004414,2.042297670396705,0.7973720516174779,0.4761099476774964,1.8700467909589478,5.240863026573327,6.287239409419709,4.685209816733817,2.118445885273066,2.749601529593774,4.941970940070105,5.211369623897336,0.4761099476774964,2.4307496096693177,0.0,6.950076948427606,7.107179743675754,7.519008873382581,2.709815309048877,2.189192405638955,3.021166074810801,4.37789937926062,3.93197464122985,3.5768690994271197,0.4761099476774964,6.2502686355089105,3.347909116186284,6.907078049714155,3.3898971067109933,4.659033175878243,1.9598834941214915
TCGA-50-5946,0.8270659981257324,1.1791164283270694,3.0570060963585606,2.479559043461405,0.6754413534410131,4.46452440314099,3.726355858383095,2.3031949070196713,0.27884312378457654,1.0749682927537119,6.190438349114987,0.49670641520510717,4.852420812645534,3.922638461571093,0.0,0.8270659981257324,2.7798994337472185,1.8158502747526148,1.8158502747526148,5.678163766705202,2.5061461527804196,3.0868062204533624,0.0,5.009327772996313,4.286715454869057,5.399645764132459,0.0,5.535336209237752,2.270526669300157,4.3509473896447926,5.655918381550563,3.793741595603985,0.0,4.0021378948704065,0.27884312378457654,1.0749682927537119,0.27884312378457654,2.729557257386641,6.629191508174884,0.0,0.49670641520510717,0.49670641520510717,5.088490996631892,2.1279816745940585,6.66836165756121,1.359642330122464,9.01534686407832,2.8567000648584338,2.2367443910536124,5.383531295762517,3.3328578681189827,4.048094668831068,7.2509832158145615,4.1745057244180845,5.821396607160361,1.1791164283270694,3.856871752363215,1.9616850681706755,0.9586603282406644,3.694883891346542,1.5125084222541263,0.9586603282406644,5.2271918654794725,8.71193397602226,2.8567000648584338,6.217569708522345,0.0,7.138811442846701,5.04594452119849,0.27884312378457654,1.0749682927537119,7.428267832577658,2.165561896827378,4.862421401068759,6.5394371006086764,2.0059160921345622,7.225328622673365,4.37956736314308,5.682555433363913,1.7053115698187475,5.898419549839471,2.5061461527804196,6.818704369012917,1.5809972848022502,6.334845009750375,2.9618600317935972,4.3406927904309045,0.49670641520510717
TCGA-50-6590,1.449480405573055,3.099898576423494,3.2787848966220934,2.6026896854443837,4.5654798425757805,5.668455770001235,8.614561252330006,3.5466157599658246,4.82326099366565,2.352412813953319,5.118676214258186,1.154961115621756,2.3262137251237545,3.6785007815355484,0.43405256496007694,1.6766852613825896,2.6026896854443837,0.7357276280950636,1.3130244991921156,5.9266939990542475,0.7357276280950636,3.3383960174600547,0.7357276280950636,4.419625841588508,4.682732897935882,3.6785007815355484,0.0,3.4984813698003028,0.0,4.853388715805899,6.125824970991107,5.444299056563099,1.5695113502279778,10.285431528269612,1.449480405573055,0.0,0.0,0.36102546667599045,5.9208784428137,0.0,0.43405256496007694,0.43405256496007694,6.834389646610663,3.921111578936477,7.365053535730318,2.680130721104076,7.59840935433637,1.5695113502279778,5.870033929605992,0.0,3.258096538021482,2.68273239311792,6.554830437468419,1.449480405573055,6.99355675767325,5.182760600912524,4.279380487338501,2.213994287545519,2.213994287545519,3.1933364538791023,1.9428053341018345,1.154961115621756,5.891285031306071,8.846563123418932,3.9318256327243257,6.502431660863792,0.0,6.409388388550762,4.3863647115971025,0.43405256496007694,5.489003839673619,6.938177785793385,0.0,3.099898576423494,7.706986213599954,3.8770712473062616,5.129028513922779,1.3130244991921156,4.53679819314467,5.977563371937494,7.826834120463927,4.06156651710753,3.2990539079934518,1.8617207605340158,5.5211128572961945,2.642159655279925,5.8202935906545035,0.0
TCGA-50-6591,2.356874394865757,5.0286847515008715,4.564161715748987,3.654143071305075,1.5226156084781288,4.86317882462838,0.7860453629266759,2.2367871124036136,2.1708577863131158,0.0,6.161392958471943,0.0,1.0267940008776375,4.756112868547228,0.0,2.9082007613174734,2.02433836732875,1.383013986569748,1.9421459304082167,5.941041926205822,0.7860453629266759,1.2206824178888833,2.840772933515848,4.519617744234706,5.213826446899137,4.3264002819228855,0.0,4.76490524410925,2.356874394865757,2.805279749860106,5.550133890979794,7.009165000520575,0.7860453629266759,0.0,1.5226156084781288,3.3491704849208532,0.0,1.1682005384377874,6.532887268851351,0.0,2.2367871124036136,6.879691139175969,2.9082007613174734,6.460827346065843,5.11840690073672,4.452331312033818,7.583023580654791,4.714150143556226,2.97136273376998,6.427591408853664,1.2206824178888833,4.269554782180778,7.055571653676355,2.5136641602071963,5.480426400760667,9.032716165338098,3.7569118645057635,5.447525853835976,0.46837730750115153,1.8525879918239403,0.7860453629266759,1.6451138888865704,2.6905309648832723,8.89673175929168,1.2206824178888833,3.66948764242147,1.383013986569748,6.396206060151037,4.4240954515879505,0.0,5.156984190431393,8.529740148116671,0.46837730750115153,4.745783939382256,6.019551392766369,2.606002709831885,2.560894995787338,4.4453464447346995,5.4371789036800315,2.7302616894674294,5.04421190409522,4.9764992321665735,6.080118532610608,2.606002709831885,5.485390118517476,1.9421459304082167,3.943818140164539,0.0
TCGA-50-6592,3.1093823357853263,2.6878883092782577,3.0900874520351365,1.664191214086871,4.144416444322598,5.504916815801515,2.8238342029842776,3.966611564462481,4.295327027260885,2.2097348849765277,5.67634275889742,0.0,2.9206800095431698,3.719542015920753,0.9755402910781155,0.3563448894767504,3.864251921819684,0.6185852592330404,0.0,6.296374243201386,0.0,2.113649713009573,5.116141799097119,4.357552060811339,2.5640258542405996,3.770141418192202,0.0,4.155417710886309,0.0,5.400779185039649,6.509472317402184,6.082524799660608,1.2722574250625263,3.8369373247038987,1.2722574250625263,3.5253894650551056,1.664191214086871,0.9576245953671323,5.873530875106514,0.3563448894767504,0.0,0.3563448894767504,8.170075290253408,3.990643779556252,6.455097929345874,2.2120803485682057,7.562940953254963,3.473654468044022,3.361392231091926,1.5796588859449763,5.960007419185849,3.2360907933357344,7.126352511432278,3.789685865563203,6.565874643301769,6.0446853576421535,3.3158174004951455,1.144445705011282,2.4958218615285057,1.144445705011282,3.537917019759734,2.8489361492273226,3.9419875505876174,8.841459813084722,5.499677369837497,3.9826976619215664,0.0,5.821627730599085,3.4467505664303117,7.168132956106415,1.144445705011282,7.056899159970078,2.0605517476245923,3.9336416298617483,6.660673736529154,4.037043785307834,4.29777508222629,3.217915363773076,4.836424753891225,7.112490430612992,6.190780461632369,3.6552347659977102,5.960007419185849,1.144445705011282,5.17354181513739,2.3016846877508814,5.3395888600284955,2.164081358742965
TCGA-50-6593,4.450499204160553,6.269590479753094,3.098622741153245,2.9079278549172165,2.4215230170655593,4.602980791011078,3.181867382837632,2.579254245244505,0.0,1.0730551358038027,5.760449471474285,0.4955495362134742,4.094547874886014,5.294329425270176,0.0,1.912929355617643,1.2713603880276316,0.4955495362134742,0.4955495362134742,5.888451274518504,4.322896130482592,0.4955495362134742,2.2341670562579368,6.342174234227796,3.4387339851908814,4.841995710769851,0.0,3.4387339851908814,2.086392328891601,5.440832038423604,4.435410991266187,5.34762168423218,1.7029464702917971,3.854044255204295,1.2713603880276316,0.4955495362134742,0.0,0.0,6.030709298433883,0.0,0.0,2.476908079676734,5.895537176880826,3.5552394841665382,6.63729341729008,2.7154626608176637,8.372000931519208,4.800654729308327,2.975616297169113,4.261504538714426,1.0730551358038027,2.7977263577439846,4.876814335742099,2.476908079676734,6.883446192836096,6.77234097192918,3.2830705369101976,2.5293939189748436,3.2337486736909073,4.176595598971861,0.8254465645734295,3.6429218993159047,5.648530477742283,7.355117003997033,3.498680955509419,8.826219349565344,2.00342405525592,5.4790292952521495,4.4200916321681,0.0,1.4367973432929972,2.579254245244505,4.1863933689200135,6.148395643705889,6.816870592221935,2.6720913622479427,6.822334636103859,1.57869000348532,4.8570644461340065,4.550183764605028,4.1261096666521,1.57869000348532,7.877757379344792,2.6267461427046577,6.792696778407007,3.0078139947464906,5.265417037619471,0.4955495362134742
TCGA-50-6594,0.5330957924117186,1.3394385748346274,2.3850126469673567,2.3850126469673567,1.6535313499446118,4.335355536197979,3.508388221254704,6.277939641454655,1.5087553270680678,0.5330957924117186,5.020215919653146,3.2166212853027503,1.7799567571089034,5.230659318074042,0.0,0.8790041470881385,2.7592944942892212,0.8790041470881385,4.608123819714264,5.646838155543399,0.8790041470881385,0.5330957924117186,0.0,4.714589453756632,3.998587782706969,4.397920898965779,0.0,2.99643702515823,3.54969784331383,6.950776453532332,4.57238456315628,5.080528204870749,0.0,0.0,1.6535313499446118,2.3850126469673567,0.0,0.8249207791693876,5.700065575537094,0.0,0.5330957924117186,0.0,5.505616048300409,2.665859214384048,6.562503413968134,4.238587753135604,7.869860322995583,1.8103685741021092,1.7799567571089034,0.0,5.431383025735577,2.5627777705032124,4.871963091072761,0.8790041470881385,6.252501007356566,2.6156497838298773,3.1584971727987274,3.487072279770902,0.5330957924117186,4.175686425627258,1.3394385748346274,1.3394385748346274,3.1584971727987274,8.917991426593698,2.6156497838298773,9.176784622572969,0.0,5.519823578152871,1.9930663259330903,0.5330957924117186,0.5330957924117186,5.160427919957896,0.8790041470881385,3.323617749237881,5.882617404669528,0.0,7.900091818479159,0.5330957924117186,4.635825474247708,2.665859214384048,0.8790041470881385,0.5330957924117186,3.7670781549591403,0.0,7.382771325051409,2.447844937647174,4.069869134378748,0.0
TCGA-50-6595,2.165275142029439,5.993961427306569,3.1296073571100185,2.005646981945772,2.088649022430749,7.398265944232719,6.183325871937869,3.9095118551277412,3.959801229187117,0.0,4.472098116430004,1.07476348663612,2.2364559741931136,3.3325473085559816,1.3460971713684775,2.674479629129462,1.4387444861208096,0.826891050609541,0.826891050609541,7.554355776884961,0.49658470147564826,2.2364559741931136,0.826891050609541,5.476220844656215,3.399158638169586,2.5816249286644375,0.0,0.826891050609541,0.0,5.578468653684166,6.380236089774427,5.4350137453157155,2.3029050418049657,9.789753184951197,0.0,3.694570728046721,0.826891050609541,0.0,6.161865333006243,0.0,0.0,1.5807297482973566,7.025644975616703,3.539233197456468,5.841827001087508,2.005646981945772,7.329828374470322,0.826891050609541,4.316887933464278,4.007684032769185,4.169229375413816,1.7050389590234893,5.834331089886545,3.377444161038289,7.640171248462782,2.3652124139514994,3.539233197456468,3.5937387599461093,3.1010782891066913,3.678455311029479,1.7050389590234893,2.2364559741931136,4.864583948155276,9.291551627401006,1.815589921647247,6.800288101425103,0.0,6.168620702824823,2.799358444436327,0.0,1.2732096460497289,1.815589921647247,2.5317584285652335,2.4792657698979146,6.278208054245104,2.4792657698979146,4.123236475475942,1.07476348663612,3.814917214478603,7.5733719489256535,7.737598838309761,3.071711351240301,3.959801229187117,1.7050389590234893,4.913007764643437,2.165275142029439,4.837891721615376,0.0
TCGA-50-6597,4.068905379350809,6.800467351503379,1.7426567562203232,2.8884309869290603,3.0789330661467518,3.6558473519436743,3.3101852851833407,4.66871759113243,4.98460612204142,1.3422118485497019,5.0591460541566295,0.0,3.9672287362451377,3.3101852851833407,0.0,2.9882090449038854,2.344216359964998,1.7426567562203232,0.0,5.413314302408099,2.510420063640215,1.56234630490025,2.510420063640215,6.615426426953374,2.027819245808811,3.2012290320899686,0.0,0.0,0.0,5.041028699416049,4.585765119654079,4.6862523532362905,3.2012290320899686,1.0595248999600628,1.56234630490025,0.0,0.6639758032596654,0.0,5.466485061686055,0.0,0.0,1.895368451847075,4.938408628098906,1.7426567562203232,5.161471917069871,1.0595248999600628,8.160129600535495,7.495925203764138,4.808788351571127,4.641820290263355,0.6639758032596654,2.890005023990839,7.932738967758767,0.6639758032596654,6.192810241979493,3.162102278133876,3.2012290320899686,1.56234630490025,1.0595248999600628,2.144772717333795,0.0,0.6639758032596654,6.236166046985296,6.871342300450342,2.8884309869290603,1.7426567562203232,2.430767203687352,5.838109384106623,4.997421711290005,0.6639758032596654,1.0595248999600628,4.991037845749435,0.6639758032596654,7.589077823275421,7.070137699162939,2.8884309869290603,3.6886669315326124,0.0,3.553354647387642,3.3101852851833407,0.6639758032596654,0.6639758032596654,5.644775294076169,1.0595248999600628,6.223169346134055,3.0789330661467518,5.926261805424777,0.6639758032596654
TCGA-50-6673,4.45072096160084,5.921162783681299,2.941661441166084,2.941661441166084,2.81564222509227,3.994174257788861,1.9698219691016263,5.5845596530052255,5.4201012769097545,2.1806321252429326,4.885842749128998,0.7522176541369336,2.2999416020486283,4.501757771548281,0.0,1.7023452076221148,2.781486519175392,0.9867864734858529,2.6714207942794195,6.5099309059699255,2.2999416020486283,3.3878925975830767,4.753374650637808,6.935837263109093,3.3687637176293146,5.0592857659694905,0.0,2.911611260888584,1.9698219691016263,3.962685701030069,5.287554655803663,6.23710513175975,3.56138693359866,5.703562450452651,1.5945272996983462,1.176622162303137,0.7522176541369336,2.8993370052540204,5.144577435685204,4.973819154304525,0.44526257798223046,5.747464375742324,6.443485579297232,3.6380150151231843,5.1214190772183015,0.0,8.23644700996557,9.453263020897987,5.78263062297388,4.96211709294153,2.81564222509227,2.5037529375843603,6.437220308599698,0.9867864734858529,6.726072717986875,9.88899301238567,2.9708297639367798,3.788398944146753,1.3361320059268265,2.8486639544963746,1.9698219691016263,2.81295061092758,5.7687115445196895,7.198146179244836,5.366555286464085,8.086933215489815,1.3361320059268265,5.42751940101133,4.317921353007869,2.2999416020486283,2.0451347354858407,5.561119996457817,4.728899949202838,8.506000789512088,8.553085293963687,2.781486519175392,6.391064153410734,5.29883223398105,4.1292756393101335,6.040152325083746,8.179923036542908,0.44526257798223046,5.558960920673016,5.167211601138352,6.881492409182961,2.4065215952258545,5.248596519427551,2.941661441166084
TCGA-50-7109,1.5392729257169713,5.041933682703304,2.7883944017837,3.3267791049586997,3.4107945148348344,4.761635328236818,3.506766875482524,4.256493173160421,0.0,2.1780191050408297,5.545938873269072,0.0,2.0427905240291553,3.6748363091117993,0.6498742683264784,1.0404887033176016,3.643406033464538,1.6622959819222791,0.0,6.017229754994008,6.991314872081068,0.4763583948837433,2.1896963109154277,7.377577641800106,3.3484539134736635,4.001810691569132,0.0,2.4193987700853,0.4763583948837433,3.7915217788357607,5.523734331697577,5.471240731698579,0.7976873598338692,3.210746874294464,1.0404887033176016,0.0,0.0,1.5340244731442263,6.465077280694427,1.9603623538810715,2.1896963109154277,0.7976873598338692,2.8607827329756974,3.506766875482524,4.1075733414684406,3.908326180583856,9.438471464801431,7.616495257536552,11.272252924684208,5.547795109153984,2.0427905240291553,3.749344063129006,6.301323264879146,2.7883944017837,6.266017686047421,5.1104926953581815,3.870888462069591,0.0,1.0404887033176016,2.7883944017837,7.2620604171479854,4.1274472393268935,6.56618848712412,6.536559704835867,3.4107945148348344,3.050996672657668,4.916053515609935,6.316868614041219,4.696974226463128,0.0,2.53319668891575,0.7976873598338692,3.6901885968125643,4.282105465578831,7.889601514691612,4.430654880973418,5.81829795544277,1.9603623538810715,5.072983919160791,4.423362896935811,1.0404887033176016,1.9603623538810715,8.047835753344007,1.771828833739176,7.487632972482828,3.3267791049586997,5.431396156763539,2.668914284353612
TCGA-50-8457,5.4962948932300755,6.843247690699474,3.6450216060500518,3.862927294584083,4.984565066363071,4.812663915161986,2.8577624743305368,4.573392584029999,2.3762815519163825,2.504938009092954,6.045697017881701,0.3673477859950363,4.944281793546234,4.47222490727953,1.1691639446190545,1.9125158578638373,3.181394078834775,1.1691639446190545,2.9776599484212443,6.022117410840109,4.618194993710781,4.245593894350534,5.563193857346123,6.615625999012608,4.289144878859735,4.826992865334885,0.0,3.8814029602674838,0.0,5.040666476658032,4.186657831530494,6.110631069749198,4.087462602433341,5.481625936084618,2.290218946406478,0.6353591567925511,1.1691639446190545,1.8730629202920899,5.088330633470667,1.608377350236779,0.0,1.4126928349744217,4.232794049501841,3.2862914531607976,2.244235381605574,2.3341709655532323,9.101880614180683,1.5153030416834243,3.3189455690454275,5.806814280973929,1.1691639446190545,3.9943197861537936,5.948444826856729,2.907463743041545,5.629087663679588,7.901854840666172,4.072453355361284,0.6353591567925511,1.2983097834513384,1.020794880954773,1.608377350236779,1.9760097204501437,5.115337593177071,6.153056046675539,4.99963501223739,1.9125158578638373,2.9314123951790156,4.079986983704846,4.826992865334885,0.0,1.9642551318707184,0.0,8.14862205323096,7.879431520696962,9.002079275501297,4.033914921395637,6.149177446120595,5.826637072616609,5.376518379342202,5.630681175124706,2.035724736234563,1.2983097834513384,8.367541708340152,3.0641943375208873,7.24202509204815,3.043254968156458,6.9903025399497025,2.1454048286064227
TCGA-50-8459,3.3270447931285223,3.605712496048781,3.8942031710981344,2.9093298020528726,4.359407745432194,5.256395809396967,5.3131025254147835,3.526666360196633,0.750944279286162,2.324943275604713,5.954683854681457,0.0,4.461337921077932,4.716541599945748,0.0,2.239911498465987,1.3343429554877908,1.471783747135305,0.4443652570657209,7.066492567078978,2.9093298020528726,0.0,2.3524698959230435,6.576075340932704,3.6503049321341607,4.736365101173816,0.0,3.520892661887,0.0,4.856442391155392,5.334914448681723,5.815860378061552,1.9677415293646525,8.87709452495795,2.178494707762995,2.9393735398846066,0.985256936338878,1.4946329379482743,4.951833177175065,0.750944279286162,0.4443652570657209,1.9677415293646525,6.084697571117108,3.4585979883932603,1.7976587011590448,1.7003749074262025,8.464372415232654,6.7303615604244795,4.44176615902474,4.6166045636137545,1.1749558552554433,4.3888719022790745,6.041739322981605,3.07737677459437,7.756584822885869,6.018865683455921,4.108679655378228,3.5590383867125808,2.588440498104419,6.469223959859284,1.7003749074262025,3.1028317762969233,4.8822184190479545,9.068769895188108,2.968535778865519,5.491838473595592,1.7003749074262025,4.967532923716435,4.401434576248761,0.0,2.239911498465987,3.4932112254245764,3.8942031710981344,4.529990716909594,7.427245258574889,4.117829942335455,6.299574051624785,0.750944279286162,5.350966741043189,6.654751567522651,6.503334125763393,3.1276548727640936,5.964329704700664,4.461337921077932,5.949853178614053,2.7438676939676037,6.540995366555569,4.2458961530562025
TCGA-50-8460,3.5750498433647304,6.147491323108595,3.8984736257616497,3.539717974171135,4.378100186254398,4.262854509679473,0.8061186592191067,4.812647662663164,0.0,2.3582562903645066,5.972314856602175,0.0,2.875179154757495,4.917700956409263,0.8061186592191067,1.050366976040115,1.410474647371582,1.050366976040115,0.0,6.340879450614851,0.48217920517586904,1.883457070916698,7.46421752830888,7.3943517327516455,3.0362262142704806,4.27154190149861,2.4451951495517723,3.9354641034935005,0.0,3.384410602121991,4.987714610711687,6.220309812711828,3.720198841537782,5.577164273618435,1.246543668681451,0.0,2.389982228902469,0.48217920517586904,5.907514842050275,7.004872915261524,0.0,0.8061186592191067,4.847284646267641,3.7350996520807307,3.1217171376262347,1.050366976040115,9.41328937920486,8.152987102319212,2.9095314770461296,4.689575670587521,0.8061186592191067,4.445737078675198,6.093027862517423,4.227331431620756,5.967978393952662,11.606279186703437,3.3631839394639393,0.0,4.575068646491324,0.48217920517586904,1.050366976040115,1.7844998484987948,6.340879450614851,6.7146801087899615,4.3384482406057225,0.48217920517586904,1.410474647371582,5.679564915876565,5.89394542939571,0.0,2.4451951495517723,0.48217920517586904,9.413942221950075,6.9576781347475025,8.146723536455315,3.7350996520807307,5.722856078109129,1.6746824342945015,5.322234068441445,4.038868849493272,7.746685369890786,1.246543668681451,9.007103609199849,3.2004674251848457,8.118511027044905,2.9748865023723616,6.315191622401807,1.246543668681451
TCGA-53-7624,0.6303671124372374,0.8404890184578732,3.701936340760652,1.1618687383031245,1.966888555440505,4.320423800188404,5.17676536224403,1.014034312192812,0.6303671124372374,1.4663293764561487,6.277472093322949,0.0,4.320423800188404,4.284763799678672,0.0,3.5626243818887575,3.712715602482535,1.903494623634081,0.6303671124372374,6.692636939340971,0.0,3.6800228499236427,0.8404890184578732,3.871028079289414,2.821991793781206,3.4576470258657186,0.0,3.207426531131293,0.0,6.098480941042344,8.281349331523796,4.904889519050376,0.8404890184578732,7.24750784372492,1.5999126912090287,0.8404890184578732,0.0,1.014034312192812,6.572418197828098,0.3640874036541863,0.0,4.816484041548723,8.63146785771353,4.691687274170467,6.250644902157119,2.6820073440085426,7.708487000221796,1.0156291510534523,4.691687274170467,0.0,3.484943990647251,3.733929298667645,6.815473309517232,1.014034312192812,8.184909769448478,1.40467440840132,4.382668928359124,2.082785942930226,2.8974466715681264,1.6848607340799602,1.6848607340799602,0.8404890184578732,5.662199774205876,9.803004013957805,4.22235218521598,1.2906091109854827,0.0,7.166459005694898,3.575005019913093,4.654760030328088,6.925801462673199,6.865265227361185,0.8404890184578732,2.2806972932360163,8.028559495156744,2.186624146324839,2.8290222206142155,0.3640874036541863,4.787625067227281,8.07690990476176,4.612072311423523,2.795517585215897,2.5875309253529455,5.4984092581719235,5.765071973432172,2.5875309253529455,4.004711569982064,0.0
TCGA-53-7626,5.859115312601983,6.285601367778528,3.4113952066386015,3.3231169142021093,3.870135860503222,4.655302306474091,3.492511709886577,4.301927675418255,4.500483887439266,2.5534216293250043,5.479375625717462,0.0,5.349110285768811,5.037484928235562,1.4970527818393096,1.2700133219018956,3.226280343632567,0.8848826207144749,1.1867147368896553,6.642459421592173,1.2700133219018956,3.4019637545900565,3.5348858452837164,6.40063611114739,3.8641847880135916,4.755639813332864,0.0,3.9884765103821658,0.0,4.99340774842963,6.485653038109229,5.650385214097306,5.479504947300788,0.25036953756780117,0.45050220658288553,0.45050220658288553,1.4182531936047396,1.8456635192918966,5.466362498423183,0.9959148904297671,0.0,1.7642512298114537,4.730859660993314,2.1935623239095117,5.796279610651127,3.9554081123675515,8.353339253544144,4.481345813147995,3.281230713614967,5.176883926264505,0.6171296941360294,2.561142119118583,5.36653660552518,3.7164946211469094,6.157396271391078,9.455049701204953,3.821498555727532,1.0958752129582234,2.0578220148208266,0.45050220658288553,3.1438936245345115,2.4286008135769053,6.252183227575278,6.286130301783995,4.9324358865008024,4.555795050756445,2.7951510185363686,5.080851417105903,4.689878913915045,0.25036953756780117,3.3701881947878105,0.25036953756780117,4.775039534842806,6.175312022429203,9.209911279929356,3.846113945531247,6.933734867941085,2.9701580224345605,4.682010849508755,3.7703741840158553,2.7415816843110026,1.5473497201206787,7.818611269366246,3.4661951723193334,6.878612730095143,4.376168257845811,6.618714951185722,0.7599643535972626
TCGA-53-7813,1.6313950797861425,3.28442758250825,3.4604877804654537,3.4604877804654537,5.133153766519457,4.709250883027335,1.6313950797861425,5.9244509655337705,1.1169432453528332,2.7017235634019414,6.250231966059865,1.9694173903811334,2.510021937266397,3.523060969418996,0.0,0.0,2.85899574998052,1.814612993357491,0.7069021457922811,4.409060407048796,7.15824937087914,0.0,3.161691528340357,6.559666227694637,3.0706078081990977,2.916239831123429,0.0,2.85899574998052,1.406880994728279,4.6422250939391025,5.077053297899231,6.369445399613898,0.0,1.9694173903811334,0.0,0.0,1.1169432453528332,0.7069021457922811,6.305842711648985,0.0,1.406880994728279,1.1169432453528332,2.664495308950111,3.552936584786701,1.6313950797861425,3.161691528340357,8.430942252493006,9.832914862363966,4.185832294257277,5.683270195616776,1.6313950797861425,5.03113702336892,6.400644413616296,4.709250883027335,5.369577000320407,8.446504597289689,4.863441470243709,0.0,2.422809590300414,0.0,0.0,7.759925535658673,6.267595157579994,6.67112620538258,4.231660036171456,0.0,3.28442758250825,4.548866465617128,4.331071441018573,0.0,1.406880994728279,3.8980092701177216,5.102375472658972,6.3920762297111535,8.84895147766837,3.3222082854117834,5.8091419903135275,6.777270668770094,6.0627870362606195,4.8062644281053295,2.510021937266397,1.9694173903811334,8.38977337074605,2.1034265869302966,6.621747803609668,2.422809590300414,4.84743377874858,0.0
TCGA-53-A4EZ,1.3228219381643171,2.549671707764164,3.480452086635407,1.9317242895728113,3.492493455104584,3.5392622326180505,1.422481631881603,7.430381006863878,0.0,2.183846601034626,6.6206650313674835,0.3317468036138815,5.880088753665736,3.754283225814253,0.0,0.0,4.2235656370928005,0.9453445522648922,1.9317242895728113,4.920907503721483,6.676285914071777,2.0896022464424653,6.346150263845537,6.150988621500745,1.9317242895728113,3.961561460986302,0.0,1.9317242895728113,1.6729196253465222,3.0842832980112647,1.5962108188530062,5.627527584137028,0.0,2.0896022464424653,0.9453445522648922,0.0,0.9453445522648922,0.5804822749024786,6.374713016537664,0.0,0.0,0.5804822749024786,3.583941071567612,2.6378566090387396,3.8339403755464474,3.561852575483042,8.898630599164225,8.232416228378112,1.6729196253465222,5.85221684748735,3.4179627213280432,5.8734689888702745,6.482648530618684,5.039792721299233,5.578211693073302,0.7794624820118654,4.332640730586658,0.5804822749024786,5.925231257327655,0.3317468036138815,0.5804822749024786,3.5392622326180505,7.231525760193643,7.726106778118949,3.583941071567612,0.3317468036138815,4.348022491528979,6.697386037632989,6.621765107791223,0.5804822749024786,0.3317468036138815,4.6564239795954965,1.744178573598608,3.0095414859710345,8.06064108342982,2.665601884837371,6.800699994681556,5.690602667988462,6.434565780239189,3.2188438243561897,1.6729196253465222,1.3228219381643171,7.299729796907802,0.3317468036138815,6.719949913556985,3.0476081482086985,5.088565001725943,1.0875850448189086
TCGA-55-1592,3.850368853827748,4.920980426161209,3.45263166611014,3.315043818463232,2.5150558925719473,3.9117729741729366,3.1202437336205886,4.0243118645889915,0.0,1.4839200399043306,6.298930864334044,0.23948922985029583,3.019775895107425,4.2640606135266745,0.43262621617053704,4.038720852474085,2.8780854786164194,0.9646617605995498,0.7336171131136585,6.273612584998595,3.45263166611014,5.318056266323465,2.5367002356755526,5.828495516329822,4.275416727740609,5.034651255045304,0.0,3.8839938327066434,1.0628123845369222,5.6569144619694205,5.710301181643317,4.681260477761634,3.3630419675429764,1.8151992648505477,0.7336171131136585,0.0,1.4464012018520092,1.8274643938488315,5.958285148410163,0.43262621617053704,0.5943760184599247,1.3100880351146373,4.812696419367221,3.878747464663292,6.370790997606451,2.117158721246612,8.598588829620232,5.048643734281962,2.8627493019477384,4.756147263835077,3.7215087801870452,5.20840907026394,6.981024327909582,3.0329028096066137,6.637451983640931,6.914998979918011,2.951440725420866,0.23948922985029583,3.88432904329092,3.8211591261630242,1.9393601732936205,2.470300497398638,6.502079148610341,7.901976951857814,5.644548968123396,2.470300497398638,2.3225935814523035,5.742057227709761,6.44784771254441,7.182830720738027,2.348771871293363,4.03394147836432,4.635068736333954,5.363449461485819,8.49555680380887,2.6763875205933685,5.345367923239313,6.370327261821439,5.689470545848445,7.3738575578476055,2.1492241012810362,1.4464012018520092,8.397231033195961,1.62130719300419,6.462317815308295,5.46120972631205,5.561058483074793,4.583868916288148
TCGA-55-1595,3.6112854126753824,6.325433653511077,3.667400422436812,3.9909229065007463,3.4310668152644332,4.711123525890896,2.4838394138275777,6.022018000151438,4.040444364039729,2.2560803153382922,6.558645929338931,1.2359364795313286,2.7887081041196646,3.742467613283865,0.9715362061001336,0.6500308894863173,3.2110694341321095,1.0407006500491165,0.0,6.018310936216647,5.183585296957807,3.2110694341321095,3.9795769755261747,5.00613853213323,4.386416982975175,4.490912429227833,0.0,3.8838539570312065,0.2663562857370285,4.616169471446461,4.947212594642505,5.472858736023029,2.580822706617827,6.490277304455929,1.9167461260210594,0.4764825953434447,0.2663562857370285,1.1144528288872424,5.717238205564456,5.240147853484208,0.4764825953434447,1.9167461260210594,3.6516862841051676,3.3699956305188907,3.3594443983507363,3.4310668152644332,8.367302425258996,3.569183339688744,3.6516862841051676,4.040444364039729,2.843489771996034,4.107905528594804,4.727458612666567,1.3209021423528384,6.869092410204746,6.9780832588151664,4.265436637064506,2.3180646638424323,1.662561530756373,2.8784116309774483,0.7978674913303484,2.0818885453228875,5.483060987774368,7.403895599585634,5.45995991213359,1.6029368260917405,2.4580491956181176,5.561123840918622,4.842153524108562,0.0,1.9167461260210594,1.399210586386437,2.0818885453228875,6.717648697366967,7.958936978839245,4.013235730885085,7.304959694660508,6.939224875851532,5.311909572567472,5.800957581070039,3.5341769553959685,1.5395303370187485,8.446023667023894,2.4043832710550817,6.906758782644541,2.843489771996034,5.111547932598036,0.6500308894863173
TCGA-55-1596,1.6379281828337278,2.22882013892597,3.131420713079209,1.6379281828337278,1.9345169205830122,3.5481162606541616,4.689106840860645,1.9345169205830122,0.0,0.6603656910355657,6.162234220414397,1.0210830861588718,1.7468492682570607,2.290613721212826,0.6260988458068173,0.4650538995198219,4.667092788592294,0.7812038443802285,0.4650538995198219,6.423501801189516,0.7812038443802285,5.461532553602255,0.0,3.7757174827462743,2.4559240148635175,4.243909027138883,0.0,2.22882013892597,1.5156545664255976,5.898606109326425,3.748199696185106,4.573831210177394,2.0924564787573305,0.4650538995198219,1.3763197799726865,1.5156545664255976,0.0,1.214408166047464,6.302071206699211,0.0,0.0,0.0,6.006286654927291,3.0222865667752368,8.090852700815738,3.9942663668091627,7.784972486870154,3.926588412987449,2.6408771013971775,1.6379281828337278,2.4037960109678234,4.973106482203842,7.612875495821917,0.7812038443802285,7.573803579210191,2.9629042833359676,3.3613159169272864,1.214408166047464,1.6379281828337278,1.214408166047464,2.3488100651078794,2.3488100651078794,4.277332563559216,7.45885490714922,4.942613379649346,2.4559240148635175,1.5156545664255976,6.666305180685285,5.315602120778221,0.4650538995198219,0.4650538995198219,6.293354581744427,0.7812038443802285,2.4037960109678234,6.800148909949187,2.83237770088605,5.400783698092527,1.7468492682570607,4.715959936640803,5.779743015458746,6.788876017689929,0.4650538995198219,4.672641901103104,2.22882013892597,6.544622384439153,3.4775255064996298,4.779862715617555,3.9029701517218554
TCGA-55-5899,6.016647283470511,4.072822958331853,2.8333486290224394,1.6095579052346765,2.2589152973346516,4.928426909703537,1.1896710196150764,1.4881964031463206,4.488777932745331,1.5840790779672103,4.619161844614828,0.0,8.572338357810645,3.4614015229321717,0.0,4.209088911670266,2.988697588072865,0.0,2.1317493213031806,6.348031735241266,6.046837757308606,0.9986077743633687,0.0,4.3659658479522685,2.649339995620877,3.9263479122716873,0.0,3.443298557680791,4.111014837842614,3.0446605234272486,4.886182565404937,6.323733318678425,0.9986077743633687,0.45203057725548523,0.9986077743633687,0.0,0.0,1.8697230940289302,6.3113590579865235,0.0,0.76220671649144,6.349032342336347,4.932558430661906,2.5650801181427556,1.1896710196150764,5.596976470338392,8.343085012300751,3.5138145043447007,4.156788704177932,7.1210504942415325,2.423669340316811,2.6080972603431984,4.514135453419828,5.835371983043382,6.239304613443974,1.4881964031463206,3.6996759615121966,5.034306246758428,2.371709955769764,4.643159371892126,1.7177720026337593,1.8154108895593362,5.3342393757241,7.963849691490832,3.6110557409833004,2.520128995497761,0.45203057725548523,6.55509227643326,3.7412038417421027,2.2589152973346516,1.8154108895593362,2.688948927799809,3.9150165203880105,3.306502012822831,7.43102120036644,2.371709955769764,6.1308090110467965,0.76220671649144,4.65410319709727,6.091775836852325,3.219011815621039,2.197346792089914,5.939937014762547,3.3475328570764624,6.645234002188856,3.386946315892295,4.591212225303573,5.179516938523508
TCGA-55-6543,3.8439133152503135,4.650898524693122,2.4502203074860773,3.967259017080967,5.603394759291494,5.567848197415368,3.1240859097027553,3.472438390859399,0.4430177641607487,0.9829021031726566,5.421989692904653,0.0,2.542050711673108,4.397747413136737,0.4430177641607487,1.1723892536640539,1.9645215909813398,1.1723892536640539,0.0,6.127041658322623,1.8831376865653369,3.1240859097027553,4.0957735407457925,7.437724489395307,3.782388011971633,4.311853602785799,0.0,4.296792767885649,2.236573487400131,5.797020812708178,6.882182053766258,6.065565019233579,2.9057966250471146,6.203164873757394,0.0,1.4689106772971237,1.4689106772971237,1.7945389362616386,4.3839335653253535,4.20132576385863,0.0,0.4430177641607487,5.613613390078744,2.7757213105575764,4.495676696905217,3.073817682351829,8.4767877767812,3.8439133152503135,2.6261529971351356,6.171082452327622,4.167365753567243,3.0992676246117856,6.578564865417044,3.2613067643420646,5.595142513416098,8.030015732555954,3.7031866168103345,1.7945389362616386,1.7945389362616386,5.3284973350491684,3.6893543413371477,6.089373619590509,5.128602016584884,7.645273349277579,2.294411782304884,4.538289724648112,3.769615767341363,5.157893705285218,4.983113349384613,0.0,1.8831376865653369,0.7489602453791581,2.175183446459339,6.25694702182385,7.495725260414088,2.236573487400131,6.660575149839686,2.1097767414759088,5.1219798695012235,6.152275143234883,6.024623656574976,1.3316005546972436,7.581143531291086,1.4689106772971237,6.379493525554279,3.4549814049409284,5.02324215924212,2.175183446459339
TCGA-55-6642,3.680423805666275,3.0896733347248038,3.459450566392079,3.3956352751202377,5.017710207768218,5.318830525670407,3.4173626829469312,3.9659295822168406,0.0,0.5039822612839827,4.833157984965178,0.0,3.5942005749973926,4.636940134076894,0.6746267309225663,0.8375072310667812,3.0281607407733286,1.0871805277056898,0.5039822612839827,6.232180790279018,8.15178018153422,2.5990460183073143,1.2868054626191483,6.825516495030644,4.425670244690434,4.448922141561926,0.0,3.696810420690135,0.5039822612839827,4.613561877050523,5.808865951942441,5.481417786615896,2.0219580750159416,2.777084849494272,0.5039822612839827,0.0,0.5039822612839827,1.8775395329069378,5.24559673821439,0.0,5.672106031795649,0.0,3.847411948326572,3.789862151091974,4.479107972324445,2.5990460183073143,8.187947182606747,5.299386794506057,9.399165733108804,2.692022440025013,0.0,2.9959272545439624,6.714251837283549,1.931202520183039,7.11399679222099,4.982393557476216,3.990462582620573,3.3734218551056143,1.0871805277056898,3.9407795441948186,3.3507072734061794,3.588782837575651,5.047629170714083,8.226190946620545,2.9959272545439624,2.181964284666838,3.576027055364481,5.665318808204073,4.57811034873099,0.0,1.2868054626191483,3.8612958665337986,2.3822831258894395,5.18140707493975,8.699681400989514,4.0829869749813135,6.441869559495993,5.897266498656267,4.837582647922616,5.991672025582835,1.7204782672230914,1.7204782672230914,8.270599318049133,2.3198649328933048,6.850113454200297,2.646614417049292,5.1865866038823665,2.181964284666838
TCGA-55-6712,2.891976025925345,5.577841251298354,2.7872556352831777,2.1004811486990853,2.8409830813205765,6.996352065212779,3.6068637597148254,4.758895060887583,3.3904835260648074,1.5286399196045264,5.039572543990853,0.0,2.8409830813205765,3.8048074368898397,0.0,1.522790105708428,4.380409077132785,0.0,0.0,6.245044185639629,1.8527761710338295,1.7013422991035925,1.0269372519612188,4.997117674695169,2.1004811486990853,3.030988407368894,0.0,2.730470314822686,0.6399046191642257,7.392930731845094,5.072908751913631,5.1742666046687305,1.3053012019103587,6.290922634322543,1.8527761710338295,0.6399046191642257,0.6399046191642257,1.3053012019103587,5.771328967308077,0.0,0.0,1.0269372519612188,5.640235461811785,2.6062094098665787,6.680700338147561,1.0269372519612188,7.701277066187537,2.4642871889741387,3.3281857314048304,3.4491236807440724,1.0269372519612188,2.204564242639605,5.424319863028647,5.496700903000393,6.117237798025915,5.830949490867366,3.1139685398191967,1.8527761710338295,2.1004811486990853,2.7872556352831777,2.1004811486990853,3.3598196772081774,5.2476081121022675,8.535728349145453,1.0269372519612188,2.7872556352831777,3.030988407368894,5.189367082039653,4.003243013691808,0.6399046191642257,2.1004811486990853,1.3053012019103587,1.522790105708428,3.7216273405737392,6.760646413943925,3.1905874552852316,3.764082005568534,0.6399046191642257,4.695440413817064,7.54639347404169,6.285927328504079,1.0269372519612188,6.814215730684242,2.6702721801012976,6.309026972040235,2.6702721801012976,6.549338819485102,0.6399046191642257
TCGA-55-6968,2.062918281377041,4.9382294622230765,2.318320637380104,2.133136325182723,5.1076531059757535,4.79749157736038,2.5215760341450117,0.45260311456556823,3.073008079961148,2.2063384748681867,5.889512106249052,0.0,3.993309861904413,4.202108686895975,1.4171629847823568,2.6904156218904007,2.8998984566757002,0.7630463079396125,2.72851927294155,5.327502312506262,1.4894148698343699,3.3287449614027356,1.3511851840063227,4.4577032865202915,4.352892579714438,4.352892579714438,0.0,3.8578877818457653,4.158337622122736,3.0185646203369965,6.625778235196199,5.976975079945134,0.7630463079396125,5.553006095467892,0.45260311456556823,5.054307622552442,0.0,1.640102898744894,6.5311326972337085,2.425103565417247,2.474502716072607,0.7630463079396125,5.086651444519279,6.113812702287256,6.3917144127832195,6.002772866368455,7.196042168495199,1.905698087535721,1.905698087535721,1.8167284663849208,1.905698087535721,3.7012106119144037,7.953023048131101,3.197398836611722,5.290693377661865,2.7652304665552623,3.4629225740990934,1.4894148698343699,0.7630463079396125,1.1907659768386543,2.318320637380104,0.9996019383350099,5.920220930307338,7.825704634579162,3.5970218074521134,4.176076611385205,3.2652249168055616,6.524435639807448,4.834574100273115,0.45260311456556823,1.1907659768386543,0.7630463079396125,0.0,3.982699525449803,8.349136604415481,3.6125867895644053,5.7144058462933325,2.6904156218904007,5.23738832340013,6.323250821738481,0.9996019383350099,4.917503406755978,5.555220592807234,2.6904156218904007,5.9970961597676276,2.6508023715000855,5.735623460378834,1.1907659768386543
TCGA-55-6970,4.2898606317608445,4.909687251367753,2.817824959638456,3.6528454579800678,2.926800114509716,5.6768839307875005,8.018829593041295,2.504970680823742,0.0,2.7425289195184526,5.22546168687175,0.8263222597123616,3.9465191136533813,4.221532125242567,0.8757187061091073,0.2785404145344975,2.2693695128826152,0.4962194713766285,0.2785404145344975,6.205970905026528,1.8147758810305121,3.6189772407295075,2.7169636909911485,6.774311882485842,3.902099934203431,3.889036836035049,0.0,3.6775151240348865,0.4962194713766285,5.268074630477062,6.017553744994565,6.313394048912864,3.583921635140693,6.8181226513329625,1.1782241343031583,0.2785404145344975,1.1782241343031583,1.403102312769258,4.722668736738036,0.0,0.4962194713766285,2.8554869643759195,6.458850691226398,3.6275517727090185,1.9605735426635085,2.4783770449081697,8.525964609803324,4.006736643700584,11.176705596501495,4.244831395496036,5.371860536373806,2.3020349416885644,5.116531666157392,3.1564172724285395,5.776273664330744,8.0757630247554,3.38742970734906,1.6440325571985994,3.9890488592786997,1.5799679062500693,2.047163671120252,3.6611381991322114,5.66247772473942,8.205352297215734,4.1276890698886834,3.7251004803940764,0.2785404145344975,5.613303273527163,4.137991363217119,0.2785404145344975,2.5561104087943325,0.4962194713766285,2.9933694843648024,5.723098055259818,8.123934283614917,3.128684123275963,6.253280584403338,2.422986918846341,4.4520854378537384,4.470630284989913,5.691082166077969,0.9578932217286685,5.981709622161836,3.2352883986954732,7.20370309585095,2.2006409570816805,5.419959612530141,0.8263222597123616
TCGA-55-6971,4.1576870559038985,4.819821782501629,3.8802164989910954,2.9137084380754,5.444134850112009,4.5829797902404215,3.2268995485297802,4.2306774436763845,0.0,3.856349606055261,5.926584634369596,0.6770686103472546,3.2645907892635595,4.978387546546135,1.3620528967468564,1.5835455804681504,3.8600263058143973,0.0,0.6770686103472546,5.913040736646259,6.685377684248277,2.9137084380754,3.8802164989910954,6.802742480641415,4.11119184639849,4.062427247542042,0.0,3.796890454132726,0.0,4.788083234483001,3.7749287017388458,6.227176780578047,3.402583087794458,5.250906001398216,1.3620528967468564,2.4551860011166955,1.3620528967468564,2.0510935061643476,5.674751799597608,1.3620528967468564,1.9181424561051392,2.1684134954821,4.964968247912801,4.6218109571362165,2.1684134954821,3.2645907892635595,8.284330057624405,7.931701491067268,3.5519680700342717,4.433820616196707,5.787712999579971,4.909414346738851,6.560623227883761,4.062427247542042,6.27751153353488,8.493889763461919,3.8600263058143973,0.6770686103472546,4.244656454753183,0.0,4.095199196917809,6.794938142811561,6.688998342389969,7.7164385282134145,5.324272596335877,3.9571282935350744,2.4551860011166955,5.06148682425369,4.746930131025923,0.0,2.9649121762141037,2.6777834149658695,5.290703454142352,5.661375892005707,8.504338928230002,4.69521196666275,6.410618862339661,5.616621995642326,5.551151750222383,3.465038784869476,1.7647821653837632,2.9649121762141037,6.176189463518134,3.0136262177278006,6.5809608608384424,2.535021333219784,6.469862532454291,0.0
TCGA-55-6972,2.9582795965033397,5.934132000460737,1.7167125949051438,4.918848898465547,1.4872024795514294,4.849777728866323,4.08124581363252,4.663656051707141,0.0,0.0,6.459586720024257,0.0,7.868640719731555,4.849777728866323,0.7615532132240057,2.196212954707439,3.4954008887239727,0.0,2.196212954707439,4.813370643324461,1.7167125949051438,4.84080341553952,0.7615532132240057,5.884566739310756,3.936292113719084,2.897198403238442,0.0,3.0158485771388155,3.6251326195098645,5.021806002098428,2.060424355843738,5.777398421023181,4.304867473913356,2.422499189659383,1.188788098000733,0.7615532132240057,0.0,1.7167125949051438,5.464509541412108,0.7615532132240057,0.0,0.0,4.813370643324461,1.4872024795514294,5.887738805589573,4.19069208259049,8.646353042762614,1.188788098000733,3.121902262409683,1.903271028370388,5.108270042723016,4.379111138742954,6.496927316441849,2.060424355843738,5.36816986844687,1.188788098000733,3.6251326195098645,0.7615532132240057,1.4872024795514294,3.5294440011066825,0.0,2.762551012569195,6.454731473138401,5.187843801503387,5.036744788614045,2.060424355843738,3.7927663845782082,4.756147263835077,3.3052626735472836,0.0,3.0158485771388155,0.0,2.6877522511540173,5.684868052788768,8.030012477119783,2.5189456920114233,2.8165577596219045,0.7615532132240057,5.657347534767344,0.7615532132240057,0.0,0.0,5.798386344476285,2.196212954707439,7.3664767533907325,3.8907013049242707,3.112296789338707,0.0
TCGA-55-6975,3.834364120855917,1.6469456207705027,3.009590799039994,1.92681470022092,3.355551269776408,5.696190394276588,6.39747783826969,1.92681470022092,3.7784778984238674,0.608786831941872,4.622725191233977,0.0,6.975161559165155,4.232599572643974,0.0,1.256954173113836,3.4661795543718124,0.0,0.0,7.882231896666086,0.0,1.256954173113836,0.0,5.213483616806181,3.089022232266997,2.7780736524703507,0.0,1.7966309177650763,0.0,7.216819612803947,6.960167447196852,5.240486962267196,2.9673790942569487,7.880649381799539,0.608786831941872,0.0,0.0,1.1645560719621444,5.62320490174553,0.0,0.0,1.256954173113836,8.185748694503081,2.6680334378517756,6.933569213875117,0.9844726079265248,7.650049702808327,1.7966309177650763,9.827594141280345,5.61102004657444,5.84259033885508,2.8772020838475223,7.120072435811472,3.9697219398272003,7.77691666676137,2.9233067314745975,3.517221834881445,2.2388142770953823,1.256954173113836,4.8746246401655515,2.2388142770953823,2.5443619607759342,4.347413191732698,8.667604316387346,1.256954173113836,5.693371804529833,0.0,6.472763518115628,2.324395507257895,0.608786831941872,2.324395507257895,6.229076918381887,3.6987431475508257,2.0419732920649283,6.996104926754489,2.2388142770953823,2.7034596807678324,0.0,3.9210858138368887,6.580686292899874,7.270806848958367,1.256954173113836,4.8810048542804925,0.9844726079265248,6.094882677556456,2.4032174484985798,4.7638392141168175,2.4032174484985798
TCGA-55-6978,3.0696563002193504,5.872486735490971,3.6955521421318864,2.188923552296833,2.687146567921433,5.856122945615,3.73931350445703,3.561733346384188,3.6497877326408705,3.8235261620430516,5.502041577102396,0.0,1.737532049941577,4.107629261877267,2.48027929340251,1.4451055749997035,2.6107239904727058,1.151046598516531,1.6720558404128056,6.802613628260522,0.5426149462553981,1.737532049941577,0.5426149462553981,4.972462564949191,3.7132866601260663,2.8662896533522697,0.0,3.6865667819480077,0.0,5.88758903939097,6.26097628434972,5.974618444980894,0.30770526365724726,6.416720844538416,1.911629215078439,0.30770526365724726,0.7327524351523047,1.823726372900781,6.084658853666806,0.0,0.0,2.0598508919148317,3.9948519816938868,4.974952847222853,4.714903128639672,3.086249165706047,7.470884886217356,3.571910149788392,5.191216448379103,4.844887628423335,3.7646801000296484,3.6865667819480077,6.637651138804425,1.4451055749997035,7.208244982452891,5.5125210762927725,3.926225668426611,3.6865667819480077,2.75814110624278,4.224900490874256,1.6720558404128056,3.789416857241538,5.224730028071847,8.256942092640582,2.5838994344112685,6.6563537040469285,0.30770526365724726,6.352291360097683,4.561710340395822,0.30770526365724726,1.911629215078439,6.20291803511173,3.0003963796808675,3.72203856358093,6.90014842005238,3.789416857241538,5.9109944564526815,1.151046598516531,5.085581962065345,6.130367424940664,6.273961324121705,3.487451527580245,4.658464477045809,3.4984057587495605,5.869438146097783,2.2284971206403266,5.575748325416059,0.30770526365724726
TCGA-55-6979,3.3737473876540336,5.081186950047201,3.39760426748527,3.188614535940652,4.622725191233977,5.208447362118994,3.097422060322355,2.448450112777385,2.1692365407960508,2.3254711967807467,5.6374325361145114,0.0,2.448450112777385,3.890165869072837,0.0,3.065076416671172,2.8453685806979623,0.5333891421747421,2.385611038692424,6.816594578169754,3.298559083332225,1.6540670505773052,3.1591300667379123,5.7756037867754335,3.5703745955060366,3.9597173312908076,0.0,3.4209052332254273,2.246681186048812,5.698367841954703,6.44506087216881,5.447336330185872,2.448450112777385,5.468363892466379,1.1359401859340874,0.0,1.1359401859340874,0.3962225267412318,6.102715181905712,0.0,0.0,1.1359401859340874,6.432671567943642,3.875657731624832,6.517374330749551,4.165459846463474,7.868097345440453,4.3267424927003155,3.097422060322355,4.9148656754327265,5.6425168140849875,4.197747663393542,7.070834551458458,0.8793777538506153,6.77803490092201,9.529223101970631,3.4209052332254273,1.6540670505773052,2.9612443430953177,3.7003805620884633,2.759914998817286,4.975056474523903,5.335010850484512,7.205085656483865,3.9044685421906693,4.165459846463474,1.7804962769493444,5.805752248239918,4.87262148950414,0.5333891421747421,2.507572820286912,1.5092860304836593,4.085798145420259,6.115245117101248,7.643089921387365,4.012072844372376,6.352002021861011,1.7804962769493444,5.428955201870512,5.355184349037105,3.1287497841637655,2.5633943028367416,5.78647704764009,2.246681186048812,5.9161023271758015,2.714284063476759,5.905389095639754,0.8793777538506153
TCGA-55-6980,4.483377622908939,5.617112857441864,3.28245138250521,3.771387581679181,1.8413429694168828,4.854534937105296,5.999678222332484,7.48930028296078,1.0182334133854625,1.8413429694168828,5.947199130809967,0.0,4.657117266610838,4.587607867325463,0.0,2.717789288522943,4.222403508288132,1.0182334133854625,1.0182334133854625,6.410876938098657,2.973875137198682,3.9222445866183278,3.5179250457950597,6.355609272632301,3.686466545389646,4.605444148456947,4.854534937105296,3.771387581679181,0.0,5.866187564341137,4.037825355810255,5.234104125834385,3.989916944612875,6.306828053852266,1.0182334133854625,0.6335033276324303,1.9725798998957425,1.385619133204823,4.79783803483619,2.927640781416872,0.0,3.4071032410254127,6.972071900501809,1.8413429694168828,5.777153746941772,1.8413429694168828,8.649837690867253,7.438089369136171,3.28245138250521,5.210250887679586,2.19250233396385,4.3781616753316355,5.919842329059876,1.5121998755068466,5.83307531395799,3.9222445866183278,3.9222445866183278,2.927640781416872,2.7745181097740392,4.209353382929874,2.593641466084776,2.286628460369784,5.2665686682334565,8.534396364625858,3.750823205496269,6.393284687050047,1.0182334133854625,4.4529579594789555,4.503154071580655,0.0,3.060395786879713,1.9725798998957425,4.169150505023343,5.886031806619783,8.98066931276113,3.886610834017409,6.617524628328783,0.6335033276324303,5.1956587530185505,3.346720076318899,4.421585031190333,1.0182334133854625,7.198176097642409,2.7745181097740392,6.346351894247175,3.060395786879713,5.662140699763374,2.19250233396385
TCGA-55-6981,3.483664839559102,4.289497334636698,2.7670923950692665,1.96576879719126,4.01432685423607,4.6576297999604535,3.3390737201803047,6.0262475435304115,3.982138446597915,1.0131996330421769,5.7498673956511475,0.0,1.8346912366115675,3.0105322121655904,0.0,2.185455593736221,3.3390737201803047,0.6297813049381256,0.0,6.825650029063293,3.483664839559102,3.5859520870589057,1.6838029943894073,4.99969567405787,2.3654753815422596,4.445124665678534,0.0,3.369713594492078,1.289673322515465,6.121145410952432,6.089840477239137,5.76650998189761,2.517978690848194,3.9488793872901535,1.0131996330421769,0.0,0.0,0.0,5.294540242186504,1.0131996330421769,0.0,2.7103874675656967,6.180960307649937,3.2748250635059377,5.244895492551962,2.185455593736221,8.414779440889342,4.737583453743919,2.3654753815422596,6.327529557966895,7.507239921630066,3.982138446597915,7.355104217663066,5.4642046168785665,6.595373327246915,6.225322493739394,3.0105322121655904,1.289673322515465,1.96576879719126,1.289673322515465,0.0,1.289673322515465,5.511374217711208,7.870372189524196,3.132437374633781,7.926710896566108,2.5863118535024934,5.730154976255592,5.285693013682597,1.96576879719126,1.8346912366115675,0.6297813049381256,4.8397599784265495,5.095472642931635,6.8776032408109495,2.9201408940030458,7.181728817373639,1.0131996330421769,5.3909922588486525,3.052840130560409,6.083859117013219,0.6297813049381256,5.4862523054581835,1.0131996330421769,6.002673985942002,2.9201408940030458,5.520055931330745,2.5863118535024934
TCGA-55-6982,3.100227414883439,7.23525163838741,3.288864467077551,2.8137186693377734,3.5045208238940564,4.909657751754933,3.7491322421028586,4.396949729331737,4.210269576529081,1.3259072111047956,4.959264803746717,0.0,3.2176230404614143,4.047151621811411,0.653314280058222,2.4105960930128356,3.140909959064815,1.3259072111047956,0.0,5.907824752668009,1.5448993912965292,0.0,5.078194249127324,6.829485581929262,3.140909959064815,4.250498947575725,0.0,0.0,2.0086300532253496,6.3322489017418135,4.7868331926521694,5.3571002934851,1.0451060211449685,4.4413598347287895,1.3259072111047956,0.653314280058222,0.0,0.653314280058222,5.475806432310005,0.0,0.0,4.755605400586379,5.280341769215699,3.2176230404614143,4.063129055069179,3.0578240538609758,7.757816460734807,2.229670254926527,3.4177234049194665,3.476416165207829,3.7047651063441496,3.355366334982842,5.12312434129153,4.250498947575725,6.875276507777575,5.2173892670307955,3.6583351914657483,2.6323347838544318,3.681819591828702,5.308109269010505,1.5448993912965292,2.3242193751191955,5.237186366543805,8.910348173209439,3.447501919537929,8.407050146564243,2.8675408834176306,5.6059123543316955,3.871521792785216,0.0,1.7244437619431878,4.362298304617593,1.0451060211449685,5.984955911820147,7.2952125481974015,2.967199045231685,6.634378397635414,0.0,4.196493426042944,4.196493426042944,4.139403966228436,0.653314280058222,7.147102833441998,2.6965240292635873,6.056561506040139,2.8675408834176306,5.065300231435528,1.5448993912965292
TCGA-55-6983,3.8447008803239897,3.5361157286872684,2.541767334125734,3.680153997795578,4.934063777085754,5.056424133395961,2.743352992804597,3.7238966332458197,0.0,1.9933933370543824,5.287908380528667,4.080178022304523,5.776509255308699,4.333063518049036,0.30350620779866627,2.3243367999918756,3.9248484072218957,1.1402979101552164,0.0,5.4732533839308495,6.546927437976907,2.2890134129639508,7.339771434322373,7.755784300577255,3.765808087317526,4.622115794714233,0.0,3.1652640554195517,0.724548943699477,3.9248484072218957,4.50382050505718,6.370471025802306,1.247692995015479,5.601594698311609,1.344664748897569,5.674782682805896,1.0199297666336409,0.8831061644831113,5.0984385796657214,1.8981894128439016,2.5693014119805864,3.706628503673765,3.8522581389161776,3.3430384674886233,2.174910799739635,1.659237091186584,8.635564498451522,7.039414920973864,2.9489079259005213,5.256348881725535,6.074628532368718,3.2374266886430654,7.077236415969573,4.712085492332217,6.327063187969798,9.365795914385565,3.605921668392614,1.7858252297398636,2.3243367999918756,1.344664748897569,0.724548943699477,3.367785365316913,4.69925233934923,6.895919511810467,4.225020423361185,3.6437251721068264,3.9456357153930766,5.24519608662303,5.366541275792623,1.344664748897569,2.720268585040082,0.5360254247877329,2.391428956620651,5.109206816602952,9.837604127420501,3.910746190646965,5.738686190664081,6.2547975729438425,4.859920925604812,5.183495567100698,3.4610719183134675,0.8831061644831113,8.2779482049361,3.556564464228681,6.275695671883504,2.6476347240801448,7.180115570136106,4.926376488938871
TCGA-55-6984,1.869414713793659,3.8438255318141348,3.3144841420433444,2.6886091084445063,4.228900221772779,3.7833165255973706,1.039640466891539,4.611494147524779,0.649247538269927,2.2221014547915963,5.557808276113078,0.0,3.0497326504849704,3.5236155842414276,0.0,1.039640466891539,2.6244584251520835,1.5382211413431115,0.0,7.0127367228013116,1.3196736737779948,1.3196736737779948,2.1177724359848,7.6482534934220086,2.748884995540546,4.228900221772779,0.0,2.2221014547915963,0.0,4.33013184363401,6.082056796780126,5.691193565815788,1.7174668646462,6.179434703814306,0.0,2.748884995540546,0.0,0.9796785912543302,4.723104321339452,0.0,0.0,1.3196736737779948,5.9434710655027025,3.0497326504849704,5.3658825527104606,0.649247538269927,8.006090862704298,8.892355780794297,2.402864722784384,2.9591460869859474,0.0,4.41101245725995,4.947723892925173,1.3196736737779948,5.459602535275894,7.652602671127599,3.2457163728951754,2.001277276960452,3.092123686796531,2.9105827985122956,2.2221014547915963,5.51262600469941,5.004483074611057,9.12420170497348,2.6886091084445063,4.59316035582137,1.5382211413431115,5.566480171553444,3.9892895554472383,0.0,1.3196736737779948,1.3196736737779948,1.869414713793659,3.5761278022910856,7.778450139497076,3.4962863248742577,6.96766435073603,1.869414713793659,4.94121375931775,7.089535022355039,6.492314074688881,1.869414713793659,5.802063993233729,3.0054647588983707,6.476964670552404,2.001277276960452,5.883216533303644,3.092123686796531
TCGA-55-6985,3.7736180419405403,5.7340174236635235,3.086281136256605,2.8574984130667898,4.315894844957747,4.63704668863535,3.946352932004863,4.61512051684126,4.879744222278792,2.3334440205800293,5.341726411764989,0.0,4.130258532069769,3.9318256327243257,2.661196161433532,2.6164172519902107,3.5646871730542995,1.5542000061794847,2.22018126673923,5.922618093472842,2.6164172519902107,3.9747874538288666,4.029341933403219,6.481943065376436,3.645799704448253,5.116027809242093,0.0,3.3538227152029823,1.3825624060302124,5.120493679156494,6.33184698605689,6.1724477086504566,1.1752028908298222,4.46384737609277,0.9132862228538563,2.899452623965661,1.1752028908298222,1.905668343335838,5.969469418035403,1.700667048824716,0.0,1.1752028908298222,4.809269542323607,2.7199194816723,3.2436425810513314,3.453062179377231,8.426377496267012,3.8869349146465826,3.327396541825654,5.314382626422145,2.899452623965661,2.899452623965661,6.466979523440729,4.8451236556147625,6.528808433024746,8.980114298711069,3.327396541825654,3.086281136256605,3.585589016587374,1.700667048824716,3.2723445512866833,6.341096245523311,5.965649179463976,8.070752952062989,4.029341933403219,6.27025470338811,3.086281136256605,5.956031651109065,4.569775105760582,0.0,2.043347934031597,3.9021241732488985,5.969469418035403,5.4704496889536465,8.37437999870776,3.3538227152029823,6.750700218856069,0.9132862228538563,4.815333862010135,5.879739375485461,5.022208070448872,2.043347934031597,7.17489274894221,5.865030763899119,6.1724477086504566,3.4992190336162747,5.950720674536128,0.9132862228538563
TCGA-55-6986,3.639268953560602,4.184797510206528,2.6448547776050626,3.4274010471587917,3.3539764855472765,4.6107943407383125,2.6448547776050626,5.029712167900992,0.5462120724362476,1.5672816949007087,5.240370406593187,0.5462120724362476,2.591868382812798,4.864715095190577,0.5462120724362476,4.454685611111605,3.094472926188603,1.6790572543141573,0.897515576547821,5.65812589567638,1.1569440878961597,3.3018483901603046,5.752426596415928,6.245205196399569,4.151039905898646,3.829903642998942,0.0,4.1911944651350925,0.5462120724362476,3.639268953560602,6.437026586941892,6.322491628600442,3.188655764043382,6.41347862910501,0.5462120724362476,1.3627698160729336,1.3627698160729336,0.3046129331117626,4.80105764179543,3.639268953560602,0.0,1.1569440878961597,3.4735180432417816,3.0609955320060194,2.476639235369573,0.0,7.980697560899115,4.411528396453698,3.712862058610644,5.462721018839469,2.4136254477830366,3.429522413413059,6.023602544635789,3.580283153390102,5.5341006982086824,8.839169438457235,3.3018483901603046,1.1569440878961597,2.788806500262615,2.591868382812798,0.5462120724362476,2.0203150159069527,5.334625187500967,7.4155422908394115,3.747723668415686,2.274278206778511,1.9189793192387747,5.437748819534985,5.015350825149802,0.5462120724362476,2.6448547776050626,1.5333556850280412,5.31695264609221,6.478062537663932,8.101583803648051,2.476639235369573,5.904835824169679,2.274278206778511,4.824675125576253,5.8820904321700365,2.5359086517540326,0.897515576547821,7.445277359958696,4.319191994439771,6.229577495830093,2.832530758206315,5.4767731274390306,2.1123200702457754
TCGA-55-6987,4.241367039529,4.413619774014792,3.247171694023048,2.7163027218541713,5.314835193023568,5.144880598491783,3.4680270261709816,4.769658674630254,0.0,2.508981185229176,6.046657976073497,0.3023982562874615,3.5524381174202624,4.790404164229081,3.1461244705537728,1.429832663134374,3.3758317092845203,0.7223661192291653,0.5342686754924574,6.037216768063963,2.6926793390114794,4.266453031423136,3.2875358409649427,6.3638019419812855,3.6937401219052033,4.564201305680647,2.4194877412231217,4.231154325113508,0.0,4.347321311784785,6.359534075493096,5.828895616360166,2.8474004645463262,5.072326014094688,0.7223661192291653,0.7223661192291653,1.137384183168648,0.9553575870380567,5.580197641071981,0.0,1.5860055054509783,1.2446731914523117,6.392583557935763,3.247171694023048,2.805582153365453,3.03370220480562,8.02938723693555,4.31951938244539,10.157024509170132,5.151034714398598,6.673619028737867,3.456956854477282,6.552306725576162,2.087174068488054,5.961020803421234,8.943246239297036,3.387831792113268,2.2486145337185155,4.246434548850247,2.130051477631187,6.476989285823413,6.052639605641622,5.2105948276518035,8.624045593657646,2.537854824106096,4.736145815430458,0.7223661192291653,5.889348761615045,4.729933248920758,0.7223661192291653,2.3545986279460793,1.0172214504525956,4.001357182627416,5.008352690938703,8.745230349481496,4.443115854430331,3.0087472106314856,2.210634264246137,5.250276671456479,6.822987927736871,4.799173247555884,3.050556576586585,6.221528099887358,2.450418719329327,6.481325949188178,3.050556576586585,6.685751078361354,2.8676716034864733
TCGA-55-7227,4.0900386383569645,6.9353218066999425,3.330499486018708,2.6483426586399257,3.3054644458424307,4.73309715311777,1.4941168436486365,5.208146458036738,3.330499486018708,1.7643197534692734,5.611334528084789,0.0,3.013100567715083,4.157142506935021,0.61144893657544,2.0682415553323907,2.942763892781746,1.1227519028545898,0.0,5.9556663703893635,3.8994644761807504,0.0,6.289091999905628,6.123378382191408,2.696092323140821,3.811747317870037,0.0,3.71559197653172,0.0,5.542513743726575,4.885117421566486,6.2364106852497025,1.3255619209912703,5.534361348334756,1.1227519028545898,0.0,1.3255619209912703,0.8082599876604499,5.291544482260608,1.638316871984477,0.0,3.1101139756727063,3.4020503511135933,3.330499486018708,0.8680244304646635,2.5981981320220253,8.085920924842133,5.189060380611087,3.1699292484670134,4.970195171098234,0.0,3.9270712110975583,4.623972312950688,3.8565673763211774,6.038123871220816,6.656442422128568,4.167901668391298,1.7643197534692734,3.1985465789327634,2.942763892781746,0.0,2.3009938276025528,6.511351492814408,8.328262643271657,2.905648910114781,6.7431989813409965,1.3255619209912703,5.702278010183517,4.751173480107934,0.0,1.876207842305195,1.3255619209912703,4.67035849596716,6.0769355716970805,7.488159202838309,3.663810333153183,5.715365135899267,1.976827251690035,5.3813249055316446,4.279187936559564,3.6277351660443804,1.3255619209912703,7.929904002752292,2.9785505087952084,6.3081530848253005,2.8270177201662534,6.004590523326888,1.3255619209912703
TCGA-55-7281,1.8129010689814304,5.863622652834506,2.4209368557833786,2.89558039160355,1.8129010689814304,4.9377921627197185,3.8890245569310142,6.148972442318764,4.18033110869673,1.485868166015983,5.369125256558548,0.4509482227105763,3.1693493897177993,3.9346158540807807,0.0,1.485868166015983,3.1451087176903347,0.760618895674958,0.0,6.168256259121057,4.239542427796752,1.9834536322686744,3.6081410878594022,5.67927801103137,1.1875994902079907,4.255835380060825,0.0,2.368990620190657,0.0,4.419458489157745,4.802363934779733,5.004939101551375,1.7153102970646488,3.9120790038602045,0.996727208164499,0.4509482227105763,0.760618895674958,0.0,5.606628930232125,5.748819573130922,0.0,1.7153102970646488,5.3979047496990065,3.2387333526181075,1.8129010689814304,1.3478133743016092,8.470866490428197,0.4509482227105763,3.988826626767021,3.8534145996813733,1.3478133743016092,3.1202658065805515,5.741530950754,2.470317409144692,6.7180598015380895,4.466366634209914,3.1451087176903347,3.4031887309427478,2.5173738399255017,4.060099848224689,1.3478133743016092,3.0947899680996693,5.929400295772071,7.738496837053623,2.6861589942413935,6.6621066269778275,3.1451087176903347,4.9045560016617635,4.370241208562908,0.0,1.9018089743720128,0.0,1.1875994902079907,5.793211759482626,8.606607844888767,2.7963418692803113,7.4029453013276045,4.3916316088686,4.2718671222293425,4.019996304791928,3.3645403128959734,1.485868166015983,7.168918822873109,2.470317409144692,5.827362011426393,3.3036139533184863,5.063151840006501,0.4509482227105763
TCGA-55-7283,5.1264489844571175,7.559976292929437,2.7103874675656967,3.7519481455809194,2.946809850638757,3.852597789037365,1.8739230032816787,1.6114359150967734,5.523953808027936,0.4063313994361222,4.113499921261842,0.0,3.0228074115290346,3.2410834010922858,0.9704379499446015,2.835569389928551,2.253531394102389,1.1002775679871708,0.0,6.121696439864658,4.702959109349546,4.137629122137733,3.498934916086428,6.149896762352981,4.3065350134113825,4.507825237445229,1.7068005300008642,2.4001744915865593,0.4063313994361222,5.009781596466775,6.420864257011676,5.531922009344103,4.333203969976314,1.7068005300008642,1.8739230032816787,0.0,1.7938406354318797,1.4743968093414361,5.026364275876697,2.1422754858512034,0.0,0.4063313994361222,3.3523187135763672,1.2545613504367474,5.737452555100039,4.272165729660467,8.64085049528109,4.313268557049265,2.6413831941227395,6.758851476852961,1.506031042722224,2.1422754858512034,4.632337782059002,0.6943963999603772,6.195881851620623,8.789722538999666,3.528789924175065,0.4063313994361222,3.4524100061293086,3.543391147365331,2.081626652585173,2.199455420487579,6.116179060030818,6.4970087486842365,4.445124665678534,2.1422754858512034,2.605005520346052,5.915999885836857,4.944125052617295,0.4063313994361222,2.5280299941700872,3.4524100061293086,4.258080584095709,6.703231057104038,8.826445445765835,2.253531394102389,6.001385174549711,2.7103874675656967,4.421313451411503,3.820159877707492,1.1002775679871708,0.4063313994361222,7.420980022557352,2.7103874675656967,6.924159983007414,1.7068005300008642,5.114021862802068,0.9178095778434249
TCGA-55-7284,5.260999641563655,5.438396649869579,3.7844100641671834,3.3251475252710923,1.4150275799427632,4.654874218167207,2.06135394288118,4.061039384404311,3.45135486459335,1.7491650715956344,5.620549405409221,0.0,4.907694071809004,3.9828784079933937,0.6520126372013902,1.8402797557139396,4.497855540038519,1.2508468481945285,1.6795794572764708,6.530024494231673,0.809462472941294,2.863240340504131,3.9944247744808457,6.980066638192915,3.400690586596561,4.823654901761535,0.0,4.205778596668306,0.27132400583896293,4.255629730949958,5.114959272735149,5.38269068358202,5.176658077920708,6.6474432073257725,0.4844611143346622,1.1574156451440873,1.4880157632289237,1.4499965951668723,4.761652431317084,0.27132400583896293,0.809462472941294,0.4844611143346622,4.720853240448834,2.5767943127909954,5.739130313287843,0.809462472941294,8.317680713849601,8.57726801506253,4.937196841354129,4.68984216204529,0.4844611143346622,4.2878189718742625,4.734644610234058,1.4150275799427632,5.517794203674622,6.899502316783411,3.7701460279422845,1.3363159913136493,3.710958899256816,1.9346469567766025,2.8083901347031643,2.6673393115206836,6.105324341351662,8.58609219183077,4.340350108478746,4.518460218115624,2.06135394288118,4.47326832210301,4.210415021144621,0.4844611143346622,3.6217348734846024,1.1574156451440873,4.3604556447457385,5.827376740507048,8.571971107451573,3.639901897387616,5.3487775640066895,3.5365467041836642,5.420632339667299,6.847915036959424,5.420632339667299,0.939342975404308,7.009219212815937,3.2792745388164333,6.651478846006982,2.645458228653324,5.838834793419303,7.298850973123
TCGA-55-7570,4.324262449156019,2.9139363632518083,2.960141364683172,2.179637493909168,2.840364186320294,4.407277627926117,2.546683548654644,1.829183697874054,2.273629908538625,1.3987415721716459,6.153338893906958,2.3175032617012534,9.954874342552825,3.004300461568838,0.0,0.6267402483623467,4.120116267179572,1.5009168519565883,0.0,6.47532485264352,1.1564408482805821,1.829183697874054,1.0090157548563534,6.574333584721672,2.359541819829871,3.1451087176903347,0.0,3.7572411264366017,2.546683548654644,3.2685151522060396,6.03546468597305,5.918372212865577,0.0,4.478994530616345,1.3987415721716459,0.3616525351515112,0.0,1.32625238203421,5.874042696216527,0.3616525351515112,0.0,8.333489079333017,7.1717259448034945,2.546683548654644,5.013664036156265,4.929099806113737,7.63375679641303,3.726245082275943,3.199872398126163,6.240242706220121,4.790736472946935,4.941628136792977,6.02182157437247,1.3987415721716459,5.617040152377197,5.573328247460055,3.2517920913097638,1.3987415721716459,0.8360346681084928,1.3987415721716459,1.2849258667316017,1.6784601168241715,2.7330094448100124,10.069891425857708,5.283599589461087,1.896794932061936,0.0,6.452917662174875,3.3327507895089035,0.0,1.5936336808891332,7.755480191026942,5.146365933270932,3.9424493923742667,7.806427716167672,2.075897769931469,5.482607817131238,5.053413773451263,5.494155494853639,6.5497065346687995,2.075897769931469,1.6784601168241715,6.486011387540353,1.1564408482805821,6.574941940422002,3.4637589499155053,3.899261928125532,1.896794932061936
TCGA-55-7573,5.025990136147556,6.72391056276961,3.8423834963447323,3.9247358536477566,4.677351302948099,4.507245290792886,2.197935435727625,3.955867627204564,1.224334099067805,1.5473497201206787,6.865279834933959,2.104841221312551,3.118715100168372,4.071521076724833,0.5881199426922393,3.187120932986053,4.452810068812974,0.9560113200690874,1.224334099067805,5.653285354465913,2.9660305110941216,2.4343411606613747,5.448395479004865,7.35131867568896,4.615912282519994,5.434520811060109,2.625407449575566,4.189109138666524,0.0,4.809717901540212,5.051930776503427,6.512544415936579,4.280229208112563,1.7585128754344193,2.565687546471436,1.6100777077214397,1.7585128754344193,0.29587343147807,4.860602789599369,1.224334099067805,0.0,2.625407449575566,4.615912282519994,2.879956596803936,2.002168952017505,3.497283018297856,9.212198644318146,7.496896581503828,2.9660305110941216,5.395330640718035,0.5881199426922393,4.234894599765767,5.937277596448206,1.887751234881781,5.11639373057309,11.316583276877832,4.54195665333213,1.4357033813774334,3.589837821089271,2.361580152500618,1.887751234881781,2.565687546471436,6.979014912754508,6.660349772331407,5.33544454362932,1.6100777077214397,2.2830964164101832,4.199492555298603,5.5775047107429865,0.5881199426922393,2.104841221312551,0.9560113200690874,5.304100611303764,7.197188317597564,8.61275788428391,4.111660439987332,3.0986904057982683,5.820880831529108,5.661671455255786,4.966432591416523,4.0153662878383924,1.6100777077214397,7.9714033826141515,3.4727425488252512,7.478062283077685,3.8594046229727352,6.539980386490105,2.197935435727625
TCGA-55-7574,4.22644972993789,5.961979092176458,3.6247461841843345,3.3870004132608096,5.766184339769166,5.163894147793355,2.8259043453414296,1.6032186126201835,4.0493541697677475,3.91015125479535,6.696761370932842,0.0,3.1105241735543463,4.141816397460235,0.9507308051876933,1.8804874276040227,3.4392860440312636,0.5843362747017656,0.9507308051876933,6.4896197388977805,8.26408773162408,2.7777255063449338,3.6661940756805538,6.307602872469538,4.10323162173196,3.833998759289835,0.0,4.17115744423506,0.5843362747017656,4.006951294139531,4.425518262549838,6.072180105289914,3.2429087076896157,6.912911960417069,2.097318296064871,0.0,0.0,0.0,5.346021226617047,0.9507308051876933,0.0,1.751423467705181,4.781448519234761,4.507560664723118,4.471925609370782,1.751423467705181,8.353426424870015,5.04852820303063,3.900401739339922,4.7544691150843255,3.6247461841843345,5.159342614257448,5.509716218091647,0.9507308051876933,6.875086415509935,9.938367125792748,4.346471993260018,2.275409149488295,3.464438186129571,4.076655699351017,2.097318296064871,4.20109061757634,5.346021226617047,7.623568630040994,3.6247461841843345,3.4392860440312636,2.426526902188223,5.397642204091516,4.462814833630496,0.5843362747017656,1.994768338121884,1.4291622613470665,4.9180886256079495,6.009869138784087,8.939465595618545,4.788083234483001,6.619763825343599,1.8804874276040227,5.909530259858635,5.263218546708641,2.1903230386339487,3.413484913126302,6.786825296879881,3.8166854252484343,6.378786050979857,3.145298173607954,7.294873100272242,1.8804874276040227
TCGA-55-7576,2.5048563250956204,7.274063671889108,2.7667969824479712,3.0693776387215994,2.7667969824479712,4.585189902912058,3.533298168124162,3.6414444962374906,3.654176719507941,2.3923526681773923,5.339348939105281,0.0,3.353959012835284,4.182329492932257,0.2186534860413449,3.1028677131020554,3.6667463132794693,0.7983626857042553,1.4864563880188717,5.537101956571988,0.7983626857042553,3.3013549466882344,2.3772750386254895,5.856492116687055,4.186051287679225,4.813760348614771,0.0,3.3624634833286424,0.39797042634590396,5.11616579530572,5.264414090732938,5.174532606520993,1.8135372687696156,1.4864563880188717,2.120055514565091,0.2186534860413449,0.5499694108836173,1.6743638585129361,5.750363852044787,0.2186534860413449,0.0,0.0,4.910129641164612,2.3068061716932657,3.1245871231774243,4.1128276919130995,9.012360054200249,3.37925506686648,5.473530384104697,4.6146689297426375,0.2186534860413449,2.5056565407065974,4.411354827802917,3.81723968680809,6.108569575191391,7.289528606833459,3.547474287384837,2.3068061716932657,1.7304867207562415,3.3191988737687437,1.591314674174411,1.591314674174411,5.888830865811303,7.819383156628632,4.565042741878515,2.05959591345913,1.3693007847433196,5.905612497838199,4.408383714927614,0.0,1.6398895198899288,2.7667969824479712,2.2821680769997763,5.804836731677099,6.72108467879383,3.1870466071829906,6.906172026298799,1.3693007847433196,4.331087225030159,2.7667969824479712,4.067846570915872,0.9027190518440603,6.606686672019086,1.3693007847433196,6.214198014349211,2.421638432583748,5.552505993692575,0.6818334206596719
TCGA-55-7724,5.592981259271103,3.9722560211651636,3.2600216069636008,3.0929542610524536,4.14510421424789,4.943633296646626,2.946337176449521,3.0464301407099255,4.929237223889304,2.199000776737475,4.943633296646626,0.0,2.3997118037247684,4.250469007178499,1.5867423045019118,1.0999447339018884,4.822263471299573,1.7934247485471162,0.0,6.313732811815587,0.0,2.8922644101438535,4.20666529924367,5.131890812219245,3.89378163873012,4.42081816920473,0.0,3.7631563405722623,0.0,5.077165580352096,5.725253643802415,5.413639599132823,5.131890812219245,11.254341247115999,1.7934247485471162,2.3997118037247684,1.0999447339018884,1.0999447339018884,6.06345492159069,0.6941466808930289,0.0,2.3043834749354253,7.0442859193631175,3.7631563405722623,6.335277630802364,2.081190012213953,7.535157878072713,4.899830354794864,3.89378163873012,5.216928336322209,0.6941466808930289,1.8083215575270333,6.361571871335051,3.4359240372903743,5.1436557228676465,9.290970599333917,3.7396248484316525,1.3877932372436264,3.6908325455884765,3.4031321754076926,2.199000776737475,2.7099217819349914,5.9100809408316035,8.861507455944244,4.096312624316799,5.367969354103594,0.0,3.467674647219639,4.586949187257771,0.0,2.3997118037247684,3.7396248484316525,6.457198135190231,6.442946135007233,8.450486989221428,3.2207979763508527,3.2977646362902173,2.8350997988750226,5.280107570023125,5.592981259271103,4.838271988916179,1.6110366337977975,6.9556879327374395,3.9337884110963244,7.2390570287874105,3.137409771385109,6.270924157581032,2.081190012213953
TCGA-55-7725,3.9602530127390145,4.41803064130807,3.685511288206169,3.0914241986661213,4.207323483988015,3.9602530127390145,1.4234215382011741,2.9911015683692965,0.7180348960677243,2.3027950709471323,5.716524285239879,1.6489854952365999,0.7180348960677243,4.653884156778691,0.0,1.4234215382011741,3.3796774806952317,0.7180348960677243,2.1226087839554295,5.196406449732226,0.0,1.8329174073129513,6.6352954251119645,5.148395233800741,4.018575210741712,5.004677582122008,0.0,3.0914241986661213,0.0,4.559521980692295,6.64061934820088,5.098737742317802,5.258416822361996,1.4234215382011741,0.7180348960677243,1.13166014271431,1.4234215382011741,1.4234215382011741,5.75614086829078,1.8329174073129513,0.0,2.684815691629296,3.5134242697372593,1.6489854952365999,1.6489854952365999,0.0,7.695998980159272,6.048007910732207,1.988216755279759,4.653884156778691,1.13166014271431,3.266144832665694,5.105126957188974,1.8329174073129513,4.827913657280962,10.328094939239298,4.073684267234113,0.7180348960677243,2.1226087839554295,2.5300871322852077,0.7180348960677243,1.6489854952365999,4.405284071550628,5.997098645725075,1.6489854952365999,5.643724567226829,2.1226087839554295,3.854785764952048,3.631374803870493,1.13166014271431,2.442712186084871,0.0,4.810955958925918,8.402675319306809,9.660581248130752,3.5741389726916233,1.13166014271431,2.3469655486747776,5.863176526806451,5.166898027681201,3.3796774806952317,0.0,6.8767670656191076,4.8445807097661735,7.077346143297273,3.04252043505275,6.277980940419746,0.0
TCGA-55-7726,1.6931538654739329,3.1043848643810072,3.0214438789898854,1.8443361064454786,2.1956455535563015,7.145960826773004,8.297177244045836,3.350139147365115,5.844346993431468,0.0,5.114899208706877,1.020506592664488,3.6211304515583143,3.960129126169399,0.0,2.2898138872116656,3.6899214110881813,1.6931538654739329,0.6351472362619566,7.8798250293232845,0.0,2.1956455535563015,1.6931538654739329,4.5164023582506845,3.6899214110881813,3.380790571884493,0.0,2.777843640937678,1.020506592664488,4.660633274687237,7.017819713844446,5.29710663390698,1.020506592664488,9.576170281043657,0.0,0.0,0.6351472362619566,0.787502359041091,5.336306552452071,0.0,0.0,0.0,8.020211299470898,4.00962147419204,6.412960472288674,0.0,7.538729139110792,2.0916788593443143,4.041305885892155,2.6609376289880173,2.0916788593443143,2.2898138872116656,6.581328220201123,2.375872728763865,7.163288573097998,6.005401968446569,4.025589162536489,3.1434106244043716,1.9756353729542468,1.9756353729542468,2.5969249531098932,3.754283225814253,4.238776741464335,8.636984875054548,1.6931538654739329,5.889564703079136,2.1956455535563015,5.133377862763834,2.528524731610257,1.2979821383972128,2.5969249531098932,0.0,4.476842374080879,3.8717737635204608,7.399116698180516,2.8825019834060255,5.538797762515521,0.6351472362619566,5.090622615620624,7.643089921387365,6.105250717038649,0.0,4.116386510431981,2.5969249531098932,5.515684265084792,3.49478486635775,4.334055447551178,1.9756353729542468
TCGA-55-7727,3.8074777129411497,5.439634620537924,3.471739718773668,3.975816248915309,4.693702905149642,4.205513178162904,2.1209912713366306,6.646139834079282,4.804848571091311,2.1714052190952002,5.3609493839617794,0.0,3.3507072734061794,3.700054282488672,0.0,2.559287203835521,3.4130534861336876,1.541094829788646,0.0,4.931700306008113,4.058383995677712,1.541094829788646,3.904472572514828,5.538164630832479,4.519892214872971,4.750819113836438,0.0,4.489460748939331,1.322368985303636,5.710152145163878,5.660311140399327,5.270833110945788,2.962620065437112,1.541094829788646,1.0420066631889888,0.0,0.0,1.8144337862669273,6.025489091219783,0.0,0.0,0.0,4.104839299314742,0.0,1.0420066631889888,4.403468848485737,8.082899504388571,4.9116396646911635,2.4061970808677535,5.482512167723671,1.7204782672230914,3.7868973284389487,2.692022440025013,3.175375246142185,5.334755365386821,9.107737162564344,3.9584503804083897,0.0,2.9140448807937753,0.0,1.0420066631889888,2.8629891415989506,5.780545965416341,7.934452573776349,4.3921811526002426,8.959533957491557,3.847411948326572,3.904472572514828,4.134652824804698,1.0420066631889888,1.7204782672230914,0.6509701016607592,7.7624003679752045,6.322498810431846,7.7342963427126135,3.9407795441948186,5.482012978895135,2.559287203835521,5.685543823711171,6.302534723111503,3.2492343072803096,1.0420066631889888,6.615893818375406,4.718579225209489,7.643157027438918,3.2129865168879683,6.460550567979896,1.322368985303636
TCGA-55-7728,2.9328510450147354,3.909978917703573,4.252374849487892,3.1452852572991765,4.434960582453318,3.8247883307821775,3.1452852572991765,5.0512268620703535,0.0,3.3200054027182064,6.6012138142481325,0.5544022208825352,2.2915747004739933,4.23106274662741,0.7473038715119003,0.3151026680277731,3.8950212919081597,1.1701884871573316,0.7473038715119003,5.947833924582091,0.3151026680277731,1.5484982409947445,2.7842702270136193,7.326577449691723,2.662759905242403,3.9464263645107613,0.0,4.140962527605215,1.760561157057638,4.719676748753568,6.151103709052661,5.372886660847761,3.578542688547987,5.498716206879112,2.431180574024682,0.0,1.760561157057638,1.1985179536429722,4.852506712899774,0.0,0.3151026680277731,3.872152641297358,5.360780297638112,2.0370427838881366,1.0480906263205296,1.9875318237461328,8.048229021745165,7.972614280844855,2.39806798515546,3.4099820168544097,1.0480906263205296,5.820047321409765,5.566124484088059,1.760561157057638,6.078252149061846,8.36489246603424,3.70467898164784,1.6242871152843061,5.126567729559022,1.3771274732950733,2.2915747004739933,3.4577793330832702,6.112473485053144,7.837432017170089,3.279417619725166,3.6769510932486407,1.1701884871573316,5.024794576654166,5.50174380690944,1.0480906263205296,2.8068935259317715,4.01556286469652,2.9328510450147354,4.71304653428336,7.7286490272846295,4.44804960035327,6.450092783707157,1.2790153396394337,6.024171301964796,5.905345499147086,3.599012184761291,2.129278776527008,6.72903522896985,3.816672224799619,6.073997996461361,3.09625611132029,6.4509821395357285,6.054190489015893
TCGA-55-7815,1.6110366337977975,4.5345803257073705,2.774468204905185,3.9139850793016753,2.8350997988750226,5.259488176739487,0.6941466808930289,2.199000776737475,0.0,1.7081966844573642,4.37142437886381,1.0999447339018884,3.4031321754076926,3.990948781873861,0.0,3.179972821239903,2.199000776737475,0.0,0.0,5.107937428035919,4.907257995747473,0.0,4.444629298873944,3.2977646362902173,4.14510421424789,4.096312624316799,0.0,3.6908325455884765,0.0,5.211478701915496,4.6933275727242965,6.366748759514584,1.6110366337977975,3.58546426729863,0.0,0.6941466808930289,0.0,0.6941466808930289,5.457314853036955,0.0,3.557291885324874,0.0,5.1436557228676465,4.096312624316799,1.6110366337977975,4.7381876965978655,7.98782674394498,3.7861468083114347,4.957818032042109,6.328147475817772,6.077344033751357,1.7934247485471162,2.8922644101438535,2.48673830461697,6.1861468936001565,4.236079918453479,4.3194634945192965,2.081190012213953,3.0464301407099255,4.2786405574179485,0.0,6.801056089922989,6.289856562824458,7.278559926826676,5.1436557228676465,2.3043834749354253,0.6941466808930289,3.179972821239903,2.774468204905185,0.0,1.6110366337977975,0.0,3.8521073822127927,6.124490812177059,7.3264919292835415,3.0929542610524536,4.568930385496717,7.530871549479459,4.814174244148579,3.6908325455884765,2.48673830461697,1.0999447339018884,3.7631563405722623,3.4984481016423126,8.05493548490244,3.0929542610524536,6.124687767252244,3.612864665139986
TCGA-55-7816,3.7546765579039842,8.07644385203344,4.305662465374313,4.049069961212552,2.6006951049980773,6.546662017208111,1.490857058605419,4.155685789960266,0.8286828133526378,2.011309906365379,5.931218135011234,0.0,3.013316756310994,3.7343354948373046,0.0,4.795790545596741,3.5790283151274447,1.2755303841350356,1.3889907226676332,6.2898343022646035,0.6206840088262295,0.3577443718967526,4.410253239254432,5.538644431999499,4.953323927383142,5.112957197845366,0.0,3.979178723715456,0.3577443718967526,5.741521321156469,4.495379873250879,6.147756504192472,3.921228504507539,4.6214863504730275,3.013316756310994,4.79223049712922,0.3577443718967526,2.1020343903324705,4.944174927395986,0.0,0.0,1.147561170399973,2.9919601681011976,4.642427434343799,2.117676191909751,0.0,7.822981444406455,2.426800728380968,4.569376155047465,2.8281416813600306,2.30580988774966,4.1081208979087975,8.029094020973378,5.349305114260956,6.552201135283521,5.115541706664879,4.766940335219879,3.813331314754878,4.546834255618175,1.0007789283193465,3.0747837208604953,3.2393096254816074,4.686998989949272,5.135986654630339,2.0084287744334164,0.8286828133526378,1.5832992548244056,4.233483121928855,3.971102905364062,1.0007789283193465,4.133807233280694,0.6206840088262295,4.938028758325163,6.37908301373188,7.525510586617306,3.681595490342525,5.322443965324271,2.5000251209197013,5.5537499701593145,6.811824606712173,3.886539029792623,1.147561170399973,5.929732750099234,6.310367268324466,6.6553296621312485,2.6006951049980773,6.23002071153467,0.8286828133526378
TCGA-55-7903,2.299440152849967,6.395106327296952,4.1396970784128495,3.7222827983715763,4.945292894379307,3.6854736609791034,3.3810150822996574,6.157720236215144,3.8985486324261283,1.2573808610265522,6.098882943875252,0.4043311320669615,0.9142085656698304,4.77144704561319,1.8833506207998825,1.0962762288705619,2.9144679867230274,0.4043311320669615,0.4043311320669615,5.2695217230267835,2.8299255923776796,3.3288345525268235,5.826931826587605,5.183714269523278,4.415388874280283,4.163225205189446,0.0,4.56271143604752,0.0,5.081031624717987,6.081012703749582,5.430244347792674,1.2502741596927784,4.300618620393304,2.299440152849967,0.0,0.4043311320669615,1.2502741596927784,5.4411008264945,2.8299255923776796,0.0,0.4043311320669615,3.947816699206716,1.9429199686327465,5.33885452050507,3.928400164658699,8.280254929079838,3.7693482248558654,3.537568072993838,4.074102738493286,1.7888552560806652,4.178609114585193,3.6728948787722433,2.2481711449543234,5.8756523805126255,8.26984403390479,3.976253354085456,0.4043311320669615,3.254737055118903,1.7888552560806652,2.3947175017553057,2.3947175017553057,4.462453883786496,8.141766382223196,3.957386352379657,5.294841332134382,1.5013626039475654,6.023588018936195,4.980134848647872,0.0,2.2481711449543234,0.4043311320669615,5.456107131152659,5.936686239742571,6.902263225226196,2.635816369086122,7.036324379776845,1.0962762288705619,5.4582314062643995,6.034385138033585,3.3639211767267727,2.299440152849967,7.225983530136521,2.136979050320936,7.427810181626582,2.481701518839052,5.140616224616309,0.691395647521139
TCGA-55-7907,3.345159516243848,6.110513447885599,2.4127122302395136,2.4804048652779236,3.2588462569120282,4.697557917779964,3.228338908322761,5.139696711249327,2.763510136306574,2.0801288054599723,5.215158558873897,0.0,3.060039517949158,3.2588462569120282,0.0,2.0840185511729423,3.7294646205926445,0.9414515275326548,1.4176476687778865,6.258626897712733,4.4105351282527865,4.653836532968682,0.577680210751232,4.79268655965915,2.9838975182878964,3.819164018993245,0.0,3.544431549748063,1.207646049692232,5.0927988281498795,4.98652018138739,4.8182795629343635,2.4804048652779236,1.5911313654514576,0.577680210751232,0.0,0.577680210751232,0.456538378292165,6.3011068440388085,0.577680210751232,0.0,5.763418372552075,5.46857477662006,2.6596719520840826,8.118260699233371,2.340102433153993,8.076627192022425,2.176863127261005,2.712938235174986,3.345159516243848,0.0,2.811641152003438,5.0435992952977,4.139429457655351,7.624955843479101,4.400991901677846,3.766314919730009,0.577680210751232,0.9414515275326548,0.577680210751232,1.4176476687778865,3.228338908322761,2.9838975182878964,7.798957920074729,3.288454124958382,6.412291062328846,1.5911313654514576,4.937268585600271,3.398824568766902,0.0,4.088319782965931,6.549939684749134,2.261815180450834,6.240507787081081,7.877560237147762,2.6596719520840826,5.930596614443863,1.5911313654514576,4.855485226158129,5.785276436443185,5.852621932021965,2.712938235174986,6.367681054857023,2.5437964343107184,6.234393078503837,2.4127122302395136,5.626739430157889,0.577680210751232
TCGA-55-7910,1.5483494330523775,6.404739082107628,3.1451087176903347,1.728038391670202,4.954001448528663,5.065167670323083,1.728038391670202,5.231702023641648,1.0479854388237198,2.4145914758729745,6.420296185696126,4.751994090428889,5.786897381366708,4.113905330207316,0.0,1.0479854388237198,3.062006786984612,1.8803196462075353,1.5483494330523775,5.38721155327181,5.694728275490399,0.0,1.0479854388237198,7.688633993822857,3.062006786984612,3.9674936624741948,1.728038391670202,3.5886501954549512,0.6553933909480294,4.186844737051817,0.6553933909480294,5.298687298114916,1.5483494330523775,1.3291418296155821,0.0,0.0,0.6553933909480294,0.33511417201164184,6.807607818377067,0.0,4.22818465719315,1.3291418296155821,4.659942421835071,3.9674936624741948,2.012433306641337,2.8178428801966224,7.802740655028956,4.083170699826065,8.911494886517843,5.348340104120014,3.9318256327243257,5.175731566058352,7.984551314369351,0.6553933909480294,6.436387519734,9.362666531234737,4.828905562139429,0.0,2.4145914758729745,0.6553933909480294,2.6364109739600576,8.467082355543718,5.099640792614391,7.6319359021222555,4.241592904199619,4.035224225068611,3.9135039083499255,6.422946593751709,5.5828005780954175,0.0,1.3291418296155821,4.659942421835071,3.875819495934586,3.2218354408808234,8.343299222532252,4.3898658277519695,5.724039247178838,7.797808805997218,6.349656340049377,5.897052214118548,2.5677914686806416,0.6553933909480294,8.094662287469749,1.0479854388237198,6.243951343452367,3.258096538021482,5.315847806537546,1.3291418296155821
TCGA-55-7911,2.493271566119628,7.431495153679062,3.4550351029151063,2.726053825541785,4.132264750572312,4.024915881498384,2.9704862578643674,2.9704862578643674,4.895456364809728,2.191687051278069,5.606860329667147,0.0,1.8383408466166407,5.286462372975888,0.0,2.824843117122252,3.3678611873832387,1.136036517314109,0.0,5.9797562719758215,2.760079557862708,3.272352134742616,3.3307463046529793,5.897582347254808,3.385914524797638,3.2921969160837334,0.0,4.165630580215468,0.0,4.34536265030229,6.391489886465782,6.164772688173356,2.493271566119628,8.396206780427342,1.6542009309076158,5.86061526868299,0.9500349378383158,1.615022290728001,6.341542025553229,6.744554940907673,0.0,0.0,2.760079557862708,1.8383408466166407,3.1667527125927917,0.0,7.718320984328005,3.471596819026917,6.152473086540736,3.0975846428559297,3.1211791997671305,4.651280572281794,4.670227322621395,3.0975846428559297,6.123945700924747,8.307555523667583,3.9463606619962635,1.2928349675536104,3.0734245287694137,0.721345834918624,1.4283236265952108,5.735633146937927,5.038879316535905,7.547818088449627,2.0632994564172327,8.859812212079305,0.721345834918624,6.08979969254155,4.532366132593465,0.0,0.721345834918624,1.2928349675536104,2.4486056700616685,6.183486816144225,7.893176472877232,3.4036477104863048,5.8222023445276605,0.42435228382664664,5.446750302617188,3.2314405569763585,1.136036517314109,3.717816704008534,6.132015308718209,2.4018510746506743,6.64380926420694,2.9147499579204537,5.410203046938336,0.9500349378383158
TCGA-55-7913,1.3531511425266365,5.177256464552767,2.3755381127326354,2.6532701332245603,1.6129318016883563,4.894685576884161,9.493818620729876,4.864144094303128,0.2523139286139896,2.028174562735505,5.5386994764282305,0.0,6.2866254581965215,2.837322536806349,0.45355661557541815,3.772089448328023,1.0012934261440802,0.6210602416650445,2.028174562735505,5.61591254739956,5.521800860075344,3.0886942439258642,0.45355661557541815,8.284496655296461,3.6751176939835153,3.9416944226876045,0.0,2.232377197950549,3.8665066764074747,4.928477573581289,5.118909560655987,6.522031031556752,0.45355661557541815,3.021088080816299,0.2523139286139896,0.2523139286139896,0.0,1.2817113209274507,5.595870558795081,0.0,1.6129318016883563,0.6210602416650445,5.49740999934219,1.7212297030375279,0.2523139286139896,4.298673557936479,8.840512158963955,3.1999417003143056,11.158130181933005,3.5917240729722213,5.7246629522355565,4.258903742325754,5.3217653024105855,3.500741011998417,6.446216521405529,3.267776459126064,3.6380702530606137,1.1015413281739896,3.622859836694567,3.4832718700245335,2.9782147334562783,1.2761167060984213,6.871146272352355,8.123424413768896,4.711276423526227,2.4769332801253032,0.2523139286139896,6.075093125547555,5.056939831972029,0.2523139286139896,1.1015413281739896,6.494216667677413,4.426591216967288,2.6532701332245603,6.763450634140379,2.7121285400274133,6.741311008344597,1.4246974324028356,4.883884669537609,6.788010695748586,4.6798230096832505,0.2523139286139896,3.8172616749784547,1.1015413281739896,7.220966199647652,2.886525481560874,4.6072909356080665,0.6210602416650445
TCGA-55-7914,2.8898994241419156,5.699945121424946,3.5690480720276536,3.33172225104982,4.839744160397159,3.8913303822030567,1.9454814857637597,1.7913427157317126,1.5036995476224948,1.083160184109188,5.868050373814497,0.40533176588515196,1.3859192907898075,4.51584486115764,0.692897149304736,0.692897149304736,2.350927537904547,1.252420052563563,0.0,5.619904365669804,2.139630774610637,0.9160106926668362,2.30213499171366,7.11386660189883,4.10215233541057,4.761678085389028,0.0,3.6501724090106302,0.0,5.792516533643449,5.753660935305022,5.463335919382781,1.7043480122170855,1.7913427157317126,0.9160106926668362,1.8713867059901192,1.5036995476224948,0.9836502701984281,5.114496686630316,0.0,0.0,0.0,3.700815436018942,2.139630774610637,2.2508495955859917,3.7130841428107537,7.954049186637374,8.345785461560029,2.6385929360869884,3.090565066700163,0.0,3.1130396405424134,6.315762982797486,2.196780034097069,6.521594144451285,7.168849506524821,2.7721198623421555,0.692897149304736,2.30213499171366,1.252420052563563,0.692897149304736,2.4418947591947093,4.993333138014659,6.694680863344711,1.252420052563563,1.7043480122170855,0.40533176588515196,5.152794361071136,3.7130841428107537,0.40533176588515196,1.5036995476224948,0.40533176588515196,3.349423269946091,7.5655550355103545,8.012843221935881,3.3137058894356484,5.553505947266432,0.692897149304736,5.039695590227251,5.512932655390364,1.098278899766872,1.7913427157317126,5.413376696282824,2.196780034097069,6.717305174879196,2.30213499171366,5.325411970095782,0.692897149304736
TCGA-55-7994,1.9922756072922814,6.745786786201568,3.50538621116377,1.9019582615261306,3.9925093070070488,5.1923177578248465,1.1682316305481666,3.6470178568940086,0.0,2.5597899165612596,6.008641180478599,0.0,1.0646072833654243,3.195779138110462,0.0,0.27505265605163925,4.19301122394548,1.1682316305481666,0.0,5.147320042996108,0.0,0.0,0.27505265605163925,4.3918036831878,2.9468991084600327,4.696819126172232,0.0,3.3734287095145414,0.0,6.370239966462672,5.195836035391053,5.980944403942609,0.6677268032130341,9.656697872126639,1.426980346391307,0.27505265605163925,0.27505265605163925,2.333570062241813,5.843080541341724,1.7490607146949397,0.0,0.0,4.225931148269013,1.6924178407102746,6.922121587611284,0.0,7.878636463638136,3.351488795872672,3.1006777030754855,2.5427509394724384,6.512461269435365,4.178564686175822,3.2086557776448426,4.301637825447445,6.330437226443702,3.3842207574550387,1.6924178407102746,3.4466390888586877,3.986649842947949,1.9922756072922814,2.1877689018986644,2.2890032762706416,6.897798878110547,8.31491542753333,0.27505265605163925,3.7710560373010016,0.0,6.620209197283194,4.996590458855668,0.27505265605163925,2.075107161812281,0.27505265605163925,5.363383873276682,4.983661414727719,6.660741589252924,3.679500609931149,7.021574915181597,2.222664877817997,5.240423388129134,6.836137895044805,0.0,0.27505265605163925,7.190171008561391,1.9922756072922814,6.215833347497885,2.913089522027347,6.184148890937483,0.6677268032130341
TCGA-55-7995,2.279326701416844,2.9499971878762006,3.6465850219225295,1.3426297886336267,4.654997906947365,4.638721009499173,2.335623272070843,3.442687952635357,3.357757379816052,2.5347518128059447,6.389743899401421,0.0,3.486928495019486,5.315960801720632,1.5245116328444992,0.0,4.432888460992471,0.9922883461006202,2.362626015079168,5.652618996403575,3.075102447435058,2.717690252800677,4.627714150422986,6.429692058308381,3.337863468026882,3.3072602587835878,0.0,4.248908013990156,1.0920239665912534,4.264937889192286,4.570806458560132,5.832864399731922,1.6015468598113292,2.279326701416844,1.9374458563574466,0.4483968754916767,0.9922883461006202,1.3389144520730811,7.191941247177209,0.0,0.0,2.772213651909698,6.1677889904445955,2.8730786457977198,4.891228440761266,3.18627825023101,8.043239370426097,1.8958341585654244,2.414537832121118,3.0486235405030415,5.813616967137474,5.0906903093863605,6.740899901848049,1.6570082853415171,5.613142704821659,6.032097723803274,4.334054136124785,1.2658484080440036,3.2207540598799733,0.24912314027315746,3.075102447435058,2.1562173804818854,6.340025914826515,8.273147708792543,4.616584790803345,1.8524154631014014,3.2540769317560976,6.260586694788848,6.160648093626246,0.7568728714404901,1.8070256787317838,3.138385683777927,1.3426297886336267,5.1663276420850845,7.242583307490861,4.3776131596051675,5.8571585688551675,2.736197003705047,5.950046020531187,6.298756213520325,3.7039355402679197,3.2540769317560976,8.40781126739041,4.352435606913101,5.872675380471533,3.243092226527168,6.401270221314567,1.8524154631014014
TCGA-55-8085,2.604621152294131,5.5191943511394745,3.5970546931742318,2.5243116408328627,4.231925867866696,4.5892968688318,3.219211768432842,5.8418734565367405,0.0,3.107452523164399,5.842871727058069,0.0,9.025714161506938,4.42856903642184,0.0,1.8820875620519193,3.9270377183452885,0.87204622055257,1.418640537159102,5.820430051107883,4.350902257559289,1.8276412811158216,0.87204622055257,7.281605873320959,3.4537676936488664,3.9406551648766066,0.0,3.2466544026734203,2.0295945692852544,4.108360873189208,4.440947452899794,6.31633401692687,1.3306759373568784,1.9827929666240312,0.5282135733672177,0.0,0.2985478257620869,1.1938921649829854,6.487501353400534,0.0,0.5282135733672177,1.1274264771840703,4.390489473620692,3.205198718204808,5.184325261226633,4.2860263417962985,9.29674739971692,8.367636941015716,6.78100995170103,7.339972665729432,6.40758600740465,4.473223822255615,6.984697801428277,1.770076074396896,6.147606813837384,4.989002993969142,3.349475925450973,2.5243116408328627,3.4537676936488664,1.6439166308503428,3.219211768432842,1.7089755077491335,6.407011990557659,7.970698938370786,5.205543966395682,2.9673945255222356,1.418640537159102,6.308129406421734,4.989002993969142,0.0,1.499511433055496,5.908311172990947,3.0693962185708243,4.29080321766691,7.512535618871933,3.973909889080339,6.114009559865858,1.2341915829099326,5.51359808666478,3.475537707771987,1.8820875620519193,1.770076074396896,6.365996108446221,3.8031295897551542,6.72663260324301,3.190990621378665,5.69807622493628,0.87204622055257
TCGA-55-8087,4.938559102631376,5.547116968635994,2.6075224333281883,4.371786886943689,2.527191573705037,4.021761324505711,2.915172765695574,0.8738841492236616,0.7164241574644385,1.1907963752093038,6.159059447042664,0.0,6.026503451752498,4.30338107553363,0.0,0.5295099789701184,3.880934734144907,0.8738841492236616,3.2631185221081402,4.117147585785023,1.3329726951874845,3.1939968949218285,3.1350375899522445,7.038695818242733,4.606443375138699,4.799247373792899,2.3100571078327468,4.289454827103603,1.1295293913028313,2.439839546418692,4.721565592665879,5.354087873245853,3.9301124012751876,2.0770386570635258,1.4210338949237873,0.0,0.7164241574644385,1.922700008488651,4.683565383415465,0.2993635772256188,0.0,1.9855016725708128,3.388493697140558,1.4210338949237873,4.830375610180718,2.439839546418692,8.765080866189233,9.01000961872713,2.5814584826644316,5.4195699319746975,0.7164241574644385,4.42333051306945,3.6189986885656897,2.6075224333281883,4.955911561072996,6.9683140162752935,3.655743988229931,0.0,1.576790746101855,2.238259882437488,1.4210338949237873,1.2364303138744703,6.36733090217658,6.407269349201545,5.646764051017167,1.4210338949237873,2.876605210096751,3.9437309529124227,6.372708681386727,0.0,1.4210338949237873,0.0,6.9920137034061165,6.624768831474384,8.192836069524732,3.445740444412827,3.170974665416947,5.434909071635817,5.751896219629551,3.7337978469263775,1.576790746101855,0.5295099789701184,8.021249611977927,5.65290663698112,6.92569342411315,2.8158158221738807,4.86658014910101,2.200319782243522
TCGA-55-8089,3.2235807393793148,4.339646134647928,3.2720525444963986,2.6008212743843564,4.790337689231965,6.374852743695057,9.525997468883476,1.4647820141686319,4.3287405665573555,3.1700258589106776,5.369036746760689,0.34769474235795184,2.8214622162705174,4.122455715183132,5.099103942083864,0.34769474235795184,3.4047842743974654,0.9795659553871966,0.0,6.472003113519034,0.0,1.1246373464922599,3.0815108075715942,5.6092593184009125,2.9599185500148266,3.0225591922576713,2.4690736331516767,3.5581384504447904,6.619943864832746,3.789762711793933,6.504216314667434,5.685526850133939,2.433236091262827,10.280680064218632,1.2513333756857736,1.1246373464922599,0.0,1.1246373464922599,5.678444153641007,0.0,0.34769474235795184,0.8098184873636383,8.19421273009682,1.7900747174971854,6.8116110514566905,0.6052444973840342,7.664867378701489,3.2877001488184807,3.484398174254916,3.751445719132389,1.2513333756857736,3.6156876006568446,6.09080296628728,0.0,7.0682145889189565,8.531573300259682,3.87095931503513,2.13828811311291,4.129172628994525,0.34769474235795184,2.0880295588663693,2.9599185500148266,4.8636036580807485,9.125410826470821,2.7443114110377342,7.305745855581767,0.6052444973840342,6.081346383717024,3.8266655327117896,0.0,2.3172963498597388,0.8098184873636383,3.7317234031058257,4.508863009347549,7.3926290476445935,3.808385449067567,3.3332289852213917,1.2513333756857736,5.0611192610667075,6.499274127183338,7.701629758408451,2.13828811311291,5.510072313188986,2.3574519944348857,6.1625271254762675,2.8697778175944157,6.007197630521981,0.8098184873636383
TCGA-55-8090,4.279848549707355,5.283386453159616,3.4151298721923125,3.1874677137085206,2.7444207024118605,4.599981749298967,2.300693304690428,6.180416159760704,4.887487895940722,1.153068907797408,5.772241425855302,0.0,3.9824423257197497,3.7711043943696057,0.48205571026987687,2.471424506086486,3.4252589008460252,1.153068907797408,0.2697981033532202,6.584976458132923,3.6816458546020425,4.127289211768494,3.8466222460032924,6.9413157725040975,3.0937297484352277,4.415933977999458,0.0,3.734796447058097,0.6570535729117066,5.187799128232514,6.123717935933431,6.0672072537834,3.237336375511671,7.941352488532513,1.4831034170479513,0.2697981033532202,0.48205571026987687,1.2292603618526854,5.326452826220882,0.6570535729117066,0.0,1.3316269597775825,3.3411996466444585,1.8831985295448364,2.0946872332704,2.9902824502071677,8.306531417604084,4.491582587165877,3.296362653679686,4.334089544033736,2.764134334405698,5.103019986711623,4.839657156762725,5.390595682166266,7.275075361843947,8.087932193541585,3.641871700506595,1.8831985295448364,3.8061401311425813,3.1214173391062285,1.4102305901633612,6.423732235380478,6.680744258641437,8.68486462394253,3.799230496352973,5.48356380835905,3.7567390169825416,5.984963460765622,3.922980749462291,0.48205571026987687,2.5982650965568888,0.2697981033532202,4.054804731489554,5.369185811380477,8.578818723919113,3.319032423607518,7.859949690269305,1.7308410542586379,5.750697866665008,5.062689965229623,4.752693237239351,1.5510245938834408,7.020458768895222,2.1321051467626884,6.703413854630523,3.3301774570905716,5.163768313425535,2.2029857277712908
TCGA-55-8091,2.8837275114737486,4.098841104273991,3.5803751129223995,3.2192077697683956,3.4699675616885375,5.546984404693192,3.4582265278881468,4.469117904305342,0.9164907118768213,1.5631426334487968,5.720524868655787,0.0,2.8837275114737486,4.3261266933310125,1.1388581172366363,2.442660029859579,3.234095417064885,0.0,0.31852645574676197,6.010384431960492,1.832869422284271,1.7709953798753273,6.57889976136967,7.2144749803110555,4.141487338446812,4.942877374028512,0.0,4.6506023373859255,1.0562613481275793,4.961438047079844,5.216884943667495,6.206162534838662,2.2646755199208255,4.034578634122666,0.9164907118768213,6.166022713284103,0.9164907118768213,2.302895044953974,5.077857710362984,5.871404859344775,0.0,4.027919818840859,5.776059724440835,3.537664045493428,2.840860500468136,2.1835425144464433,8.23838628457582,1.832869422284271,3.8289782962537346,4.232631504275451,1.2881025333533556,4.523852749526261,5.949683759759415,3.8767315227284787,6.462397431961956,8.383405766018122,4.306091417200698,3.384722411568276,1.0562613481275793,3.2192077697683956,2.749192144433385,8.279316640499962,5.098682800784736,8.184614166402172,3.845150028233806,6.233773267683203,1.7050207823278303,4.594197202403825,5.533733303134359,0.31852645574676197,1.8911371232080219,0.5597872018146528,6.6415254528487555,6.700459239876273,8.07689747950743,2.9447652417264965,6.391918788433075,0.7539600199564577,5.272702078423481,4.771023550074739,3.707791979504571,3.002290719851237,7.9759495964287135,1.9983941628265138,6.267781025193477,3.358968147444419,4.821321347425157,4.722179589134667
TCGA-55-8092,2.0940591815032175,1.914448967007656,4.422442546753822,3.146008313793641,5.765429318923234,4.654893248206124,4.309485511294339,3.1835719110318506,3.7876291664839132,4.39213413139367,6.559942379443901,0.36804011501742856,5.4500637297497105,5.114929241171974,0.0,0.8478405702364259,2.663464187095813,0.36804011501742856,0.0,5.791576600773341,0.0,0.0,0.36804011501742856,7.53003461710946,3.497419266948827,3.725271651554806,0.0,4.028256396560989,2.246268677515142,3.5370298747231543,5.984291381359443,4.789348351550204,2.457595403233186,5.9553346524502295,1.170715872424484,0.0,0.36804011501742856,3.348077859331494,5.921323695515371,0.0,0.0,0.36804011501742856,5.687158390435515,2.9569550620393175,1.914448967007656,2.457595403233186,9.13455483965876,4.789348351550204,9.835679692930887,3.599747648786098,5.417033300253021,4.608054023727904,7.420387270283496,0.636418086313856,6.342471709474857,3.7976553806103452,3.6237727716032557,1.4143957912307654,4.533529168398157,0.36804011501742856,1.9779762077200558,1.8466105936922368,6.218430782645858,8.881987682434895,5.141295067566318,2.7524115248009635,0.0,5.504005453821971,5.27734906011184,0.636418086313856,1.8466105936922368,7.05950593820548,1.0222350770703446,3.3527596553791947,8.439594827232913,3.725271651554806,5.309133658981886,0.36804011501742856,6.018989729547716,7.057975387080368,5.347512210728229,2.9798162834885904,3.398393454329421,1.8466105936922368,6.0179068476135065,3.807579846647582,5.247024072160486,3.201839527749991
TCGA-55-8094,0.7848599884831448,2.9993855920518935,3.3677681322273125,1.5208689594161109,0.7848599884831448,2.7663757113978376,3.7957296097070636,5.34526297342431,0.0,0.7848599884831448,5.96486900008581,5.58438313348152,3.0847179503305724,3.408033958921144,0.0,0.0,2.0983123624300872,0.0,2.5588306764533595,5.919783243595421,2.0223948863005603,3.2820233790596314,2.9381614217320133,3.620552432328434,0.46750049902761703,3.809030794233188,0.0,3.3824527944441165,2.647082187000059,4.316267368730474,5.119752743631787,5.434952687000645,1.0253603602607748,0.0,0.0,0.7848599884831448,1.3813320692900757,1.9194634990403299,5.485638902586627,0.46750049902761703,1.3813320692900757,0.0,3.967556099150654,5.470698009111153,0.0,2.6884459541273533,9.240413604982324,4.610536760134797,11.190270922787084,3.711970785337334,6.172987868730329,3.236224463202814,8.237759672582797,3.667305909669216,6.464181678973261,5.280662431309316,0.0,5.362179096213918,0.0,4.224672286911586,0.7848599884831448,1.5208689594161109,2.6039333562096414,9.502114062331216,2.728173038563551,4.377978451827312,0.7848599884831448,6.720811054102739,5.1090074479364,6.911876773941308,2.0983123624300872,7.835966676551981,2.5588306764533595,3.3677681322273125,8.804845763432885,2.4098777408816625,6.184124148363347,6.421487299349092,5.002717363185092,3.3041577071436716,2.647082187000059,3.3258126974223887,4.574318117838581,1.5208689594161109,5.966690181175897,3.1378089262234363,3.5800155866570846,7.7817521002655425
TCGA-55-8096,4.215614843695957,4.210999554469279,3.6486276095273134,2.8458508010122676,5.152302666363145,5.168413671578575,5.448425600977339,6.556649086439436,4.098525808615324,1.7726955690058286,5.935161355696352,1.1577927309041411,3.664730193880933,4.316264698802935,0.0,3.892326292522839,2.528795935357721,1.0546952316016531,1.680064115974397,6.475468155213273,3.91123069163045,2.789974214932119,1.7365462211494753,5.796191480424986,3.91123069163045,4.875510251333273,4.210999554469279,4.924278248439725,2.021388610231219,4.924278248439725,5.475944588841576,5.342353390537649,2.306935615731304,4.7807272484250225,1.889082772853334,4.3245564075193315,1.1577927309041411,1.37295579668071,6.103828481478135,0.8097739924916649,1.7365462211494753,2.209164127500026,5.171954504218452,3.6884093436293166,6.177030834066826,2.64601166351114,8.934855608979783,7.645555506201741,4.269389710045279,4.108824224111877,4.278077622376323,4.942249381229791,6.242207701131707,3.8129228527411336,7.124856612810077,9.968540004088837,4.295230234575064,3.5901358869750775,3.563979276581493,6.813832436380365,1.9792067558839908,1.6201800089660026,5.403132233366607,8.639989417784843,4.640527677269144,3.2193717019008603,4.017710067763802,5.484016546080042,6.220124853109064,0.4847074956109317,2.1382291831629243,6.967824452448047,3.792047317666116,5.83983610044138,7.79987216368387,3.4519316865108274,6.472999867583359,0.9396947096531711,5.490469610074391,3.977636573495634,5.331853684867468,1.889082772853334,6.970175934023701,2.6007619025384683,6.142776917027591,3.6884093436293166,5.68988636946409,1.0546952316016531
TCGA-55-8097,5.294113542849948,7.1836203043496365,3.1535134978290422,4.156552244063031,3.5446423882941738,3.6330997952367388,3.3113273772331127,4.193480746859954,3.3541896280548142,1.2658484080440036,6.407737703932739,0.0,5.097008689841346,3.9168115221599433,0.0,0.7889118025443247,3.67455738110638,1.4357033813774334,3.798527266168408,5.77100489092293,2.9660459631836305,4.5504615924159,4.903116896329052,5.785817043410523,4.285766253571256,4.091804672765296,3.3952933202750595,4.385326185165165,0.7889118025443247,3.2196555208262922,4.8386758645438155,5.804134468582905,4.941020800871111,0.7889118025443247,2.104853407740526,0.33668649937959433,2.1979465388814763,2.1849720428893,5.472237059661152,0.5881754781933227,0.0,0.9560113200690874,3.533014806282342,2.3986313654520512,6.549889626431184,0.7889118025443247,8.421714797464706,5.649079866385166,3.0452983271195726,4.619881442853784,1.0991454798297684,5.358791388789631,4.914931703582751,1.3356061467923674,5.918089767641261,6.813156645968342,3.4475942078913633,0.5881754781933227,2.323122744211594,1.0991454798297684,0.9560113200690874,2.104853407740526,5.640587051159054,5.508578292031233,5.909435284206251,5.551439049648595,5.42751940101133,4.72464955982674,5.693193273101933,0.0,2.323122744211594,2.3986313654520512,4.502832873620269,7.165841173493911,8.466838403861766,3.340105358964278,4.409763389645481,4.799897801739771,6.095283875746979,3.7045608557156147,3.6946602132829596,0.9560113200690874,7.96545529127693,3.0452983271195726,6.8430674133599005,3.2196555208262922,5.786406463340157,2.7351269612227846
TCGA-55-8203,3.196863317584933,6.0564139213338635,3.8523260781700186,3.1459781968754603,5.6577804200944035,4.7592722932071485,2.4781337655005715,5.817866826756074,0.0,1.7452791353455135,6.063136160892348,0.7944394320418177,2.543788577524223,3.843703478622346,0.42774831634862187,0.0,2.9335376699608733,0.7944394320418177,0.3396101653121401,5.34169289801597,7.56549805501062,2.0109619313090024,4.982084916556897,7.275393901549845,3.8777565596004835,4.074658728105332,0.0,2.718284320066561,1.1059188638505477,4.641694960670463,4.776456073161781,6.354820374164666,1.6182192434414393,6.520903856364755,0.7944394320418177,1.6953403414348038,0.592663641981623,1.020794880954773,5.387110904544932,2.889543637321176,0.3396101653121401,1.3430997625326166,3.035721921770149,3.260911802213031,1.1059188638505477,3.196863317584933,8.56177833639559,7.337548705691398,5.405448314066086,5.275662675983231,6.958885560083744,4.534801368321209,6.3255750685025545,1.6953403414348038,6.128592589028142,7.931547033992557,3.6323382027312303,1.4434541638477636,2.69123630310183,0.0,1.3430997625326166,6.485913807227103,6.0926980583864605,7.134619898526763,2.996092208769539,0.592663641981623,2.866801709439288,5.499027152155249,4.845564090708828,0.0,1.6182192434414393,4.968117417936841,4.9709237938600275,4.273486068009424,8.694986176356464,4.4767423196193326,6.735245429572175,6.19508679155171,5.53796005542409,4.239094046108298,2.1137584237605695,2.4078636052896885,8.048241808365246,2.6053971281226236,6.943392656573269,3.8608749636488193,6.336654034991571,4.262152977690849
TCGA-55-8204,3.062750530104774,1.7627253626429995,3.1353072419288615,2.8068633293216405,4.552656146794704,5.185008681041036,3.5648683140164272,0.9591203098495107,5.4243242710821615,0.4295071025884023,5.133348379284899,3.0112758439297873,3.1353072419288615,4.180181221723462,0.0,3.7823356436125835,3.485918359912212,1.1461000177354652,0.0,6.832494950813497,1.6661584526436042,3.6094086661964466,2.630124695019252,6.035112943588415,3.0112758439297873,4.7927694577774105,0.0,2.630124695019252,0.4295071025884023,4.91800817832099,7.086077181144087,6.248224676163325,3.594780290733128,10.923721996876298,0.4295071025884023,4.393653776714842,1.1461000177354652,0.7289968334536425,5.935280364433056,0.9591203098495107,0.0,3.7193140862966745,7.983368436976248,3.4693512346047988,5.931013660198764,1.559280814436165,7.951767056057814,3.4693512346047988,4.163632723440081,3.286575593991877,2.50683935978755,2.50683935978755,7.586818748028609,2.1413241953716424,7.350381287978428,7.683712104941169,3.062750530104774,1.850782809677516,3.2245238447327966,3.8530646196690834,1.9317097996541719,6.265709874471276,4.770286240036379,8.618906463961705,3.897585281268971,4.0009144473210085,3.9402061045423737,5.803543341503533,4.751925012362011,0.4295071025884023,1.3035647135208945,4.1883538962933775,2.3661888023311852,4.612993503876917,7.976207284555356,3.0373443558726647,4.522114610850766,0.9591203098495107,4.575020209037208,5.963257955217801,5.715628696939882,1.4395744305621747,6.158179535823077,5.790510478166025,6.086413297968371,2.9287320582654632,5.108880556268481,1.559280814436165
TCGA-55-8205,3.5957713479647504,6.963823654501674,3.6547796069169287,2.3507941359643043,3.938031824609197,6.341182597885058,2.4646784319410084,3.9441803702272025,4.0867407261953685,2.9539097787001523,5.769161267666462,0.274976699954227,2.222242340311507,4.234677356123272,1.0012199426594603,0.9486804746758062,4.283869280512634,0.6675216329209726,0.0,6.019692366897849,1.2617793414219576,0.490357575126127,2.517099520276847,5.692303509369856,3.9743647403969122,3.748480022354683,1.991866369423883,3.1143771599325447,0.274976699954227,6.333293837630209,6.205829680610609,5.799459253921398,2.2559650723588196,5.06237348950067,1.6920312107379538,0.274976699954227,0.0,4.156428510859851,5.907484933312707,0.0,0.0,0.6675216329209726,5.77225076412962,2.0341433983025254,5.726909634922951,1.1678895641528542,7.255520650290925,2.877652318821501,4.899562196371221,4.2161712630852195,4.118131073369609,5.1016575058128,4.608854390962751,0.9486804746758062,6.051484280133721,7.450463217135683,3.1953287558921275,1.9015551350509392,3.0415227049251805,0.490357575126127,3.258115768605804,3.556724256955028,4.70211539204457,7.808396188715977,2.4093566127172683,7.11153658601733,0.6675216329209726,6.338950904992295,3.8544680423847186,0.274976699954227,3.0799263523500033,2.929693961625599,2.3201695757510485,4.158508013029588,7.929583710816053,3.7334607735093135,5.682793744217716,0.6675216329209726,5.715506808592752,5.92454719880329,5.921157419507543,2.2559650723588196,4.795286286247959,2.590916954287324,6.58800583378856,2.6596579577517865,5.525699920581546,0.8179278974572511
TCGA-55-8206,4.498647884607398,6.230654660922641,3.7458904959840584,4.279099267618851,2.929592471049446,3.997382018015317,4.237320175799595,3.1161518305315044,0.25874232855407325,2.160191691364945,6.797916975200268,0.0,3.5372626446573134,5.013557686411737,0.0,0.6344581842112658,4.134036318263413,1.0195690813276568,0.6344581842112658,5.237728369097047,3.0760857021795416,3.379360687052981,3.3277445794531104,7.35437512624492,4.6045379861919065,4.959096355505551,0.0,4.090527285683813,0.25874232855407325,4.311310404056269,2.226707864320949,6.127899221129461,5.01747849257825,2.0903814817181705,2.346668961813315,0.4641741709221777,1.8887803062357806,2.103084823427312,4.765263175270979,2.659559991941776,0.4641741709221777,1.8887803062357806,3.806766928760823,2.4537599207911636,2.8125723654417527,2.346668961813315,8.757385778449121,7.665289406692898,2.94524917718316,4.925360590035021,0.4641741709221777,5.006921740717603,5.005669652345415,1.2127442227130223,4.914586841835875,8.455392253010647,4.224438177455568,0.6344581842112658,1.2127442227130223,0.25874232855407325,4.211388065232355,1.6360214190837874,4.892677243125585,6.162093005310891,5.606228445971498,2.8125723654417527,3.191767697269005,4.353971750979706,5.703375725278221,0.6344581842112658,2.0531873980341993,0.0,5.464196145425246,6.9178640131304245,8.894114781707156,4.307340803283974,2.7580840360368994,3.571052667500494,6.00246877785905,4.124529382065964,2.401642787539724,1.5138076814188501,6.092494700265331,3.3382824307098273,6.9201975518720245,3.5111483450743566,6.024819532777006,4.686759389527904
TCGA-55-8207,5.080323035216486,6.611807136513271,3.772740248225432,3.7473700357797246,2.8533504021600495,4.716604220434297,2.4132942789779013,4.195444012421247,2.74274788022876,2.9293360279143057,5.986843888287257,0.30983487709291424,3.1265148917572403,4.751726386335304,0.0,4.926826057505648,2.644513844296838,1.2648891482932085,0.30983487709291424,5.8766483560126,4.029139152096826,2.3460468004045816,5.5936252881592585,6.450517814386075,4.539310258844698,4.978153423851002,4.17331438687011,3.5172485481281,0.0,5.486724535053385,4.543183073903197,5.967153924050319,2.9529291512286817,4.4111703022152495,1.918656402416406,1.1566924997446342,1.2648891482932085,1.1566924997446342,4.370669890284681,5.000423329019839,0.0,1.3624882304882548,4.827233153682057,3.5490798860309396,5.836113981038392,2.9529291512286817,9.222822149478239,3.0941240639516665,3.39101235660379,4.988110164150657,0.8973117652763523,3.822104862430035,5.15221008502169,3.203177244438967,5.7905410419143655,4.621220684806784,3.845205622990807,2.6183734569935964,0.30983487709291424,6.524074656520283,3.5172485481281,1.8058924596939676,3.1578893876044507,7.319315109811481,3.5385825887949456,3.353623477548504,1.608557525006793,3.989596821742173,4.39785200039552,0.0,3.536575817451747,0.30983487709291424,5.962491348367232,7.749917115406757,10.47208007164631,2.8105646706101126,7.362213705225743,3.217827275332225,5.7227939393926,5.393782079865988,4.0671771815844995,1.1566924997446342,7.372513927332158,3.438778931608338,6.5744940814524195,3.3147858247444932,5.715078434398053,1.2648891482932085
TCGA-55-8208,3.120627733625307,5.201283201534827,3.571049854873486,2.667853011350797,5.43576358622764,5.424465318536048,3.431154162951959,5.319085214143702,0.7087744364456444,2.3736957204519986,5.893609130935929,7.668677923622595,3.3620891955108068,4.722046143706977,1.5282495487472594,1.4096201864233873,2.7030175585741354,0.0,1.1193621795867068,6.559619486775999,3.32567969838374,2.9998238914572446,2.9998238914572446,6.117680811805158,3.5112767460199223,4.010085757064716,2.330501770988254,3.641066936891951,0.0,4.758088678412729,4.6556446452216225,5.732988463857482,2.279050309860382,4.5136325810659494,1.1193621795867068,5.251168105360632,1.634286610403491,1.5010283085833573,5.574076138120657,0.7087744364456444,0.0,3.7315245857093675,5.759349623104657,3.3620891955108068,4.842910681649269,3.47999315839418,8.476127417184122,3.9719640995751124,3.9423873084095646,5.449161156064219,4.41885265591679,4.526603055781124,6.466273798333328,1.2749716624756244,6.801728986188335,7.864562038573478,4.073490282132921,1.8980695339214695,3.9523431140247283,1.9725242593337584,3.1431345195518006,5.5482041095044154,5.855409973939021,7.986389324934581,4.455455983757904,1.634286610403491,1.634286610403491,5.336614576480381,4.157616656779947,0.7087744364456444,3.097607221672936,4.665408850979831,4.650736110258898,4.97596793202125,8.24705498803556,4.242651055150983,5.614185940844445,1.5282495487472594,5.0933758976352355,4.425047809224076,3.447702397184547,2.6313995118019684,6.748138017922632,2.7698474684343966,6.265325927261201,2.9998238914572446,6.4538312768285335,1.7301677132214142
TCGA-55-8299,3.6196204757951307,5.011268426958672,3.5732974319492588,3.096400799021184,4.144524236765184,5.65927661971331,8.727668032429545,4.392309830913299,3.204874258832386,2.9179220719831704,6.066423585573437,0.0,4.164409969448023,4.577789739406118,2.9531326583351736,1.568886714578452,2.996052222364911,1.262486965391818,0.0,7.248347587865814,0.8185014817126468,0.9893553027311602,3.6958525852256314,7.218154844026635,3.5247238919456048,3.44713586460332,0.0,3.2385647202069503,0.0,5.464920195564533,6.701505717210894,5.612573207934849,2.4474730055421188,9.446178998734933,1.8030949788918005,0.3523455857775031,0.8185014817126468,0.7390283558161338,5.230252635633907,0.0,0.0,0.8185014817126468,6.574947519954047,3.405959358763648,6.29379628725232,1.7309473298312976,7.986246489654024,5.291630056248182,8.740453535909857,5.623309674506154,3.6196204757951307,4.164409969448023,6.359487359740276,3.096400799021184,7.580664037301078,9.315411845865462,3.894868708208075,1.7309473298312976,4.486969813258705,0.8185014817126468,2.483363793530486,6.140358577789418,6.389010044387971,7.876907874395778,3.6853105932993833,6.6113916304673275,0.6123166626453966,5.112860901058594,4.805814517466352,0.0,2.483363793530486,0.9893553027311602,4.453129112708668,5.1957584782202995,7.624096388691626,3.7369407813176507,3.0979277858686607,2.51800287727719,5.409796127513945,6.237619298230025,6.742195259465764,2.8110579511764393,7.256134911766745,2.9078241309538853,6.938429963250056,2.9078241309538853,6.187643807523384,0.9893553027311602
TCGA-55-8301,2.117676191909751,6.387801452989275,3.5790283151274447,3.2886443954228244,5.748398861356899,5.0625254103502,3.4912818097674654,6.508287649987497,2.6006951049980773,2.7979396546754502,5.829521922103103,0.0,3.946476604697511,4.560420697283049,1.8739537068540417,1.6679143461929533,2.748788992161153,0.6206840088262295,0.0,6.244126123133315,0.8286828133526378,3.7343354948373046,2.877747967644109,6.013084150154488,3.464726018037725,3.5909578675531084,0.0,4.514398292565975,0.8286828133526378,6.029781005392187,6.55337199290282,5.391329453212499,1.2755303841350356,3.5547335870243564,1.8857657690471763,5.668507566565062,1.147561170399973,1.2755303841350356,5.8876861126328075,0.0,0.3577443718967526,0.6206840088262295,4.830718842716146,3.7343354948373046,6.709737173401786,4.690953308982514,8.642836807159998,4.893899210194572,2.426800728380968,6.04925220737531,3.7546765579039842,3.813331314754878,7.340887433451968,1.2755303841350356,6.546044820953129,5.034924573326141,3.9547529386752003,3.7030264123397942,5.4919085156002225,2.901657829913132,3.013316756310994,2.2161553649956582,7.0976894528059375,7.859509675131861,4.305662465374313,1.6679143461929533,0.6206840088262295,5.737368754416693,4.890672384239574,1.147561170399973,1.2755303841350356,0.8286828133526378,4.903517680089315,4.399744983526917,8.167720818008005,4.018609369426787,6.616012974934547,2.748788992161153,5.504237441694523,4.555911662155394,3.0747837208604953,2.748788992161153,7.198759327556203,3.4780905192583225,7.862824318470365,2.9701375041425027,6.2579261751357285,2.168127557345726
TCGA-55-8302,3.1887876825509154,6.8222747296776785,2.7342636079181135,2.5360353472968944,3.500125252149442,5.182973852836809,3.233433348075183,2.8037239511704923,3.0414844945099717,1.7891059517624917,5.598818176790034,0.0,3.737198078554554,4.041864599109363,0.0,0.0,3.356524230950412,1.167858461404924,0.0,6.708689517146957,2.343189463835986,5.014109252907756,2.169396498750301,5.594834048657608,2.697642899187002,3.233433348075183,0.0,3.9920072498542787,3.0675923639707214,5.463217209420756,5.617221905128526,5.831955788379184,1.6919943810384799,5.319295772933229,1.958925086132808,0.7455498593529937,0.978852300127505,1.3267831816963447,6.170371948968815,0.0,0.0,0.7455498593529937,5.874866122023352,3.4661108325048,7.813227703420413,2.3950001769588223,7.933947401120167,2.6596229710642176,2.169396498750301,4.125786703136096,4.888851767134464,5.252006376684783,6.232098250084845,2.8996287791588413,7.117797379876681,7.044713294024562,3.763239894394898,1.167858461404924,2.169396498750301,0.7455498593529937,0.44070354353418334,4.377487598819142,5.609138406283722,8.638265035231646,3.801071332786777,1.6919943810384799,0.7455498593529937,6.375808158594035,4.125786703136096,0.0,1.167858461404924,3.014676689554929,4.457633750407263,4.404922512150786,7.151344388123294,2.4911951688728746,7.423036959762718,0.44070354353418334,5.269259238948023,5.679646873572779,6.635091859829519,1.5844277494299326,6.458110984787157,2.697642899187002,6.089634270880225,2.3950001769588223,5.058580657077186,0.44070354353418334
TCGA-55-8505,3.5263428774016266,2.2246127406550857,3.4356954220697227,1.511979426672128,3.7845781947823465,6.030324618314697,4.787775035984071,4.1688597133719645,2.2246127406550857,0.778682468666208,5.879711419957114,0.0,7.0116016488996475,3.7845781947823465,0.6048076492364219,1.0180527808096929,3.9335574655690846,0.0,0.4632936677206369,6.949137116760906,3.967575018586023,2.755690498078473,2.9885465177392656,5.924285208746721,2.677817772025046,4.297024147603935,3.7845781947823465,3.416539093461354,0.0,5.541177266926763,6.1093098030508655,6.146579761622068,2.0125001359259542,7.590448001638223,1.0180527808096929,0.0,1.2110775060558676,0.4632936677206369,4.716568437778147,0.0,0.778682468666208,4.042719633902728,8.301635792347403,4.599242652823293,5.538860660542116,0.4632936677206369,7.661131709091555,7.025840491200806,8.269244521183056,2.593372339399241,6.023212698547413,4.177934816059958,7.593716703727357,3.248419093008509,7.170388737982759,4.396193311758117,4.344019684612065,3.0177921552550733,2.862183737925385,4.459507216751166,2.0125001359259542,2.501124427810834,6.834859802227919,9.85314643626203,5.359177254804799,4.77790426275722,0.0,5.650525850689069,4.4730492268059505,0.4632936677206369,1.3728037709373915,6.732852931662482,1.0180527808096929,3.1524154581679307,7.310937783932749,3.0177921552550733,5.347350358375303,5.921130598207138,4.9953862833335165,6.774776876287638,7.367948442593109,2.286364243466495,4.381562777108593,1.6341110126389846,6.1665621572501115,3.3360079820824935,4.08840529296185,5.378398535020409
TCGA-55-8507,4.388822242140637,5.6200094847898,3.5732441105150117,2.1489442831609873,2.846872571783311,4.129505764648995,1.4461657581572809,4.605430152193949,0.43249644715919483,0.9644711863989083,5.963504790710912,0.9644711863989083,7.039318485999454,3.314738579247798,0.0,0.7334730520315107,2.67608470509516,2.0837572157474384,0.0,5.9787313225957766,5.840856750518279,3.477704616139913,5.228999442237139,7.963780126757341,2.747937358798652,3.4085304290289473,0.0,4.22943765143013,0.43249644715919483,4.2900442864904695,4.163741574255481,5.29356609712255,2.5147566717568854,2.42315535184365,0.7334730520315107,1.151995065233223,1.4461657581572809,1.3185774609494787,5.479121105372193,0.43249644715919483,7.656895194242014,0.9644711863989083,4.520800045134064,4.009378365152811,4.382080383229402,1.151995065233223,9.00840165068676,5.211445979759321,2.747937358798652,5.112246790957052,5.044849907873994,5.41139602059983,7.144588695022355,0.7334730520315107,5.569732852535871,9.338733586744581,3.8500561081629496,1.8580620584821181,4.2900442864904695,0.43249644715919483,3.4608552618246216,2.936889500801202,6.568132685192763,6.691654369942398,4.057303605007111,3.4262769112604055,4.594551001502194,6.072814092804305,5.610152881874074,3.477704616139913,2.470004495535894,4.25226099981772,5.561446722873479,5.598196007547342,8.324144706295343,4.453843681088584,6.325564328825174,6.725983970773657,5.5446695029991275,4.267545485535475,1.3098451889564844,0.7334730520315107,8.108939197980138,1.4461657581572809,6.87017905291845,2.78201292461262,4.966822721139603,0.43249644715919483
TCGA-55-8508,3.811289546192802,3.868305155295864,3.617681474590903,2.372661377377239,6.042590077423927,4.983634018593312,4.493314175762628,6.215723476157114,0.0,1.0182334133854625,6.329105743087046,7.62325575269125,5.604172062090056,4.512898086540542,3.5936590202823213,1.5121998755068466,3.4913488234839796,0.6335033276324303,0.0,5.584443228732511,5.626707026975893,1.8413429694168828,6.151906821850089,7.667644800483878,3.018070898175219,4.665484171326717,4.209353382929874,3.8306567555923094,2.7745181097740392,4.169150505023343,6.822075378820055,6.821111834297115,2.593641466084776,7.423938525024563,1.0182334133854625,2.8791591306820616,0.6335033276324303,2.770098123271467,5.234104125834385,0.0,0.6335033276324303,0.0,7.031617576203095,3.4071032410254127,5.280163579167905,2.19250233396385,8.584236697457706,6.159410349457345,8.296287135042219,5.670311864594601,7.355704998696456,5.103348164416717,6.5130164382342945,4.3781616753316355,5.667256793306751,7.6066906754526835,3.9566540562737025,2.286628460369784,1.0182334133854625,1.0182334133854625,4.40010964702452,5.705700633812105,4.819474788635096,7.908975221641597,2.927640781416872,1.5121998755068466,3.686466545389646,5.468372328686446,5.280163579167905,0.0,1.6902618533270204,2.973875137198682,1.9725798998957425,3.28245138250521,9.157522758509648,4.596565269658768,6.375603868501394,0.0,5.479500775897841,4.4426100791719545,1.0182334133854625,2.19250233396385,7.607128040336274,1.9725798998957425,6.040488017392759,3.060395786879713,5.603000351036982,1.8413429694168828
TCGA-55-8510,5.106036378859509,6.419354658071416,3.7522227299803834,2.5832349976102487,3.4531507914589135,4.381368918425963,3.329622608505251,5.469030134674274,0.47747564408443655,2.9632039165458344,6.323812217961738,0.47747564408443655,3.677709805194537,4.543542623895156,1.042394608669881,0.47747564408443655,3.563080942689459,0.47747564408443655,2.37879585273947,6.447868303390829,1.7742741548870355,2.9943212785685946,3.9112146788202016,6.563957072857084,3.1631009241207306,3.646277230091712,0.0,4.090194295099015,0.0,5.048797755190605,4.241952456058061,5.50451006040233,3.7944032064479316,3.9590516189779175,1.6646833866600788,0.0,1.7742741548870355,1.354906887878258,5.669404947653268,1.2377943528014466,1.042394608669881,1.8730321893567914,5.639400385726918,1.9629077254238845,6.641972979683371,3.982138446597915,8.553920413788264,3.677709805194537,3.1099444969976235,4.882551891331162,3.4335935786375593,4.795385504901146,6.539502137076092,1.2377943528014466,6.813239083888512,8.18276047356196,3.563080942689459,1.4011829736136412,3.472332845047762,1.4011829736136412,1.042394608669881,3.9590516189779175,6.644365088432405,7.510873807881238,3.9112146788202016,6.161359208893809,1.4011829736136412,5.087318518867214,4.648488262701628,1.6646833866600788,3.0538030488434056,2.9632039165458344,6.024621238110483,5.221490316434711,7.590331786316366,3.580283153390102,7.214798704912538,1.7742741548870355,5.424183203731084,3.329622608505251,5.641573682036876,2.5832349976102487,6.161359208893809,2.7911589728245723,6.270118488349759,3.5096241914315423,5.57034250642377,1.2377943528014466
TCGA-55-8511,2.213141670067679,6.437532425708571,2.940097991752142,2.850064677081387,4.463468363261125,4.701706886036121,1.6759182969340127,4.726059503263545,4.278442318417311,3.5219153654010134,6.499711849859172,0.0,3.2981379202509182,4.0127041900731975,0.43372857338102383,0.43372857338102383,3.022695477132208,1.6759182969340127,0.0,7.363761398584019,2.5178738762288777,2.151936606654957,1.6759182969340127,5.058618783784949,3.3937362834305347,2.8181534521891085,0.0,3.704659294961453,0.43372857338102383,5.299651476227834,6.778131669588619,4.721236192838284,1.7726955690058286,5.1317786036292645,1.6759182969340127,0.0,0.7352004167909448,0.005385472276337817,6.325473036910263,0.43372857338102383,0.0,0.0,6.593315730242162,2.560725063064839,7.477491114626847,0.9665655077477776,8.109718064573208,3.6912092380584576,2.325363679883385,3.257180734185749,2.940097991752142,4.0127041900731975,4.8692637236312555,4.8816952498438635,7.406540709653325,6.523250950781845,3.6497331381931124,0.7352004167909448,0.9665655077477776,2.151936606654957,2.6792391192480904,4.592420249894734,5.334292433670625,8.064991758565766,1.3123248409197161,2.910980160685924,0.43372857338102383,6.409332421933189,4.141509597060101,0.9665655077477776,2.0867274349806357,1.1542992500823634,3.6497331381931124,3.7940702053626008,7.593092037450106,3.898402668333036,7.629562800035294,0.9665655077477776,5.283249412973635,6.950843503661908,5.821968392107777,2.151936606654957,5.8873282817498485,3.3180005382615967,5.46196565807637,2.751109690562657,6.204311267544823,2.213141670067679
TCGA-55-8512,5.685027698172553,6.952633037760223,3.4985781436037096,3.5146123727685152,2.6266521308952586,4.2166978789561975,3.0591764461105257,3.5459266764340343,0.956818283050223,1.1435537863715786,6.777234207932449,1.5563113597075222,4.861934182804678,3.9365302349824858,0.7798751840697694,3.5762928933643705,3.1317218922634567,1.7596322046426494,0.956818283050223,5.6232518702026075,4.134598395369246,2.980953605016182,3.3785120032287725,7.445639494688453,3.5146123727685152,5.595848279554505,0.0,4.081894041831537,0.0,3.5612250438622572,5.559469358047952,6.722674318533326,3.802806174847815,7.712519860007501,0.956818283050223,2.1991227746192994,0.0,0.32944762168424846,4.4541298307491335,3.7285808209654885,0.0,1.1435537863715786,6.304872844130643,2.2567086797265192,3.662217152960044,3.6057613973984686,8.678257062830252,2.803342198923062,3.302819835629695,4.681158531987429,1.1435537863715786,5.929610419759296,6.475919501132904,3.7025604411698003,4.866056435652709,9.412587097577408,4.409641801706855,1.1435537863715786,2.7011128599667127,0.4282045950776538,2.803342198923062,2.803342198923062,6.124477680459365,7.907945885472484,4.609282717924214,3.6892943680252532,5.685027698172553,4.240068407229392,4.918198316025139,0.0,2.980953605016182,1.4367022636637363,5.096690658696076,6.055474022075304,9.227394126542011,2.5461898782048986,6.008134822728495,2.4586910029695885,5.955373531338609,5.975939657232704,2.866118909706364,1.4367022636637363,7.434026995288977,5.000685963242588,7.259559379600332,3.3601184096815766,4.807825274874965,0.0
TCGA-55-8513,3.5375564393376706,6.0752908571528375,3.8341090303947007,3.3480813745109175,4.136329080749395,4.4750079684565405,0.5549190612765021,3.3480813745109175,0.5549190612765021,1.7358238368977519,6.648361298849287,0.0,1.8234034745625165,4.395913514073436,0.9097493838307328,3.0806017750317456,3.1779288225347946,1.5495180422219046,0.0,6.335153537349197,2.0381767408019815,2.808112707058736,4.171277825194641,7.40679572960091,3.659291001432822,5.035776586502587,2.1304197864444654,3.5589017396887113,0.0,4.907294958721667,5.251807350863144,6.080395330857336,4.740583556580611,6.757852895684036,0.9097493838307328,1.1710879769901592,1.378110968311871,0.5549190612765021,4.616584790803345,2.76233634577543,0.5549190612765021,1.6957990780821437,4.216054691557019,2.808112707058736,3.2083769035668057,1.6957990780821437,8.413537887724413,6.409887011588097,3.817940871267007,5.119023222512088,1.1710879769901592,5.179297316104245,5.765971362566318,2.8938268931469886,5.560304636885246,9.008422454611605,4.1244032395052965,1.1710879769901592,4.95547488291898,0.9097493838307328,0.9097493838307328,5.191750568067991,6.689189981452071,7.869397889939814,5.554578428925065,2.2148680125088145,3.266621634365275,4.087744496292103,5.187620415189338,0.5549190612765021,3.515742588611316,0.5549190612765021,2.663965946749533,5.906638961353417,8.688743613923364,4.1244032395052965,5.632769707409782,3.2945174774754347,5.754285456829308,5.678611664414222,4.449331248522217,2.0381767408019815,7.659025130558839,3.493445301774054,6.692874992661079,2.8938268931469886,6.589571386453895,6.563453471106546
TCGA-55-8514,3.6143983354266283,8.01696785225421,2.877747967644109,2.9811109003486407,3.5790283151274447,3.9254800518480595,5.02790530526121,5.51381979872622,2.7624563123112242,2.0084287744334164,6.014108721617495,1.8182877942408784,2.677481021935099,2.7624563123112242,0.0,2.368129358201452,3.9990883809598285,1.2755303841350356,1.2755303841350356,5.839422891724363,4.370263975044577,4.4929763764658865,3.697710346748691,8.103346052029986,1.0768777965221035,4.456221120942292,3.013316756310994,4.157471149550093,2.2393364063288987,3.6316263299067497,7.025422752405907,5.482116997119221,3.1874181809673683,2.091468921892554,1.4412085919972826,0.0,0.49786195737413197,1.6779933549296056,4.867780574010849,1.4412085919972826,0.0,1.9178780379703908,5.661055889776875,0.8286828133526378,5.57680479754148,3.5790283151274447,8.619347171629746,5.837540924834539,1.5832992548244056,4.664956809723369,3.2642812195438853,4.69489205294532,3.5790283151274447,5.010848604677269,6.55158734934707,7.787664144362058,4.353809756649153,1.2755303841350356,1.9178780379703908,0.0,2.091468921892554,2.426800728380968,5.6198173621787335,6.864611841998196,5.283858336770417,4.230358911423755,4.239700971272588,4.078630067114505,5.17687828067752,2.0084287744334164,1.4412085919972826,0.49786195737413197,8.624460687630279,7.010979514417389,6.697073753058975,2.7624563123112242,7.645263783240836,1.2755303841350356,5.593751811556953,2.368129358201452,2.30580988774966,1.5832992548244056,7.171387969426393,2.168127557345726,7.8453768815581215,3.1041516062574086,5.817131993079527,1.8182877942408784
TCGA-55-8614,3.5171713745795925,4.922998266882881,3.162550945894466,2.0687596933329755,2.7381654827845527,4.516593584673733,3.7343593835921522,4.543697892499519,0.48772075005089394,2.4584599997730168,6.023663066113064,1.8957740795615161,4.360828534157702,4.715279408668121,1.0598368097167028,1.985995872594599,2.2161771702529065,1.686473024900954,0.0,7.422475309691789,1.256897267633823,4.106278073786632,5.702451589421206,6.272263610910354,3.135589863528685,3.7038665839221845,2.6533335097126085,3.8639036162388676,0.0,5.378153899122794,7.410377345397439,6.5154901663379166,3.135589863528685,10.139345926803236,0.48772075005089394,1.0598368097167028,0.48772075005089394,1.0466872158031904,6.309550938038098,1.256897267633823,2.2161771702529065,0.48772075005089394,6.190708771097844,3.53565834210461,6.815520465387681,2.923258350230384,8.234408440817102,5.548507830083819,5.771363238477147,4.008468903696398,1.686473024900954,4.502761974654589,6.92510391731675,2.51085051175959,7.38300760966354,7.205100512344874,4.423061806470247,2.0687596933329755,3.419227196624691,3.4595637693115773,2.2161771702529065,2.403163191101475,5.783046417632751,8.514782287521582,2.8163603622753604,6.786848996062768,2.4584599997730168,5.940347552968103,5.792678186282782,0.48772075005089394,2.0687596933329755,4.846986314567686,4.945613100452438,6.573340723881501,8.872554472878127,2.923258350230384,6.654030090008538,0.48772075005089394,5.290239830918619,4.438033552463316,5.211145976757042,2.888876195655827,7.70868902994779,5.719097925433975,6.412668480888863,3.3106378994031536,5.1027646629049395,0.8141694088073951
TCGA-55-8615,3.6763690240013984,3.7791930810029832,2.7709185783255545,3.1322323801831784,1.437130050822386,4.467014403048009,3.008218989022839,6.127347235768147,0.0,0.42840007939066027,6.304947763843242,6.2261670357640195,3.5151300512006216,3.2834793438933634,1.7600623824848005,1.1439042778598165,2.503883773050771,0.9571639250837349,0.9571639250837349,5.65608621195833,7.5230490203372185,1.437130050822386,6.744839800280883,6.935633057444107,2.896591265487838,3.9159731931533504,4.314775103316646,4.1770161191338655,2.8666196750911794,4.6098113988775795,4.377134688593454,6.610307005390938,0.42840007939066027,3.9159731931533504,0.7273070322066499,3.754461180923205,0.0,0.15794347806595455,4.894999950497331,0.42840007939066027,8.214622159803978,0.9571639250837349,4.328972580531965,3.432259907113973,1.5567330960020722,3.199872398126163,8.313494360219819,3.263225669202069,8.376992752915703,5.163625300602762,6.323792493724505,5.785666562870597,6.504056110684001,2.412371798604752,6.611027080094469,4.964563431993819,4.435833953751455,0.0,1.9289674283250013,3.397088953617612,1.663566184472319,3.397088953617612,6.68385644251189,6.790963002361891,4.941906673406272,3.4828019459255195,4.39047955784283,5.687375276361147,4.975698724215359,0.0,0.42840007939066027,2.546683548654644,2.701609504272223,4.2709302559155775,8.080033060972266,4.630876918331497,6.511237028118837,7.69981976221305,5.138846727465083,5.397193906595606,0.9571639250837349,1.3012265487298267,7.805670205165867,1.1439042778598165,7.167184471105038,2.5877264405360743,4.880086116910198,2.736864389618171
TCGA-55-8619,5.445162856906182,6.416648945706577,3.933537891462495,3.2140200546749402,4.420285346790972,4.751303094936052,1.6247008391000128,3.933537891462495,0.45894268188631065,2.6365183949609667,6.34656224785236,0.45894268188631065,4.157325621144804,4.277418613598755,2.0023579930399698,2.3888545281462217,4.031211275502223,1.3640743142180471,1.831252581174852,6.630092181892122,1.6247008391000128,3.5819816463167107,4.930502026766762,7.763102088068727,3.7038665839221845,4.40617275650196,0.0,3.8124943403132385,0.0,4.557560624632817,4.309238176194345,5.628440921441307,5.2934053221870165,4.650802989985289,1.6247008391000128,0.45894268188631065,2.781467935096372,1.5041440612208172,4.34007770331544,1.010582211161074,1.3640743142180471,1.010582211161074,4.301377701616197,2.0780530782103988,4.3476409140832075,2.275850897791409,8.582864820344634,8.074088519479117,3.303529424483997,5.056793426077339,1.3640743142180471,5.023544938228938,5.364011469743399,1.2028521766572329,5.559107315507852,10.250546409755898,4.2277048985506624,0.45894268188631065,4.051678855219164,1.010582211161074,2.0780530782103988,4.8653243176025835,7.089743446874854,7.949186800619291,5.336364314184939,3.7459967559976888,1.9204604642437888,4.856302375442289,4.683648593859348,0.7723279784343866,3.141199648083519,1.6247008391000128,6.275848060289864,6.136149135961872,8.372798434107127,4.071735901694459,6.360179221741411,3.8626835904481,5.45267659605587,5.524871096587463,3.933537891462495,1.6247008391000128,7.443447158798186,3.4974949526232297,6.9581346558742885,3.1903281912233337,6.490347135904094,2.1484194130542864
TCGA-55-8620,3.9435759345811947,2.9681092464901275,2.8020565009213314,1.9392163670291718,3.7395131560181842,3.5703464498013506,1.024606875357614,0.7842211274593168,5.596538705307342,2.64597619610391,5.852351893898985,1.3804271828418437,4.4489420163391395,4.354104155425346,1.4801034147979484,5.349746901654399,2.9049592851120796,0.7842211274593168,0.0,6.383775179903645,0.7842211274593168,2.1678186522972487,1.751388761751371,4.187995790970169,1.9392163670291718,4.376801758751259,0.0,4.7415525108406005,1.751388761751371,2.8718173512483576,3.7674179541110626,6.87380545027907,1.751388761751371,1.9392163670291718,1.3804271828418437,0.7842211274593168,0.46706180632481487,4.352573364363647,7.017013189918659,1.024606875357614,0.0,7.746663761024235,5.918595422650085,7.444008854666352,0.46706180632481487,5.153574791387974,8.139297529451504,2.408799244201351,4.132259936611827,1.6423503083898592,4.04236155635405,4.792984960728977,6.44234747274472,2.64597619610391,5.82818356261416,5.8660090280829245,2.5577310604337495,1.751388761751371,1.6423503083898592,2.6028304162820755,0.46706180632481487,1.2182602509340055,4.376801758751259,7.9046079683117085,0.46706180632481487,1.3804271828418437,1.024606875357614,6.973936200641278,5.059876150339549,4.71074567853673,1.3804271828418437,0.0,2.4609468935927685,3.586965769082227,8.196362387296947,3.2582388355890104,5.2320546932473215,2.8020565009213314,6.4309042597789565,6.368581619700658,1.751388761751371,4.398995594059957,5.587664302345415,2.2955504075129194,6.274462541374071,4.299051193237641,5.706485484896977,0.7842211274593168
TCGA-55-8621,5.765817865575654,5.980919139231598,3.816883411073296,3.41651283243993,5.111945618792721,4.908661629171634,4.955030966156651,5.055519426949702,2.5893342303972253,2.2587376932137695,5.967758260438238,0.0,4.358494411071721,4.693272634209637,2.1655389594693015,2.548288251952824,3.6915109885878756,0.7282247071726413,0.0,7.045236361302938,5.04866940608085,2.7032319452615434,5.1342855284751305,6.839087711720885,3.6366014645468634,4.795749222428901,0.0,4.285781392835282,0.4289863031495102,4.966293222478846,5.213140669140444,5.979564015849594,5.497999846613429,3.593348249885513,2.4139565069517017,3.8285979172830182,2.628761653422967,1.7419913269939338,5.105466571366278,2.2587376932137695,0.0,2.8982352042489974,4.186900953829804,2.805479346433756,3.2231108444996908,2.9273356528456382,8.25441964320358,5.80009820932679,4.405367114031789,5.4577156819907,2.9831129841976134,4.826271653668076,6.566377027526495,1.7615064260570341,5.907941623836705,9.796442285147432,4.431197678680331,1.7615064260570341,3.3987711073042504,3.4679210137050633,2.3131985702536566,3.3050094834423613,6.786067755725033,7.621939618607882,4.673454806724681,5.075798620002669,3.3623144781114513,5.2247407916393245,5.180535580890872,0.0,3.3050094834423613,0.0,6.010259313742013,6.625632392250231,8.187432780018387,3.7178749909551887,5.5458842259007195,4.316491617198714,5.441599193810187,4.534089779973466,4.3377128739439925,2.666693341344821,7.390095004738941,4.136835563175936,6.8010794542400035,3.2231108444996908,5.14673255872059,1.8495408371399658
TCGA-55-A48X,3.879698141161837,4.844974178195408,3.6667156414122144,3.13523766128269,5.60855562471318,4.301697427629986,4.82162743371166,2.9488555276317476,4.2044298983156425,3.6550279011882965,6.674211583163766,1.2365755128699485,3.859299214684173,4.426045912432292,0.39797042634590396,2.059570412037424,5.133572431926415,0.9027190518440603,2.3772471973024683,5.7944394206987875,2.6179577187422427,3.6285162043868406,3.518885598008515,6.7434783344929325,3.848940490465619,4.867780574010849,0.0,3.9758837969588807,2.120031509283928,5.368719910646177,5.581305941753526,6.284490440879195,2.6529954553530657,5.37326248819432,1.9952307847447441,2.543977123364989,1.4864337704925494,1.4831034170479513,5.502803954042971,1.3693007847433196,0.0,1.7728484443362946,4.844974178195408,3.518885598008515,6.555848947118506,2.5816551885972627,8.69894792092729,5.295493382856935,2.998807540070919,5.310092763627469,1.6861767066529898,4.510107575535946,5.60855562471318,2.751288474069078,6.861771024563474,8.60205626244822,3.6414130384027827,1.0834986508580615,3.292282408249172,0.39797042634590396,1.7728484443362946,3.236240187894905,5.809210988002132,7.14508571880689,3.679129578168341,4.504717606682848,2.8118274640766985,5.195032473073123,4.789631119349827,0.0,1.0834986508580615,0.39797042634590396,3.879698141161837,6.34032755719209,8.211830398830118,4.4548587933235515,8.005764052238119,0.39797042634590396,5.812137502284356,5.717126380747781,4.281635694638788,1.6861767066529898,7.351588172501546,3.459208394898883,6.1635168888772816,3.50429834645656,7.115582126184454,0.39797042634590396
TCGA-55-A48Y,2.9086427116898217,4.191563525200781,2.786929154953797,2.1226087839554295,3.9501931669452484,5.412600952934707,3.9800741002493045,3.9501931669452484,0.9460825166818914,1.988216755279759,4.935408747853786,0.0,4.082580637801857,3.603166324944889,0.42212554900127164,0.7180348960677243,2.818774306958889,0.0,0.7180348960677243,6.308679329227889,3.7493064093367936,2.057668724834195,1.2881576905513838,7.554649075024621,3.4976523604794174,3.544240890325877,0.0,3.266144832665694,0.42212554900127164,3.603166324944889,3.887609403910565,5.108312367566194,1.5425499668924687,6.192198876909062,1.2881576905513838,0.42212554900127164,0.0,0.9938812045063405,6.045524136770189,0.0,0.0,0.0,5.160886954043499,3.6722494387579676,4.54289257373542,1.5425499668924687,8.462456079152417,4.602561787071523,11.397039753255891,3.3054387679930595,4.352606835270995,3.0672712343363067,7.144628150380595,3.6986020362620597,6.934650342444781,4.753771209204359,3.7857157415506695,1.745174372110329,4.027975032477573,1.5425499668924687,1.8329174073129513,2.1835988337544063,6.213455434360143,7.818760064827053,3.7615907370655184,1.2881576905513838,2.879574790970021,5.21939861033768,3.9800741002493045,0.42212554900127164,1.9135787925491492,1.988216755279759,0.0,3.1150075286303105,7.37133834042495,2.487353653431052,4.938988905143741,0.0,4.461406045491612,3.854785764952048,2.5300871322852077,0.9460825166818914,6.352636364936401,2.6104373722352094,5.775882956959389,2.6104373722352094,5.023591005256471,2.057668724834195
TCGA-55-A48Z,2.361872350348916,3.8929176549779543,3.4730528187625835,3.931354933727638,4.78090342070519,4.884217586727534,2.6372342402257956,6.49050651550794,3.585719293675838,1.7251209668948435,6.048980813577707,9.511570256973233,4.403426025679772,4.237526735888731,0.5455748160928096,2.162011821580475,2.105121471590066,0.8926535621080008,1.3566595559902,6.031129872944855,1.9805875901271444,3.2005652039767036,3.0302351444010562,6.301601975258695,3.7566969684725713,4.317526779455441,4.477079963312952,4.0469559154681525,1.6723751522046977,5.266289919709276,6.7710370996568265,5.4918714351500615,0.8926535621080008,4.391596942832522,0.0,3.8113072417452463,0.3923798685595089,1.838309029881035,6.560904773955541,0.0,1.0723367572558469,2.4061610172154033,4.6656818602497205,3.502432399142798,4.104075397040582,3.722439947635897,7.841308158964247,4.614644165780343,4.237526735888731,3.9026673777040117,1.3566595559902,5.084888969920397,6.8590544108256974,3.328988630486993,7.268536779463662,5.60941684862048,4.104075397040582,2.5283571866619434,0.8926535621080008,4.403426025679772,2.105121471590066,3.097553031655627,5.11093301541162,7.98778939040904,2.2669268267847484,4.514601945397727,0.0,6.116302637238042,5.266289919709276,0.8926535621080008,1.473343237406413,1.0723367572558469,0.3923798685595089,6.5270276605061355,7.3191560693552296,3.053180089957422,7.614790571702249,2.489263810229409,5.612931006673227,5.94936048108517,4.271641014299528,2.5283571866619434,5.860307476406145,1.9119839665344232,5.765554673048802,4.173026344256296,5.072382422920804,1.5778027560604868
TCGA-55-A490,1.5965755457171564,7.910685985551294,2.587786591364294,1.5965755457171564,1.5965755457171564,4.728970636192043,3.5952553520812685,2.6591680327005185,2.757500464818308,1.7833407981183318,5.740149761684155,0.0,2.3368222550129416,2.9291917497457467,0.40011750178156913,0.0,3.8861984023782616,1.2412974903860898,3.757030971761988,5.857467331719166,8.17868368096125,2.757500464818308,0.40011750178156913,4.408938733600713,2.8180638740126813,3.9638827393585236,0.0,0.40011750178156913,0.40011750178156913,3.757030971761988,3.7797525317967526,3.896245187708583,0.6851150088626811,6.0218070227797975,1.3742470832092144,0.0,0.0,2.489935649809441,4.994641404341906,0.0,1.6915891647948154,0.6851150088626811,4.604116631194092,2.1258717805576435,5.368468233965489,3.242619694861683,8.981974457832566,3.647875151309869,2.3832706709052993,4.127290824420718,1.5965755457171564,3.075679592062741,4.340815241431117,4.652196891415846,6.025380348682133,1.2412974903860898,3.553886994650898,1.6915891647948154,4.5741190507714045,4.327913579019893,1.6915891647948154,2.236893907794426,6.3234033087571975,8.12771166260927,3.935454335130688,2.4701567360084717,0.6851150088626811,6.213427401674029,4.301602604306087,4.00057402988542,1.932129922075331,6.402288603700641,3.4501399151751704,5.818755640397085,7.501430129997193,3.8861984023782616,6.7573171989197425,8.43335060667895,4.783943789566361,2.6241104654249106,4.426739450123969,1.3742470832092144,7.818888734941184,1.2412974903860898,6.262449240984468,1.8581868303836477,4.92135953715049,0.0
TCGA-55-A491,0.7221232887964624,4.783993966020234,3.3873215561265075,2.794350214021294,3.8735919004522605,4.583708523253358,3.2737540855781098,4.779560372455766,2.794350214021294,2.05512323402863,5.584499564750583,0.4248755016279877,1.5487745398668649,3.793446655180938,1.1336254445051157,0.4248755016279877,1.9203285700227626,0.7221232887964624,4.207265426286086,6.4597542083493815,1.7517010719820696,2.302535091744004,1.4294256870804942,6.899723107284872,3.0500547254080645,3.851340506936889,2.7614456178149602,3.4564460100592886,0.0,5.860561126908466,6.109058676033723,5.7111486112679986,0.4248755016279877,2.6177680263352068,1.4294256870804942,0.4248755016279877,0.4248755016279877,0.0,5.770649532646356,0.0,0.4248755016279877,0.0,3.757030971761988,4.387102480743669,7.038055206041295,3.9878370927678706,8.662385579585258,9.700256916553796,1.839565021842454,4.779560372455766,2.9718646955289856,4.599803812729366,7.878519044510425,3.9878370927678706,7.2544960419372915,8.71265306135042,3.211734385383446,0.7221232887964624,2.064568991557085,5.7146432819889466,1.1370313985720546,1.4294256870804942,6.789244228387175,7.330503503212861,3.957950027095046,3.2535052449167496,0.4248755016279877,6.696903374905488,5.501437786256778,0.0,2.857090703327503,5.040323537798081,3.3873215561265075,6.610954423179046,7.514963234864426,3.828584873152551,7.236490519231572,3.0500547254080645,4.766131903660637,3.8625280929819747,8.609070211940386,1.9203285700227626,5.903378956994338,2.794350214021294,5.230108116521003,2.40317223420543,5.908797356824183,2.129576039922399
TCGA-55-A492,3.8628075508355613,4.928108392254775,2.258622756089474,2.7383659983041557,1.8494307145104407,5.143574011123289,3.67793225154923,2.258622756089474,0.0,0.4289211841445056,6.009626122732785,3.979505937530164,2.927207149798868,4.0283596622494535,2.7383659983041557,2.772419957999898,3.110163029928953,1.7614033492131558,1.5579972387657044,6.392158290337255,3.0358131935463377,3.9068355739404366,1.3023963145020288,6.98000151918791,0.0,2.7031113584053643,0.0,1.4383411215805741,1.9303322990919787,5.800322201288231,3.3243487342096203,4.900589746722244,4.074937456696872,3.0097485845210987,1.8494307145104407,0.7281281494551908,0.7281281494551908,0.0,5.510945827562479,0.9581617759494612,0.0,2.313079830086687,4.009104343078709,3.467793160193829,0.4289211841445056,0.9581617759494612,9.524954012101373,4.194875936322953,10.343569845082643,2.7031113584053643,8.384242201753896,5.661417623878432,5.87073091271332,1.7614033492131558,6.116028981459991,5.569801457156038,4.092978629760965,0.0,0.0,0.0,0.0,1.9303322990919787,4.2650151762751936,5.227487093787033,3.8739970982098924,1.4383411215805741,5.875253712395741,4.2650151762751936,2.927207149798868,0.0,1.3023963145020288,0.0,5.436813290468617,5.2332186885519025,8.139230403507156,2.5053626583553825,6.671997501794973,0.9581617759494612,5.967159047079873,2.139913210623106,0.9581617759494612,0.7281281494551908,7.442463431211375,2.5892066032485053,7.191625094005893,3.179369630969169,4.098326623282673,3.3805796222360303
TCGA-55-A494,0.8460399266630878,7.233794711235695,2.562893399273321,3.3340171520611124,1.1685424984939679,4.370056527946006,1.0202182212400976,6.158748605325203,6.1643605728172775,0.0,5.984910616950538,2.6290214236720755,4.017193503033686,2.8820763347053884,0.0,0.36707072012085273,2.5965001996654262,2.144608771388748,3.8620509430921572,5.978348911960607,5.6959888497732,4.335817761105466,1.7712165679967256,6.280457634803601,3.3180802305046857,4.158423602814652,4.329994909818913,4.025144526420962,3.8143109434127824,2.8046262460277687,4.748499670155194,3.1619329172168897,0.6349352708115312,0.36707072012085273,0.6349352708115312,0.0,0.0,1.5951361277232408,5.294429819820844,0.0,0.0,0.0,3.3180802305046857,3.1039497043406734,7.969662088641831,2.7494480297981387,8.016984343046575,7.989851932272315,1.412010839624527,3.655676796086218,3.365145243269653,5.0106419607407,3.5844324100027984,2.243429391785286,6.802264754873578,2.5281098070886485,4.056334582501876,0.0,2.777420779026881,4.408574841656781,0.6349352708115312,1.412010839624527,7.142708817055705,7.664304397513647,4.878063440966433,1.0202182212400976,5.02531370387499,5.735426479990663,4.655977362239364,0.8460399266630878,1.6927859208086586,4.7637538826038375,6.160622762688093,4.90141548910036,8.471940562783226,2.4920808535360006,7.871829954670061,6.295293676333445,5.773364505887795,5.3485873875699275,0.36707072012085273,1.6927859208086586,8.406462727806014,1.1685424984939679,6.6747179452158685,1.5145996212728146,5.059393711730026,2.243429391785286
TCGA-55-A4DF,2.181490329615987,2.970045166618006,4.805069675056115,1.9473662313099778,4.394220733524586,4.226816226866558,2.2807586191012414,3.450406505674702,4.2794040341700335,3.376593848437433,6.64263802852377,6.141409251350539,5.586626742204015,5.202731148648702,1.8059088923324744,0.0,3.649306678994113,1.5472645920028099,0.38001053863569634,5.31337345270202,2.601407382163353,3.1828755206271593,2.4133300862987115,6.094533188427084,4.33543673564482,5.408856450246292,0.0,4.853107808160242,2.011229615175956,3.479324409438253,4.0420121316282565,5.3469599007730855,1.5472645920028099,4.595241054910207,0.6547181539401634,1.3281089495099838,0.38001053863569634,1.8791443875535434,6.900406341569099,0.0,3.8353017755350027,0.870037347356693,5.576180137061987,4.662938969070385,4.240225426909755,6.024391457308263,7.521345050758654,2.4133300862987115,3.2744089185907086,6.70620074860851,4.438880627182358,4.968819750614096,6.635313809613306,1.5472645920028099,5.31337345270202,6.731331893725933,3.6125652037635443,1.5472645920028099,3.123646041831969,0.0,2.870373111389475,3.2018680084472004,4.486848255153781,9.209562069177121,3.696284469189593,2.9934897610012112,5.0250574595610615,6.766021193209951,4.70564880455431,1.3281089495099838,2.0712581488718165,5.996034090822352,2.4133300862987115,4.411203082273808,8.648631895895559,3.8252683227624367,3.35584779192268,6.4079355343926805,5.9948836951536375,5.505453479716429,2.4133300862987115,3.6000127206508186,6.451188963299727,3.6372097731123567,5.9573284851783,3.4934756972803847,5.878424620106286,0.38001053863569634
TCGA-55-A4DG,4.89717540018178,5.504217094034401,4.077823843567387,4.501308546454001,4.806542453472846,3.5017362920407646,4.171592599208017,2.7579762278719118,4.286753954166449,2.954712342778981,6.7958601256769695,0.0,1.2911866608152083,3.4857100840071435,0.0,1.5458589307912292,3.891734580151233,1.426620232591456,2.8227351091803534,5.109315546397439,1.426620232591456,4.0321091646359815,5.611955886760306,6.060857671816258,4.138503383339051,4.980279174081357,0.0,5.053637310640799,2.7908828593954222,4.5470579055973515,5.053637310640799,5.61580335682915,2.85360403370395,1.1345262585157783,0.9486804746758062,3.548332078366727,0.9486804746758062,1.762313493954642,5.115667755950317,3.728383780891225,0.0,0.4235669434721467,4.852889269868342,1.5458589307912292,6.627706664085033,3.7027083920503783,8.795408091275098,3.7657039118489024,3.2081869013225903,5.728263682788404,4.998238773759704,4.96567279506115,5.0670156275323635,4.991092233109827,6.451076873286593,8.558004945884063,3.7027083920503783,1.2911866608152083,2.85360403370395,4.753409140234886,1.9171725809372684,2.244828853433082,4.441012267021753,6.364132665700808,4.356762671393786,6.627706664085033,4.1877347181415105,4.784746310863706,5.691571557268232,0.0,1.1345262585157783,1.2911866608152083,4.757942773825488,6.9926018143922555,8.683823955722753,4.104281691667999,7.630558344449593,0.0,5.868867442393343,3.270196118891258,6.890141055382879,1.652382452759413,7.234956097094176,2.3507750770914453,7.262334027437439,4.823646864371597,6.680778138847306,0.9486804746758062
TCGA-55-A57B,5.12477912327368,4.490346143191162,3.619497221121345,2.6913651092386033,1.945109828884544,5.4750357548715565,2.5082568983962155,4.544240080016123,4.437560674376659,2.085945346018502,6.63936197633419,0.0,3.590740025757782,4.521497230263861,0.8225952477468318,4.149649963998843,5.370796155159808,2.616950478203974,0.30202866615870255,6.677106131015363,1.893367954816152,1.3404859969629097,4.274921542571579,6.311863657475932,3.718377574902748,4.8840965387545605,4.31812790882365,4.092439415248204,0.8797927088339544,4.332124477469299,5.39988519906716,5.962339500780738,4.867957437906853,5.403064694244546,1.71988745699026,2.3192258641421706,0.7216374509595729,5.34912929509764,5.387060576382425,1.0163170459412794,0.0,2.35332573469723,3.7684551296680255,3.174698206534583,2.7149860921033224,0.5336824059089182,8.363251489751521,5.44198904723024,5.561327576194168,4.786065726503967,3.776562896883426,5.198088107889052,5.667927291747214,4.313417171819303,6.42944363354593,8.663668202811666,4.203765323913736,2.4791316733314237,5.421936671338118,2.5908644870137736,1.5098606415320015,1.9942920666381405,7.036860641168767,7.025333849292462,2.35332573469723,2.980024550680911,3.065785249598159,4.933538243711289,5.438931119942201,1.3404859969629097,2.6913651092386033,0.5336824059089182,3.3122095072331588,4.637221026153226,8.576993002581634,3.6835402257683314,5.665609745509136,2.760617350458561,6.119875351871192,3.776562896883426,2.8460714989995846,0.7216374509595729,6.327733191577147,2.8663408707616473,6.515515331633199,3.674638531823594,4.96682968635878,3.6474478988492733
TCGA-62-8394,3.2720942649730045,4.376943738616742,3.5462583030946666,2.3960936508517423,1.6406264538901174,4.1556340609980715,4.135884698816597,5.288822431986235,3.8709989071529693,1.7468492682570607,5.884246752218809,0.0,3.905072909366142,3.390918063365219,0.44288933675416364,1.1246698229873993,3.3479970067941744,1.464805126738404,2.845949540343418,6.056371750273981,2.660748927984197,4.16213092839636,1.7181667489246817,6.9547247390562905,3.4048274516450556,4.3821553763863115,0.0,3.3133420122474604,1.2513619875797397,4.831006109613005,6.446651131611434,5.0235581004533545,3.1899494625943325,4.984489793241357,1.9201233666508444,1.1246698229873993,0.6052444973840342,0.9266766114265725,7.095851795218779,0.8098184873636383,0.34769474235795184,4.224885863977147,6.953932508599888,2.3173357649399535,6.394538465265481,3.7991588522094037,7.870605116636246,4.857204355193346,1.8572350511869664,2.7172543790650745,2.3574898581633317,4.334249519696796,7.0746078048721595,2.138323469416058,6.571123829687259,6.581549956759599,3.741673496815183,1.464805126738404,1.8572350511869664,2.796439517186452,0.6052444973840342,1.556585508529872,4.907620173994868,8.28153920998949,4.946800525266927,5.425914310111037,1.1246698229873993,6.503684698068776,5.8764632637884695,0.0,2.138323469416058,4.422892628226165,2.138323469416058,5.989908336840675,7.523978217728851,3.155109272352831,5.904434988134879,2.0351630595496246,5.254658017207621,5.001426355010946,2.660748927984197,1.2513619875797397,6.842307544635477,2.3173357649399535,4.964374927289371,3.042639714130148,5.084938485288739,5.295097187331771
TCGA-62-8395,5.631505645449256,5.917898735650893,3.644987648374373,3.093475853872648,2.4446747589001214,4.714302579163685,3.4837078112346354,2.8962433750532486,3.573765977013207,1.4448934034228262,5.928945319158268,0.6297813049381256,6.469757165070668,4.661824583944482,0.0,1.2897008582086091,3.4970801247935377,0.6297813049381256,1.9024059893151186,6.362981550732762,5.780190893989222,5.0459573918739435,5.209622755532706,7.080674438113445,4.1545298718687995,4.682334910083141,0.0,4.424365078802999,0.3636704184511188,5.439799567559919,4.793656037749891,6.37126648845708,2.2336315064497163,5.287958902419813,1.5060532213265254,0.3636704184511188,0.6297813049381256,1.2763120703836606,5.725918977651683,0.0,0.0,1.4037167068117598,4.053199598886366,3.4970801247935377,3.073382891692053,4.741465256135336,7.9468157035567675,9.47851082478495,3.2238195843262925,5.588147131057276,3.68979903117332,4.822303713234089,5.348154601395208,1.5060532213265254,6.656453993472007,6.3021811509758985,3.940431631907965,1.1609922317514696,3.3847291889548483,0.6297813049381256,1.7621246640983643,2.3234557771653437,7.507519920643663,6.551300310846954,6.177369260057019,3.711472302766571,3.6218070587601745,4.999742852929832,6.055511541215933,0.0,1.965796806434312,3.9232319498354675,2.2336315064497163,6.428828758885941,8.246633032172172,3.6334645195303623,6.3596171203321665,3.6676456031055444,5.530725865379055,2.4446747589001214,3.3994825788946064,0.8397552001960357,7.375957286281245,4.945065129886807,6.65701825539962,3.1514274742802355,5.188681056027422,2.405881479802911
TCGA-62-8397,3.1310408360761928,3.3581924507133656,3.454956134308245,3.500040706491717,2.6489157184766863,4.108477552688013,2.4176087695628277,4.398047610728061,0.0,0.9001206987115172,6.136307039863616,0.0,0.9001206987115172,3.768979083244339,0.0,2.2782001830583565,3.1310408360761928,1.682614021967257,0.0,4.980347893157799,0.9001206987115172,1.3660151202615096,4.88572945137104,8.468947878788242,3.192848021306948,4.5932008382914535,0.0,2.6489157184766863,0.0,3.6242449283680704,3.9530670552922884,4.939397046495199,0.9001206987115172,1.3660151202615096,0.9001206987115172,0.0,1.682614021967257,1.682614021967257,5.552703738242158,0.0,0.9001206987115172,1.922700008488651,3.8021099203118864,2.6489157184766863,3.924643036784248,2.74717475578626,9.264563370586224,11.1339114224673,2.918754032269941,2.836642751029887,0.0,5.644570188357597,5.3248619217701485,1.922700008488651,5.33897454748728,10.210578792536012,3.192848021306948,0.0,0.9001206987115172,2.5399313073067207,2.2782001830583565,2.1161711738965603,5.788573889351941,7.72285014432924,5.196074209098356,2.1161711738965603,0.0,4.71804341044569,6.617997720865953,0.0,0.9001206987115172,0.0,4.3039664396894235,7.739511563741555,7.46564958601922,2.74717475578626,2.2782001830583565,0.0,5.894524039040467,3.768979083244339,1.3660151202615096,0.0,7.920911344418275,2.1161711738965603,7.012556638341214,3.1310408360761928,4.48139334833536,0.9001206987115172
TCGA-62-8398,2.2651427975181755,2.9452649537449744,3.6117662013942127,1.9466527304163723,3.7355387782267706,6.466430841933462,4.894026568667641,3.591285919437869,3.7355387782267706,1.7442484865570032,5.127831490929748,0.0,3.570380224551913,3.661199885007194,0.0,3.4226587631835166,3.6117662013942127,1.0566090411876519,0.9168105967210062,6.402578669448149,0.5600157079567496,0.5600157079567496,1.9466527304163723,5.690383102693084,3.1087752037511773,4.0868330882715656,0.0,3.157834116083088,0.0,5.101493152769921,5.458857589696963,5.825392253057919,1.0566090411876519,6.9798991807546225,0.9168105967210062,1.1792701916855641,0.31867188913852507,1.3689701599866868,5.4394913549949955,0.0,4.205550460295446,5.623530022765662,5.354499192570186,3.3058935351711085,3.219711475614838,1.5588391136707307,7.886859294627354,6.8487427944737505,9.993890255805946,3.263730636638575,6.866108986488302,3.9228264376333897,6.300506856681094,3.3594791523100844,7.851703978529725,6.101468515234256,3.493557760532962,0.9168105967210062,1.7054569318613402,0.31867188913852507,2.8630233997109893,6.984929260407836,4.205550460295446,9.915015845672501,2.1840154980810182,6.7138258103063215,0.0,6.686574799580808,3.699059956495408,0.0,1.5588391136707307,4.177166481230626,1.1792701916855641,3.8772493494420943,7.13963654503957,3.039380670034424,6.764262435442618,0.5600157079567496,5.159204713339039,7.3102493111453475,7.993096562790195,1.9466527304163723,5.5011030964743455,2.1840154980810182,7.130970827704471,2.340189115391412,4.512791704553434,2.1408305771400555
TCGA-62-8399,4.775967256930092,4.9266303024888005,3.489513462710723,3.3537458211629314,1.8980995049993814,4.494264323274636,4.502679991458883,3.3269514512746854,1.7777957622106686,2.1193831487727834,6.56607168680539,0.0,2.7076434517242296,3.1327295281341785,0.003792798238696237,0.5632662597054253,3.3269514512746854,1.5648797805698902,0.0,6.424437812632744,1.3926988087928849,2.732560683286708,2.9325847844825583,5.076597800884844,4.498481010274507,5.257490163680885,0.0,4.75012730568183,0.0,4.113104162094116,2.8037724172200345,4.218683836477708,2.8037724172200345,5.578279718484598,0.5632662597054253,3.869086276432325,0.7582792754977276,4.90886831394856,5.309306761347639,0.0,0.3207782999409705,0.5632662597054253,6.6516636006488215,2.572833579753289,5.24559673821439,5.1045323547056745,8.69202678324429,6.779029463908389,8.147864236401242,5.809495928024186,1.1845758947152043,4.161409576586124,4.498481010274507,0.0,5.472862935224761,7.273259133137689,2.3471185913548536,0.3207782999409705,2.1476024004735326,1.482490511972298,3.417752912777575,2.3102754462780517,5.653954772430261,8.137413373762408,4.959005100859398,7.662444307636678,0.3207782999409705,5.742660180271173,4.464237758862847,1.953226178669753,2.2322377331732253,0.3207782999409705,3.907808135329653,5.41230208661717,7.408081981446732,1.5648797805698902,3.3078935211858536,0.9214374646936848,5.376222406421563,3.366878501537759,2.1024375939740967,1.3926988087928849,5.198662763387852,1.3926988087928849,5.982960994166744,3.2711038822286818,5.034267181715126,0.0
TCGA-62-8402,1.7794675656987955,7.534586359446748,3.814198467272492,2.3844783949535073,2.4288740725443647,4.15985136442422,0.9074517832069507,3.1639084207771386,0.9074517832069507,0.9074517832069507,5.880655883876429,8.858564834890046,1.3752334137604656,3.3356592499692725,0.5976269787025329,0.9074517832069507,3.5691664322317096,0.6857700362208962,1.3752334137604656,5.794923368995771,3.243903990910313,0.0,3.4034481800472745,4.398213664942068,3.2629386422444404,3.674486368826298,0.0,4.144349860832425,0.40058656065705694,5.0125002207057685,5.492658069815316,6.027902545946766,1.5976486918591237,3.0063853277363037,0.9074517832069507,0.40058656065705694,0.0,1.0004112677394486,5.854573230541165,0.0,0.40058656065705694,1.859324655390479,3.2244960020439866,3.4356954220697227,6.6692391730930956,2.625356761117679,7.875449899128114,1.3752334137604656,1.492611918666996,1.3752334137604656,3.792227696507265,5.79791620513956,7.099201743553092,0.40058656065705694,5.644768222165444,1.0887976152797183,4.955150772634097,0.0,0.0,2.066533591379052,2.238089237612945,2.819323203511639,4.760274696488493,7.6823626236878315,0.0,1.0887976152797183,2.0021149337323023,5.834603113171076,5.038386638627081,0.0,1.0887976152797183,3.917352776929035,0.0,4.21228610383427,7.97683233179768,3.076952748925246,5.863082729774632,7.132409688375258,5.224412450700065,1.692675511004156,3.699168836393564,2.625356761117679,4.813671054565349,2.289307332381471,5.926760678968015,3.4034481800472745,4.899688835698861,2.066533591379052
TCGA-62-A46O,2.4009270359927255,0.4430177641607487,2.809860421915015,2.6261529971351356,3.1240859097027553,3.807455508581101,5.554992401071039,2.175183446459339,1.7945389362616386,0.4430177641607487,6.271101846976656,0.0,4.038504103027665,4.105009159378493,0.0,4.289176426656364,3.020888193435109,0.7489602453791581,0.0,5.670907981582119,0.0,2.542050711673108,0.0,3.1240859097027553,2.4009270359927255,3.4007139314856154,2.4971892423016904,4.4722054899036054,0.0,6.350721654391633,8.26961605646076,4.979282216438234,1.1723892536640539,7.914946482171917,1.58962288506104,0.0,0.0,1.4689106772971237,6.373804313814409,0.0,0.0,1.1723892536640539,8.362941173121076,4.61842199166384,6.702287093947934,3.53935804267034,7.572003889299418,1.4689106772971237,11.13713905482845,1.58962288506104,3.2397053756782803,5.210982300813221,7.513218128897199,3.6753255130498883,7.470326694743193,1.8831376865653369,5.167468088123044,2.9057966250471146,1.6973205764096286,3.217627045467672,0.0,3.3031581480423684,4.83959387663741,8.911281832221903,2.0397907360500436,5.9210286707043265,0.0,6.205417998520231,2.5849857432560905,4.7664298229097,5.7502397610509295,8.407088104727654,2.7403753998751297,2.236573487400131,6.526895950426172,0.9829021031726566,0.0,0.4430177641607487,5.38883882598418,7.63212492567079,9.174926643053823,0.7489602453791581,3.0992676246117856,1.4689106772971237,6.5178824766042505,2.6261529971351356,2.542050711673108,0.0
TCGA-62-A46P,2.8645638013186483,4.100964270195304,3.6723917762964295,3.1908178558128806,2.726917750826717,5.642626670120535,3.483664839559102,5.439482671575117,0.0,0.0,6.680514595874472,0.0,5.5447359407811465,3.411916393901763,0.0,1.8346912366115675,3.386807678026014,1.5601216098781387,0.0,6.071501870151637,6.110633288896668,2.304842543035261,4.036699559428711,8.26725124941642,0.0,3.2508395000735932,0.0,2.971762274815331,0.5607009132596392,3.1269578849068633,4.720977938723706,5.604613860659188,1.1803765904707493,0.5607009132596392,0.5607009132596392,0.5607009132596392,0.5607009132596392,0.0,5.114472650335509,0.5607009132596392,0.0,0.0,2.5078253321705666,3.0587446306955157,1.1803765904707493,1.7068005300008642,8.79063890610989,8.827915292180698,2.8645638013186483,4.74087172214682,1.1803765904707493,5.382387338510889,6.260643996891278,3.528789924175065,6.553580065255743,7.050018438530106,5.082335608261447,0.0,1.9480507135544243,1.7068005300008642,0.0,2.3771729499846184,6.034382743062068,5.788625947884117,4.261620160810784,2.774935965308129,4.80445537662701,5.205121450112917,6.151500020379568,0.0,0.0,0.9178095778434249,2.0498711143707204,5.385838197077505,8.378765258854193,1.8346912366115675,5.211047774405562,4.207158233980009,5.145614804358787,5.827020235839985,0.9178095778434249,2.5672620657043876,7.591205596563219,1.8346912366115675,6.409791584832995,3.5064818944318357,4.885132537924653,1.5601216098781387
TCGA-62-A46R,1.792126068688927,6.988385506339871,3.2585118363885606,2.86261222488737,3.7499275156788703,4.0608687819618705,3.496928684902769,5.559188208723073,2.1976133906274233,2.9641384019628125,6.248447048138411,0.0,2.5653492774828637,3.526781024429016,0.0,0.9165706926814708,4.077964471360584,1.253077204832244,0.40559843255339884,4.74970333672039,3.5699551424497735,2.833619144061197,0.9165706926814708,5.1765790189483205,2.833619144061197,2.5261285643295825,0.0,3.807086844163701,0.0,4.559555474727219,4.867965126931923,4.687183258908766,1.6097778546471984,1.5044106745663945,0.40559843255339884,0.40559843255339884,1.0989122436771077,1.4149789949797995,5.793446441527631,1.6097778546471984,0.0,2.833619144061197,3.651081528318521,3.350321543987074,4.135593665518416,0.40559843255339884,8.265441810542592,4.4192694315012195,1.8721713395219164,3.583941071567612,0.40559843255339884,4.837186259805898,3.8505730431119236,0.6933471605626116,6.450903187887256,0.6933471605626116,3.4816615389748535,2.7729948897425922,0.0,2.398286105504227,2.442746955390531,3.2962552969684005,5.409845324375196,6.583150544167845,3.135907174128435,8.53987793592942,0.40559843255339884,5.485228375675798,4.382455292786863,0.0,0.40559843255339884,0.0,3.31460409907706,7.590781414118011,6.367761709913409,3.6380097542081007,7.228170721050553,0.40559843255339884,5.7272808785281475,3.761623281960041,0.9165706926814708,1.253077204832244,7.071157318423514,2.86261222488737,6.270476013259717,3.496928684902769,5.787421783721055,1.0989122436771077
TCGA-62-A46S,4.028696091985539,2.239485536050729,3.0591342115255564,2.1407130130675003,3.66276902439571,3.955352573356649,3.038192924742755,2.800477441348137,0.0,1.7675521555277922,5.864253141228277,0.0,2.624922183194641,3.4488313221069236,1.689172880452954,1.0174022332425665,2.8527564221014687,0.6328662496750154,0.36568423809631984,6.276880303404244,4.501843156949758,1.2944531574543106,3.739087660005841,7.494869495619369,2.826958529305305,4.05199536044762,2.285438934159075,4.077612017396234,1.0174022332425665,4.208048177234177,2.9497668660003624,6.446641616622155,3.1763064712715443,0.6328662496750154,0.0,0.0,1.1654918175076545,0.7726974593179544,5.4501281681369695,0.36568423809631984,0.0,0.6328662496750154,3.157706554757808,4.43084298897654,4.638875718453263,2.371457957280421,9.011203832428142,8.025068280872503,9.224992503308497,4.477060639981905,5.7267174459386965,5.528527887902221,5.167029170361775,3.2976352479457085,5.69901110977731,3.790241737482937,3.157706554757808,1.0174022332425665,1.6041238176103316,1.0174022332425665,1.6041238176103316,5.598936641341506,4.900321791885917,7.086487066925534,4.778122992777946,4.2839065106715495,3.0591342115255564,4.208048177234177,5.545911549958187,0.0,1.9079857381961873,6.133493483127561,2.1407130130675003,7.229382152174345,8.398972560028806,2.926382195419198,5.571263902289371,0.8435049621485023,5.933835434271345,5.182019477515249,4.174659540518935,1.7675521555277922,6.8553065805302,2.239485536050729,6.801789024345938,2.9024375613296867,5.211822219924943,2.4880267771242437
TCGA-62-A46U,0.0,5.893556746405896,3.498299893672989,2.526400418617359,2.649891286928678,4.386092109420945,3.2608581059955326,5.714049587011979,4.714589453756632,2.13046730028288,5.805119908562118,0.0,1.6312385423929532,4.563769899289142,1.0029453785764346,0.9723307427568277,3.768951392129493,0.9723307427568277,1.7803951391490052,5.403244788434293,3.7400833695073037,4.630067655642602,5.7897613743801255,6.380793498195561,3.2608581059955326,4.5421174937931195,0.0,3.912047005140151,0.0,5.0028047149810675,4.386092109420945,5.640924318691731,0.0,1.96923597435881,0.9723307427568277,1.847383372976052,0.9723307427568277,1.912604478920258,6.236506567123308,1.6312385423929532,0.0,2.526400418617359,4.0119407359672845,1.547371001017882,1.547371001017882,4.707194141514786,8.132403858711239,5.118293168802766,1.7085952279672862,0.8033459728580209,3.393538124294666,4.290425193986621,5.869472039041275,1.847383372976052,6.0080069637272935,5.661146335570337,4.131018766541469,2.0778527802665385,2.385491388989795,4.317257420261996,3.4602867078681436,1.547371001017882,6.555376806263864,7.938260018435569,3.5586084549113632,1.116812325312061,0.8033459728580209,6.189581530074803,5.25598902973034,0.0,0.8033459728580209,1.2430300425794625,3.12604975710115,7.639685576964316,7.116053176879841,4.645976180380345,5.784492651830093,4.483524449699896,5.373192901193144,5.1521580042501895,0.8033459728580209,3.1957259216894998,6.886752251493848,2.5587300576476197,6.719464743224925,2.9271161168154136,5.040976961340047,0.5999347988377666
TCGA-62-A46V,0.9118006666012902,6.268245543141228,3.5622726028477563,4.01801412221528,2.0729077428288387,4.62733277148906,2.8551590021404203,6.080454798167487,4.7155480934577,0.3623488170345363,5.665516239177477,0.0,0.4029953942072367,4.6513092199677795,0.0,0.6894403186286189,2.391108659382078,1.6986385578924024,0.0,5.462725260827943,1.0936332471209458,3.64337987004257,6.309705528324134,5.998862117488418,3.5762565197061695,4.464252726259827,0.0,3.473998547935947,0.0,5.137156338214441,6.198110762626725,6.0387345087357955,1.6986385578924024,4.519818158788523,1.3807037628066456,0.6894403186286189,0.9118006666012902,1.2199740980528762,5.236957787216482,2.0729077428288387,0.0,2.7010792940213753,4.9554255685646185,2.0729077428288387,5.310685564083501,3.377171047059301,9.052686061597223,7.91334177664188,3.1283469961649044,3.0374067046469317,3.1708949331494662,5.108288182160876,5.285870221246279,2.391108659382078,6.869832203532758,11.484832527823288,4.452758826000059,2.7655829892997774,3.2509131065385986,4.5877238803841855,1.603460080747564,1.3807037628066456,5.4457411859829055,7.224906343817435,3.1708949331494662,1.7855401694141382,0.0,5.784040543753186,5.665876363701347,0.0,1.4982605114547092,0.0,9.22036990761336,7.92883476308856,8.034909671999827,2.6671934837569022,6.662651098559893,0.9118006666012902,5.8036911560357805,3.98165167475281,4.8601224338169535,0.4029953942072367,6.855816513164822,2.190580330913803,8.065934375276516,3.765460793542865,5.031959638809968,1.3807037628066456
TCGA-62-A46Y,3.316597639796005,5.332791254408113,3.8310905687297687,3.7752062218120943,3.9440370435370093,3.5859520870589057,1.388167605501571,5.576547408974168,0.9178095778434249,2.8038935720681937,6.44881344189547,0.0,1.7938406354318797,4.572019731478644,0.4063313994361222,2.199455420487579,3.1378870031031765,1.506031042722224,0.4063313994361222,5.953139432786314,2.4872040088366836,1.506031042722224,4.556353821475433,6.711181844935517,2.7431792213522352,4.6659171532611925,0.0,2.8057091355729975,0.0,5.325499560484253,6.248605578829898,5.8886009116487426,2.8057091355729975,4.961830129814323,1.6114359150967734,1.506031042722224,1.1002775679871708,0.6943963999603772,5.77081787599236,4.551076131024462,0.0,0.9178095778434249,4.738677828330578,3.0704407796368254,4.176851922450423,0.6943963999603772,8.420206406895385,4.617602582481085,2.8645638013186483,3.159397545749835,4.153503011693751,5.628315117418646,5.382387338510889,4.566825329160652,5.402916092117461,8.36852379520259,4.09680652909302,0.6943963999603772,2.892735628418102,2.774935965308129,1.1002775679871708,3.093430508773765,5.25737557318552,7.578084089461402,2.9201408940030458,6.294067866988969,1.6114359150967734,5.658485203228321,4.702959109349546,0.0,2.253531394102389,0.6943963999603772,7.712484083912189,5.998948968817608,7.627364237942631,3.2410834010922858,6.750772759947119,1.506031042722224,5.953139432786314,4.675311730830462,3.386807678026014,0.9178095778434249,7.347222378166222,2.7103874675656967,6.882884550530077,3.2410834010922858,5.664951552191325,0.9178095778434249
TCGA-62-A470,4.454061208822773,4.612678924718219,3.497104353047923,1.9681747292512493,2.1269451643238027,3.758216599665104,1.242164141699867,2.1269451643238027,0.0,1.5464129120126497,6.332526236063003,0.8026740050871876,8.397724736237981,2.903693736086683,0.0,1.9681747292512493,2.903693736086683,1.5464129120126497,0.0,5.783492819410993,5.388980401445279,2.4918574369997653,3.459095151740536,8.565937640255026,1.5464129120126497,3.9172314180677494,0.0,2.563625404499391,1.242164141699867,4.811541872601792,2.3843678244093875,5.24398788866928,3.459095151740536,1.5464129120126497,0.0,0.0,0.0,1.242164141699867,5.549690681983949,0.8026740050871876,6.811943473384629,0.8026740050871876,1.779366323798061,4.032800663833737,1.9681747292512493,0.0,8.752636786093245,8.528414001996858,10.114080675671879,5.783492819410993,3.98816333950598,6.356321179565781,6.642499839091912,4.968819750614096,4.821514675979581,7.994311855369513,3.941438108025003,0.0,2.4918574369997653,2.9690237553906904,0.0,6.303656898455186,6.319304993932869,7.146354769514582,2.5889137499921744,3.194542147852748,3.758216599665104,4.869916227156815,5.891193834177888,2.7586355783088443,3.2437830485743007,0.0,3.840881398490334,5.411226320923192,9.047504921802789,3.0881291228199585,2.3843678244093875,5.348820348721143,5.6839300461199604,3.6680974974312384,2.4918574369997653,0.8026740050871876,7.913433229963254,2.1269451643238027,7.342999229846075,2.3843678244093875,4.248002263412499,2.4918574369997653
TCGA-62-A471,2.4631466080054363,2.8247541362204607,2.8836715840004814,2.6237768903674303,2.6237768903674303,7.379663343639016,4.241933762547513,0.929996378930267,5.167211601138352,2.4190606075504864,6.0120634259392025,2.729309283592285,2.8836715840004814,2.2174737280196735,1.0813983079334217,0.0,4.091398560350139,1.7234092483398218,0.0,6.283251308784817,0.7045815581856084,1.5218299939125832,3.5916551936253907,5.454196551648964,2.8546467055728275,2.3719898796323013,2.0993789638123523,3.017361662676868,0.929996378930267,4.801690462181859,7.128528022150344,5.039889842937687,0.41310253523737567,8.7256794474808,0.7045815581856084,0.0,0.7045815581856084,3.2570151843385045,5.709655196418883,0.0,3.2799859758550927,0.0,7.533174858691107,2.3230933536253966,5.591016830811601,0.41310253523737567,7.901281088515057,3.6194516666361634,10.21330042234463,2.2716824882542292,6.565916870178338,5.992683803512711,5.029901830008706,1.4034218447804812,7.715087920569068,4.029681588896233,2.8836715840004814,0.7045815581856084,2.5859729585228033,2.8836715840004814,0.41310253523737567,2.0993789638123523,5.013039069378836,9.101047691035191,5.221128499461547,5.933493744546127,0.41310253523737567,6.301235234934237,2.729309283592285,0.0,1.11382925447297,7.547306516091856,0.929996378930267,2.0993789638123523,6.355108898209758,1.965446634496314,3.6575100387012114,1.965446634496314,5.765689411210457,6.742346294944049,7.151234648754185,2.3230933536253966,4.927862195629322,4.227113997964527,5.992683803512711,2.992015374434884,3.800391758656868,0.929996378930267
TCGA-62-A472,3.4920521965061955,5.2926815149294075,3.333168331264684,3.6544122252316886,3.57652229672082,3.4314937758935056,2.36579460639193,4.475888038235814,5.4822293246497775,1.9464671367659976,6.063036090959672,0.0,1.075173056934347,4.913647040446576,1.359899049760359,1.7623821505173782,2.6062610782001756,1.5812441780633184,0.0,5.4370526951790685,3.224114081216305,4.008316338142861,5.088811645825925,5.540718298499264,3.877375658474911,4.518888724363598,0.0,4.295839463387941,0.0,5.883113453013758,6.521461716727201,5.8969725325152025,2.270815749305061,5.27801771575614,2.270815749305061,5.112337124921781,1.075173056934347,2.048569878012749,5.227508561537106,3.629116179981054,0.0,1.359899049760359,3.2618012057196317,2.6750792507655103,4.407707782892113,2.6062610782001756,7.587315574433491,4.975505402112518,1.7623821505173782,2.962165148710043,5.486235731948453,5.142113747549123,4.199261479504715,0.6756449054238033,6.6455330044336005,7.1122214896276175,3.877375658474911,0.6756449054238033,3.224114081216305,0.6756449054238033,0.0,1.359899049760359,5.678485179282039,7.994079038674491,4.5601163331063495,7.808103603315526,1.075173056934347,6.026172690068102,4.0923475695589175,0.0,1.5812441780633184,0.0,2.6750792507655103,7.566052182106336,7.4187928802793035,3.6544122252316886,7.197061032550016,0.0,6.142652270282752,3.603166324944889,5.112337124921781,2.048569878012749,6.195184679217535,2.4525384047552707,7.227989242727641,3.603166324944889,4.860649263399773,0.0
TCGA-64-1676,2.070476475294186,6.155823657433982,3.0155447047236814,2.698491326953201,5.35156425143441,4.319305128431133,3.533905518838219,7.124969285239252,0.8694925823255157,2.0528536967707387,5.42853828559662,0.0,2.4329991317159787,3.0155447047236814,0.0,0.526443034661067,2.154259083458049,0.526443034661067,3.6116986888402276,4.057244798265074,0.526443034661067,1.3274728003115486,6.272225851194303,5.679134527734971,2.154259083458049,4.202033864151023,0.0,3.228834076482079,0.0,5.512056837786952,4.242671172174584,4.923580279790896,0.526443034661067,0.8694925823255157,0.8694925823255157,5.941982768828638,0.0,0.25541711186450544,6.098357388155374,0.526443034661067,0.8694925823255157,0.526443034661067,5.436534638272645,1.6403937965545454,9.48276920296515,2.4920312097302966,8.310933797117519,2.3033048339183946,2.070476475294186,0.8694925823255157,5.799425932250647,3.307941091182368,3.683876962491145,2.4920312097302966,5.921760708658191,7.934463319358572,3.228834076482079,1.9790409275711902,1.124474948193837,6.265664264697094,2.070476475294186,2.9452018460042635,3.995453813156917,8.234326174622225,0.0,8.243842597634446,0.0,5.960020318566808,2.9809891254797787,0.0,1.4961124271219772,0.8694925823255157,3.7011340587809354,6.008857410508878,6.3169931918984785,3.2559056783015436,6.296278403916421,0.0,4.577882233414627,3.915881551654828,4.242671172174584,1.766441661243765,6.090542619481226,1.878380492261714,5.714026491752279,3.2559056783015436,5.460091768954288,0.526443034661067
TCGA-64-1677,2.0234794707597654,5.9730077637574155,3.9382403087451863,3.029829306122038,4.663750366416534,3.6985153791111194,3.8013975431193656,6.555935671653714,4.807653782605987,1.4544902484326436,6.102719655468077,0.0,2.567638047385465,4.131465315592181,0.7391238667999696,1.6820190052148563,3.221671912170202,0.0,0.7391238667999696,5.427049134379068,4.058593024514951,5.417384022455777,2.0234794707597654,4.308167477716937,2.277544169750561,3.344708155630798,0.0,4.0060195955785005,2.3838701056102285,4.1488832512813385,6.2403440689643315,5.702738596671778,0.7391238667999696,6.155832141770835,0.0,3.130341834745842,0.7391238667999696,0.7391238667999696,5.738596054751942,3.029829306122038,0.0,1.1594564942174093,4.1488832512813385,2.6482365004003543,6.562137549538719,3.029829306122038,8.061325970647466,3.130341834745842,2.15855304668795,6.639452214700858,4.588778574557106,4.674015046521962,6.920701118815104,3.6710514759143242,5.89178232383483,7.111822019531609,2.6482365004003543,0.7391238667999696,2.792225894672589,1.4544902484326436,0.7391238667999696,4.432612804107501,4.262988280184402,8.685912657791906,0.0,6.16736972959532,1.4544902484326436,6.248837529672823,4.406265485793502,0.0,0.0,3.8013975431193656,2.4799694820081837,4.278275933679954,7.422893589730394,2.918067985197492,5.940039665115794,3.8491236734190406,5.661751416179273,5.981330874448732,4.131465315592181,1.6820190052148563,6.638020519022682,1.4544902484326436,6.817253818731008,2.277544169750561,5.562168985893125,2.4799694820081837
TCGA-64-1678,7.09067665584806,3.156029737423104,3.0728831114923816,2.7112583827131718,4.779165509035571,3.4627972140806262,3.4627972140806262,4.109875004823629,0.0,1.3375241967504614,6.5379125910058065,9.119167621195869,4.1401493221225865,3.156029737423104,4.8977651703005165,2.022315480257719,1.3375241967504614,2.4249797012076515,3.906014993414151,4.046429764807373,7.619719306999287,1.0553915862135463,2.33848298399103,5.082335608261447,2.1391716458876022,4.8402264977659115,0.0,3.8675986970258975,1.3375241967504614,5.415366799850669,4.046429764807373,6.118735760636674,1.3375241967504614,3.4917294980133806,0.0,3.6496707408886557,0.0,0.0,6.072320769942157,0.0,8.356244792694994,1.3375241967504614,6.408441472585078,3.156029737423104,4.499499622270332,5.506858824318021,7.300931858114546,4.062673280265636,8.430429783679692,6.522089856989356,2.33848298399103,3.906014993414151,7.863235954305422,1.5573442978757808,7.28565047236676,2.771638270703786,4.154950360331959,0.6608822199726698,2.33848298399103,2.828573183377939,0.0,2.4249797012076515,6.543887384833976,8.185085416660112,1.3375241967504614,0.6608822199726698,3.7860333877046037,6.53712628570943,4.5600828578518815,1.5573442978757808,0.6608822199726698,3.337898980147173,1.5573442978757808,3.4917294980133806,7.641089052237347,3.906014993414151,2.1424750245653104,5.8235132418809785,5.419525640483529,5.464145315198194,1.5573442978757808,4.662438593778484,8.12398762706376,1.3375241967504614,6.484193916894414,3.304076897578714,4.605196185650097,1.7374264719017112
TCGA-64-1679,0.8964961045459755,6.5684416093108196,2.6010735654108124,2.2727133417890824,2.4120402143008866,5.459134348554481,4.441066471970678,5.9783539779578865,2.759997281724957,0.0,4.751112987438331,3.633744579771565,4.286029093690979,3.8281999947378478,0.25479724511600427,1.3614636139893828,4.655663660605068,0.6262592350183136,1.1089915704129787,6.89562297936557,2.9888284972371966,3.8592675900308557,2.7225709298430765,5.7441883826244515,3.6564828039884296,4.523093160492494,0.0,3.128377648780998,2.5793073252094847,5.162125294596296,4.601815565535486,5.091520723503141,1.0083592996905475,6.327256195038387,1.5001363075430119,2.302175008921065,0.0,2.4989328215210924,6.172193169188164,0.25479724511600427,1.7304335599003393,2.3307934692576344,5.790495195941545,2.534307738416188,4.621997804094351,3.8592675900308557,8.947513500522579,1.9473234356095124,3.802629925456702,4.321334041797467,6.646777452964533,1.7309473298312976,6.934231665554985,2.796073288362592,7.18202531077123,2.6223761113634465,3.2564220599421634,4.650124430989133,5.030830001381775,5.189996919055315,1.9174812796277503,3.888391979155571,7.032915480755348,9.502270906917227,4.121473229610353,5.167097585803166,2.9741153013290242,5.688817725930828,4.770235371024075,3.4114545961148037,2.110794849337832,5.673982843417682,3.9128706460792837,3.56225557814207,7.02648897373005,2.8478527223641796,6.367150628727022,0.7704785234962688,3.990926603023612,5.338484746855153,1.9993425824242088,1.8738922987665774,6.384198962737328,1.0083592996905475,6.4596555971240575,2.3586156488189713,4.194872921795947,1.5628702766177656
TCGA-64-1680,3.7577873219881828,5.152701825242354,3.2450775420895965,3.6854736609791034,1.3836659097661985,3.1850666827157315,1.3836659097661985,5.165591363795718,2.721315164499567,1.1762521117253357,5.478106552930301,0.0,2.5023208060417876,4.201250882508095,0.0,1.1762521117253357,2.979836604148606,0.0,0.5581289688818571,4.846609347265135,3.087709632949959,2.979836604148606,4.119656495189132,6.900508081370149,3.477852820551118,4.858284105324467,0.0,4.494880877093513,0.0,2.3717379516823622,5.747502665345744,5.836432228751665,2.9411282415599502,7.165470290866283,0.5581289688818571,5.3659993792348875,1.1762521117253357,0.5581289688818571,4.881224922198893,8.236431120429623,0.5581289688818571,0.0,5.5648651754695315,1.3836659097661985,4.892504698047756,3.0530290111601,8.51664504120936,3.1536544039409713,1.9429199686327465,4.962865609060829,1.3836659097661985,1.9429199686327465,4.13172865392083,3.7401926233039817,5.7522583037132415,10.682050671383285,3.087709632949959,0.5581289688818571,3.2450775420895965,0.5581289688818571,1.7018894647990122,2.7693146182059842,5.1264252337445955,6.551868595712887,1.7018894647990122,8.741631903647336,3.500665571615144,5.003825493278775,5.511963964218098,0.0,1.5553829133113561,0.0,8.403047532477139,6.1079801131974,8.7325142264733,1.9429199686327465,6.8453371748373195,0.0,5.186698418806421,6.7039841153654995,3.0171022992901833,1.1762521117253357,8.930533872294028,2.221505180943304,7.706599418596482,3.121223303923513,4.483889164506561,0.9142085656698304
TCGA-64-1681,4.365751154673821,5.651527314315104,3.1531205638027338,3.255747627644052,2.8058844654505646,4.474428042645724,4.122625849759992,5.615337343058747,0.308513582031714,1.4965379352186499,5.8066639199568435,0.308513582031714,3.4795401837761237,3.870919721349692,0.8943313805197279,2.062714928597398,3.585162032282264,1.6747011708861286,1.3587946874173058,6.079681447162598,3.1684411091648856,3.2130468694677576,1.9144194819639426,6.590585348438883,2.783794452867603,5.172164400547455,0.0,2.5309867959672343,0.5440089175562235,5.363749238528889,4.228121966250003,5.235707650735612,3.2130468694677576,3.0212781805217297,0.734433067465488,0.0,1.1532898499588053,1.193528451463988,6.2751856603077965,0.5440089175562235,0.0,2.107628043524463,4.576170737279187,3.3738912735322253,6.517498436706648,3.855742559003165,9.073694419857059,7.949292679733676,2.4407457540022306,4.756155862472193,0.734433067465488,3.8253054034642258,7.363190806864941,2.471736975739358,5.34149658064197,7.573099514879994,3.501576510790001,1.7402380786531082,2.3757147295907086,1.604586161703076,0.8943313805197279,2.231411273539521,5.079875246167396,7.384057778625967,5.1535401185264185,1.447601103180582,3.5124137184835367,5.0525255178564406,4.975705627885005,0.734433067465488,1.8596517352709734,0.0,6.3723637012708965,6.32430698970459,8.103264366895878,2.690191682800897,4.017764048676165,1.2612978709452054,4.908632099287389,4.952992056866085,4.5573917598391,0.5440089175562235,7.734554469891995,4.12846414568268,6.619449011761328,3.7761872455018106,5.722604228896789,3.5124137184835367
TCGA-64-5774,5.7330434979381595,5.0845361019357895,3.175103649507478,2.4243424428132188,3.546511995326991,4.809465214703444,1.8160292282007933,5.219831363247935,0.0,1.556796341108503,5.333867891253426,2.646352086631994,1.556796341108503,5.018676212421935,8.811902514801508,2.7106069298839,4.3713056194197675,0.6605723346277667,2.3820337781172705,5.789011709017037,7.438724648327438,1.889385148012495,4.329038483775483,6.86381175087465,3.68485888243684,4.365376283729871,0.0,3.1523598832561417,1.8160292282007933,4.41185967115444,3.9691969747026636,6.220800883484595,5.0610875682587535,2.855210792802575,0.6605723346277667,2.5776833199350087,0.0,1.0167512621877892,5.619255282250677,2.138547363644647,7.25431927917014,1.9577399008088905,2.8279169901616585,3.5861792854816854,1.9577399008088905,4.365376283729871,7.869535495676661,4.835821483512555,9.220538196952628,6.6648438747671115,1.0549390108781393,3.995367333672281,7.307477260196508,0.0,6.508915176977962,1.9577399008088905,3.6965350749248134,3.3372240341172303,1.7368632006893392,4.2521457138193615,3.8570725052930324,5.283198652582973,5.839291909664351,7.573418203939834,3.3034007799378884,1.3370253323130874,4.868710681501466,6.142471719861407,4.578793355899332,0.0,1.2058809825952377,1.3370253323130874,2.5414917511676145,5.030973725536173,8.82175155479192,3.3034007799378884,6.323747664465695,8.417291084835044,5.2147563936981545,4.245462075217655,0.3838328079810505,2.2431535092246193,5.509950931378306,1.4529244434176536,6.303763009733085,3.71948867534602,4.826263637282584,0.0
TCGA-64-5775,1.0495620906928178,4.35128388183935,3.0643624125948157,1.7300790819540175,0.656586925248143,7.504209824586837,2.1849158008686214,5.997580804613222,4.037652510206804,0.38124071921729946,5.500711122143645,0.0,1.3309666235103728,3.205571716384685,0.0,4.50615725947031,0.38124071921729946,1.5503034298085765,0.0,5.795026824406581,1.6442257379197642,0.0,0.656586925248143,5.178192841744251,2.733548992707976,0.8722552462843987,0.0,1.8824072819191426,0.0,4.717551994577365,3.8290456625886296,5.946723424494751,4.480202024024057,5.055869938540885,0.38124071921729946,0.0,0.0,1.1470214278757973,6.031593501531418,0.0,0.0,0.38124071921729946,3.8972626047149137,2.416841918873871,7.266394292872106,0.0,7.621302947299761,3.468709601970407,6.224603972792694,0.38124071921729946,0.656586925248143,1.9506702304419745,7.040746525754151,2.496390457729286,5.461179986977316,1.7300790819540175,3.0643624125948157,5.410627676343821,0.8722552462843987,2.014569631641027,1.5503034298085765,1.8091408670588298,0.0,7.585661910125798,1.2001153739986312,6.4079734474284225,0.0,6.517291584887166,1.3309666235103728,0.38124071921729946,2.597751587155453,4.560991522485948,5.910902329512531,1.2001153739986312,5.835161552712581,1.7300790819540175,3.5477794919894614,0.0,3.361992135055933,5.416833466780249,7.917467134790299,3.961119789251634,1.6442257379197642,1.3309666235103728,5.437235474734378,1.5503034298085765,3.377952637071529,0.38124071921729946
TCGA-64-5778,2.7088165740301116,3.7125618004596133,3.4032219974104843,3.619690134760938,4.079598031300952,3.9179971247877914,3.1710921540143944,6.439872598932656,3.699811975727128,4.157012585067971,6.006298970941436,0.0,2.952981336486358,4.374000763359995,2.1729546531782824,2.925529742151978,2.7088165740301116,1.1235650300236861,1.1235650300236861,4.849072769842243,2.5190503943548377,2.5190503943548377,1.4143228668411711,5.083594511445666,2.1729546531782824,3.9179971247877914,0.0,3.948480288438483,0.41798638866183613,5.33031009758421,4.631938691202133,4.5854000381644475,1.8228381514653191,3.350044428303535,0.9387564765898184,0.41798638866183613,0.41798638866183613,0.0,6.6184679187451,0.0,0.41798638866183613,1.4143228668411711,5.466370951544286,1.8228381514653191,2.599321055011581,3.385809594601508,8.954827284506166,3.958437015444642,3.4860132948282736,3.686897491322624,0.9387564765898184,4.131922901776889,5.652004852474562,1.533118265560688,5.7172349167777385,6.33790479476553,2.637169835132046,0.7119198658832289,2.2303476779493305,0.41798638866183613,1.2794605384558801,2.3850771063602636,5.325270836108294,7.071980751506683,3.2938793958535357,7.118866734072508,0.7119198658832289,5.919014814699075,4.666697929279295,0.0,0.7119198658832289,1.2794605384558801,4.1225496978612215,6.855524703378485,7.242425893656722,3.2343672113222453,6.70808408385307,1.735277297273248,5.432918187130579,5.284020653847037,2.637169835132046,1.9778655224397013,6.696434067594451,2.7088165740301116,5.603483203339636,4.147461858772507,6.397552794357951,1.533118265560688
TCGA-64-5779,2.9005915793861643,5.43865740266437,3.6110935728907356,2.7021394335491298,5.652352328799652,4.936615523180896,1.4523863624819793,3.8975487570737166,0.0,3.632750804002923,6.538542058345299,7.6754763945468225,5.07364765123778,4.572075550047635,0.597901998643212,2.2173866171601606,1.2398224572196332,1.4523863624819793,2.9005915793861643,6.2166061010848646,8.26039202418884,2.021097130705592,0.9695281352565722,7.171119043782712,3.518482515608274,4.208934356758382,0.0,3.6543708216502733,0.0,4.976913036691224,4.645448032486661,4.71380035051354,0.9695281352565722,1.2398224572196332,2.4543013835272625,1.776645831418007,0.0,5.324097192785454,5.203187670455547,0.0,6.2231177880896,0.9695281352565722,3.9773087473267377,4.6610399921519,0.9695281352565722,5.07364765123778,7.936095306664893,4.691531351636135,6.433121748264539,6.321929490305011,0.597901998643212,5.004737938830171,6.835855328891021,2.2173866171601606,6.47055953691236,3.066111516916526,4.007511351178158,0.597901998643212,2.2173866171601606,1.2398224572196332,2.302745080195411,1.6276117630129647,6.198474651443395,7.280063385754419,1.2398224572196332,2.3813962734183356,5.5400196345674315,5.473597524108414,6.4856484626054085,0.597901998643212,0.9695281352565722,4.502007253873752,0.9695281352565722,4.546371957798964,8.548327451001999,4.876074800700561,3.716163827140994,7.559220720547438,5.7376330250313385,4.572075550047635,1.906322511450631,2.5858825671280026,8.131871828887384,2.302745080195411,6.843738221858571,3.1744347895125573,6.249589067317437,2.1240563344387873
TCGA-64-5781,0.0,1.07476348663612,3.210609754851115,1.915126883178339,4.107706558470087,6.590755615195122,5.701753751521659,2.5317584285652335,0.826891050609541,2.5679141887716086,5.604440846138421,0.0,3.010256287570089,4.2271855082098595,2.479801976417293,1.2732096460497289,3.3093232917337123,0.49658470147564826,0.0,5.558837624187195,0.49658470147564826,1.915126883178339,2.629129641362888,4.655673168161198,1.5807297482973566,3.3325473085559816,0.0,2.5317584285652335,0.0,4.754555242535781,6.613452672412368,4.849589788380257,1.5807297482973566,10.251595403506913,0.0,0.0,0.826891050609541,0.0,5.508006815965998,0.49658470147564826,0.0,0.826891050609541,8.879561497367845,2.2364559741931136,4.839467304372389,3.501172421643644,8.254625106178704,2.5816249286644375,8.230590536184021,1.4387444861208096,4.445522424856439,2.803651247691599,5.07015499198352,2.717861908486203,6.655705437494072,4.467901532782628,3.501172421643644,2.165275142029439,2.5317584285652335,3.9959265581308494,0.49658470147564826,3.285543328114215,5.020466806009545,8.899853570426691,3.539233197456468,5.003342096602114,0.49658470147564826,6.019296130409981,4.6371629170242645,0.0,1.2732096460497289,1.915126883178339,2.2364559741931136,2.629129641362888,7.586833960663209,2.005646981945772,4.271247297016955,0.826891050609541,4.430319055942247,6.481714945200514,8.298790882627245,3.5758983084080493,2.910354107603396,2.088649022430749,5.437814056355539,1.915126883178339,4.515442395613318,2.3652124139514994
TCGA-64-5815,3.9966784427032787,4.985837009256102,2.816061201121,2.9883601662243686,2.607765669699859,5.408560940646796,3.8739638573968187,5.236229174234615,4.144056523628109,0.9443338228987979,4.428110759867792,0.0,3.8739638573968187,4.784294971883759,0.0,2.94799055956853,2.4169935522781083,0.0,0.0,6.669646555993597,3.734053564424464,4.505926480003358,3.232853677918865,5.969770933022726,3.952406503823026,3.734053564424464,0.0,3.229131059728467,0.0,4.443279294527254,5.453276291086094,5.712577022337697,1.7427967901787869,11.145569394640876,0.9443338228987979,0.0,0.9443338228987979,0.0,4.77771073092694,0.5796984880523661,0.5796984880523661,1.8716175444734582,5.4465261424624405,3.5713338902588925,2.1810387349145497,2.1810387349145497,8.453004475756263,4.71637161027892,4.556667730426568,4.325812040002346,4.216140277042953,1.9857350752395275,5.415571373404469,4.131521521666146,7.783249016023542,8.266226131367429,3.676093055419556,2.607765669699859,2.1810387349145497,4.470610836625606,2.607765669699859,4.514564721633634,3.9060813889322765,9.302956015685645,4.452473448673971,8.12226438106296,0.0,5.8773211299971395,3.5931831997924353,1.2109285568919417,2.607765669699859,1.7427967901787869,5.439725778834369,4.744096997129522,7.8527811730285855,2.607765669699859,7.631974679096492,0.0,4.1564379088555725,5.476547230438735,2.816061201121,1.2109285568919417,7.309426532851048,2.3443602331266673,5.792364007195068,1.9857350752395275,5.047057222508,2.7679153188821854
TCGA-67-6215,3.212262001677683,7.160923543402042,3.1971495084680273,3.402832710449509,2.1771239056292164,2.6146475341712048,0.7501416920797536,2.5585907225852744,3.5628342555966066,0.5566399359052823,5.4377531687887615,0.0,2.3331724922618364,3.3519861288473427,0.3165610320021576,0.0,3.256264090884506,0.7501416920797536,0.3165610320021576,5.2864471939775495,1.282876401921402,1.6991140690758748,5.7665162432071,6.638202539224808,4.516329136167528,4.44024129604351,0.0,4.137878077245711,0.0,2.7892860428619497,5.471690673571158,6.638207776725839,3.922614714712603,6.638207776725839,0.0,1.940007045688258,0.5566399359052823,1.3468516233209618,5.5025227168419955,0.9121622212903749,0.0,0.5566399359052823,3.869647721845465,3.5196705494929077,1.4705895526152846,3.08446633254124,8.490481592043027,5.52800744253227,2.2963859177512247,2.897650757141364,1.051555621124829,4.10409520317157,3.6821594252129244,1.9921392132770392,5.615796077033858,10.112029010306113,3.5414867211708776,0.5566399359052823,2.2963859177512247,0.7501416920797536,2.0889090827414387,1.8850069170020793,4.691375404786174,7.193069550404257,3.067275889125503,2.2963859177512247,2.7181391362107505,5.05416083075082,6.299623651746774,0.3165610320021576,1.9921392132770392,0.7501416920797536,3.7457110089857566,7.356707626687351,8.305642186137835,2.5585907225852744,6.064364110858849,1.051555621124829,5.0004502690378905,4.027470872254399,0.3165610320021576,0.3165610320021576,9.241199299562167,2.468124954877255,7.750003267344367,2.468124954877255,4.919477149319009,0.0
TCGA-67-6216,2.9275016115116044,4.366859695950979,3.8240984843766226,3.5436686938561492,4.778047283954046,4.281001153605618,2.0126337810982213,5.31684467116192,2.3996392058082967,2.5589931931406986,5.898172579342957,0.0,1.743076799280912,4.351787763738035,0.5951483896778429,1.0181611642704829,1.5120896571641984,1.5120896571641984,0.463356586523942,4.93806460126142,1.0181611642704829,1.5120896571641984,6.1935499232555555,6.08961840709125,3.8743003695964844,4.5570077747405575,0.0,4.870967014001315,0.7787283686501512,5.170716922453909,6.18993213569321,5.4211365881928835,3.3568971227655755,4.60529817779679,1.3729051240008745,4.77308005820676,1.3729051240008745,0.0,5.663026450182096,6.026211324812816,0.0,1.2111668649061766,4.711429297787445,1.9305934449434201,2.7558303315497494,1.8412319402557527,8.37029283105276,2.988687517427286,1.9305934449434201,5.29343546945643,0.463356586523942,4.094067857276151,5.604024752515036,4.410759853496754,6.0922867803228,9.913125953556126,4.10306641603397,1.743076799280912,3.6095954169104987,3.0739749005154744,2.2247424633729587,4.745757874297738,5.527359487047594,8.11734527729265,3.2933114576210394,6.7081255970328995,2.0126337810982213,5.880960269403991,4.640044930624513,0.463356586523942,3.5771766463514183,0.463356586523942,7.040536390215956,7.179109779133913,8.266519129485598,3.656335601037907,6.498401118302977,1.743076799280912,5.5012418838808355,5.290466630003323,5.6169638063697835,0.7787283686501512,7.825888312775479,4.195986171311174,7.065006860326645,2.2247424633729587,5.988051228357836,1.5120896571641984
TCGA-67-6217,4.410434289162124,7.4482989156159585,3.3624496233147823,3.558602759209909,4.308720456382151,4.057970992107742,3.8512958783582274,1.4841920993963504,3.236652872650881,2.549273281153371,6.244590112068029,0.4501835017964291,3.9971983646348437,3.8633074384762724,0.7594497698140085,3.32225157217578,2.560315561067623,1.4841920993963504,1.186104105783453,5.18398898170793,4.195475646430823,2.192770226986839,1.6054298910365616,5.890184583550613,4.195475646430823,5.025451654390388,0.0,4.809530430322608,1.6054298910365616,6.005909711539478,2.7222292022754795,5.275304592238964,3.5088073653685723,0.4501835017964291,1.9815806114759507,0.0,0.0,1.90251043029487,5.0834891468375405,0.7594497698140085,0.0,0.0,4.057970992107742,2.4683367914588352,4.057970992107742,4.087026181414421,9.25687084210188,4.417318968763187,2.983796322661485,5.988956404345973,0.9953606588576351,4.212459394679689,4.410434289162124,3.7225148870498335,5.230691417539589,6.330804097624387,3.8512958783582274,0.4501835017964291,2.644549363606915,3.5422772957106687,1.7135276209584813,2.057042546736357,6.508430778691755,6.234151868688369,4.747381300603924,3.4198719219269638,4.35358472098005,3.776033737558619,5.266537700012011,2.794307404885818,2.3670329850249234,0.0,7.624819161435491,6.65336483890974,8.358392048260706,3.7361661076250834,7.175260153995101,2.9546081500640415,5.4702686710008015,3.190941262834074,2.9546081500640415,0.0,8.05308256427511,3.9545287017267197,7.06619389531276,3.5422772957106687,6.3076885214382035,1.9815806114759507
TCGA-69-7760,0.8105745974359096,7.802094837086289,3.0137146176885694,3.6661531570574595,2.397331477532047,4.439088446625796,3.3044515050715715,5.977629279651509,2.982560910742629,0.4852616316347165,5.147093233535437,0.4852616316347165,1.890321930384882,4.160219689703302,0.0,4.057671933276493,2.9504053554189427,1.5576602902524608,2.1395130693914517,5.141043481254798,2.8828155033982923,3.7129621246298936,3.9433937573299778,3.7864166976244356,4.563730292274109,4.1405345233950115,0.0,3.6170450492923285,3.129445524641261,6.461430675650575,6.08273704096379,5.441794139518424,0.4852616316347165,4.424229675111064,1.5576602902524608,6.225913945791161,0.0,0.8957206101294451,5.976046294379601,0.0,0.0,0.4852616316347165,4.939232377926119,1.416581053724763,3.327127357506348,3.472913209203756,8.321100445578342,3.2812495044262606,3.0439270224036594,5.772764234970313,4.503350062406254,3.600122008178215,6.811170587332529,6.3630505170823835,5.980790279275662,4.386085884759209,4.110258921036171,1.9804633930952937,2.4525900483114573,4.57666679660241,0.4852616316347165,1.416581053724763,4.0358375924303616,8.442329549200416,2.4525900483114573,2.4525900483114573,4.169918839776808,5.615239015536977,4.925730787005811,1.2523057211165738,1.6812561222245697,6.557218600145527,1.416581053724763,6.90750624797649,7.853853325905291,1.890321930384882,6.260187398996113,8.045684430027197,5.126312410156032,5.141043481254798,5.731099283306658,2.1395130693914517,9.645286609406515,0.4852616316347165,6.473074004925909,2.982560910742629,4.367485168167989,1.890321930384882
TCGA-69-7761,3.405916230362096,1.7676375271076452,3.8701775707049175,2.5961721963824527,5.028121515103531,4.073192424746537,2.146550973941473,2.4675315736039103,0.0,3.5374255513790303,5.809396958061488,0.0,2.5961721963824527,4.16108222597199,0.0,0.9627925655255748,1.855782232385342,0.431587592253736,0.7320312986099116,6.24160439695275,0.7320312986099116,0.431587592253736,0.431587592253736,6.924799202591265,3.8241137709396247,4.432107632026236,0.0,3.5397789174866148,0.0,4.2418661754014115,6.264454847066748,5.742512682916239,2.8124282342821485,4.655435452135642,2.2653607856957754,0.431587592253736,1.5639592591550702,1.9898039920428015,5.721527430842914,0.0,0.0,1.5639592591550702,6.349079549053697,2.990131619127635,4.309382014375296,1.7676375271076452,8.164726523108541,8.48537636174851,3.1173568100774727,4.665653621367602,1.1501605505486863,4.9736323864598715,5.615351909276774,0.7320312986099116,5.569099943535443,4.9623689926867645,3.230207379610145,2.011697889593316,4.316610395120842,1.1501605505486863,2.3198649328933048,2.990131619127635,5.460499989501105,8.519763884351944,5.425478512164716,4.558512446584001,0.7320312986099116,5.226311030562944,3.6852704494841597,0.0,1.3078732546068796,3.475085805907475,1.1501605505486863,4.386153109055589,8.338623786488006,4.386153109055589,6.504029157959079,1.5639592591550702,5.546200358624454,7.11506208847,6.535347216054405,1.855782232385342,3.657816971912118,3.6852704494841597,6.505942493018032,2.512278596583851,6.019145373463934,6.3213364781272885
TCGA-69-7763,5.449805934669591,4.692924620175664,2.9613581964626543,4.13476327543538,2.2273765153962906,5.037575784818508,3.380075885040044,3.0491545500499844,0.0,1.213249641106145,4.8803823310676036,0.46442560093167373,3.8648726959617274,3.8648726959617274,0.5800904582676486,2.1615283126779454,3.2282438079720066,1.375107015479314,0.0,6.793897653811105,4.369773116018793,2.503973712505226,3.251397224572155,7.628644077723742,3.71831931724367,3.774127819578313,0.0,3.2957146363123626,0.0,4.448842638502771,3.992667993233048,6.208461245168906,4.541200036630007,9.377709022542922,1.0200379468620069,0.0,1.0200379468620069,1.4527139244877159,4.676550871044452,0.46442560093167373,0.0,1.0200379468620069,4.08630062970299,3.4195348838990127,4.70903458301838,1.745506084710593,8.328144256472855,4.0035168212615595,7.054268294537299,5.296370472579292,1.0200379468620069,2.503973712505226,5.213037217391064,1.5143797008831088,6.2751762480558675,8.355473942089027,3.8648726959617274,1.0200379468620069,2.8308458378413954,1.9331143451092572,1.5143797008831088,2.3473385491812184,5.156765322897214,7.634095426897846,4.275728179288079,2.503973712505226,4.861895504519049,4.6315199613108735,4.153509295390072,0.0,2.6807064105766343,1.8437033852487743,5.452342324186877,6.122821702791483,8.369275380177507,3.020737032543557,6.318458073788256,2.1615283126779454,4.893404605867942,6.423797136835754,3.8771892952897975,0.7803335422388613,7.906676137503243,3.15537782886321,6.74294195466658,2.503973712505226,5.068212138900275,1.213249641106145
TCGA-69-7764,4.727998251829155,4.828353736502322,3.2137708164581955,4.105642169908594,3.4288384886959085,4.520143746796258,5.410806413743311,3.952416107987392,0.8442790225638612,3.611671682542357,6.17457121229034,0.0,5.229374493811127,3.4288384886959085,0.6904936630943819,2.19250233396385,3.101001785071066,0.8442790225638612,1.7302208882114563,5.642499094239291,6.323222115699086,1.6051888981446856,4.329860591130504,5.946205640702368,4.228865256992507,4.801476827348709,0.0,4.266781313793814,1.462236364695048,6.273212799218101,3.9395973155953605,6.010038478690176,3.605742380491079,1.7302208882114563,1.2954118646427175,0.0,0.0,1.095072698369577,6.095759244983771,0.0,0.0,3.0072061956276186,3.530952904654692,2.939399988963519,4.704255050878246,3.2137708164581955,9.039006231838338,7.861661590317625,9.650155375683314,3.0707005897912967,3.1304073868805706,5.096611135103526,3.886610834017409,2.746559122530317,5.530721902259842,6.352531830584575,4.060946332134717,1.095072698369577,1.8413429694168828,2.0322582108619653,1.2954118646427175,1.095072698369577,5.958274810996998,6.014907598834449,4.421585031190333,2.0322582108619653,4.490839558905024,5.574429008994449,3.8161660761835825,2.0322582108619653,2.0322582108619653,1.2954118646427175,1.8413429694168828,7.636887173261592,7.417057743329555,4.629462718557123,3.9588913240348793,3.3848850561698502,6.330335689766162,2.115580588295709,3.2137708164581955,1.095072698369577,7.986389324934581,2.5074180234167582,6.728486258455154,3.8306567555923094,6.061172496199325,5.116687570432482
TCGA-69-7765,3.6494419174561377,8.07716769395685,3.8803403694475307,3.6494419174561377,4.60767604370249,5.036523939122075,2.504382426288657,4.888166296449158,4.632279388466709,2.3070650430157515,4.990085587806045,0.0,4.13992004101339,5.598566393011724,0.8102188521457828,4.197849858023304,4.883453225594028,1.2518768617329905,3.013120223155218,6.252100395647953,2.949813981608987,1.557154654510096,2.7714192887188713,5.832468815617524,3.8803403694475307,4.21643681835547,3.74238467538653,3.21140801002068,0.48501538686617346,4.668079255289789,5.475743627576183,5.76433807448283,2.731577907810836,4.035224225068611,2.0626005244838095,0.0,0.0,1.7037293917210192,4.820047667285215,1.2518768617329905,0.0,1.2518768617329905,5.280056649896425,3.86737076821816,1.4161201180171321,4.973770736360827,8.142813874448237,4.057057977436084,4.109645240872253,6.973346370972599,1.557154654510096,2.2761487109210075,4.582455141719876,3.2568958174449634,7.136427518893225,8.229860391295107,4.099347028994892,2.4520132104858963,2.0626005244838095,3.854230743690231,2.209910437143402,4.296053355038331,5.176319209737187,8.199793904176307,4.207186521954569,6.894940519567757,1.8897932094994205,4.377663379505567,4.057057977436084,0.48501538686617346,1.979925027642591,1.2518768617329905,6.5259793533674415,5.144070015381589,7.850072367760498,3.1288504558188706,6.49842671733925,1.0552523540785446,4.902181109085504,5.032462015322363,1.979925027642591,0.8102188521457828,6.531450349986553,2.7714192887188713,7.342986287626614,2.554137270788074,5.6512006311474465,1.0552523540785446
TCGA-69-7973,5.1478548769777905,7.01159263522139,3.37153854108361,3.1211747892445056,2.934005794916226,4.074051714787661,3.0504524395042227,5.225719791631451,0.2295231582782488,0.5732368838873878,5.089008917315287,2.5941047923270446,2.0082543000370916,4.69704720651224,3.917613350291359,1.8985639418780247,1.818109244550837,0.9353479834076124,2.7035534391391844,6.162160453818196,6.904677547622171,2.7035534391391844,5.322175484703298,7.4142656052304545,4.400600566256076,4.290259421145724,0.0,3.7948710206172875,0.0,4.987155112880498,5.117406813819478,6.114834170902903,6.193214886817209,4.749763914721075,1.4100353015016882,2.613197250086203,0.7090205297162355,1.8993275464278818,6.115973799851786,0.0,5.305665304210575,0.5732368838873878,2.4927508038110493,3.2083041410152333,2.4927508038110493,2.355784569461623,7.752880781507684,7.585946169758276,7.841885928984623,5.672456912613292,2.961083891345661,3.944497939969348,8.07319097644276,0.5732368838873878,6.299160621573557,8.618165492930494,3.648364704055934,0.5732368838873878,2.9061794881016785,0.2295231582782488,2.075220144105565,4.257633361960384,6.603435565377333,6.584009318689992,4.446994751022215,2.042297670396705,4.603354538697666,6.718927401916352,5.050272587134753,0.0,1.6347547204178903,2.8177234037423022,4.162205682408973,5.329709438779094,8.83774072899135,3.154746819867449,6.163660007602927,8.936069302006551,5.104963173419579,3.3446023385109,1.5287049666010042,1.344977452483179,8.295643369440485,1.6838401270085606,6.9425141297385915,2.770380034884647,5.555870074018306,1.0317956189639992
TCGA-69-7974,4.0658284828227576,6.84343326773794,3.6461546086539394,2.284156321525612,3.150057223909544,4.569769925602453,2.940679288800725,6.132067440132828,4.5758422970840105,2.1181212431280576,5.603553215997216,0.0,2.121998031093749,4.306555233473055,0.7732514248016068,2.048982334195127,2.771938510898195,0.7773504518420197,0.7773504518420197,6.454968977238822,2.695565929197043,4.890100977134067,2.1900544891353055,5.9581895232606765,4.193417351494738,4.157280236987467,0.0,4.143943922713385,0.0,5.18307485103576,5.909147588618765,5.9672640634023235,3.268678809295326,5.098817096981303,2.010372774455733,0.46234941030887594,0.46234941030887594,1.9283715283894858,5.334297256980718,4.926992781559603,0.0,0.6321756235684618,4.2153579302876505,3.0714888859532374,5.860093676017925,3.653793580716406,7.668883485953088,2.771938510898195,3.290801990039699,3.992651387714665,1.0164979922911805,3.7821739674632204,4.593838221118063,3.712896228621093,5.785304088209137,8.326790268166588,3.5828437105410424,1.0164979922911805,3.895930208194888,3.8899389376245823,1.6880087682341272,2.7533867894905018,5.266862818515407,8.56749459404176,4.708845282124044,7.504347505327447,1.2934112336398347,5.826003057228607,4.6599708224542065,0.0,3.4508094302142918,1.8390246616951693,4.596807314454373,7.523897217429106,7.8597876019539745,3.2111258714081394,6.050532664081355,4.404598707825963,4.976857872647134,7.518965458827844,1.5729606326238288,1.2093483302627754,6.901872006423795,1.4429345851671407,6.6685064816256325,2.6342027078414283,5.512738992210375,0.2576609133397701
TCGA-69-7978,2.4058093284292976,7.805992013814706,3.494793972899738,3.5826769173891826,4.021922603845461,5.566786038075679,2.7161770883138185,5.774911729117721,3.7619184622720305,2.8315531431556322,5.5021272206011895,0.0,2.8608342332060293,4.940713419791213,2.626926909808429,1.3056264580524357,4.2378415496097,0.28982976450923986,2.3750173762507174,6.199002969291694,2.087062428811197,4.378042458373573,1.2100642139622526,5.543375039873842,4.232975430391322,4.321622222984417,0.0,4.156979710594449,1.9045225184026224,5.487916543770367,4.738957795786191,5.723506667503931,1.7417810994218135,6.483610283069866,1.9045225184026224,0.28982976450923986,0.28982976450923986,1.9287639902203428,5.965382344484432,0.0,0.5143195130202465,0.28982976450923986,7.248632086935998,3.200194408779754,6.441094854992654,3.2664690825545706,8.532341868612399,2.6471459568617357,6.194895067112172,3.3524377170276076,7.053309111583877,3.887267090834245,5.290169260711315,2.1671891059504316,6.673101994078075,5.357354847169018,3.5826769173891826,1.7417810994218135,1.7417810994218135,3.933802109579022,2.7381654827845527,5.334658938950475,5.66815529701305,8.748879350533034,4.369566832730361,6.333048695615371,0.6974877466583654,5.429200881636948,4.063233939863645,0.9862644555016655,2.5652570024416588,4.386446851107373,2.916954182582239,4.22808405819162,7.493629004270286,4.218230419205342,6.865879604536111,3.099353277137573,5.385485397933393,6.2922004217392695,2.49289135369202,2.801382668947095,5.859922602789612,2.7596871031165646,6.074791854572735,2.5469968637660454,6.288310131050755,1.8531680973566984
TCGA-69-7979,1.6769283224575553,3.2667017147507713,3.6328988757651155,2.740646456805198,2.6215695923211197,4.997205516984531,3.9846952331081447,3.9683863254870126,6.317009440040097,1.3608226951462212,6.068775064207308,0.0,2.812812537886722,2.812812537886722,0.8828580357857545,0.7700156248165223,3.713854953517328,1.5621785759498399,0.6258314732750783,5.184269222492645,2.486380563044001,4.373031297668892,3.277695524674811,5.048746417523505,3.699614130752858,4.383942298617474,0.0,4.281169850862199,0.25456469598895337,5.994547290567887,7.519925565652449,5.715071842592327,0.8959655680795554,6.153606780664749,0.7700156248165223,1.007811924341613,0.25456469598895337,3.5694481858681955,5.802846207120005,1.007811924341613,0.0,0.25456469598895337,4.776725662629206,1.6769283224575553,6.3367053699210185,3.9235483329464125,8.479582701157954,5.2349568179949175,2.436923659765849,5.797579388839322,2.8470350300086964,3.5457247628696607,8.191507371674405,4.042317665480799,6.6444002238436335,4.779165509035571,2.7952548927386927,1.4325336555380876,1.007811924341613,1.6769283224575553,1.6769283224575553,3.320507798142879,6.713632763980067,7.518981739506748,4.082234868288367,2.3013943843818243,3.08537186043895,6.361542517845653,6.294778797904427,0.4573615538966662,1.6769283224575553,4.8875783759371645,4.676634667196396,5.792284684246898,6.916259019473358,2.510216957744165,8.258611563749085,0.7700156248165223,5.637610620355951,3.917798296284673,1.108430597605448,4.679331013887781,6.487884911546257,5.444588512797825,5.914534905478884,3.448195464822738,4.5782798601942245,0.25456469598895337
TCGA-69-7980,4.281468458193015,5.139550213855253,3.6937351461371937,3.7950756205183995,2.2905125117597764,4.054364227295907,6.577943412768904,4.36661980667967,2.846594010550269,2.7346272159526626,6.149040781589099,0.7996670239376181,3.0251599992442144,3.4243343132633925,0.6515957534017102,0.0,3.285468484817333,1.8736159156978873,2.0847772812693552,6.201285748698271,4.272966227294749,3.6706136453070437,1.4017000812697389,5.446224309037703,3.9300986521553765,4.350949968559585,0.0,3.4440844424645323,1.0428528957418683,5.303076026146216,5.316697413829466,6.127238111685227,2.6722986633950607,5.14134771715698,0.928614481562987,1.8736159156978873,0.0,0.9941772705312263,6.731955608378224,0.6515957534017102,0.4777237522608737,2.379425756514709,4.362725306706195,2.350660716225609,6.1137817323988335,3.010182366266675,8.764218880633457,7.096530963015891,3.3519651197819305,4.3430219981743585,0.6515957534017102,3.836738957352789,6.42004215830214,3.250486888711592,6.871117227884234,5.796832526536937,3.3411819492521686,1.4743739174028314,2.947922378763498,4.085737628606653,1.2382872707405916,2.6290647121537387,6.019369069160913,7.373550063453818,4.090871872743128,6.487062821015198,3.7456873898769514,6.141835234614548,4.39346595544106,0.4777237522608737,1.323327936923432,7.256014913319522,1.1453368288409786,5.785611278617382,7.942191647431683,2.9949769883979536,6.2156855177974295,1.1453368288409786,5.458039639043648,5.495186755280749,6.768163272167113,1.774833699805113,4.857398640863835,3.054463339017753,6.049436241256939,3.3411819492521686,5.409071311482571,4.9461394387151545
TCGA-69-8253,4.057967535291159,5.510533429746387,2.2881920077064075,2.2881920077064075,3.9429575599175637,4.362178456340269,2.5649416651242585,5.355902078398964,0.25130331710806614,0.9093869555573606,6.030476103774186,0.0,2.542719479081068,3.347385127884906,1.3499156057761759,1.2729576757808874,2.4235275767781554,1.3499156057761759,1.1895797190382975,5.849316134376346,4.896764595259788,2.1316188202382254,4.017659682949774,6.137716254891854,1.904224686615813,3.7478132355003138,2.097134101210754,3.4612508600150527,0.7621133850246682,3.6109071017749765,4.161102493645597,6.538543504940268,4.394439278080456,8.714603669048111,0.8873149596375816,0.0,0.4519669417595842,1.1640254272163417,4.964828674727375,0.0,0.0,6.015100504073401,3.92054855939236,2.542719479081068,6.198759164967836,1.2729576757808874,8.64205158205562,5.959153109840372,3.7410543597680452,4.0329654892122555,4.387359887564133,3.1478308492551186,4.5478334033001895,3.415373096426533,4.888188901875215,10.61965277364128,3.1354855202391683,1.4880609262675006,2.228464813072276,0.25130331710806614,1.6094379124341003,2.397886181847957,4.282591584275939,7.541370053540738,3.991615765736701,3.86222333187554,3.5136655778069077,3.692435623441703,4.165546769107032,0.25130331710806614,1.6094379124341003,0.25130331710806614,6.81202050905218,5.5047419312553725,7.658421086275354,2.9885565898048956,6.278812188643978,2.2881920077064075,5.211036862437861,6.365232568472892,4.234096359618263,0.7621133850246682,8.617235791995688,1.8152806642694008,6.816412717759168,2.1649538790040497,5.705990036198202,0.4519669417595842
TCGA-69-8255,2.7884989801637534,3.627424174897148,3.6125652037635443,1.9206216446709727,3.9028551083937875,3.9304658851570577,1.2517624681617845,2.344810901705915,2.6417251962635864,1.3677484438327923,6.516670772578691,0.0,1.2517624681617845,3.9626210581912376,0.5963609118722534,2.0356725005471294,0.2448267621453517,0.441346919995931,0.0,5.934830701540389,0.7464983560569398,1.3281089495099838,2.7537753554640187,4.557171458549971,3.4053952250423616,2.0356725005471294,0.0,5.419153514488006,0.2448267621453517,6.019908650633791,5.522963787986993,5.96803214012486,2.699318860312006,3.1195680653788904,2.885967629499927,0.9799788915568873,0.441346919995931,1.5651934011125153,5.730340013856085,0.0,0.0,0.7464983560569398,4.619230869636426,6.363365977489116,7.016869739762859,0.2448267621453517,6.97106804919389,2.4215674092259114,11.426353991208986,2.735950671141878,2.0712581488718165,6.416434852663539,7.3371777701160505,0.441346919995931,4.970750360397341,7.2496840302849295,5.394263707595246,0.2448267621453517,3.0163923762502938,1.8358560962819674,0.870037347356693,0.870037347356693,4.104944846826063,6.343567555659485,3.7455314897660883,6.705407733948804,0.0,6.490685597515838,3.224185702483077,6.794381632664403,1.641110982888966,7.895350342193771,5.515177216699099,4.393077844485897,7.644143924781098,3.155671879454815,2.039647664299317,1.8358560962819674,5.497151831716205,5.321086178600738,1.7432167744355507,3.7585524276124103,4.253455775377628,2.0712581488718165,7.154224655599844,2.580618264158202,5.580167466056891,3.9412982723317143
TCGA-69-8453,4.638014846017173,5.467498802179296,3.6256653888306922,2.9201408940030458,3.174066725732988,4.125781857889242,2.650272772182541,3.544596180909648,4.362912620229441,2.2283571136397478,5.413394522389157,2.615247541506368,3.0665541380796455,4.457629114494469,0.9166906518954819,2.615247541506368,3.9730089737157863,0.9009740277622618,0.3969623956164152,6.2434773425848515,1.6838029943894073,2.5021406214339796,4.125781857889242,7.517091410580776,3.2524575920849483,4.670499019746356,2.3745894254771307,3.486653104805114,0.0,5.021146523721903,5.668151842775651,5.5331878873796665,3.770406444310349,6.719010738923405,1.484169430598816,3.501455904259614,2.5412791066965537,1.4261879247815672,5.1219798695012235,2.057016980116135,0.3969623956164152,2.328184611294258,5.812137502284356,3.3425225244853447,1.2344826105305078,0.9009740277622618,8.280315760647385,8.317773490911271,3.792615400874021,4.9017723558144315,0.6804164880811269,4.451964226438738,6.172864846341141,2.117447575100607,5.434027633700484,9.758305698941617,3.906666685926862,1.484169430598816,4.589710295346048,1.85012271252497,3.376395679788431,2.8935057307578806,6.421679176756278,8.135001152237562,4.778568717403201,4.109914387629429,2.328184611294258,5.425482915113811,4.790786309731476,0.3969623956164152,2.748545742342391,2.615247541506368,4.387445675115666,5.765899315892572,8.477431051718053,3.3074652893558287,5.599399259062834,2.2283571136397478,5.04967009253257,6.430357983828343,5.62866373543926,0.9009740277622618,7.185538519254671,4.944324536808835,6.6278733726497405,2.716851357055279,6.5332683536676965,5.370349614447412
TCGA-69-A59K,2.935727459616962,4.063809750504894,3.3121949328949247,3.4183920359878672,4.905800566113786,5.329874171452254,0.47933495667461984,5.0921968477390624,4.201788406243576,3.397624339275373,6.4299242957722305,0.0,2.0496393348177904,4.135176156696276,0.0,2.490731320079262,4.541867167968786,0.8020015854720274,2.324845481832142,5.719698473821602,1.8771876491779291,3.7570146245471445,3.167801453883594,6.1036653644681325,5.136545216964247,4.868695314853239,0.0,3.6668996585058773,0.0,6.233645727299329,4.173780932263969,5.787933654066587,2.1258598475970163,2.7957679951871865,2.540428076346936,0.0,0.47933495667461984,2.2887092674583975,5.305749678365332,0.0,0.0,3.7129718866322756,4.467067216755704,2.8681943129514615,5.353430356600948,4.32301547615022,8.108888054240646,3.903698452281914,4.3629814204679755,3.7129718866322756,6.567139268777587,5.583751915209337,6.684477968722598,2.1258598475970163,6.396956321527264,5.979440041641132,2.8326367072449266,1.2412685890696329,2.5877715539964345,0.0,2.262814628755324,2.262814628755324,6.797755127953577,9.657663737498698,4.9193675990956,3.2663432097888845,1.7783364488959144,5.252467126563348,5.437131033365057,0.47933495667461984,1.7783364488959144,6.2166061010848646,4.6707800080778235,4.501762207333088,7.852334103175223,3.839678093554484,7.799814791807548,1.2412685890696329,6.404105513715226,6.052921763397895,2.6762223598709656,2.1258598475970163,6.227593422979511,2.0496393348177904,6.173973586326008,3.334355765992786,5.391042389530235,0.47933495667461984
TCGA-71-6725,1.841247802319249,8.01058200774198,2.601281286708927,2.949557436433378,4.369528861843901,4.377397185290203,2.396512499025405,3.4018105269834717,4.234419499087634,0.0,5.943961429338888,0.0,5.642385679790878,1.8895665292309671,0.2715526905218973,0.0,3.3701297416972587,1.841247802319249,0.4849538161984201,5.688844794291976,2.062371676984241,6.501648465024808,1.3371566365583423,6.826649339611382,2.8463792332937743,4.83477283236304,3.6410275995942873,2.7313239213619265,0.0,6.024894487592586,6.0109754651945,3.1421589139298707,0.2715526905218973,1.841247802319249,0.6606756404129825,0.0,0.2715526905218973,0.2715526905218973,5.57963170796526,0.0,0.0,0.0,2.710793102572904,3.1687565778593374,5.315690574605382,4.139654072763971,8.644243376315538,1.6206349905273165,1.7904919996610897,5.40929507619044,1.1582010800797673,3.4635804564934536,6.1619306886940555,3.712090481894491,4.817260878888927,6.035907179202351,3.3035919030070247,0.2715526905218973,1.0550782866443813,0.8100854150278266,0.9400463202285515,0.8100854150278266,6.297663494159502,6.951513757809063,4.505917645281133,1.9356433395566326,4.3929492649679425,5.138324655237145,4.794285281022847,0.0,1.6805299125415138,0.2715526905218973,5.710774639066653,4.591720138263687,5.614346342139664,1.3371566365583423,7.326577449691723,0.9400463202285515,4.373470131990761,2.02187863427869,1.1582010800797673,0.2715526905218973,8.9865441076912,1.1582010800797673,5.624533618465845,3.5906848684076373,5.391871459880153,0.0
TCGA-71-8520,1.8840195476533526,6.405013558908621,2.9755142599968827,1.9740671370366694,2.0566717667516707,5.140943999437943,2.390577655130722,4.988376051790835,1.6752069262049984,1.247032293786383,6.005732277238991,0.0,2.5478657993746654,3.626456027918533,0.0,3.297302458165939,4.6671867797383975,0.4824261492442927,1.4109625831689128,6.448143863143112,3.8475740802767344,2.2038580824663803,1.247032293786383,5.292183593364397,2.5478657993746654,5.0458544218317,0.0,3.705719363559349,0.0,4.712750236654716,4.777424571769999,5.434402994334798,0.0,1.247032293786383,2.445801929907239,3.7648979215373712,1.0508216248317612,1.7850537024130075,5.4998531422657955,0.0,0.0,1.4109625831689128,5.1189334905414245,2.9101580451895663,2.390577655130722,3.2741061589341474,8.601451615840217,8.248529124800218,3.0066573766870066,1.8840195476533526,1.247032293786383,4.314534422348802,4.431752075621316,4.871970749359985,7.546356512589839,6.840892993327261,3.9948759146301187,2.33212447757134,1.0508216248317612,2.2700515706566127,0.4824261492442927,2.700958447288454,5.237701807190538,8.199662034595132,4.975615876461867,1.9740671370366694,2.0566717667516707,5.9921468143107735,5.641392754302822,0.4824261492442927,1.247032293786383,2.33212447757134,5.204209963118117,6.818098588050904,7.850547717755617,2.595239781472347,7.7012273175313055,0.8064758658669485,5.479371453775026,2.6404706161694578,6.808559058292156,1.6752069262049984,6.397812598640187,2.8758050658027035,6.629874351338348,3.5756939585547918,4.355152488017479,5.4424869721924125
TCGA-73-4658,3.9216207988997884,7.936005902649878,2.203339178336073,3.3129925655345276,2.26494552916509,4.914219837031332,2.13769865728145,5.462784646777245,0.0,1.744632920482789,3.76739021973245,0.0,1.9918527252768807,4.257317638579577,0.4545092082870869,4.089132670546445,2.13769865728145,0.0,0.0,6.513509003768821,2.7700667948525157,0.4545092082870869,3.932952448609176,5.815001793957007,3.2023520562350147,4.2491364649934065,0.0,3.1295723685250407,0.0,5.378813817418403,5.593033392643176,5.792440273327299,2.839692310153925,3.44982245283941,1.6149427330685453,0.0,1.002872016387274,0.4545092082870869,5.4797218362795075,1.002872016387274,0.0,1.7233021685831473,3.4679272500435845,3.225481956253137,1.821059338272917,2.5713060339926863,8.264080003479595,4.172331311707421,3.553835489557605,4.456152642379248,6.628657588398182,2.4318310663120357,4.8885505192126795,1.002872016387274,6.53629006771361,6.655670697066182,3.270196118891258,1.9918527252768807,1.6149427330685453,4.8885505192126795,2.4298078781340067,2.5713060339926863,4.857740491991,7.8982625485451345,4.335642324116352,3.5203513290413526,0.0,5.248591264525384,3.662912717672395,0.0,2.32297578264178,0.4545092082870869,2.13769865728145,5.88619569391569,8.375339262362047,3.503179195931349,6.19775487734818,1.002872016387274,3.838473338931274,5.515084632492691,2.067432217554105,1.002872016387274,6.94930980513557,2.655605366753962,6.621022089531788,2.5713060339926863,6.123426583937635,0.7657933705447992
TCGA-73-4659,4.04880834820994,5.046195469494807,3.076164136266113,2.90687920168499,2.151169004095809,4.58112848650781,1.9918527252768807,4.29828898409866,0.19144646457095518,1.0362403077752735,5.697526278743371,0.0,2.3097295107543654,3.98812441793017,0.9263598675509388,1.9626408358794538,2.3097295107543654,1.064262360624698,0.8179278974572511,6.423212872043321,6.297078011893199,3.3547030799823703,4.427243756456531,6.8943173936746485,3.270196118891258,4.26327406667287,0.0,2.543458536737616,2.1008360385339926,4.548175405818247,3.2260222283886346,5.808979977028083,3.4661326990656747,6.062577502960355,1.2001756040775509,0.19144646457095518,0.490357575126127,1.4210338949237873,5.111861274329885,0.611882893728982,0.0,0.611882893728982,3.1329213437128076,4.109489299548554,1.69201279605777,3.885253888393917,7.599711750929861,6.850389902550438,10.07342440111665,6.07914111947277,6.098283249095176,4.519193909460727,7.673297536957433,0.7202271849636874,6.49872030648368,9.422827343101863,3.7207511136184794,0.7202271849636874,3.4595197474767403,2.629670554220593,2.859666242875205,3.6465406848722663,5.78203280775493,7.259594549877231,3.5175097067240766,3.898171514937397,3.4595197474767403,6.57099500088096,5.039384707382242,0.0,2.7170099424736818,0.3519940054201917,4.337648846639592,5.305402209671247,7.818353841153106,3.195308279152679,5.663942636551281,6.240324576926828,4.892444675389185,4.71446395624849,2.5829630552603504,1.4760207989937488,7.173805051306804,2.244828853433082,6.893035472239894,2.7579762278719118,5.781323594427762,0.611882893728982
TCGA-73-4662,3.6262165063218545,7.143586006628351,3.732657076459824,4.223618362482871,4.413767520457944,4.0877612731829425,2.3167443755519557,4.854316710507283,1.6524399289786431,3.3236681791529175,5.885234208819667,0.9711576333149952,3.5551108905094573,4.005837521830847,0.21058502206681404,0.6615017027243997,3.8977536811358666,0.8782149630219251,0.6615017027243997,5.340902605638518,7.087406607220212,2.883604466903494,1.2749996059738729,6.4257422244024935,4.711150509525323,4.595016814523573,0.0,3.9622140926084426,0.0,4.643554010586278,4.059846280814504,5.4859829518844085,3.2153255300231796,0.5325675458843945,0.9711576333149952,0.21058502206681404,0.3845138213552321,1.2756420910162956,5.261445891772132,2.167452419002549,0.0,2.0835331595830895,4.185120234243745,2.971419088971708,2.2197359509649774,3.9072214966119523,9.47766156133601,6.0151883979172265,2.6807954757689885,5.318178815643592,0.5325675458843945,3.980899603488938,4.3278568386985565,0.5325675458843945,5.737997088433939,4.447265301277404,3.7099631232705983,1.398099406569653,1.6524399289786431,1.1345584154415789,3.0068156256624277,1.85501591886307,5.157744095134466,7.069627499408672,2.727846292429318,2.4667087342529106,4.15982638830763,5.206448757738509,4.948419406888328,0.0,1.398099406569653,0.3845138213552321,5.112204632314072,7.050295965764247,9.04595499586774,3.743814982506974,7.670932126703933,0.5325675458843945,5.122033545886311,4.280344069279444,3.686742171752296,1.5583130249179482,6.945368932275418,2.883604466903494,7.451195226301055,3.568419400941463,6.492985011852692,1.1345584154415789
TCGA-73-4666,2.2567296184075922,4.933293380437396,2.7625383863862796,1.1026707087956111,1.1828615211130096,5.811952041233636,2.356874394865757,5.630074935139142,3.656580927251985,1.7829709631949757,5.089945425809228,0.0,1.3908589276174703,4.724525318585587,2.2026321522350343,1.3262258346537712,4.188038284747872,0.40746311077083747,0.40746311077083747,5.858264528144571,0.0,0.8143023021164125,1.6143060438309609,4.886944843975406,3.5322636550420397,2.174444856224014,0.0,3.743606720664287,0.0,6.7129355443276415,5.574402453154154,5.603553215997216,1.9147290315717385,5.422153158372936,1.7097175422244388,2.988929184934252,0.5622409107121464,1.687176429035615,7.004355535370614,0.0,0.0,0.0,6.092842643450172,2.1155564753506733,6.604240528546983,0.40746311077083747,7.772811662099834,1.8769427874470639,2.2567296184075922,4.5332240292727635,7.622854735471479,2.9769520234520948,3.877156160420522,3.073850052817943,5.964488955503033,6.485349484315717,2.4904827411210193,1.0154842707605407,1.7097175422244388,2.1454282324633795,3.173409729854288,4.008746731160068,3.4317750821262933,7.668430258333956,1.6143060438309609,0.40746311077083747,0.40746311077083747,7.272558102038032,3.6369069817688224,0.40746311077083747,1.3908589276174703,0.22434283188969184,3.675877797698253,3.119325066506535,6.335791568265716,3.355771053447366,6.561012278174479,1.2570964226482086,5.122540347472417,7.011863010233177,3.0968482940734345,2.0201691302147644,5.271326364683451,1.3908589276174703,5.349580660485579,3.062151836921816,5.619588941993372,0.40746311077083747
TCGA-73-4668,1.932115438033124,6.156137529966138,3.733766773989827,2.693011010605494,2.7574814295872674,4.143017259175069,4.375439990279073,6.013402148625883,2.9025308687199742,0.3545927777344078,5.650079261201116,0.2199384203652614,3.949752222238153,5.022557277324548,1.087888325305134,0.5527350268432003,3.4959104135121546,0.5527350268432003,2.360297242383052,5.934566099473891,4.359842373537998,4.347186711831174,0.6851150088626811,5.738051847566246,2.9291757175531035,4.061693951930818,0.0,2.5877715539964345,0.0,3.4884234578244904,5.597981121102886,6.552683335266045,0.6851150088626811,2.7417492878388043,0.9066443548223496,0.40011750178156913,1.0013669042292743,0.6851150088626811,6.074660738858329,3.203404762783615,0.0,0.0,5.576793443560302,3.0172099677302207,7.069584971010328,3.0642410278751355,8.72888906741637,1.309953127863168,5.017683728749528,4.478301122111388,3.3939142573158554,3.610385338419312,4.438416419861163,3.608655896754748,6.193006453864431,2.980425723736603,2.8326367072449266,2.0960651014837177,0.6851150088626811,3.5884622556614634,1.9671263426220988,1.6451910821399183,4.107237753330635,8.900557192746911,3.4884234578244904,6.977365293330585,2.2102614490485033,6.057537827399973,4.210952092427779,0.40011750178156913,0.8020015854720274,1.1675162673153208,3.1832154860534625,4.69805014246312,7.146677686799371,2.3127433230267607,6.423048891970591,1.1675162673153208,4.816314027906742,6.089824616721064,2.262814628755324,1.4346082213984412,6.800634325774144,1.4346082213984412,5.6364275467213005,2.6240959644750985,4.550426736126791,0.0
TCGA-73-4670,2.357717010432045,2.8564817004072984,3.1649221527065365,1.515874206655785,2.6855864361179203,5.1544585434057755,10.633916066868304,3.942885811456004,2.647599314192992,1.0693207840327104,5.067645548813036,0.0,4.81808560786668,4.791218124522859,0.43612362906195706,1.0693207840327104,2.6855864361179203,0.598836501088704,0.0,7.197622462339255,0.8614965797870165,2.2192143535611386,1.2412685890696329,5.140042360032599,1.3879679598718992,2.774680283399973,3.363159701782307,2.1988011117303228,0.0,5.443062524229765,6.396727968212023,4.7471383884328295,1.3173193466163595,9.78628497338227,0.7387417681183372,0.0,0.0,1.3282414296712735,5.777621362991072,0.0,0.0,0.24161195559725282,7.572436110356341,2.092690880263508,4.533827770769431,0.43612362906195706,7.379307708217723,1.681460855281298,9.605640659563248,2.1579523072983493,5.582981138510295,3.6056880444771555,6.467947142451426,0.598836501088704,6.9708239704491195,6.318569836246281,2.7221831915681225,1.0693207840327104,1.8666659320270629,3.8771644442407713,3.029176720773347,4.16009797008585,3.1877400999373666,9.635496990096119,3.7945989053466813,3.1877400999373666,0.0,6.56106885470061,3.81287426777817,0.0,1.1589858985915382,1.515874206655785,2.248487871273761,2.456172757214901,7.172347828208886,1.9080747616094038,6.925447838513056,0.0,4.398893584533654,7.6784050206964425,7.79435351967878,1.2412685890696329,4.665644208229685,2.058396643084086,5.86041578449145,3.1296904500933014,4.177686437038428,0.43612362906195706
TCGA-73-4675,4.071089582409003,2.1684478025648004,2.2032618716992602,1.5512789982605681,2.389982228902469,4.924474464379629,4.720407762488171,0.9356618935534116,2.1684478025648004,1.246543668681451,5.666326337056672,0.0,6.0559663488214035,3.617528447267173,0.2698744538018162,1.6746824342945015,4.218249561103497,1.050366976040115,0.2698744538018162,6.507494106880482,2.389982228902469,0.2698744538018162,4.9017054530056035,7.042111331481216,2.0156494085920564,3.778512184020606,0.0,2.8396046408425115,0.0,3.1877648586431477,5.567745087505842,6.223997876155208,2.594627644722789,6.597612168790281,0.6572090737543161,0.48217920517586904,1.3318645741306072,0.18090388570633387,5.215397607461661,0.2698744538018162,0.0,4.438443593148169,4.02789310147056,3.1877648586431477,3.6258091878957135,1.410474647371582,9.359596234564803,2.3547315233575863,2.7447099454648125,3.8858350754077065,1.929490364916332,4.6816218381484225,4.5622157110134305,5.857427312281148,6.832244785293196,1.8352020270708918,3.4255582319084126,1.7844998484987948,0.48217920517586904,3.465076310316424,1.7844998484987948,2.236904586706245,4.2844317218536645,8.620202745728802,5.575990768944951,1.7310890130279075,5.792489080599592,5.352033473553334,4.728661343718199,1.929490364916332,1.6148830606699958,1.7310890130279075,0.6572090737543161,3.6421729925276485,7.710698125364966,2.683122060777359,6.819180862901281,4.23633156354845,5.232086747954024,3.658273328620811,3.8064424655667697,0.48217920517586904,7.558381105260923,1.929490364916332,7.511223892397402,2.875179154757495,5.111837174605223,0.9356618935534116
TCGA-73-4676,4.051165625628129,5.371790851743187,2.6892274935278344,2.1267901911755707,1.1348799278386512,4.913331127621194,3.1871374490809883,5.895870076896968,2.652720702012908,0.9489902280371708,4.917510724105781,0.0,2.6892274935278344,4.951373493217367,0.0,3.208692146791687,2.758470781452288,0.9489902280371708,0.0,6.2359037282822305,0.7204704762088356,3.9847231298863477,4.180214871775164,5.080745763060652,1.992316521869469,4.628095383962469,0.0,2.400292397398092,0.7204704762088356,6.096436987474332,6.068738039426155,4.113465584729485,3.1425820810396927,6.6289311918163625,1.749078108268015,0.0,0.7204704762088356,0.9489902280371708,5.6428534315082945,0.0,0.0,0.42376333638954006,6.139446956495208,4.628095383962469,6.316274398861856,4.032628720241447,8.320080381388966,3.4833087174791464,5.648445929616735,3.964900045028913,6.0288759321061285,2.4488648784407347,6.249247178057253,3.4533754511873873,6.118753370378383,6.737223152939137,2.534450498120125,2.299680879846656,1.1348799278386512,2.2453054953410474,1.9176135499001996,1.4270043493676774,3.502248625731883,8.504116057204541,4.329864541937686,7.235100274490294,1.2915715088050042,6.2843057881330795,3.649800730879609,0.0,2.8540995824190376,0.42376333638954006,3.848237267544816,5.1256411436053435,6.419449176646016,1.6528038683388706,6.258429749470972,0.7204704762088356,4.301673045348318,5.463102725752575,2.2453054953410474,0.0,6.393313123441604,0.9489902280371708,5.839128885804284,2.652720702012908,4.78575690548833,2.187802551349901
TCGA-73-4677,3.574999416840368,3.718144523899938,2.03467950370584,3.1343326720329343,2.434349926170848,4.373893651443693,2.9405155029160603,2.810161443584828,0.0,2.040713707041981,4.371704797320719,0.0,2.1420876483301066,3.849517616076732,0.0,1.281517008722645,1.5599535073351918,0.0,0.6245470890676884,6.152021803783147,3.159189512701549,2.6398070485058045,1.1978541233177589,7.393619954158872,3.4362008815254126,3.926495767921472,0.0,3.3688394655540295,0.4562849571047976,4.855952250366256,4.254039842304709,6.175746680714571,3.8617523458660514,8.33618916629612,1.358717593349656,0.0,0.8942904915944877,1.281517008722645,5.250512716599897,0.4562849571047976,0.0,3.8917019237577204,4.3847653808823726,3.704006954327901,4.606856762917295,1.4972765455457702,9.86719694243509,3.1713900096656804,5.39826224407454,4.723850596660825,5.049657269553792,1.358717593349656,4.814612299837329,2.03467950370584,5.136598117220826,7.176124554151427,2.434349926170848,0.0,1.6746262224131687,0.6245470890676884,1.6746262224131687,2.8774609937258178,4.56861200514774,6.345115172401921,2.861051649387227,2.2988581565864115,4.940062603924093,4.177229381114742,4.059701356278526,0.0,1.8707708760628772,0.0,2.355272415273052,5.467735193830706,8.255397165470653,2.7565355569175334,5.986261032276384,1.0060217406437488,3.5503986906784357,6.476202836110654,3.9545957864269288,0.7684865371057608,8.614096646737307,2.071774726618804,7.550950370599431,2.5536550469490944,5.758933319121049,1.6746262224131687
TCGA-73-7498,4.860587297852597,6.274982335953921,3.360392748102309,3.052537847375443,3.406625953599836,4.639378357317828,3.7085080466591043,3.493132174281486,0.2410620518165547,2.2325702709220057,6.168394512023541,0.0,6.7940534040485465,3.9132162931770416,0.0,2.543159834517924,2.8693637377391563,0.9689970275050893,0.2410620518165547,6.554722266581084,5.229015518761395,3.052537847375443,1.2392434184078553,7.9293065215137855,3.695055343985655,4.442022823773717,2.914706582910959,4.914506112334702,0.0,5.103105080162519,3.1388321171941644,6.173529821064296,4.817446906591415,1.7759687833217308,1.7287131675104197,0.0,0.8598473564509431,1.4536725964498387,4.655064502261934,0.43508863317423546,0.2410620518165547,1.385819248271654,4.179339602214318,4.026349407136286,1.2392434184078553,2.4298342939095092,9.062311250452963,3.845648132561686,3.4421313699108786,4.839253677340635,2.4298342939095092,5.400697946604799,4.8999197249586945,1.2392434184078553,6.279590271131849,5.500996951929871,4.562770906541044,1.0674311711845348,1.864250658902598,0.0,1.2392434184078553,2.3020149304822883,4.918022805581817,5.718184926299975,5.483031891242464,1.1570069750451915,5.182682022949112,3.810072225564047,3.6249327578134927,0.597571965636916,1.9056237253771022,1.0674311711845348,4.105767405755872,5.855218043331373,7.692473840558805,3.5095703553086874,7.033400658582535,1.5136316095810858,5.930405299605486,3.3975473952253683,1.385819248271654,1.1570069750451915,8.101344358553334,2.719504351147326,7.113842189326354,3.6176438911018622,5.619063014671658,1.7287131675104197
TCGA-73-7499,2.4322966995157027,5.445089462886036,4.0531770218966585,3.339882104731709,4.65933634973182,4.981364383743198,5.199187400640846,4.783584117951029,0.30608666412788554,1.8844601867390907,5.638304846028529,0.0,2.367323594134283,4.833261477026235,0.0,1.6671783790706722,3.0639421719308144,1.3519099342580598,1.0262207912463512,5.334007817189409,2.297833823568559,2.297833823568559,3.0639421719308144,5.819765372517812,3.503429007445347,4.8474102329932895,0.0,3.029921117290689,1.2546754242996971,4.148040135492445,6.887969831538383,4.548225161143797,0.8888784242638176,3.2185877833882364,0.0,1.5971831283670852,0.30608666412788554,0.30608666412788554,7.022101303766659,1.7939903123794145,0.7296237473699627,1.6671783790706722,4.9020993717965355,2.297833823568559,5.9921742951772226,4.065538626505419,8.534818941229068,6.681829109775213,1.7325931585588392,4.578102129262976,1.5971831283670852,4.3047783522879355,7.632066768384393,2.4933046212390426,6.135298621869005,6.198393346994778,3.029921117290689,2.142428077861547,0.30608666412788554,2.7751043055053604,1.0262207912463512,2.142428077861547,4.7089624726173245,6.693876179795693,3.1746522180860373,2.8606396628625137,1.9065157065262435,6.548541400389113,5.314820438647051,0.30608666412788554,1.2546754242996971,3.962082839416091,4.638769358618504,5.059368313775829,7.064630814444617,3.128697255798436,5.953038118427255,1.2546754242996971,5.086286836237396,5.158842632924496,3.605774980682336,1.9065157065262435,6.774369018682552,3.401407359615242,5.919839643432682,3.87679989121809,6.0719448513298735,6.02992054486404
TCGA-73-A9RS,1.6866581792276139,1.6866581792276139,3.0967895435169823,1.5087553270680678,1.2922034377202951,3.6368437789668104,4.03349168519076,3.342462431624182,0.6314313385792918,1.5087553270680678,5.862639206486654,0.6314313385792918,0.0,4.017778443094009,0.6314313385792918,0.0,3.135798517450832,0.6314313385792918,0.0,5.345329760944609,0.0,0.6314313385792918,0.6314313385792918,3.952325825200512,1.8376406444842435,4.256212529890191,0.0,3.37310650149563,2.0847151119324954,6.004008047442444,6.746567228178181,5.8517167296330665,0.0,3.342462431624182,1.2922034377202951,0.0,0.0,1.7498083652813763,4.8840284428300755,0.0,0.0,0.6314313385792918,7.216650747833116,2.282668059153687,6.933081836928146,3.2444616969201077,7.612776681104372,0.6314313385792918,10.885133347087056,2.0847151119324954,1.2922034377202951,4.093992833706211,7.7642408032283345,0.0,6.15126353090491,4.4689792599376625,2.824059813320563,0.0,0.0,0.0,0.6314313385792918,0.6314313385792918,3.0138766639899712,7.771320111833212,1.2922034377202951,2.1885761763821785,0.0,6.588034745808597,3.43171365418529,0.0,0.0,0.0,3.2444616969201077,2.282668059153687,6.624916127302397,2.0847151119324954,3.8036446072069015,0.0,5.546278400704784,5.922540423257858,6.544691397750124,2.1885761763821785,4.268612945754174,1.8376406444842435,5.905898488778321,2.874998639159329,4.3049214831543505,1.6866581792276139
TCGA-75-5122,3.0186037166262754,6.2352221611214835,3.6436964014884263,1.654602464388474,3.059124825819986,6.015464236755863,3.059124825819986,1.4781440147497695,2.83778522998168,4.350890651836636,5.639951258874766,0.0,1.654602464388474,4.378229434425497,0.0,5.530706049625927,3.0186037166262754,0.0,0.0,6.339058634591106,1.654602464388474,4.858082226295906,0.0,6.1005498670611695,3.6436964014884263,3.7683858641594505,0.0,3.393531406347671,0.0,4.526017665313846,3.550998616351575,5.222903927258162,0.0,5.010181857976301,1.93490697844654,0.0,0.0,1.7398343963631355,5.716833603623098,6.480927607509937,0.0,2.3329396950077927,3.946853325664749,1.93490697844654,1.8045440635874743,2.484956648538042,7.676529277665074,4.46949592763732,3.7683858641594505,2.153597726957001,4.535134985750933,3.501214647552261,7.264408222678866,3.526416405407742,5.42466803940333,3.707983307913008,3.0186037166262754,3.7486543032110786,0.0,3.6436964014884263,4.152912167869894,2.3329396950077927,3.963065868460382,7.791993782610195,3.6436964014884263,8.544477564443294,0.0,5.771020473921879,5.026967855383815,0.0,1.2637311686967654,0.9904329891544209,2.2472837772089562,5.080981915516803,7.73592711169943,4.125949812748539,4.97180437163138,0.0,4.851483239328943,7.074497776645577,4.561998558240382,1.4781440147497695,4.9093110661031405,2.6768484499589453,6.079461688072616,2.4118340388986743,6.36366583118344,0.613129472573914
TCGA-75-5125,1.897634852318894,2.7025350204141,3.3615933950689922,2.1669944386876976,2.5537872927553447,4.181026718357825,2.5537872927553447,4.8301280903678885,4.5787420181927,1.1190356383089881,5.764494935751909,0.0,1.6338768343111185,4.072984723100691,2.106144327639208,0.41574541751572075,3.4634771036326013,0.7084790445569269,2.1669944386876976,5.654368115717741,1.274608325924163,3.7059995651096647,2.041350190557113,5.160181102042254,2.9993357731436148,3.9216663584753793,0.0,2.7365080739186944,0.41574541751572075,5.922020681081137,6.045322799177294,5.2614095765246525,0.0,3.7059995651096647,0.7084790445569269,0.41574541751572075,1.274608325924163,1.9554360617087172,6.419810872121923,1.5278373252294946,0.0,0.934680596985746,6.0976562172611946,2.2243424309325617,2.378971895212487,1.897634852318894,7.063501827590293,5.217676563384379,5.899672670808961,4.49025640508056,5.189344779652739,4.292715797769725,4.916815336692086,2.278589487437825,6.352970801448837,7.290606612218715,2.946605052587298,1.5278373252294946,3.6405659263353303,0.0,2.1669944386876976,3.62694819777229,6.04776217391038,8.757503742948234,4.996583697873297,9.727012869414084,0.41574541751572075,6.325669930643771,4.753141814738634,0.41574541751572075,2.278589487437825,0.0,3.207260628895886,4.460918680590022,7.1142408534002035,4.39952759555916,6.842562677313859,0.41574541751572075,5.448645033680147,6.514284451042793,1.1190356383089881,1.1190356383089881,5.489916585760243,2.106144327639208,5.6967813572612265,2.7025350204141,5.217313363644926,0.0
TCGA-75-5126,4.465762130987408,5.522276585115248,2.6202312253652096,2.497041062444001,2.4292441752961618,6.270735091641832,9.979994787013885,2.0999302081071516,0.0,1.6056105975997133,4.793415827357565,0.0,2.729889967706666,4.5278624847723,0.5856733222547124,2.192971099667714,2.7805196888159798,0.0,0.0,6.075155208285469,0.5856733222547124,2.7805196888159798,4.06602738884032,6.538555077624682,3.584401881880151,4.240913717643275,0.0,2.578214826921652,0.5856733222547124,4.715539138461036,5.115625741287193,5.647716405167339,3.1817636072750237,6.882156405861718,1.2203873455940306,1.431435016784162,1.6056105975997133,0.5856733222547124,6.243263580171242,0.5856733222547124,0.0,0.9525840875714239,4.024213543290999,3.039964446799462,3.7840441687932684,0.9525840875714239,7.3436719945461295,4.349414337758901,5.9253461118965225,4.349414337758901,5.219907075756759,1.9973362917609923,5.720770687685056,0.5856733222547124,6.542003551108434,8.789460565515366,3.0011326651540857,0.5856733222547124,3.3626713604878486,3.4673283841279803,4.119193260191492,6.6448451655662115,5.664417751133924,8.793575663159539,3.669100126546316,6.712538130308766,2.2780874613936453,6.721211219959949,4.28573735070347,0.0,2.5605319226395613,1.2203873455940306,4.88559347711529,5.333732771768991,7.725122510866122,2.729889967706666,3.2426665674814417,1.6056105975997133,4.437918900063853,6.698896709737624,4.750568388677448,2.192971099667714,6.291593213342618,1.9973362917609923,6.405722550822925,2.8287090975040576,5.266098880481113,0.0
TCGA-75-5146,5.1504552058056525,6.905208037515442,2.323690792491383,3.965305919209697,3.910051062425917,4.323010172200767,3.652267335617204,4.079481316073288,0.0,2.515096320951058,5.75584347428266,0.5357328474720906,6.8184179262798255,4.234641144260697,1.1051906040282322,1.5137196493751295,1.5137196493751295,0.0,1.9985703659213672,5.8751189153914005,4.203358894554379,3.5354281130256604,0.8826925824432196,7.817480505014127,3.575909504453606,4.8285137173049675,0.0,3.836391719775175,1.1398182094792337,4.758071514272052,4.479291720585309,5.602196308652354,3.7232059988006263,4.404201446115117,1.658666075905927,1.5137196493751295,1.8975748814047693,0.0,4.578677328929606,0.0,0.0,1.8975748814047693,4.5109375254513155,3.3297479238076666,4.799766103657434,4.9460398824515615,8.230486642986135,8.457383737260347,3.222724409556383,5.5995768474135055,0.8826925824432196,1.1398182094792337,6.879297160765622,1.5137196493751295,4.940992211267718,7.647771732361401,3.8053393926409957,0.0,2.453656751783042,0.8826925824432196,1.5137196493751295,2.251775891940723,6.483775324032491,5.9160672826355345,6.187177290394053,2.765255650872989,5.233208015851602,4.359911385327539,4.079481316073288,0.0,2.291968940530856,0.0,4.7519681867129995,6.192988060635591,7.947098693059745,3.991828146423415,5.1985743763409165,4.920520925987193,4.5931279686653035,3.836391719775175,2.719603207380786,1.1398182094792337,8.139215810314296,3.4491872256608183,8.172777085650589,3.6883643214558886,6.205710633111526,2.390779103729962
TCGA-75-5147,3.962852992505438,4.18779847477336,3.6261366530389108,3.586096170095317,6.092356845132778,4.551533094420993,4.588190849453174,5.173116889563791,3.8248188825915017,0.8916291188032935,5.68941644226035,2.793291679411475,4.2099340827711655,4.668839579543683,0.0,2.400301466500115,3.140585580733038,1.1198191583125074,2.5491248071145653,5.406108426039654,3.3879466437858374,2.501935826780862,1.0186306902384765,6.556832331974049,4.820063799960336,4.738310252054363,1.6348327174540422,4.493897785078482,2.7750731335327017,5.687022812840861,4.810500010830966,4.930314214347475,2.5491248071145653,3.047047817694014,2.159568861158308,0.7791413737268063,1.0186306902384765,2.55876101835848,6.352606747979471,0.0,0.4636082221568752,3.8312336857759037,4.623550233269521,4.048747295326786,6.5647577991924475,5.406108426039654,7.803537134224752,7.266163719547021,3.1903528859349626,5.941575529420102,2.051903321686363,4.0067220894605695,6.861398202452899,2.4524092841952245,6.144303652912228,5.074861266395527,3.4173922014509355,3.798740079074186,2.9744371330138324,4.720077980987707,3.0186330378401753,3.893215243089671,5.330513464764354,7.982228551796921,3.9740020037801242,5.697955530945689,2.159568861158308,6.064649950969275,5.021858741585153,6.225688483592701,1.6907413634981352,6.692904745341922,0.4636082221568752,5.528090890938355,7.954870743780046,3.304903051073609,5.408543028167171,0.9060383554098037,5.433529845355044,4.058983325034032,5.4639758624454515,3.708959003847872,7.68247322990217,2.6786419875216243,6.148722537099892,3.6944016785272393,5.776701406848672,7.766747351888338
TCGA-75-6203,5.410904705697299,5.821014247283927,3.4201368914815498,3.464144011412705,2.593731158886989,5.061385441005917,2.4852482580999027,1.3220224710997504,0.0,1.8961495141314355,5.2887971931638775,0.0,3.585619508491083,4.728316590809799,2.6775085159895116,2.6915955630302495,2.3635484809521627,1.119492766247465,0.0,6.802283646039902,2.6438600637164162,4.330280606238789,4.804389829182928,7.453503932537357,3.5062958629919856,4.556219408921098,0.0,3.708527657722686,1.119492766247465,4.758260303618028,4.916236698672608,5.613274081134699,6.357240699120914,3.165306257525443,2.5409639947110256,0.0,2.14771915743238,1.2673982061760347,4.936191881073151,1.3220224710997504,1.3220224710997504,1.7603204003926747,3.1055055386958936,4.049976356766335,2.6438600637164162,2.5409639947110256,8.240445783683898,7.789466988369765,3.0085102859132062,5.29021966851042,3.9223415853010035,2.14771915743238,6.400423544470402,4.441550651046283,4.946025659319059,9.310547632393208,4.283956148727402,0.5234259057417291,2.5409639947110256,1.6344231651280088,2.737149350794139,2.822473525168779,6.975843741614667,5.895636233095308,5.461817064934731,3.2751427303215035,2.938193199036665,4.625952725170619,5.789950996543243,0.0,2.938193199036665,0.8652079416448389,5.132858826508117,6.5614930766485795,8.23571848004044,3.2751427303215035,3.9649835092493677,4.433416986851173,4.74639193189662,3.4854435500952525,4.570561142719934,1.3220224710997504,7.689833243291437,3.8070290892311918,7.111985087824971,3.3741036386640393,5.648583316690941,5.061385441005917
TCGA-75-6205,2.7348089704029013,4.325142741973086,3.336431279074335,2.334277539726535,3.8630470239957555,6.288393732916426,2.933676002416548,3.9318256327243257,3.0994794885418426,1.9507413172888053,5.938385448594688,0.0,0.9913610979211336,4.167584181275898,1.8613166259206035,1.2648044635321807,1.2648044635321807,0.0,0.9913610979211336,6.150169838924921,0.0,0.0,1.6558060983616285,5.816354921706169,3.305831200289772,4.336292857491563,0.0,3.7094293511541285,0.0,5.5254529391317835,5.621935918804123,5.459151377367233,2.5544638064805487,9.954741346143534,0.9913610979211336,0.0,2.2486145337185155,2.2486145337185155,5.459151377367233,0.0,0.0,0.6138333738402199,4.748465010813198,2.8875455456959687,5.484095442690228,0.0,7.752085884276112,4.812460739938912,3.82679839485662,3.476796384534043,2.6782299646897307,3.502652280317488,6.915505170842197,0.6138333738402199,6.68586094706836,5.237972705538918,3.0605363844194877,0.9913610979211336,1.6558060983616285,4.441454069559701,2.4131868493218414,2.6782299646897307,4.94756058994453,7.858424248898972,0.0,8.72050457899807,0.0,5.772496640641715,4.218760367165079,0.0,2.4131868493218414,1.4792836679627186,1.2648044635321807,3.82679839485662,7.414253553262368,3.6670325386839275,6.8287488675015044,0.6138333738402199,4.879067686269256,6.795004186836085,6.615747865716031,2.4131868493218414,4.041861086165041,2.977777038776951,5.935208960890616,2.334277539726535,6.14895749248081,1.2648044635321807
TCGA-75-6206,3.875348647558767,4.551449737918372,2.854312708080462,2.2171579150436695,1.4222887213432664,4.652425840065572,3.1898629935573997,1.7975095723197363,0.4881504747267722,0.4881504747267722,5.996265504049024,0.0,6.316350275782301,3.9385889841231796,0.5838901946229959,2.4041664767197912,3.1636083279997256,0.8147894265420492,0.0,5.728416548947874,3.7795013885227617,3.1636083279997256,1.0605642210305797,7.900140009553069,3.7650276649930383,4.345732135975959,0.0,3.264732165774279,0.0,3.821708725308886,2.283463433786459,6.503474968723726,2.5616516181993827,2.9242953463660712,1.8967048987495494,0.8147894265420492,1.2576936498255764,1.29459017190955,4.716362662653844,0.0,0.0,1.0605642210305797,4.075807134223642,3.5182394020938195,1.0605642210305797,3.720303021454169,9.262012094750679,3.6074416070191595,8.388786928562713,4.393516621232825,2.345635003864557,3.3355026367999203,3.8622065147658122,0.8147894265420492,5.291338067804822,2.654361056500091,2.8899160985436523,1.4222887213432664,1.2576936498255764,0.4881504747267722,2.697676580674649,1.563603376090301,6.513793750257388,6.535942041381905,6.819374237156997,2.5616516181993827,3.2884914357460544,4.496861996872997,3.6243649326883696,0.0,2.5616516181993827,0.0,3.108931486194056,5.155802889422451,8.166094102039205,2.854312708080462,5.144863110827872,0.0,4.942220826729956,4.596885966400394,1.4222887213432664,0.0,7.81674341166595,2.739193507870969,7.760143021059223,2.345635003864557,5.443369638247176,1.6873799537136849
TCGA-75-6207,1.8365256751100318,5.341913110665683,2.9907750065846734,2.4466421459874717,2.9684381549794456,6.298686344653128,2.9455962040601937,2.2355474516553784,3.8345953754563746,1.0145782930581002,4.671388545406961,0.0,2.6828281150321582,5.031012919448057,0.0,0.841006683798798,3.4161024143823413,1.0145782930581002,0.0,5.237786802808002,2.4839895627255166,1.9676436840580043,1.6855838066133875,4.48269176926265,4.4925791485519895,2.8982792996052122,0.0,3.4584972669760248,0.3643652972227386,6.360580282483286,6.2922004217392695,5.756264229211779,1.5077373576077613,3.1720818669526425,0.0,0.3643652972227386,0.6307929388129698,2.981678987078298,5.936432694063374,0.0,0.3643652972227386,0.0,4.7587835786453025,1.2912691407107806,3.7242369453949893,0.6307929388129698,7.643133061508884,5.550102795002056,3.6697425052047277,5.908172608061509,6.641541113145597,3.5253894650551056,6.621844969364539,3.153487876402696,6.392727505204444,3.9253399401334055,2.2814840230859916,0.0,1.5077373576077613,3.907838261588807,1.2912691407107806,1.162463073369183,5.001877052422357,7.752588676502449,2.0835580571916754,7.485053801769868,0.3643652972227386,6.593360922442544,4.915481768687657,1.9042395803120562,1.7639085410722788,1.0145782930581002,5.142306624543879,6.235292689615024,6.623597655025363,2.027279448943641,4.236079918453479,0.6307929388129698,5.204550495230291,7.142273888317852,3.2602058503188864,0.3643652972227386,6.505981350082326,0.841006683798798,6.276622812436149,2.5200002684472027,4.660264248297663,0.3643652972227386
TCGA-75-6211,1.723159377735798,6.665295107251269,2.7801599877360994,2.2562269690158963,2.552121274464193,4.725341478598246,3.4205358489651685,5.476467736023176,0.0,1.2891775503401632,5.866128055796684,4.58806878708729,1.723159377735798,3.63278253551205,1.2891775503401632,2.322828799471088,2.999046774521821,1.723159377735798,4.355722442937152,5.4457411859829055,6.535767982784639,4.230019904942284,2.2562269690158963,5.835424583707916,1.9340110634696301,4.421040595686181,0.0,2.858571445346367,0.0,4.1399773662192985,3.398804521053343,6.22118840066689,0.5053104430778805,3.5792180361544044,0.5053104430778805,0.0,0.0,1.5195132049061133,5.895124337004539,0.0,4.689731898331129,0.5053104430778805,6.342807802823988,3.178520388159588,1.4556571641737217,4.803799708764848,8.279400361465644,5.2727482449358405,5.465402604572086,2.858571445346367,6.936605092086192,3.9566540562737025,7.882035634701025,0.8393664900609233,5.863872623719881,3.7781486968718183,3.7930705362508528,0.5053104430778805,0.5053104430778805,1.2891775503401632,0.5053104430778805,5.408050309199616,3.3306318456148825,7.273897268693783,2.4995407142878157,3.122201915607418,4.497110475222953,5.9750937742570365,4.518847299207403,0.5053104430778805,2.2562269690158963,2.3852612531626147,3.306831755626434,3.7000097815665067,8.452490390118752,3.150755429805836,6.454904494949018,6.59681140317741,4.939676205155762,3.63278253551205,0.0,1.4556571641737217,5.269372475824248,2.4995407142878157,5.673120497474213,3.398804521053343,5.21335298394421,0.5053104430778805
TCGA-75-6212,4.058712203218376,4.665559486000875,2.980958679445372,3.7264473598255106,4.058712203218376,3.8161396613965834,0.5762762288285299,5.931433186777146,0.5762762288285299,2.5135588923611625,5.08143542040286,0.0,1.8650254203148495,5.44214494605222,0.5762762288285299,1.205461695377355,3.47127988151067,0.9395774786493442,1.5886636132176233,6.217414157752653,3.0197514887315022,2.4098957059754857,6.179393270984169,7.608031983975853,2.980958679445372,4.444770186442375,0.0,3.524806376376715,0.5762762288285299,4.833993576433466,3.898445243394396,5.293204317161214,3.898445243394396,2.081314786061516,0.0,0.0,1.415319040160507,1.205461695377355,5.050560886968575,4.462905915399505,0.0,0.5762762288285299,3.9141247951199287,4.111160708275509,1.5886636132176233,1.205461695377355,8.37279381273606,8.25762680922321,2.8985493412428647,3.745040009147232,1.736370077979852,2.6005540733139623,6.988090251634412,4.13638821021978,6.098714526604224,12.165292316808554,3.495212784210123,1.5886636132176233,2.3373149681817322,1.8650254203148495,0.5762762288285299,1.736370077979852,5.009801613347678,7.189967418590887,2.7100548571026963,1.8650254203148495,0.0,5.084913727911039,6.50109295449636,0.5762762288285299,2.456404289315288,1.5886636132176233,4.307681519019247,7.108563237750523,9.054322616914881,3.9890284900210937,4.24219256469759,1.415319040160507,4.565312309889606,5.386630396020389,2.808739825110138,0.0,8.122368275162314,3.057090743684931,8.412692306170293,3.7264473598255106,6.265829590231999,2.081314786061516
TCGA-75-6214,2.1148931414100876,2.89076612456785,3.693294692587346,2.5044478049948355,1.599003664511952,5.921656164610873,1.818547445984438,1.0375167226415232,4.664184099545457,0.6476789925127985,5.586349377764106,0.7951621059666751,3.529385356959352,4.035595472162563,0.0,1.8666504680696812,0.9236634862035681,0.7951621059666751,3.4262931650007977,5.7302231519866815,0.9236634862035681,3.2306383740474987,1.1397222417243258,6.308415331185404,3.3546821279206864,3.502305870251866,0.0,3.6468796829536543,2.1148931414100876,5.525903037025715,7.842392676794159,5.979389435506139,1.0375167226415232,11.045417917917774,1.5356621927707141,3.879020359960023,0.26520637568659605,4.61546699146546,5.739059524345047,0.0,0.0,1.3955018418708038,8.244738590295224,2.8026692330279466,7.9276309511126675,1.9564260907832889,7.3535302504938,4.76745908903181,2.7060548784359457,0.0,0.7951621059666751,3.589857142867262,6.925978227870556,2.31361404984178,6.671655659107648,3.7661645168234785,3.5470393538637612,4.37773870462766,2.8564529646925387,1.599003664511952,1.1397222417243258,5.252461891961583,4.318849852615321,9.427095561088027,2.6646345682302264,5.58511905157251,1.7147884280419263,5.938609507515213,3.046615483868561,1.8666504680696812,3.6468796829536543,6.430104887630286,0.0,4.103051546182346,6.28321582908527,1.6585708749843102,4.980148594824717,0.6476789925127985,4.886590192567608,6.166656582488999,5.782094454715137,1.6585708749843102,4.024803326125041,7.09989514471343,5.277981997370097,2.399893275461044,3.726890301058785,1.3955018418708038
TCGA-75-7025,5.2028356720359055,4.6998074121371625,3.9810246768763777,3.71578425216308,4.3440807086341255,4.720238428815766,5.81176056148353,3.6877813514197997,1.8397556674963105,2.533387242235527,6.731131459211871,0.0,5.115943808402035,4.661229106718068,0.5632662597054253,2.780594093577919,2.9325847844825583,1.482490511972298,1.8397556674963105,5.4306912144761235,2.8037724172200345,0.9214374646936848,5.613387196908814,6.696101714226871,3.9880595452705445,4.953683917646117,3.0819925351937663,4.415151885105709,2.1024375939740967,4.791782524199203,6.077520676327036,6.05292881632186,4.628515549983082,4.029261893062845,2.8037724172200345,2.3102754462780517,1.0616370525432144,1.8499183084015844,5.9025704898967,2.2322377331732253,0.0,3.5778305680885545,4.502679991458883,3.2853599520861874,4.594691475567022,1.8980995049993814,9.0330123268247,8.129708463083976,2.9122365276667836,5.122731076833992,0.5632662597054253,5.23356548931834,5.682688213560112,2.7076434517242296,5.868940917571483,10.036728277921021,4.455489666755601,1.1845758947152043,3.5123361708961225,3.6491844284922785,1.3926988087928849,2.870254080977064,6.418903127137544,6.608735847531567,4.125400624886647,3.477905304346758,3.6877813514197997,4.288550771481709,5.3167612280026155,0.7582792754977276,1.482490511972298,1.0616370525432144,7.665106549763868,6.911398633896936,8.198438665063351,3.9153753799362296,5.338921737389977,0.5632662597054253,5.872143141266733,4.890326571576377,4.895994815431111,0.9214374646936848,7.89423976099975,5.445490905494847,6.704015991314118,4.161409576586124,6.3314324524679515,3.6192238630768867
TCGA-75-7027,3.5924070992457113,1.9973362917609923,3.2871772573662996,1.9973362917609923,3.1847645960393876,6.196761796273483,4.613973324414117,3.6764550903636795,0.0,1.3897633372586355,5.5447359407811465,0.0,8.177451215017397,3.2429477570714687,0.45679173527350503,0.6251894873767182,3.7938676504695326,0.2542545463392624,1.1988195490851352,6.7756137771546046,1.9973362917609923,1.1988195490851352,0.2542545463392624,7.154685666941855,3.1229814744694546,3.9163795021011225,0.0,2.8083117390402137,1.0068989657447776,5.78818489572255,3.5265134540983225,5.822190500150926,1.1988195490851352,8.418658217548298,0.6251894873767182,0.45679173527350503,0.2542545463392624,0.45679173527350503,5.842555522439136,0.0,0.0,2.356514410019126,6.31974258853817,3.0154270518974267,3.1101496517340728,1.9973362917609923,7.830334198697375,2.4606310335758863,11.008067002233842,3.2653089276353704,6.460062501355372,5.099860330244632,6.46277669486983,4.566968713232797,6.964985912436409,5.6884691553205995,3.838473338931274,4.322893478194861,1.1988195490851352,3.1101496517340728,1.7786404567349021,3.6057097792370145,3.2315787993628793,10.161102093365514,1.9973362917609923,3.0971555484418007,0.45679173527350503,6.5962257700113796,3.0011326651540857,0.0,1.8263702138114315,7.420800437756926,1.8263702138114315,2.6815282496246313,7.187400139401371,2.43560260360382,6.5205180294607645,2.3287010823468175,5.052877080235216,6.524530999809868,6.301330600358107,1.8719406288551388,4.403982579172506,1.6757498601208134,6.835568383455434,2.5321718422551145,4.073052826754479,2.793891449313662
TCGA-75-7030,5.487386937528495,4.459180944169514,3.371596911885865,3.406738667009536,4.047427642434349,5.378167748035771,5.447814377693948,3.677355811254251,0.7137827941600169,2.3632097148104805,5.0884971639322485,0.0,4.483002552013883,4.645592100487007,0.7137827941600169,2.6770203841154645,3.1745769596988724,1.126000451986976,0.7137827941600169,7.386805365363705,1.825887106455583,1.126000451986976,3.2172064322073464,7.047482438143671,3.258096538021482,4.915716371074346,3.2172064322073464,3.2783213989397626,0.0,4.694398270930899,5.857813147282884,6.061748251777856,4.900321791885917,9.856406427127633,1.825887106455583,2.1152550144689686,2.1152550144689686,1.4170660197866443,4.5512418439625355,0.0,0.0,1.9810014688665833,5.830658855062806,3.5053081166693922,3.703356651939016,1.4170660197866443,8.432895946018734,8.206741855551654,4.010359510378432,5.353832486475391,1.9810014688665833,2.9831534913471307,5.991359541595096,4.483002552013883,7.4116590015691575,8.344069999651687,3.258096538021482,1.6422341868491828,3.083436327254374,3.297380119021024,2.1152550144689686,3.7287009483006077,5.537826271948511,9.508977221151486,4.065459716154399,5.491690133154006,2.6770203841154645,4.2298700070690245,4.722579818604903,0.0,2.233588650072145,1.4170660197866443,2.810907586541918,6.059317102014374,8.274846433117592,3.440684085077916,5.689795105920263,3.1745769596988724,4.8445177404479525,6.6688100359441815,5.830658855062806,1.126000451986976,7.501866347063509,4.3710288804643405,6.3951230242407435,2.810907586541918,6.341589587182981,8.17966800063331
TCGA-75-7031,3.16042434007812,4.6465616183478415,2.959047542079213,1.6679143461929533,2.70661583956403,4.041541356562208,2.70661583956403,3.7844350583446773,0.0,2.4640830014271677,5.782236228302955,2.1432258722371755,4.825557943588502,2.901657829913132,1.147561170399973,2.1432258722371755,2.901657829913132,0.7301057215454775,2.261992238885788,5.540333701222809,3.2886443954228244,3.013316756310994,3.16042434007812,7.34700326505787,2.0084287744334164,3.808571777031941,0.0,1.6679143461929533,2.0084287744334164,6.623551151462187,3.877675837238793,6.333929505733441,1.8525879918239403,1.147561170399973,1.147561170399973,0.7301057215454775,0.0,2.8594313349895275,6.55862466204951,0.7301057215454775,5.324477194933629,0.0,2.77594558167738,2.632119029468387,1.8525879918239403,4.022467177380823,8.05802979397404,7.623720144822528,5.714231031209314,5.728318977501105,2.4640830014271677,4.337923220513604,7.437070904221966,2.5516302818309082,6.452574053141827,7.613685408405512,3.471432148344606,0.0,3.0647964758301747,2.368129358201452,0.7301057215454775,5.691011268873821,5.648255670193916,7.500861105361856,3.7083119148677186,2.0084287744334164,1.147561170399973,6.048744759085792,6.5386071530472645,1.8525879918239403,0.7301057215454775,0.7301057215454775,0.7301057215454775,5.013710560613184,8.051541677960774,4.441132456638693,1.147561170399973,7.527250537227976,5.276194449460266,5.360484327759107,2.77594558167738,3.0647964758301747,7.417892665967518,2.261992238885788,7.234141104063053,3.1137552804149817,5.0883923146529915,5.802444606145934
TCGA-78-7143,3.7774922564705293,2.9813290432432473,3.6734535848235956,3.218567777426459,3.966954274354341,4.528836508018532,3.820471154250715,4.425248946127151,5.216570290597031,1.9793449251415507,5.731394399141764,0.0,3.7664537331072143,3.820471154250715,0.0,3.361454665622404,2.702400940703511,1.0713781157143407,0.8917931002737548,4.75499437718927,4.4972686669360415,2.404852830941624,3.5295730061263297,6.441257497065647,3.6734535848235956,5.118155475995201,0.0,4.6132187095516635,0.3919069435093135,4.946167881541521,6.1052774901432825,6.041173336830778,3.8412871873203924,0.0,1.2235401098184648,1.576666756103556,0.8917931002737548,0.8098629802559061,6.597481252677321,0.6727914003028714,0.3919069435093135,1.8370992431971336,4.243023154593463,2.6359023579219576,2.26563061000028,3.6734535848235956,8.253167747954611,3.0961747152878494,2.1607334687538042,5.298997135452794,1.9793449251415507,4.256714230580986,7.108415974394288,3.3276010734579016,5.597362138327537,5.51198011676273,3.6611973148383723,0.6727914003028714,1.2235401098184648,0.3919069435093135,0.0,2.3142270615279728,5.6254316682435315,7.616160461931063,4.6642500859240075,7.307792348574701,3.809899467323271,6.233698707587731,5.213962458019616,0.0,1.576666756103556,3.410176944442732,5.334331019499984,6.60983834186795,8.160666807870435,3.3276010734579016,6.601073856520573,0.0,5.375144139411325,5.666108298331439,1.91075658240879,0.8917931002737548,7.09457503701586,1.91075658240879,6.48101188532952,2.5646570070390085,5.694388489014332,2.1038536271212678
TCGA-78-7145,3.643957922127818,7.3557688903362575,2.6661303819707536,2.5817535270556218,3.7723033621583677,4.165568498587419,3.2810803744118573,2.62482799974695,0.45862665622239673,0.771865935271336,4.648018925272932,0.0,2.077314280663662,3.581160604215144,0.0,1.0100724714813676,2.7806746924898773,0.771865935271336,0.0,6.215181933747204,4.009485412982428,2.077314280663662,1.0100724714813676,5.474046407047703,3.4788896368775784,4.433367115448137,0.0,2.4896039335896227,0.0,4.649971452692631,4.735250630936355,5.352204045205687,1.2022813746649577,3.3027168482602693,0.771865935271336,0.0,1.363435066973808,1.327048475909181,5.099488307565255,1.5021867216871243,0.0,2.275090558684653,4.655521036414813,3.2589615484074863,4.621751945579769,3.423542525655698,8.218514881341443,1.624011204283561,6.029066161766877,4.813833401452298,3.1148921387232487,1.7336358838775467,5.927389918355698,4.252038955672724,6.351947979538887,5.418856600398137,2.705787643447951,2.705787643447951,1.919742162922161,5.222887752179107,2.62482799974695,3.3027168482602693,5.226015454792631,9.436280010592395,4.147338576232478,8.00740702722491,1.2022813746649577,6.196395246762795,3.3027168482602693,0.45862665622239673,1.8305473964353154,3.323895082304063,4.7454189663601385,5.914904725472544,7.8605206493030755,2.077314280663662,5.559319164818304,0.0,3.8370774518317696,4.544434558010701,6.759534813954415,0.45862665622239673,7.455471981331876,1.0100724714813676,6.864509516173888,2.4896039335896227,4.305268422966474,1.0100724714813676
TCGA-78-7146,2.703392705120153,4.122227203208353,3.0632974597164147,2.1356682716371136,0.4037970510074674,5.685387655932341,5.207254155591035,4.704590091108845,0.4037970510074674,0.4037970510074674,4.677695477792316,0.0,0.6906440503418267,5.450355817189021,0.0,1.700667048824716,4.538360287224316,0.4037970510074674,2.298095027721181,5.5144926960985,1.8675778825048934,3.445160039133342,1.6054499711562398,5.315607035084997,3.84526549081123,3.086281136256605,0.0,2.8856606781660457,2.24682922453909,6.228451830242842,6.969950431575104,5.46309424495945,0.0,8.467418742997957,1.2492138205715229,0.0,0.0,0.6906440503418267,6.058810062448584,0.0,0.4037970510074674,0.4037970510074674,5.555711608581798,2.8856606781660457,7.652061244883697,0.0,8.480819621301878,1.6054499711562398,2.3468603182439534,4.358174418851202,6.169849197780198,3.685017004449636,5.1219798695012235,2.4803378955733186,6.9760212196522255,3.2723445512866833,2.3933577209358923,2.24682922453909,3.6964383138167487,4.138225872260751,0.6906440503418267,1.941629571871808,6.103160203319928,9.082111467708073,3.8558483428403396,6.087463126274721,0.4037970510074674,6.563799107451179,2.9397120352758392,1.3825624060302124,1.3825624060302124,7.256240780792743,0.9132862228538563,2.9130515059248077,6.645944961057926,2.24682922453909,6.698666248561609,0.0,4.161755516470832,6.2026063648805945,4.483705130006912,0.6906440503418267,5.176821823054596,0.6906440503418267,5.986489693016457,1.941629571871808,4.118996523579718,0.0
TCGA-78-7147,2.604170070614818,5.198353374538852,3.399609454906863,3.652212876377986,0.9419584786227329,3.165154321608344,7.79816599357992,4.102144066854483,4.332307101274623,1.508777445334439,6.504985535113947,1.8060239132417595,2.0847399801310442,3.9783218512846266,0.41376391092285947,4.284944260460281,3.2444928880711807,1.3187379574189009,0.5780168733063139,5.1382131663023065,2.660434347160547,3.758022980918472,4.218087579627933,7.3406669277146825,3.3864593078368905,5.297086609477175,0.0,3.9021140737180215,0.9419584786227329,3.682197177350014,6.029078200401263,5.036809735065718,3.0608128352610264,4.387306422034156,1.8060239132417595,2.0348624982818686,0.9419584786227329,0.5780168733063139,6.53497272987989,3.3596320553837344,0.0,0.7764307846966826,4.420792917666339,3.1976481026063888,6.825695621966441,2.5445503985488434,8.970040488835279,5.964085642162924,1.66840469019795,2.8583305436847013,1.8060239132417595,4.979289095412991,8.52777500600989,0.5780168733063139,6.170286236504812,9.016697368779594,3.3179932931972966,0.7764307846966826,2.1775886028193603,1.0839046597958353,0.3301666840579362,1.3187379574189009,5.314559742093901,7.822753175504698,4.815925316722352,4.218087579627933,3.682197177350014,6.498532118231641,5.365223395426164,0.0,2.340843805111136,1.508777445334439,5.33927695160228,6.218976542859543,7.697193975860002,2.574800673511911,4.723948281963262,0.5780168733063139,5.287246307914035,2.4134554018254692,0.0,0.5780168733063139,6.365132783698245,1.66840469019795,6.032839188890604,3.853700855886871,5.370824057334785,1.9269748597984409
TCGA-78-7148,3.6434662067374197,3.657283002273789,1.9241756569093071,3.149932952131291,1.6590277567740968,5.625900209323333,7.922735927455986,2.621954768144108,0.0,1.5523171449443425,4.859998433568794,0.0,3.373620613891921,3.7614349718336304,0.0,1.4328439217728706,2.731629999622666,1.1401060574974686,1.4328439217728706,6.311469801264656,2.454060769616899,3.2371714348310343,2.696389141119376,7.457603519358508,3.317406268597879,3.9623738558548673,0.0,2.7985853622654564,1.998949774860999,5.869573710979908,3.670911492788425,5.751765964344894,2.3581995377491416,5.5378223368694455,0.4264435144933561,0.0,0.4264435144933561,1.5523171449443425,5.289720519322518,0.0,0.0,1.5523171449443425,4.577295265222038,4.330471463894439,1.5523171449443425,1.1401060574974686,8.210616399395297,5.964080503363963,10.786426236901942,3.84443985410435,7.109944820413558,2.3071247730360778,5.804420858578697,5.058415424543795,6.253849965197888,6.318203857813289,2.891304655944765,0.0,0.7244035702104994,2.891304655944765,0.0,2.621954768144108,4.801665814337928,8.648224962588415,2.891304655944765,6.548441141147275,1.7554412065539433,6.274095132254235,3.426842386111843,5.379436417832829,2.0685196139792783,4.97749896680308,2.2521756184489643,5.362127497473854,7.295741856986784,3.1724674220519846,5.701546643714624,2.1946211914661045,3.6976211340506913,6.1088408333863855,4.936349870301487,0.7244035702104994,6.139114859537096,1.4328439217728706,6.857247991399762,2.7656711005717836,4.65106091275318,3.9104858245707934
TCGA-78-7149,3.229321082729739,4.905237740715505,3.2927469118239823,3.1137552804149817,1.8739844094837244,5.721570001104319,5.548527296205954,1.9552379382205298,2.165607769965223,0.4391577490746342,6.002765450675613,0.0,5.837380531725267,4.0080456586357345,0.6726893386575491,2.030382591390651,3.0635077376345037,0.9761809664472196,0.743269789963156,7.015999632379776,4.828873580560815,4.263106546568306,0.743269789963156,7.662077518075723,2.2846960336583053,4.148049612653277,0.0,2.8326955629719,0.0,4.112590422830029,4.156722939427814,5.838989129911017,2.100285293484426,5.484249065596121,1.5810178615690236,0.0,1.4605898156976844,0.0,5.600804304144493,0.743269789963156,0.0,0.743269789963156,4.515605369927724,5.002468704763196,3.6926423654744642,1.5810178615690236,9.345037335059466,4.579836993270073,4.085144033530355,4.239542427796752,4.731714727313047,3.6512840194796947,4.731714727313047,2.2269236070701326,5.901236182977713,5.006172015135587,3.229321082729739,1.4605898156976844,2.2269236070701326,0.743269789963156,0.4391577490746342,2.030382591390651,4.6612669253399615,7.540031869978061,3.8333347134527616,2.100285293484426,4.308633022688782,4.400692586787762,3.4445154583756916,0.0,1.4605898156976844,4.247458991040977,2.9255994668734426,4.521617910312388,8.448297458068367,3.1379607367815012,4.789988622980633,1.164930475261267,4.842011493224496,3.4267579101874315,3.5449109264520278,0.743269789963156,7.304939528559051,2.165607769965223,7.4999765409521215,2.7302616894674294,4.728935293322023,3.678813966630498
TCGA-78-7150,1.8186447980094371,1.9076444083420938,2.3203857176195526,1.9076444083420938,1.7209435083516407,6.3100146372202035,4.4599686759534665,2.8700556654659892,5.150646480769792,0.0,4.5406113979784815,0.0,3.7848553213900917,2.9330799723845344,0.0,4.332807503511264,2.5686501932208596,0.0,0.0,6.679105345332263,1.1923758184802729,1.7209435083516407,5.1064604927707435,6.876126315434547,2.1351600304361797,3.6601121135839247,0.0,2.0649241727666587,1.3528926844858602,5.908580097173606,6.715222161217398,5.435214339248858,1.3528926844858602,4.169503053815573,0.0,0.0,0.0,0.5863968106130647,5.987933319656665,0.0,0.0,6.5208287643217515,8.297162290774807,3.4651451033120733,5.375954105275048,1.0010729594887686,7.56549805501062,1.6126527393360428,9.138561838418601,2.6529320574360185,7.23167043298022,2.5686501932208596,7.455992287746274,4.505359795407813,7.01108773952572,3.048338955070946,3.7313257287766914,3.6892093996759123,1.4911722603371353,2.836988561886519,1.989380063311179,2.4765972219168595,5.060225138436252,9.982649872782357,6.133671324523868,2.836988561886519,0.0,5.873696823834363,3.614818403936284,5.514537002789423,0.45342953462468166,7.764291760157001,1.989380063311179,3.1516756312878798,5.914794063755852,2.4765972219168595,1.4911722603371353,5.714893847410911,3.9849499947818376,6.80114620642366,7.036632105903023,1.989380063311179,5.199319897038794,1.4911722603371353,6.489072703738651,2.26237749302813,3.6489815116926727,2.6116787917262583
TCGA-78-7152,3.362290219346672,6.618000393069425,2.1315594959419424,3.147770724194975,3.8192101048248226,4.816751147457802,2.417127327366711,3.8975649902140788,1.8826660279157308,2.014836351653277,4.980258557437539,0.0,1.8826660279157308,4.270625690080201,0.6567424986661454,1.3311779785612243,2.8743044788255734,0.0,0.0,5.513356162885718,5.8844443215600295,3.2245039571770366,1.0497721232486361,7.118810054598964,3.107076848958959,4.2835162145587296,0.0,1.8826660279157308,1.0497721232486361,3.064656476016612,4.770616825557202,5.613058760918035,2.1315594959419424,6.523071730624092,0.0,1.0497721232486361,0.0,0.0,5.2732969502358955,0.0,0.0,1.0497721232486361,3.107076848958959,3.1868731588226753,4.653893681268536,3.7561338152671677,8.469476650706827,2.014836351653277,5.389979993019659,4.580513697745228,0.0,1.8826660279157308,5.113637030019187,1.5505368045139394,5.296816240421769,7.039835619339345,2.6389930418345577,1.3311779785612243,1.5505368045139394,0.0,1.0497721232486361,3.020356591129384,5.21447913163208,6.88434232228281,4.415321168818361,1.5505368045139394,4.5899854796628885,4.936967225170919,4.916778723955976,0.6567424986661454,2.6389930418345577,2.014836351653277,2.9253956424835397,4.580513697745228,8.510873262671417,3.064656476016612,5.899291690753729,0.6567424986661454,4.369376963878535,6.486960773748948,2.1315594959419424,0.6567424986661454,8.178546191711149,2.703211848461958,7.419182721618817,2.330696245955077,6.006318676248568,0.6567424986661454
TCGA-78-7153,2.5390159754350323,1.4037167068117598,2.323465570573401,3.241130345775809,2.901080876704516,4.227519641374517,2.048299111160693,3.191890987135967,0.8011492043612234,0.0,5.1869667236246615,0.0,3.3757735851552977,4.458465548784674,0.47877752579709687,1.044578400175624,4.008016588023215,1.044578400175624,0.0,5.348991469275991,6.005535091084764,2.966401295358578,4.5468808976564405,6.607100084978581,1.5442378391858451,3.696353950339137,0.0,2.048299111160693,1.5442378391858451,3.8381762299288384,5.071598682054373,6.5105142601538795,1.044578400175624,1.7770687538180514,0.0,0.47877752579709687,1.2401986527299806,1.044578400175624,6.203965668123446,0.0,0.0,1.8758861338774897,2.26144012965831,3.548855602443532,1.7770687538180514,4.162759933654658,8.469161939200266,9.223621782282097,7.131882346485701,4.172271186415545,1.8758861338774897,3.6495641364857927,5.629622706289283,3.4756026905593074,5.636213588820267,6.356763695458022,3.769777180769927,0.8011492043612234,0.47877752579709687,0.47877752579709687,0.0,2.437037311528229,4.935653093762566,6.16987847907092,4.451328791660475,3.741051986858134,3.41690995674013,6.139893172878753,5.386232085401518,0.0,1.8758861338774897,5.05997134099063,1.2401986527299806,5.857327256678737,8.937764950643377,3.288054812367826,5.338398286540383,6.642945626990288,4.093512549528846,4.553369394424578,2.1953116377222495,1.4037167068117598,7.215181153470514,2.437037311528229,7.050105174064842,2.831193658805536,4.802922080437404,6.634103651231845
TCGA-78-7156,3.4491173260303047,3.1252769798947453,2.2727957641832934,3.3667819048461207,1.0528126484211853,5.381821767947785,3.3667819048461207,3.9978813846378953,0.0,0.0,5.867725056945929,0.0,1.787600834079196,5.140352756258799,0.8081708571287273,1.5542000061794847,3.277050388919273,1.0528126484211853,0.8081708571287273,6.187641752859038,2.6865950090728052,2.7280815604071638,0.4835983015115068,5.880435216258227,3.0975801270313514,4.300832848096477,0.0,4.074750513171966,1.9767025867269612,4.358174418851202,3.3229222775232943,6.6080680994029235,4.710205648821972,4.275213675842071,1.6776945129400824,0.0,0.4835983015115068,1.2492138205715229,4.79084444950782,0.4835983015115068,0.0,1.0528126484211853,3.0095661428094864,4.434776804802415,3.7087065909136774,1.5542000061794847,9.23409596033058,1.5542000061794847,6.970777025398293,4.519568723692365,5.3198733577637,5.200417837269973,5.883904391793443,2.206580672260244,5.407239033771949,0.0,2.2727957641832934,0.0,0.0,0.0,0.4835983015115068,1.9767025867269612,3.0397730821295803,5.0841831093914145,6.149881826327179,0.8081708571287273,3.951147560112196,3.767889320898599,1.8866150002407338,0.8081708571287273,1.787600834079196,0.0,4.664382045619937,5.448214728113529,8.792825961715016,3.1252769798947453,2.7349647336430913,0.4835983015115068,5.685387655932341,1.8866150002407338,1.0528126484211853,0.8081708571287273,5.704212382232695,1.4133013666064176,7.854811851324302,3.6127999243324838,3.78215119407438,1.9767025867269612
TCGA-78-7158,1.5548550026638082,4.976616494167956,3.935886005692674,4.146948081223718,1.6388802030340581,4.140364225428865,1.362155345266565,3.9277487058896283,1.362155345266565,0.3470588572197696,6.230235354307891,0.0,6.750548099481852,4.455070290644018,0.0,1.7163711906522432,3.7876721991060447,2.1842293933969636,1.12320733552349,5.048393399698858,0.6042613205515044,2.0332667045592228,7.565731136530641,6.406845332003523,4.079083705454046,5.051054007309535,0.0,4.4694317882899846,1.9774226587652752,5.085210775997882,5.337797661391691,6.233849784106313,0.9782509319969258,0.3470588572197696,0.3470588572197696,0.0,1.2497871164652274,0.7055203166230866,5.219366146318631,0.0,0.0,0.9782509319969258,3.2048377505642733,2.7152177858185085,2.629230633976085,4.198106801316131,8.596335185877082,9.182254634242183,2.0332667045592228,3.7590746025761956,0.6042613205515044,4.66714918434007,4.94463081007108,0.3470588572197696,5.866091215399201,7.945994580837735,4.036039020093774,0.9782509319969258,3.8513830084935146,1.4631396548168019,0.6042613205515044,1.7163711906522432,6.269041357955445,5.681983255496353,4.113591479584557,1.7163711906522432,0.3470588572197696,5.632726762690365,4.742258993502287,0.3470588572197696,0.9782509319969258,0.0,6.300754601516192,6.797500584121543,8.122386084495592,2.2735372601853827,2.8738696777966584,2.2298853595757677,5.664875312340718,2.6587198910802687,5.002051895232391,0.0,6.129248447490817,4.374790517009254,6.978008688989812,2.0332667045592228,5.100323640359786,0.3470588572197696
TCGA-78-7159,1.3230350214806996,3.9558427422258053,3.3894654981193284,2.615364574143978,5.012706481040309,4.971554837773192,2.2839525808460435,4.6499618907720235,0.0,1.0103637831140444,6.1738152701432645,1.4599629510450916,3.2064590548531124,3.7582492545542436,6.948148381541382,1.4599629510450916,2.798926322559063,1.3230350214806996,0.9756533812676621,6.300422425900518,5.953300475512336,1.4599629510450916,4.222702596072626,6.764530196854952,3.112964046181717,3.5280620174323882,0.0,4.155908350726544,1.6878238638291776,4.017202504703495,5.441343540734349,5.946119317332354,1.7848523364800868,0.4388998841944018,1.1643688177327727,1.7848523364800868,0.4388998841944018,1.4141283757993015,5.682088860570945,2.486513691138385,2.226189891740332,0.0,3.4951703040999114,4.778333264997134,1.6878238638291776,3.832527314780179,8.154252947123073,6.763901074713518,8.960522965455977,6.6678152025157775,2.486513691138385,4.660444047396313,7.708859601047175,0.4388998841944018,5.861962169946335,8.11746758083528,4.214594182984394,1.8732780104003104,2.0296733994457146,1.1643688177327727,4.065607239140806,9.090248548118304,6.04616104402701,7.308181044237596,4.102711131335649,1.6878238638291776,3.844386356712335,5.8836760863754884,5.113727238491026,0.0,0.4388998841944018,2.764808534920819,3.4783127318796794,6.238900630991224,8.552147122479761,3.4078783475585515,5.642169447861796,6.196050975163737,5.045165536993078,5.849339189064949,1.3230350214806996,2.9822822258295867,7.663064722112235,2.226189891740332,6.762627767652568,2.764808534920819,5.286416835289649,0.7428416975837973
TCGA-78-7160,4.533820253098878,5.473211407513195,3.166019203858973,3.242814982951293,2.6567007647878538,5.457195426115425,5.147366561655914,2.611414476484743,0.48913200968073506,2.3091832770222727,4.91707158831794,0.48913200968073506,2.611414476484743,4.245199818099562,1.689431388126532,3.4227305368745746,3.463069852042607,1.4242161541184473,1.0621903220341422,6.165583806847078,2.5141822404078837,3.443103588212072,2.8197644887321673,5.945611689825836,3.443103588212072,3.539175124604058,2.0719258696381733,2.563979656684442,1.565590512653824,4.980038620118788,3.7528021606766284,5.741110371922179,3.9287286852664853,6.456709999161672,0.48913200968073506,0.0,0.48913200968073506,1.565590512653824,5.038976526921939,0.0,0.0,1.565590512653824,5.328104298105916,2.4064585034588584,3.9771719652101303,2.1483844119167457,8.043236157755324,5.483750743270935,11.10637126401569,4.189415319427728,7.023554125213778,1.7996118914380148,4.642841622709101,4.434154081059899,6.473409098921365,7.742059081073883,3.358995963952823,0.8161609564550896,2.285723735918634,1.0621903220341422,1.565590512653824,3.592676876240876,5.00148690826587,7.4716305538378505,3.8378574931574847,4.654921792585499,1.4242161541184473,5.328104298105916,3.7528021606766284,0.0,3.1113396107607403,2.285723735918634,2.700024749812471,5.221582099922926,7.4582553590982394,3.1113396107607403,6.422504805085173,1.689431388126532,4.560561865708194,5.995533756633489,5.399017539659404,0.48913200968073506,6.761678087331939,2.700024749812471,7.223550935092717,2.9266822575771814,6.162556621950388,2.563979656684442
TCGA-78-7161,4.562225105982633,2.3209847758394093,3.8407654285736594,3.0884664109355735,1.3710284274494573,4.681399477979625,4.372760082490786,4.490687074587629,0.0,1.3710284274494573,5.690818808264343,0.7430319834889431,2.602133975510661,4.368114051958063,0.904096685773449,0.904096685773449,3.7585640862792884,1.9804909937687518,0.0,6.2305798679318904,7.107613826559638,1.9284442181279073,2.077076246573551,7.362048645772224,3.2990686751159304,4.439984173572774,0.0,3.5946154768488334,3.8328412603532565,6.086656538110104,4.6572881402501976,5.405192234994657,1.617743326797187,2.705533704044547,0.7430319834889431,0.0,0.5509497748501452,1.0505418654230265,4.607223077363912,0.0,0.0,0.0,5.293525905811906,4.584977682700143,7.021253592758561,4.413634307419824,9.081648677667197,6.672330369580559,10.020474716014697,4.535009490002339,5.895184897519652,6.165239266857073,5.186463593023708,0.5509497748501452,6.815882285279881,9.531524916481965,4.498892583267781,0.904096685773449,1.3710284274494573,4.9769544077273675,1.9284442181279073,4.448614616730965,5.087182669437572,6.696220336283546,4.4180740490052255,3.9735845999132664,5.208813795712476,4.775562538583238,5.1206549391348055,0.5509497748501452,1.815475995845371,5.7908038515958316,4.554524050569047,4.643236386794547,7.841768043843908,3.3646889868456324,7.710980330960334,1.2731256630142527,5.8591438498673725,4.190180361440094,0.7430319834889431,0.31291112649755654,8.348937840066526,1.7538152743119106,7.06174594600803,3.5910764197279215,5.526424578491125,3.338956662997737
TCGA-78-7162,5.924833170809382,5.612982110329704,2.482979794594286,3.44583927108527,2.997066383233788,5.0125401453812195,2.3526506340007676,2.5706714167487936,0.0,1.0504019563636868,4.641222423280589,0.0,6.711832848203181,4.542637119248569,1.187690971751653,1.5388008328346596,2.482979794594286,1.0401000176004414,1.161712275611334,7.316687702332611,2.90126773609337,3.7196220214484503,3.0151720899442136,7.4045955621814326,3.1174187918105902,4.359327190652663,0.0,3.5134808780923694,0.0,3.934334248221518,3.2675516967922373,5.72529931811845,4.795914504855624,1.6144055532496093,0.311813552026709,0.311813552026709,2.242378508787712,0.311813552026709,4.91008541099078,0.0,0.0,1.924890781831238,4.363995038176426,5.868522602132935,4.478288634081448,2.940695137624082,9.111896988812623,3.334932927514273,8.500645022620382,5.101030384310293,4.453048779126335,2.242378508787712,5.845501920161218,1.3679267037617058,5.536688389193014,8.49818772630184,3.7107118827140115,0.5491613300315638,5.057766940828527,1.684693796912867,0.0,2.1614707365190653,6.537731636273673,6.327449164862436,5.552420680048545,0.311813552026709,2.7495695524126873,4.837368617854538,4.396073760211847,0.311813552026709,3.5659346820879705,0.311813552026709,4.565738890663941,6.792192900839714,8.68394923166858,2.51307289711435,3.817965041274446,2.8809553400416372,4.104977828138854,3.882940169896474,3.195300088339495,0.311813552026709,7.500275168924722,2.3526506340007676,6.9325942223290555,2.7495695524126873,6.005934352702543,0.7408415064226068
TCGA-78-7163,0.0,1.5615493417071267,2.0602077525645366,3.9710727407027147,4.051651025792674,3.911222685257377,2.221060454469868,4.8084701491672375,0.521646862397574,0.0,5.711710960978323,0.7066062002441015,0.7066062002441015,5.0955093887242455,0.2944590567308047,0.521646862397574,2.29271655879544,1.222774931288532,0.9976494962419754,3.116612729469846,2.509477303722205,0.8626789624255059,4.374555041710091,7.87296188141006,1.5615493417071267,4.6741083893140996,0.0,3.24459035414819,3.004354990844876,5.332742947563023,7.104530213996075,5.43680893712514,0.0,1.222774931288532,0.7066062002441015,0.0,0.2944590567308047,0.2944590567308047,5.087090034244161,1.6309058190493413,0.521646862397574,0.7066062002441015,5.67212667525219,0.2944590567308047,4.2058695384902025,0.521646862397574,8.366426114077601,3.5123182744449886,1.4869990552415229,3.270936824494659,3.7558392603235284,3.9315746208313196,5.6000909358517355,5.198999667354079,3.7950846129602525,7.3817571545776355,3.2838505008764063,0.0,0.9976494962419754,0.0,0.0,3.8254079135435646,4.833309238980663,8.52130472745595,1.6309058190493413,0.0,4.051651025792674,5.362577724001677,4.774372730288893,0.0,0.521646862397574,0.2944590567308047,2.5636562140195354,5.417241972587156,7.49716839826772,2.102901687778225,5.085161274110613,0.2944590567308047,4.852202124150802,5.210278188824871,4.771472449643118,0.521646862397574,7.994618820615699,1.1165504337991228,6.362370991137668,3.904345609500193,4.864537656859574,3.6279185257527944
TCGA-78-7166,2.0959667452619923,2.0395956331326364,2.420732506701128,3.047489460326829,3.3391694840479613,6.989169353594351,4.964381909578794,3.613948451055485,1.0236372740750368,0.6374758956894806,6.124948126089451,0.0,4.4561340711131745,2.836144338609687,2.457295616079818,0.3686628015840597,3.0260965765354095,1.0236372740750368,0.0,6.320876202097386,2.4969834310134496,1.3015531326648,0.6374758956894806,6.541572420595379,0.3686628015840597,3.3070368740647367,0.0,3.6835477658912104,2.294210120611856,5.612576859588957,5.5521802115216135,5.313018769400929,1.69713738596433,7.303883601313187,1.4160473192692384,0.0,0.0,0.3686628015840597,5.856904053712287,0.0,1.7756470248241074,1.9798421764570813,7.72470732751696,1.8484548129046001,4.217663358354829,0.6374758956894806,8.207878818837342,2.1999985042189447,8.638013388004284,0.849081982180705,6.7555127774241805,5.952754903336493,4.084359880778958,4.435217814437088,6.710381808361495,3.8292716326311784,3.148092780549032,1.4160473192692384,1.69713738596433,1.69713738596433,1.1722344285387234,2.3381935204614135,4.076827022124388,9.446376456272331,1.4160473192692384,4.838493744748078,0.849081982180705,6.294885855392555,2.6014518826454487,0.0,1.1722344285387234,2.836144338609687,3.672279941364672,3.2039286706609174,6.6336486419134,2.420732506701128,5.254673686481481,0.6374758956894806,5.576104394118352,5.924686186067469,7.667775752976373,0.849081982180705,5.520556509007825,1.6119347926326877,5.9598087477039705,2.809649652817802,4.778543493011212,0.3686628015840597
TCGA-78-7167,4.491570263899718,4.568441884195482,2.8184221385829535,1.5186594488752265,1.8003887959261093,4.130650775934735,3.2566685959203303,2.058613638968398,0.26020809545102586,0.6373701650909469,6.618584098358913,0.6373701650909469,8.066006605899505,3.5518619922045818,0.0,3.6945458696154856,2.951142774225158,0.26020809545102586,0.26020809545102586,5.64866433099001,5.9623420746607465,1.6410334740238508,0.0,7.799724629351133,3.1855175738538453,4.801180949905561,0.0,4.100392900756304,3.525966329284331,4.556033511790993,4.540303077538288,7.103206924319016,2.4845315794579172,4.163539413309799,1.5817172198335,0.0,0.7833077602679025,1.0106550099089677,4.440341532306362,0.7833077602679025,0.0,1.0235654143451984,6.255863279103772,2.98173983437695,5.215267224406927,1.0235654143451984,9.50061907027523,5.736778727783894,9.111114335201746,4.019629995870903,3.987084094650025,5.440033919166517,4.514608514153441,1.1249945299422281,5.2454807766291704,2.8005199871684727,4.135416125597458,2.23226991907902,0.0,4.684729700019303,0.6373701650909469,2.095831489659438,3.744966738944418,6.239764993460688,4.914234519809901,1.2171061827158989,4.773942025234963,3.2793008973642297,2.935483206208147,0.46649748991644796,2.2940790187001014,0.9106347670179976,0.6373701650909469,5.254835587936076,7.749649997222606,3.4993852351707933,5.574140650699684,0.0,5.830923072920773,2.3522986402378874,1.894075354699656,0.7833077602679025,7.344014671763712,2.433718613018567,7.548961587100065,2.4073054037644486,4.321403106606849,1.1249945299422281
TCGA-78-7220,3.305104895936333,3.639187508461778,2.629612870787259,3.1187814188828744,1.4081536954727842,4.114537636159886,4.952462248044031,3.704617459465998,5.317163654344396,1.1180553742127164,5.257937982394694,2.377692565480851,3.412463677936049,3.0957631116789237,0.4152173995508427,1.1180553742127164,3.6526199522436205,0.0,0.4152173995508427,5.7719550097592505,0.4152173995508427,1.6327441986643347,2.1049021519673916,7.489227605901262,3.678957897846776,3.597769690198143,0.0,3.7813993811446935,0.4152173995508427,4.812119312606776,5.948906671818109,5.750898221898686,1.8160129610287596,5.02606234945256,0.4152173995508427,0.0,0.0,0.4152173995508427,5.46916923050942,0.4152173995508427,1.1180553742127164,6.2653563442977855,8.335014024484366,3.5397324848212266,6.590739139034067,1.6327441986643347,7.88049817536088,2.1657339102448487,8.954758852597502,2.5524796248100183,5.928860154337675,3.5246826471785284,6.153664175634627,1.5267299895611022,6.131537310738427,6.283777754281865,3.777871992307057,2.7998390367299417,1.8160129610287596,3.691869978036444,0.4152173995508427,2.8306689333163058,4.035855263147156,8.385472729495017,3.85706194035405,2.8605709819368967,0.4152173995508427,6.123676319416487,2.9719722259896524,4.799486187630414,1.2736014736505998,7.842219861435156,2.9719722259896524,3.4781213850753585,6.79577736097808,2.1049021519673916,2.3120798745558355,5.844578664621586,4.824594830733548,6.211067839092861,8.343377754788225,0.4152173995508427,4.733800839584131,1.4081536954727842,6.174240167466139,3.0722024534967325,3.7116873649399187,2.1049021519673916
TCGA-78-7535,1.3462793325816544,5.529036153179982,2.3934125129545354,2.9509754644611976,1.5911109957412162,4.6031361186750965,4.415682614532606,6.495824312190361,4.64497726565646,0.3040966137198755,5.9265152749570955,0.3040966137198755,3.3698890164942306,3.167355136207479,0.0,1.951821215655968,2.8534599327638746,2.0928142274118784,0.725711171433208,5.764291011303641,2.48631399235006,0.725711171433208,0.725711171433208,6.848820229034955,1.6610051692905063,4.617276606649801,3.839220027552713,3.0895731927051284,0.0,4.536889203904881,4.951430081108987,4.658549802491331,0.5369610973706165,2.5981162803892257,1.3462793325816544,0.0,0.3040966137198755,0.0,7.0694828954743425,2.047989573530054,0.0,0.3040966137198755,4.490154318188821,3.2112750117353555,6.0841189306781445,2.7679592728561024,8.37100605159781,0.5369610973706165,2.4562928175882615,4.267821565454657,4.5923949287850805,4.070260181288014,5.890856608930342,4.870299853969361,6.140024628621996,9.093466048315962,2.969388298214389,0.0,1.24924249317342,3.568752110213023,1.5911109957412162,0.8843871828611468,5.2585208876734795,7.3692036662854745,3.0895731927051284,4.881141453861799,3.38203834721566,6.794204649047247,5.031117429036907,0.3040966137198755,2.9509754644611976,0.0,1.9000307445118427,4.007667674739164,7.499655693025753,2.425342403075119,6.827853478047446,0.8843871828611468,5.401298052656581,4.385154238617689,0.3040966137198755,2.1768404476669687,8.343653758634996,0.5369610973706165,6.275868753220877,4.419968886713138,5.1999986656792565,0.8843871828611468
TCGA-78-7536,2.419140709012381,6.141389884162644,2.926242850234152,1.3389144520730811,3.179361308558999,4.4358611973022875,2.4636830133363734,5.0016416388163805,0.4133009938759393,1.0005215801074154,5.66478520320463,6.786045167447218,2.441659842784718,3.730232507597415,0.0,0.704878103435644,0.823956120671359,1.026507437133154,0.9303514155224893,5.349894120757056,4.793829947193197,4.07906678234588,0.0,6.759685572502132,2.272198047854026,5.061765575197863,0.0,3.730232507597415,0.22785244704194402,6.258688139739327,6.654325185688044,3.2805502483911217,0.4133009938759393,1.5222883440783017,0.704878103435644,4.423662697750396,0.0,1.660283106439669,6.252300721563477,0.0,1.3389144520730811,0.4133009938759393,4.686565824192085,4.7098814909542535,2.8984281070789293,3.0547744675210478,7.717840694009964,1.2694796065280556,7.480794849154172,5.523486864246267,2.7787198881700212,4.347169885563039,8.358888897263988,0.4133009938759393,4.6382373896922875,2.3725215191932096,3.6470673862994962,0.22785244704194402,0.22785244704194402,3.3898431658234505,2.926242850234152,3.8369675075906353,6.306501538723415,6.713535619658744,1.929461320056544,1.026507437133154,2.547223955852862,6.5959430690545275,5.686222530664787,0.0,0.4133009938759393,0.5696792665597005,1.8522272159951447,2.419140709012381,8.811169414080574,3.8294932075081007,4.582280197693845,7.775561400000691,5.3833522081445695,7.647094012147991,4.166111582198401,1.4038641052299503,3.168655638704533,1.4038641052299503,6.713845234288141,2.7787198881700212,4.791027152516285,2.840364186320294
TCGA-78-7537,4.225426916732752,4.662022997580874,2.7255822787942514,3.8875028279699824,2.1799540748378115,5.292958030930134,2.051042067158138,1.2517338677241958,0.0,0.9182887345368281,5.505246166434833,2.329470421775428,3.3359154731695497,4.823461986571277,0.8864498898631339,2.1799540748378115,3.185575471746792,1.1441591036240801,0.0,6.009316744139316,5.474444779178664,1.8483760696469511,3.5821318658043553,8.126716198240455,3.1556335299330076,4.097690624573086,0.0,2.8969279964953887,0.0,2.9164184668342656,4.60304192284189,6.069642440172,4.225426916732752,6.990477470553337,0.0,0.30498156952984207,1.0236013448555952,0.6941966296955167,5.3142448480974105,0.0,0.0,3.9782806729863327,2.8360622233197734,2.9164184668342656,2.8567632667223353,2.652917968464161,9.041373641189189,5.7945033518236775,3.0766069427438576,3.3231457460439975,1.9030175599519412,4.1675268679836135,6.447012634133998,2.329470421775428,5.88249474803825,10.379367631579429,3.694605528812341,3.8502688709523913,1.5939181007760634,0.8864498898631339,0.0,1.7292100795672123,4.256229540815458,5.590098526250736,3.283824261978739,0.30498156952984207,6.087619824262381,4.934596227810666,5.483376838495969,0.0,1.954841573446506,0.0,2.8149235718175194,4.585011355259001,8.600093964772386,2.7933222886266877,6.349727978731849,1.5187032489715937,5.189155189278901,4.555467205328423,3.880164881771993,2.294129444546384,8.943682402737263,2.652917968464161,7.542112715806784,2.095892971746651,4.866911179339411,2.329470421775428
TCGA-78-7539,2.3156099007167352,5.127523114352063,3.551721493433715,3.750249680251314,2.050874872111866,3.617106829834432,2.6570936921013573,5.956541784518716,1.3725756889789527,2.8635884891842545,5.812968663087066,0.0,4.417455311367022,4.032036440781727,0.38614636372176425,2.255703107093915,2.792182994498224,1.2108689710137772,0.6332379278060364,4.96266279554716,1.7427092712527632,4.1866380752470445,2.2243424309325617,6.571858676651711,3.435411995439894,3.750249680251314,0.0,2.927394544557182,1.4445868538714073,3.764005479304335,4.5779849945023825,5.010921919681884,2.593095661476748,0.6332379278060364,0.9053511118357696,0.25820176712927273,0.778498847659449,0.6332379278060364,5.402285413170692,0.0,0.0,1.1190356383089881,3.867728321428918,1.9720790233513366,1.3725756889789527,4.2723819550770035,9.346940800289113,5.171948830733202,2.012246160880979,3.830081663154767,1.2108689710137772,4.76764611456134,3.416253467816139,1.1190356383089881,5.310606544323582,3.189220417960576,3.568472980250839,0.25820176712927273,2.6570936921013573,2.973317938716817,0.9053511118357696,0.778498847659449,6.757855219123004,6.5581637596796165,3.9728452547737976,2.6775428824945444,3.804172726213076,4.777609742927595,4.48943043640021,0.0,1.2950011026734998,0.4631678182364536,1.0178721155999009,6.5882095768802404,8.286763158051054,3.224985125032378,5.870888865643676,6.110324780156654,4.99309570419822,2.050874872111866,4.168570384574072,1.7427092712527632,6.611848812058403,3.1136130822082166,6.6736518874315855,3.3037682918861635,5.680513847716846,0.778498847659449
TCGA-78-8640,3.4634301215280763,4.528418722888952,3.4261923875514544,1.734853964580351,4.102950755803942,4.318907106289725,3.036850224274889,4.3570177533258185,0.0,1.8328374309859015,6.018313369990615,0.0,3.0644651112350827,2.8529236948920556,0.45963758699655743,0.45963758699655743,2.9491122529187646,0.45963758699655743,0.0,5.996141094991883,0.773343722554222,2.4426339507267953,1.9220857309036292,5.515084632492691,3.957940475932813,4.195001031180436,0.0,4.386492896063436,0.0,6.824413886625693,2.1500980285909534,5.904991207168638,2.5392606720322077,1.3654792214059706,1.5043218113490433,0.0,1.0117827133333757,0.45963758699655743,6.0484708660487545,0.45963758699655743,1.0117827133333757,0.0,5.630326085048254,2.6686785432240137,6.400292328421329,5.225612256077405,8.284037182319022,2.8860290084620277,2.1500980285909534,2.783244249927756,6.345510037060611,3.4261923875514544,7.796678925048627,0.45963758699655743,6.026177519492821,6.89303851672129,2.7464949722647125,0.45963758699655743,3.0644651112350827,0.0,1.626216363672918,2.918067985197492,5.234978125985948,8.95831626336032,4.63584487025601,1.626216363672918,0.773343722554222,6.357720941990865,5.028566891060592,1.3654792214059706,2.0797165038742667,3.661726630183917,3.444984575630098,4.6013047247095,6.835138348519219,2.0797165038742667,4.725580877442295,1.8328374309859015,5.005374815341235,6.271143429297371,1.734853964580351,1.9220857309036292,5.583180469436019,0.45963758699655743,6.155524538559578,3.1175117572076085,4.36446838687274,1.734853964580351
TCGA-78-8648,4.368461290024927,5.102813301037244,3.7615907370655184,2.835727827151067,3.8628432653838862,5.600904061217629,2.1563331359601428,3.142180508424139,3.0379532889879535,2.522451279610866,5.663349293427149,1.9617131920281456,3.266144832665694,4.952758975565566,0.0,2.691310877097912,3.266144832665694,0.9273889185401885,0.9273889185401885,7.042163786828613,1.5727116854615781,2.691310877097912,3.8787640058923056,6.730440367994347,3.3228033142341435,4.011685518257049,0.0,4.038969263569296,0.0,4.529077168010833,4.820241242211415,5.8560971844070835,3.349970751719148,3.9250616318904283,1.5727116854615781,0.5675272666352944,1.1914345276278306,0.9273889185401885,5.277119266031857,0.0,0.0,0.0,4.188670924903693,3.5219242282004464,3.206082336069226,3.3228033142341435,8.433631131414264,5.941956500322474,4.378093911646169,4.919849530334801,2.961896236973528,4.211577817147121,6.975899790713693,0.0,7.555303448223905,9.096995846543726,3.9547778507881417,3.266144832665694,4.469641371272155,1.719851639088469,3.587436255740155,2.459178501215269,5.732917238786227,7.273113414658593,3.4990981424061274,4.211577817147121,0.5675272666352944,5.195874811720878,4.45199103407472,0.5675272666352944,3.687903978492257,4.200189960305441,3.8466628134782184,5.465076792418949,8.695983520758874,3.668602764467955,4.819434432695706,1.4001479554084264,5.373740188193897,4.936443215841613,3.294873439094666,2.522451279610866,6.725870026993396,2.3916210857320044,6.324204828639517,2.3191766880869653,6.496743315476079,0.5675272666352944
TCGA-78-8655,3.799939944009493,3.5243644160693415,3.4056010047990064,2.8233293639429653,3.4667447687233186,5.180062969818475,4.113570225721054,4.5375720556830155,6.060258065392071,1.568595084363495,5.560216138075114,0.0,3.1426813698298544,3.6305111910544223,1.0646762536392635,0.0,3.7565053917723845,2.465239513312525,0.0,6.450543089330076,1.2622039758888401,1.8027818325097906,4.173840966853146,6.355089781721699,2.2227948534477493,4.670611424553654,0.0,4.284473065351992,0.4906025080769565,5.671341924163861,7.026781985403778,5.744892427712417,3.1426813698298544,4.859261865245921,1.0646762536392635,3.1426813698298544,1.4271003555121444,1.568595084363495,4.31878726926793,4.082013850509034,0.0,1.0646762536392635,4.782722052539696,2.8958787885510633,1.4271003555121444,1.2622039758888401,8.650583574099326,3.384359754405805,5.208179288336919,4.699843799590773,6.561232908527605,4.19410693749133,4.183542158802314,1.6925282789661986,6.704503811747044,6.346246700849016,4.004264846327911,0.0,1.9923983460021788,1.568595084363495,1.568595084363495,4.173840966853146,4.407499430646912,7.644756652299286,3.2708039177285597,5.99459215105179,2.2891350452696413,5.379708395596865,4.31878726926793,0.0,2.8233293639429653,0.0,2.4099136707465703,4.123871001480422,7.160271207394814,2.465239513312525,8.333409766613737,2.1517273189300807,5.197728780435608,5.993013347097833,5.058968210886894,1.0646762536392635,7.360262993423612,1.6925282789661986,6.15198986568344,2.7451018969706515,5.269336447299946,2.0752326969057813
TCGA-78-8660,4.701207374185033,5.1194598031952445,3.3469453284967026,1.6259409845331145,3.2155061538985343,5.0947374433837505,2.442320948072412,5.312353398949879,3.3672647950221357,2.7814803245207598,5.894190690551843,0.0,2.491799506045171,3.9686868525456878,1.5040551743071346,3.2386470791232322,3.0910106346702886,0.4595112765252515,0.4595112765252515,6.48714506048745,3.8394222046131885,5.173762705098273,4.421816897141617,6.122462107288691,2.149795153606112,3.0365238676121566,0.0,3.7336615968858293,1.734571643190866,5.718092923329529,3.690929850613609,5.069394647969786,2.8856997499325128,7.21747277829453,0.4595112765252515,0.4595112765252515,0.7731591185293301,0.0,5.804351529577897,0.0,0.0,1.0115645473809431,4.246080901301441,1.2039628042759356,7.162498267472038,2.74617415919332,7.844569946574444,3.7879394128831843,2.782922642879316,5.373703093453926,6.799674399821856,4.521757054813089,4.965142687004346,1.6259409845331145,5.571804161094083,9.062591821381858,3.1426856865101542,1.734571643190866,4.302907666887921,0.7731591185293301,1.0115645473809431,3.7879394128831843,5.673007065982416,7.73193510790378,3.979649877696168,5.774001704968787,0.7731591185293301,6.775334126955229,4.378865393211214,0.0,4.131128012790655,0.7731591185293301,4.032733308010624,5.820050288870079,7.065724373661321,3.851888638417183,6.548842117817237,2.00370724778153,5.294946692202513,3.7475115038411877,3.567152401035812,2.335342657232218,6.413427809141279,2.00370724778153,6.297998427323224,2.215544624672176,5.9728727864168505,2.00370724778153
TCGA-78-8662,3.4481891042076667,3.184843230123993,2.505591240980833,2.505591240980833,1.4607290656050762,5.172646428021013,5.438022785586651,2.608193032729146,2.450056372352254,1.2939871678347055,5.332187251055652,0.0,3.157072758959203,2.391255093706545,0.8431177071362405,0.0,3.157072758959203,0.8431177071362405,0.0,7.028848385858824,0.0,5.347740663579885,0.507901352248744,3.9115068722543325,2.9018116278997805,1.7285889009051347,0.0,2.937520363805577,2.190736911200665,4.927217452616756,7.633301883588742,4.574328431114656,1.2939871678347055,1.2939871678347055,1.0937337412170023,0.0,0.507901352248744,0.8431177071362405,6.847407431360191,0.507901352248744,0.0,0.0,7.246168487840276,3.7384407494567142,5.315739712239906,2.8647861077775665,8.603196560536595,0.507901352248744,2.450056372352254,2.7012336880419343,0.507901352248744,2.82633681364617,7.69930784425371,3.3369894725330775,6.126106884904332,4.292343965685902,3.585630596225554,0.0,1.2939871678347055,2.9018116278997805,0.0,0.507901352248744,5.194904952108226,9.137642789370751,2.655795040761113,2.450056372352254,0.507901352248744,6.773759778676304,4.567479741376433,1.0937337412170023,0.507901352248744,4.274079443119288,2.8647861077775665,2.9018116278997805,6.2848932012850875,1.7285889009051347,1.8808686442998308,0.507901352248744,5.086490786066445,6.633450003571995,0.8431177071362405,1.0937337412170023,5.881591085634095,0.8431177071362405,5.885278690950368,2.9018116278997805,3.769447408436682,1.4607290656050762
TCGA-80-5607,3.7103914039992505,6.616245891695969,3.4373942969739737,3.51294147883892,2.517002683607953,4.250805428655056,2.9391989584167795,4.5143402548644485,0.0,3.100281460173405,5.148917881896263,0.0,2.517002683607953,3.4373942969739737,0.5953689576412405,1.4480242542518262,3.3836577917641195,1.4480242542518262,0.0,5.3668214519318544,2.1190227667639583,3.3268724629002966,3.297221092705532,6.605295214584594,3.7870151837445003,4.411184871262822,0.0,2.895198976992958,0.0,4.430748939398057,4.663089976573857,5.347645481234235,3.021794679256583,7.836895106525176,0.965956702888975,0.0,0.0,1.9014655293161122,5.498343763585437,7.213915572679691,0.0,1.2357621268153434,3.8232311352098605,2.4490808341101946,3.87520963230525,0.965956702888975,7.965180923319997,4.919126546351362,3.13414983439225,5.747636667413405,1.6230054556556384,3.4896294157071703,4.496359280129911,2.2122992699434683,5.9255223746459835,9.293090181371928,2.9813493331865377,0.965956702888975,2.1190227667639583,0.0,2.0161555691090234,5.100725814543187,6.04806933550342,7.330287249448056,2.9391989584167795,8.316026372905396,1.2357621268153434,6.19609579829574,5.078163092888129,0.0,3.8232311352098605,0.5953689576412405,3.9869170970803793,6.452104157960802,8.847862911667455,3.266667395370805,6.501735517081993,1.9014655293161122,4.478049060770585,7.078779932033795,4.532004692638583,2.517002683607953,7.885190027175811,6.150304216421372,6.472429753151052,2.2122992699434683,5.564240674714585,0.0
TCGA-80-5608,3.0378334495726262,4.430654880973418,3.3431267872060575,2.766004594362766,4.024808686192006,3.536206015961047,2.5693856563659394,6.068992557116509,0.30350620779866627,1.8363344126176173,5.693011340369374,6.1740402382737285,2.6725197372622667,2.930238629765299,3.9960111503870306,0.8831888603690381,3.8295018957186335,2.0461691024162634,0.5360839299800854,5.381426138270399,6.927097015770877,2.6725197372622667,6.22795858279033,8.0949582524321,2.1749903293786694,3.874684519772778,0.0,3.715389925592287,2.1749903293786694,4.360702124901822,4.138485841815474,6.066530274753168,2.6725197372622667,5.502681686717539,0.8831888603690381,0.0,0.30350620779866627,1.326066535569404,5.979804330232555,0.0,3.3431267872060575,0.7245973968331928,2.743436649772467,2.696726327370767,1.4331302359569225,2.696726327370767,8.283789686320628,8.361983951511903,8.152146156262996,5.927320614776674,4.800564257249738,4.378654706107119,7.251089631623795,0.7245973968331928,5.485182751169624,7.086562333809395,3.6979705050007055,1.0200018880861983,2.7203541955583743,0.7245973968331928,3.8295018957186335,7.52889612355699,5.641470805575452,6.965656194876975,3.7982046002279284,2.1749903293786694,4.721690202148822,5.948831016914005,5.138846727465083,0.30350620779866627,1.5894596697184356,4.055998666304613,2.0909871340798785,5.758860763572647,8.459311928148285,3.9108363015735765,6.921095895919211,6.722038765839906,5.155347283588582,4.285485447490785,1.9992613245523079,2.454387303037918,8.122068437102305,1.7859090555498793,6.8493684639074095,2.9854849486024415,5.023413306455471,0.5360839299800854
TCGA-80-5611,0.4430177641607487,1.7945389362616386,3.632025993770943,2.809860421915015,1.8831376865653369,5.4014874850365535,4.304351538661239,5.526563875598149,1.6973205764096286,1.58962288506104,5.763141982828244,0.0,1.8831376865653369,4.158690877389287,0.5155146132521222,0.0,3.047703088372731,0.7489602453791581,0.7489602453791581,5.448145862036501,2.809860421915015,4.0957735407457925,4.891153316054217,5.045950956556924,3.3031581480423684,4.596177876086271,0.0,3.362827240003691,1.8831376865653369,5.403996331495505,7.221755471439273,5.726912892045055,0.0,2.175183446459339,2.542050711673108,0.0,0.4430177641607487,0.0,7.172946313598386,0.0,0.0,1.1723892536640539,5.339257754059565,1.4689106772971237,6.624739635130295,4.141115228259738,8.489819939119535,0.4430177641607487,2.0397907360500436,5.383733304835248,5.433643397844804,3.3641771789422443,7.827340577805722,1.1723892536640539,5.759068952331206,0.7489602453791581,3.1483031346960386,0.9829021031726566,2.236573487400131,3.195050236303847,2.7757213105575764,1.7945389362616386,6.25051563676061,8.883382331511266,2.7403753998751297,2.175183446459339,0.0,7.683205687237033,3.020888193435109,0.0,2.8428724269096555,2.3490869266454655,0.0,2.5849857432560905,5.843324102908913,3.1240859097027553,2.589176570963797,0.0,5.144985518053548,5.90596384665356,4.612910154998309,1.58962288506104,3.769615767341363,1.3316005546972436,6.447995006960079,3.6020816906709445,5.4787204175193605,1.1723892536640539
TCGA-83-5908,2.965288529867243,5.945810584911951,4.160236854098417,1.7718458357709195,2.7258639237335456,5.394999332296366,2.4756977107026903,2.4756977107026903,3.9810321434494633,3.4199602529130404,5.821509212431592,0.0,2.265599480142074,3.9083582985853966,2.952626423018886,1.9470951609370228,4.0154799103682395,1.0569566133992772,2.265599480142074,6.046674536222918,0.7544774357115512,0.3188173013824922,1.0569566133992772,4.610275133542094,3.8931683686469336,4.0289327710062945,0.0,4.8660102124717755,1.2888468989539257,4.661257470818573,6.070377385950832,5.923956287325221,0.9171303792715987,6.618275591788683,1.7058747300708854,0.5601870533037148,0.0,1.9864898285053574,5.909793430963424,0.3188173013824922,0.0,0.5601870533037148,4.941220905211899,3.109257368142857,5.971996263912584,4.001841771344519,7.518080476591888,2.3038243248289967,6.228897516656587,4.001841771344519,1.7718458357709195,4.452796093760771,5.275652446798343,4.857297617026009,6.263819126396979,4.1305028987753785,4.00868499839393,0.7544774357115512,0.5601870533037148,3.5602503115167554,1.7058747300708854,5.226445354310242,4.696143703322741,8.798395817520193,2.0961511552427834,9.505819468480187,1.1796083878733197,6.544925719909663,4.048780438783006,0.9171303792715987,1.6352421021156331,1.5592387561012482,3.2350876993954767,3.7883717856087857,7.044312090408347,3.3335321998336647,6.324263975791375,0.7544774357115512,5.441620856321262,5.746375699621267,5.490824375066932,3.838107322477978,3.9307211013854833,2.443607110705934,5.644163388785671,2.7258639237335456,5.453477536668468,0.0
TCGA-86-6562,3.4170313599646835,3.533119980872258,2.313683279660079,2.738993158227858,1.8499969303166974,5.24807615011129,2.5898295697147793,3.1800102486463335,5.6144010185193,0.0,4.86388935361619,0.0,4.1201016487094595,3.51733758713021,0.42918163472548043,1.7619529696453904,3.3992888949928064,0.42918163472548043,0.0,6.99057873218125,3.4515957757458486,3.6511360492032785,1.145464067445343,5.831325137247676,3.434461285639302,4.617375398426454,0.0,3.244738484393928,1.8499969303166974,5.382359757122808,5.289478417880832,5.181069812495785,2.6671865390472087,4.273173917260376,0.42918163472548043,2.005754634711879,1.5585234936325507,0.7285143243972366,5.6260515372259645,0.0,0.0,1.145464067445343,6.019952387725281,3.1800102486463335,2.3653345146471554,3.0103844048863055,8.395985548480546,2.1405013629009177,3.4850083650734596,5.869887134399156,6.851032534930205,1.8499969303166974,5.843828434665547,4.81817450860906,6.885050464411553,6.232658210568232,3.4850083650734596,2.4612541211227716,0.9585452997709913,2.956117882919898,2.259218196288833,1.6654022803515327,4.309844307275641,8.5653374327367,4.2953379328917345,1.930912530620631,2.983619205670189,5.428112412715431,4.2351074527568295,0.42918163472548043,2.201625988012715,0.42918163472548043,4.10253592124839,5.024840586151849,7.861599951099653,2.6292594871351476,6.902168703085822,1.145464067445343,4.53462003113602,4.540355360015188,2.4612541211227716,0.0,6.796834891396793,1.7619529696453904,6.679417008447069,2.89874218349024,5.298437359348613,1.8499969303166974
TCGA-86-6851,2.3687379354135705,2.6662902668539785,4.014588618983269,1.9832059337990102,4.645400005207158,4.27158517731002,3.660503127472472,5.049484143244893,4.703847418176836,3.326114575537799,6.312184798636561,0.25060306421036016,2.9414661436138085,5.2461552738118415,3.972589272600805,0.0,2.3417096476780954,1.4190035355295954,3.4216925795334756,5.737584688064667,2.5837862093461372,4.653569797711368,0.45082080982896156,7.481149985815054,4.004252079862133,4.4328052966608915,3.560429415231078,4.669402410221555,2.225682450152704,4.829760689961213,6.0230819086732685,5.481671723153941,0.8854603214815525,4.059818677760225,1.485641834620589,0.0,1.0965100805762396,1.7896238570976333,5.78857695169356,0.45082080982896156,0.6176151179475085,1.0965100805762396,5.391151756840455,1.81265626894104,5.891273977551664,3.8591600587280737,8.403955062008924,5.686748211900407,3.215863291743492,3.777871992307057,0.9965426484312176,4.3374384423423855,7.606939201693363,1.485641834620589,6.082668580948976,3.840980177071782,3.5020859128865505,2.8633145462882204,3.9885469139987175,1.2707151452677325,1.6624666999818192,5.686527798573664,7.19973808998561,7.469528737471359,4.680342591431642,0.8854603214815525,1.6624666999818192,5.181069812495785,5.967038648946155,0.25060306421036016,1.8388179762140886,3.4934635391887188,0.9965426484312176,5.824556588131574,8.481031155736117,4.526418061819947,6.761241695486814,0.9965426484312176,5.786832962113918,5.042146880968806,1.81265626894104,3.1690761513155947,6.2487718157294605,2.6858932044522903,5.8110032589409055,3.157030207940525,6.084351338331326,2.4206791913765136
TCGA-86-7701,4.0945028830220345,5.553397473530529,3.185620960596862,2.613365825441618,5.256072485204285,5.277818697070691,2.5329902151689474,4.676820855731443,0.0,2.0986189735820973,5.279323112430201,6.485204539200075,4.705820626637488,3.7145983691440385,1.4258034942146032,1.835568996624515,2.8825579763285347,1.4258034942146032,0.7196430443639105,5.4457411859829055,6.099598961947702,1.1338185444027291,3.5772046004731157,6.64939508750439,3.4846864514937446,4.210432829235728,0.0,2.1253943510291076,1.835568996624515,4.847716284577141,3.4846864514937446,5.319941862644699,5.069287776444974,3.764673147498058,2.756992734615225,5.454795336134386,1.1338185444027291,1.4258034942146032,5.860335979671197,0.0,6.161481545695613,1.1338185444027291,4.178658136746283,2.9398812400139755,0.7196430443639105,3.5473072492018245,7.918665042782028,6.578766372272086,8.505735805525886,5.965710746656891,3.4846864514937446,3.4879131594110784,6.966033621023877,0.0,6.6033542199234825,7.771897614130818,4.00260931804721,1.9909381430884325,3.7399503487725005,1.1338185444027291,1.1338185444027291,6.978334890930344,5.524404581031474,7.091958397860755,2.1253943510291076,3.857875114237473,3.812359563914812,5.984457555379272,4.433735155343067,0.7196430443639105,1.835568996624515,4.616159580787693,3.228271546508563,5.239448078231937,8.723110824865369,4.12901970348907,5.296570842262026,7.688592772669071,4.839411923968335,4.194670927782725,1.4258034942146032,2.5329902151689474,7.811086396648459,3.0944366864263313,6.707721380721603,3.228271546508563,6.594340953701306,1.6515390884527357
TCGA-86-7711,1.3719164931739352,1.0172937674905214,2.0114838484966087,1.443902673740204,2.696766782081723,4.423665095794552,3.914950715499481,3.822802644975505,3.4153993873952584,0.7123613994837495,4.720790885479792,0.0,2.3713272663921905,3.6474036000407737,0.0,0.46285312521689465,2.1577442749370097,0.7780396475779079,0.2579700084662554,7.62667254023565,0.0,2.877770471919922,0.0,4.618491067770934,2.4755967804622228,3.567615366620897,1.210243104839295,2.6601896047507103,0.46285312521689465,4.75163137733097,6.666046709217886,4.92826042460176,1.210243104839295,0.2579700084662554,0.46285312521689465,2.2549063110105774,0.0,1.8010330034492763,5.622051676292315,0.0,0.2579700084662554,0.0,8.221387545240692,3.983003234145193,7.275109990640566,0.904825253764877,7.842981595713121,3.1386110925490165,3.897187501524109,1.8857809402158876,3.5164973370247323,2.4755967804622228,7.559351032383847,5.126644906314609,6.815775945744221,3.2699110859680256,2.285306677193773,0.904825253764877,2.285306677193773,4.101761984999962,4.185768412141054,3.1257732066058765,5.922323450350493,9.0613495239581,1.443902673740204,3.6701501505996483,0.0,5.693924039580486,2.877770471919922,5.101882686490815,2.285306677193773,0.46285312521689465,0.904825253764877,1.7922426857934566,6.7050024173156615,3.04508418467596,2.735678338219684,0.46285312521689465,4.25910871930897,6.461779065522672,0.6328131415202457,2.2549063110105774,4.225264631641352,2.123135408424519,6.1604285375087215,3.2920370632966574,4.074670626644786,0.0
TCGA-86-7713,2.134769809601713,4.292453342416385,4.184957362959647,2.0455744721682585,2.013982597082523,3.1816556692645483,3.6938470949294455,4.147660975390711,0.0,0.9808042526992211,7.839261663462654,0.3927175352856617,3.303694800300917,2.907720396230778,1.9476372282236976,3.531845454846731,2.7362553367413307,1.1519634641651042,0.5431960037964414,5.574474531651463,4.917305818069117,3.1614882082927234,6.288761498115496,7.06660347959045,3.7907002122155724,5.011308400842407,0.0,5.730417914182657,0.8931858581590583,5.077932506543427,1.072918341576306,3.404485303850481,1.5276420021319175,1.8390723522786725,0.9870846471742343,0.3927175352856617,0.3927175352856617,2.085498163262367,5.510428281527743,0.8931858581590583,0.21551452414971864,0.3927175352856617,2.134769809601713,3.1409013103413663,4.533739703081838,3.893802006697825,8.313764028211127,4.579183436363506,9.956710733494049,5.738975858224306,3.619352511464939,4.086188054838486,6.197158740015483,2.8675295156475324,7.599776826254572,5.533504106664562,5.979890323454319,0.0,0.9870846471742343,2.9835534113684576,3.355359355641692,7.119441444405996,2.894502105144925,8.537282052253492,2.8811067477126877,2.933638760945506,2.894502105144925,5.656746770521292,5.764946558779814,0.0,1.3573288828268755,7.333186399731179,1.7595289344188056,6.929379775078799,7.664337246789442,4.124597298393074,5.8673175543650995,6.030295761339483,6.3320248447806184,1.9127521632305455,6.351088139506841,0.3927175352856617,6.205928539795869,1.7172514170529936,7.0249247931393555,2.406981143705042,4.308759462794676,0.21551452414971864
TCGA-86-7714,2.936889500801202,3.6284418460593377,3.159397545749835,3.577232553813402,2.650272772182541,4.09784675571027,2.428186375245128,4.7747526101670035,0.0,1.0576861220554639,4.9492278659668925,1.0576861220554639,1.7403258141132054,3.9464611464473456,0.0,0.6625848749773053,2.936889500801202,0.6625848749773053,0.0,4.683454425385226,0.6625848749773053,0.6625848749773053,5.580099568943624,6.7955458071220365,4.639030403476194,5.068243606716569,0.0,3.755984210900311,0.0,4.320790654140784,3.909463733283222,5.838036522769003,1.3401195239992774,2.5078253321705666,0.6625848749773053,0.6625848749773053,1.3401195239992774,1.892976412132998,4.858416081118745,1.5601216098781387,0.0,2.936889500801202,4.269539395251973,1.7403258141132054,2.0253680703900288,1.892976412132998,7.968395674396693,6.37100824629804,2.8857667265521165,5.331882695040371,0.0,2.5078253321705666,4.481939840643477,2.428186375245128,5.423027465716732,8.733557012207653,3.436410073417898,1.0576861220554639,1.892976412132998,1.892976412132998,1.0576861220554639,1.7403258141132054,5.475551001793045,7.435207904844557,4.629901822207275,5.9995715960018785,1.3401195239992774,5.340931354488566,4.922008066868957,0.0,2.1422754858512034,0.6625848749773053,3.236169424833194,7.629650253393558,8.224501257204322,3.4662045429707655,5.923822548495558,0.6625848749773053,4.922008066868957,6.101414763954851,6.916239188630447,1.3401195239992774,6.956421625962728,2.581579537048261,6.885002383922759,2.5078253321705666,4.502979086863683,2.0253680703900288
TCGA-86-7953,2.864757609711158,3.447781940668625,3.306681552944118,1.7452092944082198,3.793917167676772,4.283547940425176,1.932810435527254,1.2971898860370696,2.1946657507745515,2.1293858015293394,6.015671676016561,0.0,2.1946657507745515,4.547116194767823,0.0,2.1265755733137715,3.2161079979668705,0.2588195277666796,3.204184432925199,5.642835717626456,5.856855431091032,1.6922337498425026,2.1265755733137715,6.819033348921333,2.318330481207778,4.622479511510654,0.0,4.003153553637945,0.2588195277666796,4.797128493120848,4.809921634748207,6.633307906909185,1.5770799963259747,0.6346172383695419,0.9071288900817689,0.2588195277666796,0.0,1.6053495665254938,5.907115078639619,0.46429989382905695,0.46429989382905695,2.0907028939568537,2.0535081596533313,5.109345747020178,0.2588195277666796,3.732204712852301,8.265837905157799,3.466407552192766,2.864757609711158,5.903897561250873,1.9746780699780133,4.331292394512707,6.712861420972979,3.5115066321079005,5.847516229077696,9.297508403361538,2.9299449730158913,1.5770799963259747,1.2971898860370696,2.976187513007323,3.2510409364707322,7.875240900402245,5.999179708562808,8.157032178192674,3.651208739092666,2.527511054870346,0.7801502241815194,5.842384324093829,5.0295093858615525,0.2588195277666796,2.914039455196349,0.9071288900817689,2.2584032939797716,5.932507752444301,8.011487770344818,3.8520415517347444,7.248944942456183,3.970252290125615,5.290063396061691,3.369606950392578,3.596026502849264,1.1210584774979397,5.470799003060018,2.4791735804401327,5.964881836907978,3.502649268573191,5.483842120955737,0.0
TCGA-86-7954,4.501030036491586,6.950134460457222,3.78607648905062,3.5472352413788633,5.088176413867816,4.4739390029946975,5.084864211316781,5.203435095177838,0.5893410118343562,2.4017876875137145,6.5143985674668645,5.274413942466477,1.7136537732244335,4.689897289343423,0.0,1.3720940117187492,3.8276909449530994,0.5893410118343562,3.20065482613788,5.864639190107995,4.221959109791773,3.0729247693838966,1.8900198383955746,5.8274886744308025,4.794823135657846,5.076547870786971,0.0,4.169577258778991,0.4286606657113531,5.096390882913879,5.5058151588053645,5.283959788030782,1.805711682846059,3.323585328663782,1.7607330906229322,0.9576629749798866,0.8492958630498767,1.9670284371008486,5.661560194638105,0.5893410118343562,0.0,1.2262429729716637,5.17961265628007,2.588478065961365,5.578155001695478,3.294239294269601,8.467317838642586,5.798719857707724,2.2295304120881347,3.8842879192051543,2.588478065961365,5.121138563099739,6.296895669119592,1.2262429729716637,6.079740956939386,9.395250242860007,3.562533612046975,1.1444775445400597,2.0741148801741107,4.597220672164894,1.5573864359622964,3.121280636418926,5.388267753746298,6.864492808922522,5.1720509485432045,1.3720940117187492,3.5079359473726996,5.760688819692441,4.946530456682081,0.5893410118343562,2.662285455734466,2.257911942282302,5.059704784329895,5.175081365462704,7.674129686811013,4.114300772495053,5.891066697029901,1.805711682846059,5.7732494559575525,3.388885230572726,2.0741148801741107,1.4377476427088063,5.936427411178073,2.7716758056582167,6.299849576731457,3.022111268280407,5.649980773687846,4.779207523194349
TCGA-86-7955,1.3113013820784605,2.0316945831821016,3.0388396545879246,1.5292468604247538,2.211905176954318,5.564363306860456,3.5214603028220566,3.9377882133141724,1.7612315308590967,0.47156490981268806,5.997814344406732,0.26328691561705936,1.0322587881180885,4.48137410817458,0.26328691561705936,0.26328691561705936,1.651960859513991,2.69843747991915,0.0,5.932863033676993,0.47156490981268806,4.787366734968895,1.1341724640666606,3.5819176570891362,1.8117091445356752,4.498276273055126,0.0,4.714177045646071,0.47156490981268806,5.8887865414121,7.265870185676696,4.553697928219129,0.643799360929606,4.3696744090796145,0.26328691561705936,0.0,0.643799360929606,3.3016937549701817,5.720108477254974,0.0,0.0,0.0,6.435568468329203,3.2107226781118134,7.643626643751861,3.715114778551243,8.101780772450345,3.2227961304188173,10.978947208901968,1.1341724640666606,2.718508653664757,4.869279081547494,6.977719678382975,0.26328691561705936,6.990827239985213,6.010426134554768,3.7077502748641877,1.0322587881180885,1.4617496395344964,0.0,1.0322587881180885,2.2757892702068827,3.053161206355941,9.257977490691749,4.048815325444966,3.2581696122745707,0.0,6.184919727787026,3.2465182288843297,0.7906821563964772,0.7906821563964772,3.9259752190461503,1.7612315308590967,2.2443625837936234,5.344480272972479,2.883050578903388,5.510658784328159,0.7906821563964772,5.334364780879381,6.682168746016787,5.660060445764969,1.3113013820784605,4.153482589408009,0.7906821563964772,6.1333416422738365,3.779046887181696,3.9884450124225825,3.0672851986388947
TCGA-86-8054,3.5254718946073247,4.775410726964298,3.7832937782138876,1.385619133204823,1.7909925085222032,4.257071220142833,2.6382069681604197,4.178599922662442,2.078641221509067,1.665704817887403,5.69035945432406,8.233471267216094,3.8349648395755653,4.157981114207768,2.564102845425147,2.538131411025298,3.0276523634301986,1.0980121085960772,0.0,5.385109552850476,3.7045140936789966,0.8467691492155097,6.5953213921875955,5.912589074617001,3.9818922927505183,4.830064204340539,0.0,4.630584489316556,3.05939697552277,4.491468311054501,5.83584528944799,6.156771336909417,3.1631897383868974,3.5544590950472346,0.0,5.652745287821189,0.8467691492155097,1.459451881737617,4.8459021503284685,1.0980121085960772,7.708540878806418,6.346474605894242,2.907856887051982,5.836817494107941,1.8963446844181295,3.8772244998854504,7.998426117644097,2.1586685321311383,10.7950818218125,5.903540026056459,1.5397233520209028,4.289556293707466,7.459189114418458,1.4656368236790336,5.743157022130223,7.03435268700373,4.797631824608257,0.0,3.2825339585784645,2.23277402973662,2.0360903096666685,2.1586685321311383,6.723718251609561,7.649568806522673,2.9780569818739826,3.5639367868533784,4.604262774414708,6.218349092171021,4.998549217494271,0.2874320411965716,1.4656368236790336,3.7983323346122932,3.2572153806855897,4.483978346957546,8.211472055674712,5.318840322580462,3.945332048271799,7.48289002257523,5.475551001793045,3.2825339585784645,3.8204733459955076,3.7045140936789966,5.664358807575831,1.298610030475007,6.680357692075635,2.771732105448358,4.675926834438892,0.0
TCGA-86-8055,3.3475328570764624,4.358679959653031,3.6110557409833004,2.966880021646962,4.634874608694423,5.413064687971957,7.986501538344202,4.937691771912564,3.7309830270616264,1.4881964031463206,5.471585565088596,0.0,3.4060854157349314,4.260806291990563,0.0,2.8249083647518582,3.5009642821834217,0.8267598198838655,2.460938358147197,6.365385667129793,1.5805650748649842,2.717663841618181,2.460938358147197,6.11443853089478,4.198416247694999,4.634874608694423,3.551397410792674,3.809972560990623,3.551397410792674,4.952942619917606,6.162554515088233,5.6210600686849785,2.302715084544778,6.395880771997081,1.946038712219287,0.8267598198838655,0.35669494373873506,3.4224434111963884,5.5025675570579695,0.0,0.0,3.790801816089251,5.639514139237403,4.442792422996445,6.00754948805038,3.4060854157349314,8.394813105497182,7.072320114186833,3.975808743295476,3.4202055758328287,5.056385922919918,3.0309594462058116,7.275906122175847,4.0897121826335985,6.786859152683502,6.374193128242276,3.865371552584333,3.856347491548369,1.743094297246774,6.040737927842815,1.3863943561202239,2.988697588072865,4.982770655947951,9.009729785818543,3.20172152764813,6.7398169853395835,1.3863943561202239,5.345887739455454,4.396352280850055,6.349032342336347,2.005458561714265,3.999651025587624,3.7309830270616264,5.691466948933552,7.394111965140642,2.966880021646962,6.800293668681176,1.4881964031463206,5.1043563330970505,6.99210561855012,6.752913860649956,1.8828486318483095,5.822764790888066,2.34467668123901,6.054918104885609,2.717663841618181,4.996833823782575,4.462759488756974
TCGA-86-8073,4.391219252792672,4.0554443310423185,3.640733832182521,4.0554443310423185,2.593260181900086,5.3237852882646965,4.369704781483251,3.7833415471215694,2.900602577461501,1.2255092218564605,5.899080581759017,0.0,6.000964281408264,5.0117480081336465,0.9757664586692639,1.4899784723967724,4.292886630126882,0.8649132234143833,3.5362846466226774,6.011127458762033,3.3253489213783545,6.926282583596021,2.540491140475292,5.221565903448897,4.441040548231247,4.632162591051693,0.0,3.373603481069716,3.179219816987915,4.8038816907616475,4.1626431927795755,5.236303655393576,3.735297760031117,2.540491140475292,1.5645869792962042,2.394918118195584,1.4093514906952542,2.2144094020903204,5.007155914736731,0.7085775182153029,0.0,1.5645869792962042,6.7005133736679525,2.9909006198918098,7.0427231393926215,4.7488635207379035,8.139846042207967,3.8942296382163044,2.84223138256823,5.254422948631812,0.7085775182153029,4.055920731473679,5.925869468009572,5.063050625431516,6.613537226807401,6.805962834624663,3.8366225060131436,0.8649132234143833,2.484781641974849,2.1472637281824474,2.106290364562469,2.593260181900086,7.5524734801375795,7.603119998983037,2.8013340869345758,3.701936340760652,1.8173459911055325,4.605031176326696,3.5057976083735727,0.8649132234143833,2.593260181900086,3.441881766714662,4.00662748173687,5.234471938499283,7.430416583923794,2.900602577461501,5.387485998322773,1.4093514906952542,6.559031497745243,4.7868331926521694,4.189042433391627,0.5231888827493894,6.034442615629313,2.0635661925215456,6.672208879350881,3.135359424236462,4.806607859974276,1.9722181808918124
TCGA-86-8075,2.542593627617092,5.204649337675513,3.487674727193477,2.371448622783387,4.266555455865907,5.51271074652944,8.135203369891853,2.7267869010224777,0.6189622823705687,1.4565198060093876,5.7817645992474125,0.0,3.8740324153631254,4.425560149697492,0.0,1.9457815693607272,2.371448622783387,1.0985122836677763,2.0613030289765817,6.2136075980886085,2.3444177765959786,2.6490783793256396,2.31664577664238,6.164974478644065,4.404834545499864,4.425560149697492,0.0,4.501254182076191,1.9041204245306258,4.825886794658026,6.23454797120174,5.889525947788342,2.472800329792953,3.171947725978662,1.3498118955424756,0.7620667160245431,0.6189622823705687,2.3007433981146748,5.951616036931382,0.9984235614126774,0.0,2.628667830913435,5.876791358361167,4.278507478228703,5.388930167285583,3.964746376768031,8.560630004317256,5.217741600157277,3.38666902093661,3.6707205751229974,5.207779779781848,3.587339408933741,6.985234704252509,3.0167988076656913,6.588391258676086,6.209022528127581,4.037885315672435,3.159898345767092,1.3498118955424756,4.442510070053392,3.727272902100806,2.8397799717801044,5.154799128117969,8.459451784139222,3.337156514452102,5.875189124431826,2.0613030289765817,5.304582698302467,4.362047116733474,0.25130331710806614,2.472800329792953,1.76753508033719,2.7453010265822035,5.599865361236428,7.618948643233145,3.218739815619362,6.942996932320343,3.396285337301135,5.266981486238183,6.4074441833157545,5.9837926935528545,1.5504943768001505,6.446709805378172,1.76753508033719,5.796783930801811,2.8161270242542646,5.162337263993292,2.7453010265822035
TCGA-86-8076,4.12401500871663,5.072940072286596,3.530232430868101,3.6280673147171787,4.524071837988985,4.967463318309459,2.374412609741931,3.678551301895264,0.0,3.0806155544191602,5.912946093834918,0.5763886199497497,3.1615729300031363,4.753478115860652,0.7152021713407766,3.3560221756510273,2.7102078716560096,0.3291598518980899,0.3291598518980899,5.69584438455463,4.743348266019592,2.541097929437743,4.923085590416629,7.552903732103962,3.944923789836608,4.796244987776795,0.0,2.5099081577547135,0.3291598518980899,4.117688298007382,4.480880528101571,6.29387388898916,3.5528162878249137,4.208623688574028,1.205581509665352,1.0814322194582568,1.4154404568505943,1.6653833687161486,4.861671140956298,1.205581509665352,0.0,1.8028972136385109,4.136548002107166,2.5713442510887266,2.940758530405779,2.0316159121972315,8.569518053554773,4.388464616325183,7.552704370061834,4.891386184278146,3.8248428869297415,3.507129733790338,5.6543996348892795,3.369524379407287,6.044936591295511,8.854336631301562,4.072245500136811,1.3160060080017124,2.5099081577547135,0.0,3.144923532903382,6.452539370441239,5.070500411876231,7.305477152141418,4.68029621117849,2.0316159121972315,3.5749013579853646,4.544986966739208,5.473870234028564,0.0,3.177136743285462,0.7744506316239801,3.7266062634868886,5.527971676797827,8.757782084005887,4.302581560881636,6.68840826170359,2.2990889887373367,5.00735659168765,5.628120988732288,2.2990889887373367,2.7607628211037905,6.955726059929758,3.40897042645561,7.82230048831783,2.6007025271673547,6.30671679530827,1.5058757787176535
TCGA-86-8278,3.4196461517306154,6.2609571903595524,4.11763130899729,3.017806827872302,4.648756356651012,4.876425576223077,3.0672898533630906,5.680906128321896,4.266424968101054,1.6193882432872684,5.836656984914067,0.0,3.358415133766714,5.6835559575314205,0.2981768095444224,1.4749231793459228,3.6926747428854942,0.41778885779699626,1.5325568680981427,5.292475335064403,0.7115272278413748,0.9383261587347674,5.069935117185625,6.850423791342254,4.592598492363702,4.584689889125751,0.0,4.146756730436817,0.41778885779699626,4.687708239234062,5.747604763787875,6.701470073838807,2.2014268465330997,6.4896440446274015,0.575432892540389,2.896624391598946,1.8633046363911507,1.4137636031094356,6.061039582438008,5.793681068509896,0.0,4.699570861409576,5.4253772389846295,1.977256534309989,0.8313426793113446,2.4311014312290533,8.637446063403171,2.335468459828756,2.7421295147550726,6.469352637142262,1.3486184541388895,4.9608496345857205,5.898578676290464,5.213826446899137,6.590707558966579,9.529310333461254,4.628701148514456,2.2014268465330997,1.1230772330676226,4.13437744547594,1.1230772330676226,5.85840161616672,4.842248200158748,8.165045128529803,5.172056621449122,7.612677856621515,3.0672898533630906,5.37263138890053,5.973911387860393,0.23055601102966367,2.5758360357908425,0.41778885779699626,3.9377180422526896,5.423089256501981,8.409494388538848,3.0551467516771167,6.091113030124438,2.408034604691607,5.128465736036351,4.182997785089286,2.1723169416300347,1.4749231793459228,8.197334974469063,1.9027491115818984,7.26064908341421,3.102854236951473,4.493043497992792,1.6878608474454395
TCGA-86-8279,3.0086139473845517,7.903515015532192,3.469201764755392,3.309462137487265,1.6945875574757814,4.904726480002163,3.0791860798867474,7.373003870935633,2.291412915990795,0.46536790084120744,5.964119043712501,0.0,8.270543011454592,4.068710464907374,0.2595140526238601,0.9088632160453585,2.2609919678956825,1.449104827530566,1.449104827530566,5.7026718581499445,2.779508475428945,4.274090582946399,4.151331202050479,5.943187751142541,3.4965075614664802,4.306564669361919,3.6069071776860735,4.981913408209166,0.2595140526238601,3.816489600710994,7.392863014742498,5.44593963976971,1.516357245418059,2.8156302517688347,0.46536790084120744,0.635994649055637,0.0,0.5894519442211802,6.228073037875713,0.0,0.0,2.9938805601905165,5.068438685078907,2.641696700552189,6.2715478216844325,3.341422606956677,8.712241748598862,2.291412915990795,2.9006080764538105,5.656121173081565,1.0216592474999815,5.609753806698026,6.715383386334681,1.449104827530566,6.91818074446572,6.649319985987822,4.375989698991332,2.7227548886368256,3.106078838184429,4.118132700858548,1.449104827530566,1.123012175491645,6.417640366810973,7.814981047949229,6.537388456178225,2.4567386299600797,3.51430580461795,5.954011870057331,5.030437921392435,0.7817073575394256,2.320935686206639,0.2595140526238601,5.21553883658986,6.6917623509155115,6.611792347999106,2.7030979589681405,7.231149512965836,2.9326753210181065,5.133401448921119,3.3825037392149016,1.377001314208298,3.6990129365106683,7.727812605009926,1.2150314316826698,8.300426762961232,3.51430580461795,4.337203155297643,0.2595140526238601
TCGA-86-8280,5.02531370387499,5.912402400194237,3.773450355564206,3.6105637958982357,4.827953672486745,5.152933148760891,2.6451955947173804,6.237073843137855,1.157195612767007,2.3680450644658317,6.459474001808717,1.0358499669317942,3.3543258756903422,4.425031045989203,0.0,3.3543258756903422,3.997009166384822,1.0358499669317942,0.8977193462887196,5.93669416200929,2.895066276933601,3.427751674883401,2.8112503849226957,6.524789159717895,3.935028341709557,4.94322688097763,5.152933148760891,2.934479016687941,1.3630257341805363,5.693920673217522,5.125225088632537,5.350634636493625,4.411887575732916,4.174028744094481,2.155661567591245,0.7374032718144826,0.7374032718144826,1.4261158553065623,5.683525344089056,1.157195612767007,0.31005492330350615,1.9192874607808936,4.845257379632188,3.451079013456093,3.6300287267659765,4.801419302479459,8.65286853413642,9.300007386304129,3.4038704724361604,5.496434349514858,4.783333107633187,4.372351228525453,5.543038439689057,3.451079013456093,6.15256246745031,7.758589735377676,4.010276123266406,1.4519650536095363,2.9723971142069323,3.218527764302149,2.536241193324793,3.9699352461802913,6.140892664599833,7.342889215641189,4.90894211958882,2.155661567591245,3.7566081935892632,5.564160189195229,5.61706923503739,0.5463857991645416,1.5336361990178184,0.5463857991645416,7.033867970971731,6.083722345860777,8.304334073552548,3.79819339467894,7.2213974531034495,1.6793556893974162,5.887508600137125,4.411887575732916,3.3415464523199767,1.4519650536095363,6.821537041919317,3.6491219969393516,6.994657483345986,3.7566081935892632,6.303041963196176,2.536241193324793
TCGA-86-8358,2.7030644595895508,4.158817456206258,3.5113245189076236,1.462236364695048,3.5309294827769007,4.364171933936288,2.657619692302845,0.0,0.0,1.8662637913961602,6.035194309969307,6.516265558623139,4.4054965488536,4.372574604648232,0.5086833306939572,4.629433438123771,1.7302031635289492,0.5086833306939572,3.1009747822492697,6.945792599895254,0.8442360349228014,0.8442360349228014,0.8442360349228014,4.014133645957848,4.24797796542773,4.4908148939006285,0.0,5.480747250807693,6.238832308646374,4.716174744031003,5.25391605724987,6.21392986847625,2.746533462917904,4.014133645957848,2.507393579615094,6.054570793028928,0.5086833306939572,1.848659516360867,6.957849354594203,2.866636742219038,6.825896423109402,7.670204616528676,4.890048331107138,6.936818812967536,3.9650498962686433,5.096586665033479,7.5856771403689995,2.0322320026640397,2.7030644595895508,3.9395720224133313,2.939378829756354,3.3848613388129793,8.344852064032386,3.4070800448203107,6.438795904312754,4.88504939512685,4.072284689262685,5.260823162120456,0.5086833306939572,4.82301170634464,1.2954118646427175,3.64111676191435,4.512872862969223,8.474563313659466,1.0950392462813274,2.1924800063054626,3.039433319625086,7.747566613711072,5.011974397097485,5.124588784172101,1.2954118646427175,1.8413271088628733,1.7302031635289492,6.04204120977635,8.025934873142775,2.507393579615094,5.302618105099729,6.358268518803927,5.890909135093222,6.751981783100908,2.393038040978473,4.919528268649795,6.958476910001316,4.228840489533451,5.932205398858047,3.7559795354031893,4.9183226172876875,0.0
TCGA-86-8585,3.037387520822732,3.1379390509698766,3.3130071282525138,2.799680892611661,4.373236867605959,6.343792556803018,5.159871058346576,4.173822495055732,0.0,3.1058638893906734,5.845337012270581,0.0,4.98751677530328,3.6505465467444465,1.4682199105185627,0.743269789963156,3.2292973318291835,1.4605666054944781,0.0,6.407615688970915,1.4605666054944781,4.139281279647086,2.3910812005588697,5.50461990066622,2.799680892611661,2.9255780136307843,0.0,3.9877814719092926,0.0,5.2092948777189,6.878818623167364,4.008023855755574,1.1648992803397977,9.240559150560179,1.1648992803397977,0.0,0.743269789963156,0.946625931670228,6.037792157870608,0.743269789963156,0.0,1.1648992803397977,7.701218272055175,2.4872538928563483,6.72446084910059,2.1655848336593437,8.112500784697447,2.1655848336593437,9.96556523579433,1.8739690582867146,5.914699586746762,5.615748757072651,4.671613142536805,1.1648992803397977,6.638761487683238,5.964070225686821,3.528842735497825,0.743269789963156,2.1655848336593437,3.4959498302057357,2.8646094066727246,1.8739690582867146,4.387047757710607,9.284111144427332,0.0,2.983047156579866,0.743269789963156,6.3102854835256705,4.047315845792324,0.743269789963156,0.743269789963156,4.239520806284211,3.4619412120592394,3.833313075877814,6.8418163110098416,3.528842735497825,5.807388452011502,1.4605666054944781,5.491071811013215,6.137899825337528,6.079044928850366,2.574975846876868,5.073954321954069,2.6556194179142367,6.588449059598715,3.184661120717125,6.266633025101553,0.743269789963156
TCGA-86-8668,4.893651938610437,5.962676622663785,3.837017091784067,3.1169494059446565,4.07814234566152,4.389661167323218,2.8546870080718754,3.4963257267537324,4.16268833420065,0.911519366995264,6.064380380375005,0.0,3.6621863418577743,4.775410726964298,0.6916460544336782,1.698236025592899,2.936889500801202,0.5561813254867879,0.5561813254867879,6.353780301718047,2.1330415485593064,3.0128450118305006,6.6361578194581226,7.6514434710358,3.8840144010088333,5.04354123920905,0.0,3.89920318151484,0.0,4.174204176211934,4.723903880736004,6.232811408276065,3.240778206919908,2.810907586541918,3.0487658028540245,0.0,2.7651234261285094,2.040752687064724,5.3685055233967365,4.6340880061454754,0.0,1.380326589340099,4.434776804802415,3.971862377840481,3.582690817881121,2.217517280603982,9.064174065370526,3.9141627146168414,5.8165782799126085,5.4768609624932205,2.295419481209134,4.568293523400431,6.047076627100872,3.7534187565012025,5.773572805865387,8.533772983896059,3.9434286449047717,0.911519366995264,2.217517280603982,1.173132080774258,0.0,2.367679709481932,6.261617630587952,7.204513537957997,5.4984133514411555,1.825887106455583,3.7358250609902095,4.2298700070690245,5.495363318740373,0.0,2.6667350294345398,0.5561813254867879,5.864170802700472,6.912464174709871,8.802008157644233,3.7877016414121494,3.549249503027544,3.9577475229200934,5.0192514019362875,4.947915562402395,2.040752687064724,1.5518511715811147,7.009092712888054,2.896635433392133,7.658841124462528,3.180779279601356,5.652759319216436,2.557599335181441
TCGA-86-8669,2.4606139572189556,4.86402059177117,3.081634702554694,2.562816314912158,3.7515701753703317,4.188173342265129,1.0613949008512935,6.569530507568548,0.0,0.8958022694468186,6.184618883566426,0.0,8.855067302095536,3.5914512829485825,0.8154533049439133,1.0613949008512935,3.3577782675445125,1.0613949008512935,1.4232529021054228,5.69425725343113,6.394182552047736,2.1472637281824474,1.2586030249770508,7.888724522194778,4.355099840657829,3.216653357015102,0.0,3.864365199898609,0.48864136263010705,4.659658371272161,4.188173342265129,5.890062851637335,3.137847965425306,1.2586030249770508,0.8154533049439133,0.0,0.48864136263010705,0.9796410473749168,4.834407134790853,0.0,5.423111323714297,1.988038718206492,2.7403753998751297,3.4215096829740337,0.48864136263010705,4.793498665045448,8.400011974630544,9.08168165996651,2.2845942234731265,5.893545717734106,1.4232529021054228,5.287888171057498,5.868921136323823,2.5130242845966175,4.938967419404899,7.237806947800427,3.902360473156993,0.48864136263010705,6.195635246766964,1.0613949008512935,2.1472637281824474,7.01805258859471,6.706416026752373,7.186220001884308,5.021238876880447,1.6883969562329018,2.610246247761139,5.263653455384676,6.488574033262835,0.48864136263010705,0.0,0.48864136263010705,1.5645869792962042,6.20203741744834,8.72661584019797,4.288177387188064,4.61991100430959,6.570413664561537,5.386287034230436,2.8185773467113955,2.4606139572189556,0.8154533049439133,10.678661624819993,3.022067438854785,7.2172159663565,2.6555280818430997,5.690903225372701,3.736664351266991
TCGA-86-8671,5.17802932097252,4.967860004247273,3.7454488056018307,3.3322402238231783,5.634167981431056,5.21762778302876,4.01733752002794,5.140024787553443,2.226308617489388,3.1606999524162727,6.596795026491806,0.0,4.065742735266939,4.706435327035607,1.9685937763443055,1.9546433321295344,2.615488906315819,0.4388998841944018,1.5804827279786795,6.424971125662032,2.099672998584082,2.164999780041421,5.48126789216629,7.245861893565483,3.528194136639337,3.7323459488590998,0.0,3.8445211646593602,0.4388998841944018,5.073159287434614,4.393223712767098,5.3722878292477665,4.246779485265856,3.250250453227338,2.2840748302349487,3.250250453227338,1.4600558446819443,0.4388998841944018,5.171795634462947,0.9757287676227675,0.0,1.9546433321295344,4.496665844796555,4.0562462855678865,4.952405718532078,4.181617988207226,8.492543877888448,9.606078324325765,3.1373012778609812,5.04530077612505,0.9757287676227675,5.2235830444319715,5.458056686508051,0.9757287676227675,6.648147412157861,9.953457972310767,4.246779485265856,2.338695204006103,4.686316899407572,1.4600558446819443,2.0297916330360155,6.9784373895676675,6.078380502878486,7.051751721454424,4.6125260650510365,2.615488906315819,1.6879348105748533,5.247060913587096,6.075851650368147,0.7429368450624609,2.574358795676322,0.7429368450624609,7.507190501900052,6.532399792260581,8.18604117728002,4.686316899407572,5.912307696946792,2.486638482632759,5.939025860166648,4.854293326261249,3.1609331035395276,3.2065886457106587,6.66865255482889,4.102846650158099,6.43031446229122,3.78375999618264,7.513278167485655,1.6879348105748533
TCGA-86-8672,2.303484688236882,3.8445575382936146,2.8296186556042446,2.370430639889113,3.9021746693733315,6.790577435160227,5.371275034498343,3.9698219918354503,1.4962692143284624,1.9792067558839908,5.611283340159278,0.0,3.333168331264684,3.3814367534840004,1.327605364771211,0.0,3.4274822219199796,0.8696183236757243,0.0,6.012452745846325,1.640548907459153,0.0,0.0,5.695763743728825,1.640548907459153,2.9811768555447924,0.0,3.2712025850459683,0.0,5.826542732993897,5.984933264641795,5.597992237051494,0.0,10.66426067075452,0.5265021031509982,0.0,0.5265021031509982,0.0,5.7975217242258035,0.5265021031509982,0.0,0.0,7.0888343976026675,2.744253546062423,7.228381194653223,0.0,7.943062063812094,5.377696777365767,6.520260237703518,1.1246048689423633,6.8927035681885815,3.8309734577279237,4.300885720025088,2.0706530356467567,7.2177661969169815,2.5479596931495774,2.9811768555447924,1.8785485993004458,4.291446624954954,2.744253546062423,1.640548907459153,5.111590118935093,6.557340698014219,8.555992662013177,0.8696183236757243,4.449055411923263,0.0,6.261903813124757,3.2012005331881923,0.0,1.327605364771211,3.4047244874383122,1.640548907459153,3.28245138250521,6.768519648080793,3.172580545882897,6.378351477974939,0.0,5.314958137696162,5.255279376856468,5.466455478825517,2.370430639889113,2.869715432970504,1.9792067558839908,4.6666038921721835,1.8785485993004458,4.71637161027892,0.5265021031509982
TCGA-86-8673,0.0,4.441133634896768,2.447308619372682,2.3402854201768712,3.0417280608961494,4.807359727419512,4.1550742765553395,6.431237679826066,5.002609842806517,1.8371470256912297,5.431956253394849,0.0,1.3693007847433196,4.920499039759101,0.0,1.015049503897419,3.9289469835828172,1.5083128589738597,0.4615303320411132,5.983671762078024,5.416309269279063,1.3693007847433196,2.8577509948558375,6.6332460622406035,1.630337976541842,3.869551734932998,0.0,1.8371470256912297,2.220420134939408,3.4865061990081916,5.859534728421819,5.312023013604149,2.220420134939408,4.885669020651065,0.7761087012742927,0.0,0.4615303320411132,0.0,6.804482582312659,0.0,0.0,0.0,4.9746280787902535,3.681595490342525,5.464640799735027,3.5724636084272734,9.01629435148567,2.220420134939408,3.2665224783355535,3.710709436700585,5.447103683876144,5.379141307440957,4.872284688649768,2.3952280826433205,6.459181188188756,7.8737500430354075,3.243900089772936,1.630337976541842,2.3952280826433205,3.985013210255519,1.8371470256912297,5.282670591721844,5.354499192570186,8.51516313223976,4.1912095932246265,2.543977123364989,2.984084703204374,5.804508266555485,4.82162743371166,1.3693007847433196,1.7390792485904984,1.3693007847433196,5.074830006138252,2.713123974384404,7.65559895646111,2.2821476642540572,7.756246712491745,0.4615303320411132,5.799192649460859,5.603527422430498,0.4615303320411132,2.3952280826433205,5.9321231640883445,1.9264506057562307,7.167500732740895,3.3924593157188703,4.461856242720228,1.3693007847433196
TCGA-86-8674,2.3566849453108705,4.234334014946701,2.4085654165312778,2.2440763561134527,1.1781933513384486,4.3852464455150795,2.9137355747492597,3.8987715919923214,0.44603106985482605,0.7533952609053023,6.022701552029825,2.5048971679283216,4.113266082503229,2.748231990735042,0.0,0.0,2.3566849453108705,1.5963121452151725,0.44603106985482605,5.702054315582472,3.0818273975787123,1.890261519287345,5.9689811798370425,7.200812877370757,1.704184296972102,3.2477742149108497,0.0,3.6835100647082686,1.1781933513384486,3.8401230553370294,2.9137355747492597,6.099493499320081,2.117158721246612,6.245905194779957,0.7533952609053023,0.0,0.44603106985482605,0.7533952609053023,4.593176549006063,0.0,0.0,2.6735070643444843,6.349326036822771,1.801544769962852,7.037660103550961,1.890261519287345,9.343594226090456,7.141197615283806,2.182629699476005,3.4805752529963665,5.634103653673964,4.774761050303227,5.10336639335394,2.182629699476005,6.256741872183724,6.962858805208161,3.0013116796796036,1.4753806672876577,0.0,2.8827539268712448,1.3377866570548471,3.6253377693032363,3.6102501221542123,6.184107652973808,3.0013116796796036,0.7533952609053023,4.242446988181818,5.10336639335394,2.748231990735042,0.0,0.44603106985482605,1.801544769962852,3.7113769763284443,4.158206291887982,8.820666916773876,2.117158721246612,6.2836993650681805,1.704184296972102,5.197811713616392,3.331543577521615,1.971744966224462,1.3377866570548471,8.585076113804199,1.890261519287345,6.38882019558601,1.890261519287345,4.634408548544809,2.4085654165312778
TCGA-86-A456,4.620521745492528,7.377940141804076,3.580620297006723,3.2967253600654445,2.504513179426919,4.60880556996493,3.077353734340742,2.015702700712829,3.6130426807518856,2.058128524318635,6.015295813236219,0.0,2.7591424752865534,3.4765212809434427,0.6350942491113282,4.720220602550547,3.718894462957034,1.2136656762968359,0.4646769677400105,5.835596977602093,5.440181445710715,4.671613142536805,2.9619220970138196,6.125986698768642,2.454979946545848,3.8529818792205193,0.0,3.1304292366372746,0.0,5.864397927023624,5.030464064841542,5.427268912667616,3.4005705185578616,3.360316357621915,1.7459947238603108,0.0,1.0204345076040857,0.4646769677400105,4.876112934435574,1.2136656762968359,0.0,1.0204345076040857,5.495100515282996,2.6399141053352406,5.682793744217716,4.590967807981586,8.85057207712843,6.20068968513295,3.5299247534346927,5.0571625824319755,1.3755619745408467,5.465521055404553,5.762111129422983,3.228810314011731,6.544438325654861,8.358563160927094,3.840352982137515,0.0,5.819922680124256,2.015702700712829,2.681254378315047,1.7459947238603108,7.111430547100949,6.902976880599149,5.293993030067916,4.844029593742304,4.106549774660463,4.862483253072398,5.19412283753018,0.0,2.7591424752865534,0.4646769677400105,6.078352999876072,6.308602867999157,8.35675914586027,2.831399936119594,7.273800187374232,2.227893873861791,5.674710620502856,2.015702700712829,3.4765212809434427,0.4646769677400105,7.014751456215931,2.681254378315047,6.631543174229556,3.180829142271263,5.517697846381706,1.0204345076040857
TCGA-86-A4D0,2.8499316348981423,2.0168611022484266,3.4997749450231495,2.0769384114617173,3.4116756259497825,3.5137311082160196,1.0512760670118158,2.8499316348981423,0.0,2.0769384114617173,6.2533171422335005,2.8226459404999016,6.707013914356312,3.47126123499881,0.3820599996618424,2.3769501749493527,1.5523806699467462,1.8846424633747687,1.2019808216451429,6.8055176597809846,4.7490280763299175,1.3328935843927754,2.607419224263392,4.048393115080234,3.5274951747747845,3.208097951696322,0.0,4.141376037948071,1.4486351565264644,4.833969712078458,4.855936686406161,6.292163407390653,0.0,0.0,0.0,0.657882631459634,0.0,1.2019808216451429,6.652666881085275,0.0,5.3083865022248204,2.3769501749493527,2.8764981856302927,4.272917434804321,3.088311454847084,5.101888771751401,7.9134844401701905,5.65523628072361,9.943534847053812,5.4910346995241115,3.6556302758033663,5.366545946038255,8.400250302737525,1.2019808216451429,5.534219183960909,3.3483098346728526,4.095964915407206,1.0512760670118158,1.9529283211143795,0.0,1.2019808216451429,3.825957362908841,6.078905206942545,7.101395866495808,3.0668708413871846,1.7322394454518493,2.286587816159038,7.072218317474778,4.975270603589289,0.3820599996618424,4.080042777511241,3.331822294282872,0.657882631459634,4.707898239756548,8.299057081912567,2.7053799725463312,5.268224071490653,7.218484708894986,5.433778770501918,4.5875610512272305,2.4598195844113566,1.6463482664541973,6.096864561985703,1.5523806699467462,7.473574642036415,3.129852242933228,4.787375069309294,2.9521982715302624
TCGA-86-A4JF,2.5270317948386474,9.060154488612278,3.3640145905344396,2.748353661206729,5.693334753458295,4.803381496003264,3.082735317175565,5.886717731986342,4.739631146430546,2.1946991689529294,5.510060175670906,1.6918286306030055,1.6918286306030055,3.2675669365130457,0.0,0.8453531134492764,3.710256821248396,1.8429594259264457,1.2968071946183544,5.80475537880899,2.9756979194112194,3.1418565420360576,5.84657749375954,5.702244626106383,3.4796542171202134,3.465910887489013,0.0,3.915337506395976,0.0,5.29326964822641,6.639381594063124,5.528245848077122,0.366654977321073,3.7422567005642167,1.5136976401532647,1.8429594259264457,1.1677340407384909,1.5048770769468385,6.821582822727356,0.366654977321073,0.0,0.6344051605361825,4.863310156058884,2.8809721642483064,3.860904432617997,2.1942089237090743,7.965729583976735,3.55837490454602,4.055186113796998,6.2809481208813835,5.852955070070559,3.7942119693797554,3.9918022937944784,3.2332322760848196,6.643428991004716,7.915110828212003,3.4932112254245764,0.8453531134492764,2.5270317948386474,2.143577638105443,1.8429594259264457,2.9528456491515187,4.866718733233348,7.251018689009246,3.906467602714449,5.827191138234507,1.1677340407384909,6.53184800224126,4.5244469968395435,0.0,1.6918286306030055,0.8453531134492764,5.521180878654928,6.237750241362782,8.095077223969062,2.6594270229898305,7.239071388453979,1.5136976401532647,4.687984434008371,4.281001153605618,5.041481293434017,2.143577638105443,7.774859968337366,1.6918286306030055,7.15338804157021,2.0339210263780267,5.209573580713482,1.019460850362672
TCGA-86-A4P7,5.517862451139957,7.467131038112951,3.8300838339366936,3.5461977533898277,5.30895063246479,4.927956336790442,2.554090614126661,2.204365685487586,2.783794452867603,2.526792078661452,6.410100866069164,0.38825112737347645,3.982602617376353,4.258930603770887,0.0,2.394434746623925,2.516502211377751,1.5675945631752892,0.0,6.8597061901485334,1.7481210121982256,4.517509871211148,4.067322739125793,6.6176088391365555,3.6500424673282743,4.317538778919465,3.1482816720142752,3.026285726597447,0.6672137985334409,4.58750100128398,3.2452411839791684,5.722126522402348,4.921060634703461,1.7481210121982256,1.661916504079231,3.964763452185407,1.5675945631752892,0.8850477121342233,4.845650581955575,1.5675945631752892,0.0,0.6672137985334409,2.9944965103130246,2.554090614126661,3.79870424007194,1.661916504079231,8.38902567317646,4.795947558063027,2.9944965103130246,5.791109357424204,1.5675945631752892,5.517862451139957,5.9085529363981095,4.348672777813595,6.530892204879113,9.355902849974033,4.354785182800698,0.0,4.20378623860272,0.0,2.150610377371942,2.783794452867603,6.448778628518901,6.338576410202582,3.9465983300678364,4.285404219264896,3.5597839227789834,5.851552843519173,5.245997229348338,0.0,2.436801251113153,1.9010024384001034,5.368179193716953,6.578161729850996,8.79340877422677,3.973723753894893,6.575771553904582,5.056704298950166,5.693782642577868,3.4303062445084476,5.481009687933638,1.8274804758024676,7.371306888642103,2.9458380000801476,6.731925802953993,3.1882021613997606,5.948671862052074,2.033580832464217
TCGA-86-A4P8,6.115198728405943,6.151776918947002,3.860527585351417,4.044138395994782,3.3761838009003444,5.257365155216608,1.7152203390749692,2.115363550855899,0.37555557770202047,2.8797320227918197,6.629571950284903,0.0,3.7050873929581445,4.424819086567262,1.935181372434701,1.6296522196843404,3.6592034450039352,2.115363550855899,0.0,7.388748303027474,1.0378709933789232,3.7381694933250196,4.88136907837339,6.843857619115774,3.8508835010824485,4.543091570134455,0.0,4.296385681860301,0.0,4.777045705753537,2.7463217459890616,6.160474986092259,6.1282045366754465,1.0378709933789232,2.654501734144535,0.0,1.935181372434701,0.0,4.036118519846042,4.309213977084065,0.37555557770202047,2.479801976417293,3.391641872856504,1.0378709933789232,2.7751479446347043,1.317667494073713,8.41286547557036,4.989425276891349,4.212795522915034,5.3737772815578975,1.1875080002946898,5.4151755301976845,5.666627360018001,1.794040199717187,5.8557078231264335,9.217981107072136,4.775697462899335,0.37555557770202047,3.7701898195082664,0.37555557770202047,3.025237676311556,2.830421214393442,7.1947070848541745,5.326170832033927,5.495034803625724,4.462317773024424,2.6860567757595217,3.8313139091003365,5.046722899059811,0.0,4.0280338049346796,1.1875080002946898,4.783358211500439,6.708811535923358,8.637804224515667,3.888914038209235,5.538227568693164,3.31184508503873,6.134148303779977,3.870079548971127,4.368685536661692,2.5533827210900713,7.06211450848997,3.7162368058142254,7.007944446237473,3.31184508503873,6.1089475377553635,0.0
TCGA-91-6828,3.723377494521504,5.463191769738242,2.8328191487243854,3.7632329318429836,3.7435049405778282,4.373021207258819,1.474076274503424,5.5519280453155915,2.548233499648325,3.044522437723423,5.25297998465943,0.0,1.8001409132559703,3.723377494521504,1.3938408148752917,1.6503495029405153,2.8328191487243854,0.6107433543051296,0.9871219126347465,6.3156997152834355,4.625070847694428,3.1305035222392297,1.8001409132559703,6.001907330943699,4.236737822251191,3.6818674272145597,0.0,4.616782501316258,0.0,3.874071885999574,5.480876395143331,6.383352906852241,3.521297730273699,0.6107433543051296,1.6503495029405153,0.0,0.0,2.061824773651669,5.3539318113031324,0.0,1.6503495029405153,0.6107433543051296,2.927282111916262,3.013586926347833,0.6107433543051296,3.4960983868568754,7.7768873151182,6.511324736007029,3.1305035222392297,6.517561961177256,4.373021207258819,3.521297730273699,6.35449872816895,0.0,5.717126380747781,7.777591516884332,3.2351742805043195,0.6107433543051296,3.2014854856641186,2.881162818810855,2.612001748841829,5.44881280267554,6.298818723632275,6.563732810963388,4.704363724874477,3.299323373659435,1.6503495029405153,5.126983226410191,5.602863930670316,0.0,3.4960983868568754,4.511598793616348,3.2014854856641186,6.348626622378979,9.092196271143614,3.6385593702139207,5.292354624683667,8.184798231394366,5.24909560925569,4.591508285775072,2.6719393140898515,1.6503495029405153,7.90399148303338,2.7284931462269832,6.62364415642606,2.6719393140898515,5.525990643148642,4.120760891610752
TCGA-91-6829,3.398216275911963,4.6063934375107864,3.8814833823390553,2.632363547589117,2.225725646696987,5.621009376189267,3.707509825959648,0.0,3.398216275911963,0.7092665624398286,5.254673686481481,0.0,3.326674964663673,4.59602650970163,0.0,0.7092665624398286,3.0008043886030156,0.4162731568247565,0.0,6.144511761197942,2.6688102877646065,1.1200475693881746,0.0,6.307632030388831,3.3079630458021696,4.843935086205257,0.0,4.081066801609526,2.594530564231784,5.619135572817975,5.495704039141533,4.601223407695075,2.331434906098101,0.0,1.2757258629890351,0.4162731568247565,1.2757258629890351,1.4643427738161883,6.57731183262905,0.0,0.0,2.6688102877646065,3.6420734452059134,4.221184240182042,6.704632468430537,5.537212212326071,8.718262898171885,7.894493290844926,3.8040435076731547,6.1729002950224015,0.7092665624398286,2.225725646696987,7.303688435371043,3.732530243817718,6.882629247479357,8.890228767344498,3.8920733273205257,2.2799815467841924,1.4104014364631237,3.9433995720103012,2.1683563143953006,1.8989533033301702,5.863795934751835,7.0623972666693495,2.5552097736304242,2.948074468024454,0.7092665624398286,6.3216635768187555,4.9333365959604185,1.8184987664176766,2.225725646696987,5.981265210255393,0.4162731568247565,5.856437751210836,6.768342625598476,2.1075065102606594,5.881948185651002,0.0,4.272879793256412,6.131133006852906,6.001912278989221,1.4104014364631237,6.624322830739585,1.6351251521700765,6.154431251339686,3.2496222710959115,4.727962874574957,2.0426997534517275
TCGA-91-6830,6.170436751076788,5.3732346539749285,3.590411794713281,3.37937772152223,2.792740553263124,5.295648809113756,3.4787014851897498,5.5061888918749355,1.8506571104755405,2.5410900514209547,5.323419651308865,0.0,2.924477918267689,4.900321791885917,1.4024383429431952,0.0,3.5690480720276536,1.5751362807370792,3.4547792219962665,6.894879743887734,1.5751362807370792,4.258895259614227,2.792740553263124,6.40368180803868,4.351933339616498,4.236989301863157,0.0,3.865838742945664,0.0,4.865501616417073,4.877241034925654,5.203143677428434,5.566571941333719,7.968973718098353,2.924477918267689,1.193589079571197,1.5751362807370792,1.9632728273054063,5.6641958278907145,0.5688869631792607,0.0,1.5751362807370792,6.40368180803868,3.928061695245624,6.4024129278952016,2.7446649575954627,7.927003240935418,6.658709133344816,4.409472769912059,5.248454627375632,5.8850506991126,4.5803824938778055,6.380583447613254,0.5688869631792607,6.916377996273022,7.7564649993686485,3.9577800027658743,1.5751362807370792,5.788953548214647,1.7223557990891758,2.4619791451442956,3.239505560995938,6.572528666249275,9.821659084674891,4.258895259614227,2.4619791451442956,1.193589079571197,5.211533236463146,3.2978200833133733,0.5688869631792607,3.782185353963159,4.3420129071678195,4.917291180316891,5.9920493760621865,8.1154700733224,3.111553385896834,4.992668181212348,2.4619791451442956,5.333346615467431,6.6636115085448395,3.6908899317486967,0.929246443034371,5.9267820156014155,5.207347255007588,6.779838949485879,3.2690897369321865,5.275002679182513,1.7223557990891758
TCGA-91-6831,5.942019543578049,5.644350890886774,3.6978243291707424,0.9335410852806827,5.025615856385483,5.503891475152141,3.2158472433415115,3.1183524801017803,0.9335410852806827,2.328350300880072,5.8141991861847195,6.047724362885153,5.973939374442101,4.035413401523956,3.2381959828536018,2.5913740526201297,2.889182161718233,1.1985481172807093,2.328350300880072,5.317977826876227,5.098890341851143,3.2463392294130675,2.2501648480467136,6.968784524809588,3.8401724833156394,4.514098212286773,0.0,3.386249550748362,0.5719959789957949,3.6978243291707424,4.817932033421165,4.198691063941522,2.400872654177991,2.8453046545268568,1.1985481172807093,4.973597795993692,0.5719959789957949,2.134769809601713,5.376754170062849,0.0,5.1802767977328354,0.5719959789957949,4.062334324332683,5.1802767977328354,0.5719959789957949,5.32926355543805,7.365673675091706,3.3326115701721837,10.95570331000832,6.100995852915795,0.9335410852806827,3.979294663142845,7.9627360746269495,0.9335410852806827,5.979811918167234,5.17592371833397,3.979294663142845,3.0836240961709263,2.2501648480467136,2.400872654177991,3.2463392294130675,1.4078112045821403,6.490016152348526,7.279560185597666,4.163307655487907,3.010315420678734,3.531798652335768,6.505136615902817,5.117556591100941,0.0,1.856657300805898,3.508965995522701,1.4078112045821403,3.8401724833156394,7.7437032581737535,3.7353574234103486,4.563573933474125,5.387403672715804,5.251493018894567,5.997227906997087,1.1985481172807093,3.3597884093485813,6.467498395480508,1.1985481172807093,7.100563326500228,3.979294663142845,4.744627734213965,1.1985481172807093
TCGA-91-6835,4.262361516510825,7.678659480098818,3.6845249871688996,2.8989900688913344,5.600368211966914,4.694572036850352,2.432182507664485,4.548109767346457,2.5085173765378745,3.2876105296996756,5.703519106644557,0.0,3.160118957711578,4.473713211697879,0.0,2.61308729432496,4.2687025493562984,0.3725975044825475,1.1808986313553347,5.967724980225241,3.551340040091875,2.707750156093208,3.5894568297894853,5.851417689148232,4.6480955668395225,4.8259268910497575,0.0,3.934742941864394,0.3725975044825475,4.850951557324801,5.099744469168032,6.141299498992637,3.1210601088278254,2.050527531515194,1.7074172541270687,1.6219986944789586,1.425587187057598,2.198723453459955,5.566422811163836,0.6433790383258241,0.0,2.2594583612728885,4.89583031961043,4.4208506345314635,4.042733673547174,4.058456556092928,8.896167838439176,1.9270330932856243,3.3824358122770897,4.603882357092322,5.037257750656363,3.5918232508975003,5.99283360951422,5.0942224819025235,6.243720198965639,6.790137729632139,3.821995447972337,1.9270330932856243,1.7860934476014283,0.6433790383258241,1.031724343126478,2.471078141851466,5.541953503161084,6.829960210141574,4.777719146133219,1.5285965525894711,3.3353424388661312,5.321115502824015,4.836726252659744,0.0,3.012854842110713,3.351289092624028,5.795343209827503,5.986049914406483,8.311194326435913,4.682112708434231,6.733506648254976,5.639638542324893,5.431711249718568,5.6587118842873,3.661593043034802,3.484395107028992,6.65553301016726,4.387737794906746,6.21344742510144,2.432182507664485,7.796222502121694,1.7074172541270687
TCGA-91-6836,2.086640566406529,7.991145632944153,3.6619089992094285,2.686111293583456,3.638990436426057,3.56690106776799,3.3129743618388128,3.8474972842086554,3.515784203754478,2.28464512986138,5.167205900680321,0.0,4.534665100252737,4.558056565633344,1.5515121454304759,1.5104790844009675,3.3600281046240843,0.0,2.2386970269313644,5.4416338536026645,3.1379086900435187,2.411044801189545,2.7444914139954113,3.995245881769845,4.683888940699482,4.081372453727449,0.0,3.7382266059940528,0.36540671086217885,2.529935781880853,5.076678931977131,5.931786196185991,0.0,0.6324413054425504,1.1648992803397977,0.0,0.36540671086217885,2.4173502460870107,6.253342154715692,0.36540671086217885,0.0,0.8429885887991051,5.186088875804982,4.239487652390319,3.0988933722666494,4.912507816098313,8.789535204487455,1.1648992803397977,3.1185912934658497,4.8523427151016625,1.2938226490517735,2.558002204858551,3.828497907934235,2.2386970269313644,5.648100617228922,8.191022511090027,3.7590023535454082,1.2938226490517735,2.449857888594909,2.190535589185423,2.877072603766163,2.2508495955859917,6.286727809580076,9.249666848767063,3.3600281046240843,2.487220637119731,1.0168236132351023,7.242483137918001,4.59882912388119,0.0,1.0168236132351023,1.0168236132351023,7.809788858949333,4.003974824975564,6.360291604118244,2.0303432050301424,7.179917539775881,0.0,5.011275089383595,6.950191969179394,2.13993674335714,3.748668432760205,6.459664989088292,5.98866814080593,5.768083467586181,2.190535589185423,4.240949703079254,0.6324413054425504
TCGA-91-6840,2.7900294939221246,5.581125078583557,3.2062524847066243,3.1087975313098606,3.3765904320692712,4.8743801955501365,3.3229727425222233,2.8797432526903015,0.0,2.9738495844283768,6.052649012182931,0.0,4.820410589539156,3.3765904320692712,0.5676406453202232,0.5676406453202232,3.3229727425222233,1.5728569121710998,3.3229727425222233,6.622852008747457,1.1915560343108476,4.21175123076497,2.3917857384523478,4.958316913083383,4.104260239009477,4.2984710975667255,5.518757266287931,4.129166190497464,0.5676406453202232,4.979557338525394,2.063909034430343,4.709773414976736,2.522611791966649,0.9275075870793201,0.9275075870793201,0.0,0.0,2.156495171122127,6.657792793557371,0.0,3.725597037049099,1.4002712280506848,4.5536810829575955,4.188843807247074,6.139949205308613,4.200363860834777,8.103845094030945,3.3765904320692712,3.1748110783061,4.129166190497464,1.5728569121710998,3.9402022156934535,6.997952409399639,0.0,6.415910049146264,4.141390348706183,4.025592733110673,0.0,3.6290153243001395,3.2367314599653576,0.9275075870793201,1.7199949029987442,6.904340455102132,7.129273510178906,2.3917857384523478,0.9275075870793201,2.5821241005033593,7.157049891029122,4.995203500773172,0.5676406453202232,2.063909034430343,7.280683421185194,2.3917857384523478,3.954950302243484,6.883422626598318,2.8358921059090196,4.607396705452983,3.4274822219199796,5.030771199182555,7.20982091030118,2.063909034430343,4.723441991066127,7.865176437806375,5.20866614459539,6.061184154458444,3.2062524847066243,5.609149398898517,6.726045135237125
TCGA-91-6847,0.29468251209652535,4.388337926506403,3.8629861108232633,4.1216029859929275,0.7070993941779494,4.789656065611423,9.515277712310326,3.5532687583790916,2.9529865548623473,0.713831771752778,6.258194269085113,0.0,1.1171723141890197,4.754856630213029,0.522002924356116,1.1171723141890197,4.127145675303937,1.22345184986342,0.522002924356116,6.023268400151513,1.6316689612754223,4.028468257762429,0.29468251209652535,5.527498653994476,4.446224863543606,4.757805432411685,0.0,4.1912625397358045,0.7070993941779494,5.070964970459772,7.679773712099159,6.432896683436881,0.9982393145213224,7.273349329175368,0.29468251209652535,3.7882789883718138,0.7070993941779494,0.6461603893356085,6.546329065617918,0.0,0.0,0.0,6.193774579940241,2.3604388206028952,5.744652468024493,3.054911144894321,7.699529858558686,1.6965509509226915,3.2454943865055346,3.054911144894321,2.016408553325489,3.7075368180031316,8.792856324919672,2.2583719383177203,6.560978330722302,6.8345133932057704,1.562283409840636,0.0,0.0,0.29468251209652535,0.7070993941779494,2.3922703918660675,0.522002924356116,8.581875452222768,0.0,5.026994089708808,0.522002924356116,6.313040671207319,6.171124230926123,0.0,0.29468251209652535,0.7070993941779494,0.29468251209652535,5.139538493136539,6.956554966915742,0.9982393145213224,5.499783654533418,2.327560592397438,5.89221311074557,6.823016227395425,6.200748496315609,3.0220771788931606,3.8913732594282124,4.66863312889873,5.133495787987586,3.0052468659225764,3.770196733790754,0.522002924356116
TCGA-91-6848,1.926042662512961,3.0881655918850783,3.4653139387854326,2.041194354496333,3.6769030221033363,7.636303386592498,1.2562995645037034,1.926042662512961,4.7798291264467005,2.0379292047614244,6.541579631664081,0.0,2.2380145713444635,4.706905137222868,0.6084059521048547,5.184835069443346,0.9839119964716314,1.4701528563306059,0.0,5.7500774649747965,0.9839119964716314,3.008742275272352,1.4701528563306059,4.7868331926521694,4.429743604128199,4.419712516730131,0.0,2.4754621909600005,0.0,5.752740878640775,4.886454335308093,5.700915034141953,2.1444447985610204,4.935789614005497,0.6084059521048547,3.6769030221033363,0.6084059521048547,4.650583225514587,5.784138979244181,0.0,0.9839119964716314,5.8609685430269804,3.8690841886864535,6.399374996264503,6.10712978626003,4.59496226196065,7.490819700511887,4.000002746735003,3.6769030221033363,1.7958842838050049,1.4701528563306059,3.230278565809544,7.013456736512677,0.0,7.16424075874549,6.132905513915,3.9845445770565546,5.0654075299432355,1.6462326082625771,1.6462326082625771,3.1617465870732153,3.758258584326714,2.2380145713444635,8.715822714192994,3.5409274394710355,3.5649135941305405,0.0,6.655875262214784,2.876357346510586,0.6084059521048547,5.859703015925728,7.635091303278781,3.383511911606107,3.6554855321931563,7.386972581676975,3.262862087806542,3.1617465870732153,2.323583083989651,4.699316051878321,4.660453509611322,8.165520003528597,5.763314735357535,3.6769030221033363,2.9224570315073692,5.588435220075033,3.230278565809544,5.251472059916526,0.6084059521048547
TCGA-91-7771,5.226515195528946,3.6413396329398107,3.1720818669526425,3.844050327652291,3.685300557496657,4.562858540822379,3.3270878710457117,3.8562079242069003,1.8152969433580979,2.009166598690328,5.431925631217828,0.0,4.49503607259829,4.469186646450147,0.0,1.7176463688560555,3.8918202981106265,1.3499156057761759,0.0,6.392873105198007,4.980663940100271,2.061417581616827,0.4519669417595842,8.045360690804324,3.8918202981106265,4.290459441148391,0.0,3.767822326420998,1.3499156057761759,4.415392501229238,4.520234108619212,6.113365758094737,4.365824841585788,3.914876929111042,1.8152969433580979,0.7621600518468994,0.9985340932551715,1.3289565194190203,5.000106729431469,0.7621600518468994,6.057453578247096,0.4519669417595842,3.6708605849748284,2.7990237184368594,5.939794866106403,2.6492127313777156,8.4842856283288,9.207005818527302,6.995637942957665,6.260128159723898,1.8152969433580979,4.053025916613331,5.740712103741111,1.4880835070219245,5.277384801112133,7.233866886303571,4.022796643666331,1.6094379124341003,2.833213344056216,2.6079646372798537,2.2587794852565706,2.726917750826717,5.59258644695081,7.041157913317667,4.972788037319806,2.9292879375043257,4.415392501229238,4.266695746295384,5.098994096234096,0.0,2.5200002684472027,5.392977335010775,3.8066624897703196,5.676263956285928,9.044302316435118,4.321290209732711,4.72839615972315,4.814506859522532,5.3230099791384085,6.813601730022393,3.195754577037306,1.3499156057761759,6.946841367689339,3.7938834062105307,6.935788646494842,3.2851990025584885,6.193647961470113,5.8166854741337515
TCGA-91-8496,4.614117043232956,6.262445427836352,3.5351336922963146,3.876165749505546,2.754539307168498,3.8097975702657925,3.15520732515221,5.130176782767503,0.0,1.8301785791319998,6.172935742447097,0.0,4.038786044336401,4.372169461981358,0.5734623376139655,1.2009281741397109,3.050911507887443,0.935622660173647,0.935622660173647,5.294555298837153,0.5734623376139655,3.4404789903971604,5.432306154551343,6.503937812766281,3.4153468047665747,5.746481107189309,0.0,3.7569609103881962,0.0,4.130006064276163,2.8026449735485537,5.107005517915949,5.068772118025801,0.935622660173647,0.935622660173647,0.935622660173647,1.9734280350920526,1.4104014364631237,5.9734304051194185,1.2009281741397109,1.2009281741397109,2.594545500305389,4.2800714254841035,0.935622660173647,1.8595582947924902,3.6006709972736757,8.597908288370043,6.336418568621011,2.1683791872223828,5.1528232767616595,0.0,3.4649981307128175,4.574986198358882,2.7040020182556406,4.60641241410316,9.506169169563732,3.6420917836150566,1.4104014364631237,0.935622660173647,0.0,3.335922589543615,3.1216333794404765,4.8459886123422224,7.08277524391457,3.8097975702657925,3.050911507887443,2.65077413328248,3.953376058911625,4.9608636484314,1.2009281741397109,2.5349737760719355,0.0,7.299358081097152,6.5131722457366665,9.545096851813893,2.974804813870994,2.9115623104671924,2.1683791872223828,5.166167875799996,4.0523378384093816,2.471627200230164,1.2009281741397109,7.817214730703274,5.17057489999708,8.2617950073726,3.488927389263831,5.073923033332174,5.887009177237639
TCGA-91-8497,5.663911416741268,5.385004107515761,3.8431594112988026,3.2639677303299344,4.992369485289363,4.965031049491235,2.9376740432358877,1.9397914680471362,1.8398192079716147,2.3871559944443157,6.750125554290444,4.511095742347233,5.3727892010672464,4.653217216959577,0.9936590974498267,3.2383293716350185,2.7448513227367237,1.6037216054379912,0.5079615261513406,6.024362428608553,4.847543651610093,1.9397914680471362,5.567573214027215,7.577802702683189,3.8848244555981726,4.805102427041707,3.2639677303299344,3.548412638373906,1.0938677176373528,4.4037220773074655,4.443406265516904,6.283824411610853,4.77762657496907,3.1286666129777183,2.2622837962205202,1.6037216054379912,2.1139878854324192,1.6364692514851307,4.310442014649198,3.7696088490407282,1.8398192079716147,4.353924183937486,4.659506844641066,3.427076282204571,1.6037216054379912,3.0377231846250226,9.01779391863935,7.81437136199935,4.634107435882689,6.084938951999091,1.0938677176373528,4.857880306503974,6.40249745951961,3.7696088490407282,5.426613830813917,7.855742332799254,4.7084395166419055,1.6037216054379912,3.1850004797456766,0.0,1.9397914680471362,2.505746320867691,6.147732982906241,6.492656414905688,4.863008840699179,3.6218257726106966,5.286199237717787,4.7942025084734885,6.593645723255056,0.5079615261513406,2.190882285231528,0.5079615261513406,3.1286666129777183,7.381190513529568,9.093124300565194,4.5538032046752,6.101782006793824,5.971761714832113,5.739085266358588,4.987864666641906,2.7448513227367237,1.6037216054379912,8.047064754382333,3.157230181987113,7.4164325967904805,3.337149406853724,6.8510113674595265,0.8432037767666245
TCGA-91-8499,2.6801581424049443,2.28861800576543,2.864546698774644,2.28861800576543,2.7198535994433484,5.044630841354214,1.2128334327581325,2.6801581424049443,5.237871791201826,1.9326077778154345,5.486169435162579,0.0,3.103114743683452,4.565508975830249,0.0,0.4642370343513985,2.014676328182827,0.0,0.0,5.8274798379976,0.0,2.3468029151594783,3.643293525893052,6.722641828477388,3.8003269067261027,4.361682335700084,0.0,4.26099394962176,1.2128334327581325,2.7198535994433484,4.1713287512384625,5.292817268702439,0.7800127135815272,1.9326077778154345,1.2128334327581325,4.619349187161361,6.682018367815328,1.9654186154433564,6.537287072434877,0.0,3.295584982432474,0.0,4.5531397778937075,6.544108948440902,1.0196773005799673,4.83349230534273,8.389707486735963,2.014676328182827,5.063487040133601,1.9326077778154345,3.020176074705559,4.16217142084686,8.129676050608705,4.565508975830249,5.0929339168173735,3.2734587026384925,2.5956874491313586,3.611890412585801,2.864546698774644,2.0905174764269496,2.014676328182827,5.052218598746398,4.9276521564815985,8.813495006911426,1.0196773005799673,1.9326077778154345,0.0,6.135108076801272,4.642379261770363,0.0,7.771463464688077,1.8432127508169707,1.3746771417797,3.9920884820732367,7.043413159028785,2.0905174764269496,3.8917958080148285,6.878346035556114,5.449217053333651,8.013127997693456,2.2268481024022906,6.620175867927161,3.4569221757676423,6.510402675344474,8.476554513425814,3.9920884820732367,5.173530486131736,1.3746771417797
TCGA-91-A4BD,3.7630704585346697,5.332810576492773,2.8201996199191623,3.948302860031344,2.871126641828382,2.919585300974122,2.184938298056474,5.5792768932389905,0.0,1.8341961594253118,6.719294515765617,0.0,1.9652504846371934,4.14700184262431,0.0,2.278988879138859,2.919585300974122,2.278988879138859,1.0128365116467057,5.545618753338482,1.505565178369059,4.542526402035123,7.3021324761048065,6.785238431497616,1.8341961594253118,3.6557646618274218,0.0,2.919585300974122,0.0,4.873271806460929,4.673557540853516,4.6570508078650805,2.766539210788223,1.8341961594253118,1.505565178369059,0.0,1.505565178369059,0.0,4.579181383706701,8.525016509305063,0.0,1.6833201448248047,4.369755400106107,2.278988879138859,2.0811151404318444,1.6833201448248047,8.29546363993291,3.742512633833384,1.0128365116467057,1.6833201448248047,1.505565178369059,5.425755860103884,5.517854422268135,3.1318746296449183,4.8322101364703105,7.488175992865034,4.312688614344206,0.0,2.278988879138859,0.0,1.0128365116467057,2.3649493771905954,4.705784456020685,6.786229247046919,3.4830968260711646,7.019198258892322,3.0099753575419967,4.987223361085597,5.116147798203253,0.0,3.0099753575419967,1.2892326482767593,3.6328512836611657,8.192027988672677,8.570419216875239,1.9652504846371934,5.6595066057060865,1.505565178369059,6.214268040609087,4.504477647242582,8.932905615975951,0.6295149153150899,8.23175925667475,2.9657987010948608,7.574609817587159,3.3385060423222357,5.352975991851835,0.6295149153150899
TCGA-93-7347,4.1270472844777535,5.616381931041972,2.977975551964732,3.3111997320137085,3.7781486968718183,4.503747462595129,2.997555610264852,3.879437828330457,3.158403691424823,2.9876194534434406,5.738692628632645,1.0792595601522947,3.6144387342981585,4.799379140204185,0.9720659673415692,0.3282240277647172,2.2562269690158963,1.0792595601522947,1.7337771866897078,5.838514396357224,3.3111997320137085,3.879437828330457,6.426389747084364,6.925683601847055,3.5039194195969383,4.562201096441449,0.0,3.4560485061263373,0.3282240277647172,4.751683201543253,4.404376260711236,6.347266610197045,2.1713368063840917,2.2562269690158963,2.828998592101688,4.586243195210334,1.9763007827603225,1.553015698121001,5.178288686318253,2.214682409818135,0.0,3.1908877883280318,4.145672772666745,3.5825462433193196,3.2377172060015575,3.4802703885585973,8.282970997944998,5.61779239414755,2.9580044454930197,4.783257792249985,1.586169285494746,3.5825462433193196,5.435632840497392,2.828998592101688,6.096452743463578,8.073546350228021,3.4057702435072894,2.916824338449118,3.723377494521504,4.1937086350991155,0.9376607576103476,1.8623732485560465,6.338382041590734,7.058431357940546,2.50687196945795,7.27778662770091,2.2562269690158963,5.349019986521798,4.545845781023257,0.0,3.3910965394827257,2.78201292461262,3.054095516850906,7.165439377770721,8.042056410058754,4.199554066478279,5.529020273799754,6.278980980842428,5.096158341850975,4.1270472844777535,5.708142953933163,1.7337771866897078,7.673130093538963,3.1747776361464024,7.587128026120243,2.4746879495936684,6.62469053026552,0.0
TCGA-93-7348,2.260282836760139,3.782579247031977,3.2868148078763935,3.8689463878210133,5.836131501895513,5.749561761473774,2.556304405000375,4.033847640584984,4.682066410208834,1.9697103775266742,6.195812563837865,0.5070585371967467,3.4031887309427478,4.516137859163413,0.0,2.556304405000375,4.165163321316823,1.092359447002344,1.6019499474681969,6.044308388775554,5.046935078821873,1.092359447002344,4.185465677102638,7.034379119304003,3.8961537522634675,4.829632866868199,1.7268831132529432,3.0971329594241284,0.8419550414869119,4.876029038298943,5.9542350501672,5.836131501895513,1.7268831132529432,5.612273726911307,1.4591265197695606,4.990153636311046,0.0,1.2924780649156058,5.547495069211352,1.092359447002344,0.0,1.7268831132529432,4.599222533718189,5.46713143998349,1.8379430646436477,1.7268831132529432,8.972270982475354,6.804451535606214,2.6993054099606155,5.497356732114838,3.6544329263795685,4.080678269058281,5.3582076011211015,4.3769324312246605,6.562927027909675,10.983426575938616,3.688041603214879,3.003353160685352,1.937877977358049,1.4591265197695606,1.8379430646436477,8.422500021222328,5.303881856020449,6.9879333621073885,4.215165940400498,3.565111670526424,3.812204880088245,4.4015216166128655,5.969540972191708,1.4591265197695606,1.7268831132529432,0.5070585371967467,7.786418907232556,6.334527517053144,9.35160553177977,3.003353160685352,6.62583656641946,4.813671054565349,5.163058768877571,6.327472390200925,4.123278573853379,1.6019499474681969,8.2591087554034,3.565111670526424,7.075419946432458,3.155096482148422,6.033349975981434,3.0971329594241284
TCGA-93-8067,3.292884363507146,2.666359774048001,3.1928110713228524,2.796140440355047,2.4701229067952513,5.865027926959327,2.493924202504552,5.326899964301652,4.239331958536019,1.1874470023686006,5.45291651722578,0.0,1.4857097394180891,3.859229639126671,1.47533492791062,1.6625235995256897,4.251576205289816,0.996579563102958,0.6176151179475085,6.1290981391951505,5.677116750093381,2.395109578169638,2.7240547752439257,6.63568799207823,3.0140190466411316,4.4920037275216025,0.0,3.853206747535612,0.0,4.60356189337859,5.215761503543474,6.689198691445981,1.4857097394180891,6.196289329663196,1.419051925358063,0.25060306421036016,0.4508845182990242,1.1874470023686006,5.6001168182090275,0.25060306421036016,0.0,2.368794093104381,4.721814796106177,1.8127215548115687,2.0217197338691872,4.279577155612388,8.547644798872065,4.158093709385999,11.928043830106532,2.7051861034875597,6.493712991816206,4.351848315571389,6.714741968549055,3.5844962385205696,6.070970957153496,7.143372707000817,3.4029824541385083,2.0217197338691872,1.7651245549236838,1.5481793397132477,1.0965768853060391,3.8652185683969416,4.887306911384243,8.988780565875189,4.175754027764125,4.093707692797148,1.9432781168669646,5.384715222038501,4.226934470122268,0.4508845182990242,1.8581556388677376,1.6069949307829603,4.107857845147118,4.872154530660755,8.275399298669425,2.6259576160871996,6.856197739158521,4.809139072796211,4.408902228679237,2.3417769595774223,5.401555130762384,1.1874470023686006,5.549352311332624,3.934404657121232,6.119745618385369,2.256038410336924,4.048623433741077,7.1483064349513805
TCGA-93-A4JN,4.827169082434808,6.9800573357375315,4.212133523786852,3.5336924041072435,4.684277071301059,4.5443644227665425,3.969412281506246,4.3919831536267155,4.800177602589229,2.826443420928733,7.072175899119501,0.0,3.8171011502160663,4.094662844898129,0.6050260971647659,1.250989969088992,4.317244083763467,0.8095514884300478,1.9196835032946329,6.058770329593599,2.357016458482083,3.317823019073661,4.094662844898129,6.618323676995678,4.174490341506653,4.657031818840736,5.277752348706026,4.153686793499713,0.0,4.4899063494832205,5.882316311531898,6.49252009877322,2.5032294244723063,1.250989969088992,1.3633839095367846,0.0,1.4644121403838426,0.9792655310355435,6.943035546458914,0.0,0.0,0.6050260971647659,4.5443644227665425,3.5091246005172954,4.714535671038799,3.3904161390307213,9.028986346972355,6.700387877218599,3.5810909933814425,4.7402778356664825,1.8567978654072772,5.3650456758484815,6.988533101008282,0.9792655310355435,6.881821896955634,9.100416124987095,4.2243737877456065,2.18570290145573,3.317823019073661,4.360633167662945,1.9788474264441334,4.080717129107199,6.804243054181929,7.4139341231711455,4.833802645645296,3.569451003003704,4.180863178936436,6.922367991349983,5.590363651953612,0.34755346948917126,1.1243125235179232,1.9788474264441334,3.658989672104631,5.58100825373214,8.35133457371579,3.807917257775139,5.976954787840285,1.250989969088992,5.94576086484898,5.319305565286379,5.8293925765327135,4.768911867619688,6.664462590344081,5.845151820118726,6.107127559324127,3.20643070461426,6.020491654626877,2.137863739941071
TCGA-93-A4JO,4.587823600151372,4.163318544641766,3.757495587977514,3.6945110667735817,4.726723881540668,4.848657394685893,4.2109802732866,3.281948271844046,4.64972281303715,2.979170887754766,6.64580073056956,0.0,3.3575832984430156,4.868948834358314,0.9312581589959416,2.2373209753416483,2.644421488185817,1.2851195177454167,0.42068207391302476,6.293921925141917,2.2373209753416483,3.281948271844046,2.644421488185817,6.017383237026558,3.5846793759990563,3.9256536841977807,0.0,4.500809170663349,0.0,4.2856905538129775,6.20927188613256,5.840920688208116,3.850681501713275,6.706156708732843,1.910001658716442,4.24903366850039,1.2851195177454167,1.2851195177454167,5.7198854562375985,2.11892664295642,0.0,1.4202367452952476,4.844549225602705,2.1798749390011065,5.626447763714205,0.0,8.648819520559108,4.121789481300678,3.200125124103255,4.864923352195899,5.097772774245659,5.3048658781658,4.93876686357808,4.263858055955322,6.794876572419511,6.9976873864827445,3.555228054288838,1.6455962489873783,3.769629603799045,2.7501130254745965,0.9435167181277465,4.401141525533563,6.616518897450858,6.620709004368068,3.156553512790809,3.850681501713275,4.2109802732866,6.186940866033841,5.153701914929114,1.1288504717287196,2.960384849522263,0.42068207391302476,4.195344584732965,4.8927672548271675,7.300202690008998,3.720184303942349,7.453324299972388,1.539251471783928,6.127115878573434,5.1951378042149265,5.0586696171341785,2.8756190250592444,6.284212516209913,3.540170607284912,6.104018378721956,3.320478890142588,6.069101285834994,0.7158866675294348
TCGA-93-A4JP,6.280393966299266,6.335419433038114,3.9488446893645075,3.9177167651700677,2.8272307782608994,5.384563867761422,8.933823733424918,2.803427045351078,2.427815880718916,0.0,5.815472914008897,0.0,4.3004897905007935,4.596871849839954,0.0,0.9516192649274496,3.869130118088795,1.8192124960093556,1.3303058509110355,7.0409916280856,1.0943699694099773,3.8092923619563357,4.383217175698589,7.086880064877805,4.0368019569430125,4.368217982562931,0.0,3.5260516533909434,4.204379137424808,5.399044665414406,7.255012010467591,5.432616589315534,6.361150479838851,5.14465323500363,3.212769217436398,1.604344965368091,2.9384156118993996,1.8192124960093556,6.079974384178659,0.0,0.3346849260471172,1.2192948204237206,5.087429654675285,2.427815880718916,5.437814056355539,2.355092150473061,8.044789885247523,2.5590783103897605,3.8353773545512806,6.13396837923941,4.8719324573373575,5.677920929129853,6.204654727564403,1.2192948204237206,6.047622738670142,8.640914118405997,4.699616356280037,0.0,3.782508676445995,2.8731973404953144,1.881676343392028,3.964051729321112,7.057545035218048,6.833336643192849,4.450383637372451,3.6776668268998334,3.0384660394742005,5.4650979522753165,5.986617820682033,0.5849493100819588,4.02266952551521,2.2350233398257293,2.959239436361612,7.016331618331744,8.73247229890156,2.959239436361612,5.951275164946327,5.222639701532364,5.739863649227149,6.0953176772308675,6.428195737090145,0.5849493100819588,7.454476864265657,3.212769217436398,6.544442639920339,3.5605317458101022,4.724578566721915,3.5938624813202344
TCGA-93-A4JQ,3.7778079505884303,4.6762249303534595,3.7474407723121077,2.9377164334056136,5.735381265901944,5.82552211705508,3.2002922142691648,5.1841347167171,2.6750792507655103,3.0436935228398143,6.327917140679129,0.626900534741019,3.6727729377762914,4.508653778984157,0.3617918303181941,1.009307374440675,3.5553966317384313,1.009307374440675,0.8362946897784304,6.447153711505659,2.129492815078546,2.914348667277613,2.6750792507655103,5.7928306648217225,3.6946825833408865,3.638985180640093,0.0,4.069734196249383,2.0762740304084915,5.95562232043671,6.2372732913318485,5.161901818743651,3.2352018274669736,6.517836694975229,1.897169983635923,1.1567554027168205,1.829536833562085,4.2714818706594935,5.8383046263168605,1.009307374440675,0.0,2.5806561270264705,6.865594889210402,3.50429834645656,6.751062871700668,3.107278120548812,8.087588043021501,4.701289129563902,3.7161200373804926,4.380794626062843,5.653260812308621,5.572655807408199,6.088688802990277,2.8149954603902625,7.393945938496059,7.451502974890308,4.769208959936944,4.897511387820596,4.758054349836762,3.0047167916254556,1.399062500397569,4.258248948198333,5.8986829178236775,8.474379631712589,4.23415722794849,8.871581122132769,2.020063018160336,5.67293487560605,4.805544473889498,1.7570127328982201,2.7885358875692283,6.421965298395691,2.020063018160336,5.619059386626141,7.836918799838924,4.731512045747123,7.507541878035346,1.7570127328982201,6.006276802006763,6.025421430586164,4.704255050878246,3.107278120548812,6.426208482993417,3.301568556585814,6.036942087736393,3.285386150720491,6.994446604760841,2.512351568866578
TCGA-95-7039,3.747822663147833,7.379719485040507,3.1720818669526425,2.8581125350208616,2.726917750826717,4.549355104766845,3.747822663147833,5.775882956959389,4.099094928013845,1.6690455467057277,5.279970079729978,0.0,5.098994096234096,4.221606970763648,1.1451459405736646,2.0971463819232814,2.726917750826717,1.1451459405736646,4.84755934674774,6.452949180027377,2.5200002684472027,3.7970923977283224,1.6650050608825562,5.14166355650266,2.5758816888579754,4.099094928013845,0.0,3.6413396329398107,0.0,3.972984511669121,4.676830164248271,5.129052202886684,2.2587794852565706,4.765833895629243,1.5198195037248818,0.8873149596375816,0.5390048340312983,0.567754011151883,6.507704486975421,2.4608103177203913,0.0,1.5198195037248818,5.218034213303114,3.9594522439582365,7.239315471242329,5.202434022516474,8.486940148245216,3.7645178616965462,2.5200002684472027,3.622435118064271,0.8873149596375816,3.1429187595796164,3.7645178616965462,4.795790545596741,5.823468882934289,6.899434759264965,3.1103369301775334,1.1451459405736646,2.3978952727983707,1.1451459405736646,0.0,1.791759469228055,4.49503607259829,7.839186808297514,2.4608103177203913,2.6790607034427216,2.5758816888579754,6.924327202975835,3.1720818669526425,0.0,2.3978952727983707,0.8873149596375816,4.454347296253507,5.120559380805331,7.6443737415989546,1.1451459405736646,5.544704676492387,0.8873149596375816,4.841932578460292,3.410675653918475,2.6790607034427216,1.9042395803120562,7.235720000533577,1.5198195037248818,6.773733480413989,3.410675653918475,5.009254341019324,1.6650050608825562
TCGA-95-7562,1.9220272085919814,1.0279394353730635,2.4657238303712266,3.3919985350406345,5.270159632352117,4.955362160821102,1.6173068708127956,3.826101216440039,4.18406338188997,1.3064391358704261,4.698879084425442,2.574023447711561,2.574023447711561,4.052706262393085,0.3707356275870666,6.098849262690121,3.4069839405238778,0.3707356275870666,0.3707356275870666,5.576009707370449,0.3707356275870666,3.4217513606099046,2.893461424401573,6.004871767315302,3.5961554273312415,5.399867130506005,0.0,1.9856389748557384,1.3064391358704261,5.40794277460922,7.279180894866777,4.324216096482355,1.0279394353730635,4.77948477238013,0.6406426265777961,2.101851062192921,0.0,1.3399100505623616,6.373794079813989,0.8529248562523353,0.0,0.6406426265777961,5.474088348430432,4.565936512750828,1.8541080942925903,3.9544501110680415,8.07575058524253,1.4211304759553478,2.1552676797978325,6.441141099057675,2.386402207086959,2.540625138544344,7.68732324550049,4.436549147020286,5.659158121434882,3.826101216440039,2.9419780588476048,0.6406426265777961,0.3707356275870666,3.4506413003414997,1.1768687866338772,5.448692355990259,2.815959465937594,8.640366119912537,2.386402207086959,1.6173068708127956,0.6406426265777961,6.500872165980071,4.733185141010693,0.3707356275870666,1.6173068708127956,1.6173068708127956,2.426853718339383,5.601192192430142,7.442240787136303,2.4657238303712266,4.7681135254112315,0.3707356275870666,4.1350081441957505,7.287834200699885,5.553660889337776,1.6173068708127956,6.154705216089145,2.254213841068626,5.7630728734595,2.539213316073241,5.466755492983364,1.7812376417684728
TCGA-95-7567,1.2617510260452904,8.024629793450721,2.9880377464612744,2.8515731778543856,4.163421207977668,5.046195469494807,2.944586336729834,5.471640222878291,4.413709393314489,1.5070507497556729,5.093787009945249,0.0,2.5935293387678278,4.535438470194323,0.0,0.7538659155946511,3.9441590662081984,1.17877806569138,0.9887230151308267,5.728832746855984,3.759170149729371,5.124493601033722,0.44635110058050687,5.257490163680885,3.4189030406144068,4.282878725196459,0.0,3.4947150467806156,0.24787518753339344,4.504813795451723,5.30610198760717,5.326817356017938,0.0,5.239750313983424,0.24787518753339344,0.0,0.0,1.5089101446600788,5.1194598031952445,5.0242422975024725,0.0,0.24787518753339344,3.4096482390316734,2.6547056815830645,1.7048753568672115,3.927679795704184,8.684330041884989,2.4343060978551194,3.34234930585295,6.119079094677655,2.5283731445331634,1.4760207989937488,3.797747311850327,0.44635110058050687,6.325299380264819,5.598114504331624,3.301756348284868,0.611882893728982,5.171880746399381,2.330462871456016,0.611882893728982,2.0478347687772387,6.655917713889027,7.558459360074286,4.538450086938942,0.7538659155946511,4.176462039149527,5.850920048615642,4.382571486215319,0.0,1.8022542063206966,3.725845222944017,5.175070053885304,4.624815938234926,8.230358759615594,3.157149346230436,7.126633747748972,0.0,3.8995981354268276,3.981586380813463,0.8781734097610271,0.9887230151308267,6.186107795772242,1.4760207989937488,5.924245102170172,1.7547496435941543,5.033628903221678,1.5383285169753886
TCGA-95-7944,5.147128130647123,3.597451976855071,3.3610140720281683,2.7730448681893973,2.452288756628702,4.777963156315543,5.182682022949112,1.457288561943955,0.3118867611485983,2.3318720136189386,5.983334084289981,0.0,2.94104374820319,3.9056487328498792,2.58325010335043,0.3118867611485983,2.1617931203197687,0.5493345451940974,0.0,5.686717696029609,0.0,1.457288561943955,0.3118867611485983,5.797029922430225,3.502875124228297,2.0737503776845454,0.0,3.829119543028382,0.0,3.7885392515106306,4.8319152440839686,5.5312686642933135,1.9772011533582532,8.613417498733211,0.7410321732805181,0.0,0.3118867611485983,2.231765554165687,5.876101393673449,1.812297120445603,0.7410321732805181,0.5493345451940974,8.122003113915817,2.7262371447993314,3.1177684738911764,1.812297120445603,6.966307165931752,6.920029639857526,7.1619555392415,2.352973978527175,1.812297120445603,4.287979656694081,5.354078415639573,0.0,6.6887817709392134,5.509283067929528,4.19198082248125,4.186432890766479,5.248281176410574,0.5493345451940974,2.0737503776845454,4.132011183784993,5.7700257918029205,8.1218962122237,3.535404795732681,5.161919010967035,0.0,6.352350611818179,4.4054147382256215,1.5390798237478038,1.457288561943955,0.7410321732805181,0.5493345451940974,1.7506596583426293,6.535445894489039,3.597451976855071,3.558710971990514,2.9016138832863034,4.998191523871914,7.802846888915214,7.747506161006659,3.480587568798156,0.7410321732805181,2.0737503776845454,6.139951360339372,2.242697074818525,5.3006047484941705,0.3118867611485983
TCGA-95-7947,3.236617506344358,4.329026621512177,3.5704365132680107,1.9617694373703431,5.875211590283732,4.760634288612163,3.6686563384249022,3.7509312922665536,5.653197701138273,2.482729281040193,5.551637005272249,0.0,1.6636040761778292,5.251089481384996,1.349967456859875,0.927428476284611,4.899621793346692,1.041547988046432,0.0,5.676496919961779,2.1911394336802714,4.69019125028548,2.9133718821252255,6.549616406880411,2.751652327472089,5.4651318071142345,2.4327533365674396,4.020003485978655,0.0,5.711145302392768,5.037614720827183,5.019608249784119,2.2572320152698055,3.7291548993033126,0.7985876930179422,0.2666627052277055,0.927428476284611,2.628523471400253,6.363726135721375,0.0,0.0,1.2368368179451088,3.969365069070104,2.3775997967994913,5.467714089705059,5.21354892683837,7.646253382964002,4.00897002669445,2.5346963142905157,3.6207504950614373,0.7985876930179422,4.114178234788005,6.840760410157858,0.7985876930179422,6.779446794624016,8.33124185493534,3.4123680896643274,0.7985876930179422,2.582010674235983,0.2666627052277055,1.472816034891136,4.866264413530775,5.808682884481571,7.769855893145669,2.879625332466004,2.604857703963293,1.71988745699026,6.353672406202568,6.2394255812647295,0.6506571289389931,1.472816034891136,0.47697924298216077,2.7899189328861778,4.296274010576863,7.453961560007626,3.283535588655585,5.605746917716519,1.2368368179451088,5.467714089705059,6.07028496963374,4.213894924125911,0.7985876930179422,6.592407344879099,2.3192258641421706,6.1651909377315155,3.0668801546721203,6.34010353910037,1.9178486538613149
TCGA-95-7948,2.385859496186766,5.9732394748173085,3.7247411667516053,3.8010914447208646,4.114104704955693,5.304940385856271,3.755984210900311,4.497760906379259,1.7807322253788538,1.194710037046751,6.1232206147753105,0.0,7.413903982989157,6.346351894247175,0.0,1.8858719623950215,3.51350769145794,1.3763702799221973,0.0,5.884861593276731,0.9725576373274578,2.385859496186766,4.975008116453105,7.761055091564975,3.918841705166031,3.837185228570205,0.0,4.3478983331544665,1.9345747165344218,2.800963571458279,5.756159847884555,5.407351127572159,1.3763702799221973,2.85919064041259,0.9725576373274578,0.0,0.8397552001960357,0.8963736980337963,5.576547408974168,0.284351532355325,0.0,0.6865253042510584,5.453464692415737,1.5300483247645866,2.9142076350298134,0.9725576373274578,8.142982534502666,2.5267840871324725,1.6632250944970572,2.5267840871324725,0.6865253042510584,4.472239755606724,5.955495342068212,3.4735180432417816,5.605996900255805,3.9882522974196792,3.093430508773765,0.9725576373274578,1.6632250944970572,1.9345747165344218,1.7807322253788538,1.8858719623950215,6.8807622223983245,7.638987913147415,3.7087458048699293,0.8397552001960357,4.161347232349282,6.022267720429658,5.713646993246744,0.8397552001960357,0.284351532355325,0.0,2.185455593736221,3.047650872397954,7.578958441103593,2.0253680703900288,5.365377705229117,5.588921415864432,5.672646061974789,4.277396407845798,3.452907089337657,1.6632250944970572,9.147275963800027,0.9725576373274578,5.809840746825324,4.10871415663383,4.072451651805538,3.865151499456333
TCGA-95-8039,3.956085822804386,7.5241563952967665,3.805119077099291,3.046354092552393,2.7981529061210373,4.259145469360566,3.2746321451230544,5.4787037187074805,0.0,2.354218829424627,6.000503571758652,0.0,2.288810659572206,4.84428157018384,0.41376391092285947,3.2599486679233314,2.9898399478491533,1.855516435030806,1.1975824293039217,5.993961427306569,3.6169402822578514,2.9091389909688954,2.327141110889933,6.536711887240541,4.2031391746142095,4.286015334141851,3.484287748194254,3.7878171374735223,3.331311254197989,6.195227502058429,5.598344178195749,5.6026168518232495,3.6169402822578514,2.7500554952472402,1.793358190591752,0.7683010341603695,1.4068075202422612,1.6032588613573848,5.559041825730975,0.32598890660636765,0.0,1.3076569156028177,4.119053434842879,1.4068075202422612,1.1975824293039217,2.327141110889933,8.71933044731636,6.242736752275283,4.074201376942633,5.073716503871264,3.2746321451230544,4.281232068076339,5.102247736597996,3.0998490160465546,6.125256530775709,8.142866220267999,3.933712087543132,0.932715110288297,3.472398036423277,1.0739096760277378,0.932715110288297,2.8662099766121445,6.558810381105316,7.458376450652252,4.961522077751089,7.022868086082641,3.1170645587215158,5.129987468380818,4.947936856743424,0.5713749486300341,1.579720697645951,0.0,5.139069551704591,7.03787084430549,8.027793060394188,3.770210562212309,7.524706925330749,1.579720697645951,5.4993993410597275,3.1830994132922927,4.047637227456773,0.932715110288297,7.129618010396625,3.198946549552499,6.807985771137472,3.410721879286965,5.797227279366065,1.9140213487610105
TCGA-95-8494,0.4930485436633096,6.347021366178018,3.0017391958173922,1.4319128341236875,1.0688401303344395,3.4117415955378267,2.2284540436509706,6.244826877006188,2.620820618489283,1.4319128341236875,6.023142461667452,0.0,1.5736241888949363,4.1094104988944675,0.4930485436633096,2.523510185346878,3.6533455363706504,1.4319128341236875,0.0,5.571963900035353,2.666137334019001,3.4117415955378267,0.0,4.7289176214185815,1.4319128341236875,3.998884871241537,0.0,4.369754134671762,0.0,4.99011280776372,6.587088475825169,5.350378366174495,0.0,2.3570922174927067,0.821848175575679,0.0,0.0,0.4930485436633096,6.244826877006188,0.4930485436633096,0.0,0.4930485436633096,5.99141454585794,2.415699469624299,5.54244715813763,2.415699469624299,7.908596696159189,1.808092030515615,3.227605609177193,2.7510458315633057,6.259560431338957,5.9937693889182535,3.121038053393696,1.4319128341236875,6.930797750350248,4.308045000693003,2.415699469624299,1.808092030515615,0.821848175575679,3.7326642551849543,1.6977051671457324,1.9978924917088585,4.066654712400437,9.315258789923217,3.619767825575645,8.322415984074915,0.4930485436633096,6.755618736085266,4.2089269256319195,0.0,2.471052793416097,0.0,1.808092030515615,4.789023901760123,7.118234981180261,2.415699469624299,7.792311764050192,1.2667785751183274,5.96067281011466,4.502348666571857,1.4319128341236875,0.4930485436633096,7.752472669962987,1.9074811224355315,5.9507623370799445,2.86625550695528,4.440053768289737,0.0
TCGA-95-A4VK,3.4105732901406336,3.847505817396356,3.2348318477722766,3.7940454508541848,4.529930342740664,4.566100821381041,5.315852719637097,1.0825506551207593,3.9926200209831406,3.0092800860992597,6.178562180269728,0.0,4.7165863292662715,3.725876543000058,0.0,0.0,3.652715863196854,1.9939653493273848,1.5901123713142105,6.678399974615632,3.7375648508906947,1.2355296092301535,1.3682067623212346,6.612429400269687,2.7499148518674756,4.087071510922176,2.329499625534927,4.400935480313268,1.851363963047677,5.86571139680053,5.4312210622120345,6.371097184901386,4.103324125002677,7.51323996152825,0.9018266292633327,0.0,0.6811252053326199,0.6811252053326199,5.610672539204701,0.3974329364109001,1.5901123713142105,0.6811252053326199,6.415983636333623,3.652715863196854,1.0825506551207593,1.2355296092301535,8.50403297438612,5.966069813088038,3.600788403577437,3.308873737716613,5.096923076020776,6.0789464383884,5.756615250101126,3.394323812718983,7.192520601852516,6.055785857156932,3.937074577974927,0.3974329364109001,2.175739869468727,2.2808301611910164,1.4853022414499402,2.685477340249818,4.5812104297928595,7.110704286210814,3.7375648508906947,4.93179408655449,4.576199560736542,5.842332088254808,4.1428410324740454,0.3974329364109001,1.7716247868076742,3.2154339082633436,2.894889316124428,4.7593151515133085,7.029406379575944,4.332818007961211,3.307802034062602,0.9018266292633327,6.147546931420768,7.117456890866322,5.383076626090566,2.05829451107838,7.176988207765388,2.229659498479381,5.979743624682278,3.502875124228297,6.190813232736451,0.0
TCGA-95-A4VN,2.845560334695604,5.416891200552079,3.536567083560318,3.360048944976565,3.327346299586275,4.429730494742892,3.104864666729585,5.282817867501085,4.488677941901713,2.544142071818971,6.01456076418561,0.8710841390360758,1.0482659142313713,3.866625978053456,0.7026023393307004,1.5487107853641815,3.040543102087708,1.0482659142313713,0.3806258180945189,6.472551837517682,1.8074687629332349,1.32948588604423,3.8270793074979026,6.102648076068597,3.601814439322189,4.401742248380567,0.0,4.401742248380567,0.3806258180945189,6.277139606856499,5.625882192571356,6.281481391856482,2.282423201170093,5.418945240700281,1.6426018588125324,0.6556529761323648,0.8710841390360758,2.690734478892522,5.512920552540344,1.6426018588125324,0.0,0.3806258180945189,4.865709709705274,3.9766677709215856,3.753870997621376,1.1987290800028825,7.854637289619205,4.833062444324505,3.2935342169416533,5.111330946176919,6.782676065839259,4.59239290306861,4.539409585081805,1.0482659142313713,6.664706170074607,8.576725452117572,2.6368405887454136,0.3806258180945189,3.3105831585735976,3.3438330642725846,2.234006421428748,4.878793901188832,5.083011768071829,8.306496851153783,4.904222373002192,8.141906111265524,1.6426018588125324,6.308830413989458,4.524457837488509,0.0,2.372735960411498,0.0,6.013859399917883,5.55500013723684,7.911730827701057,3.4952704329020445,7.6213225432316465,0.8710841390360758,5.5867391653348175,6.159048875782327,1.880700926857586,2.845560334695604,6.313875891080839,2.3285939121750965,5.793022754683779,2.3285939121750965,5.34635486658449,0.0
TCGA-95-A4VP,5.570498670426761,6.306714971294583,2.9624960177612962,3.2233537838277844,5.314845029153641,5.231552368649573,1.9119100703585168,4.9105497302739,0.0,2.10823548838715,6.128810529923434,6.228179587732268,5.267327090236187,3.885683136856292,0.4912145781168752,0.9448781887260677,3.572224844045852,2.6086202131972915,0.0,7.20608793210445,5.546247184603517,2.718185333360395,4.518333702794559,7.2479847341239045,2.239304447066303,3.3035441256641342,0.0,3.303929954364654,0.0,4.959538471634902,4.149102597457033,5.542149427158874,4.053716993244419,1.5409877507963712,1.743549136923632,1.647388588662574,0.0,0.0,5.722103612932391,0.9448781887260677,3.4300471947662103,2.055955388524516,4.181651589947188,3.527042644860418,1.130337028362351,2.752194670086394,8.62258150668765,5.03393506721723,9.672973153140688,5.504481581327329,4.007156806042213,5.841617924855229,7.368383849374033,0.7170590006062582,6.687691978819719,9.229515351362224,4.197535726537907,1.743549136923632,3.601252433108959,2.055955388524516,1.4219269137485964,6.829362293102318,5.533903190752134,6.068133879034449,4.7007439674100935,2.718185333360395,5.286077767318456,5.985956907869565,4.57932608569014,0.42146968224988,2.7850853135690636,3.244013216578453,5.913559760784423,4.944716264940279,8.237426377160936,3.1807086365626787,6.604695574486033,7.105507173431449,5.846175734685292,3.5573916861510226,3.495743633384075,2.345184706612863,8.31491542753333,2.3941975354957856,7.176483863516831,3.54233229412586,6.025675134360584,1.4219269137485964
TCGA-97-7546,5.368151217645818,6.270349286249388,3.1090029214625714,3.553197178569721,4.297924657636372,5.0697968854210025,3.0365382679462445,3.1765735686342937,1.5375981352110557,1.0185945806820784,5.3899115597090335,0.419959554258617,4.479162419773595,4.662551908226197,0.0,3.6252578458166114,3.791422504441253,1.6439166308503428,0.9422703208331028,5.855418566985242,1.5375981352110557,2.5243116408328627,4.0029198243027535,6.131856725625224,4.496766154642607,5.5254529391317835,3.944031232562209,2.3964669805471708,0.7148108201959716,4.747546100264289,3.8596954922100952,5.686436227985395,5.086064298065,2.3412864405311207,1.283596962881548,1.6439166308503428,0.9422703208331028,1.4558437443920953,5.864349667421018,1.283596962881548,0.0,0.419959554258617,3.913232273968131,4.12817738931408,2.958404168287992,4.297924657636372,8.522598556074788,4.601593798330936,3.553197178569721,5.527530460863171,1.7399923784061722,2.8437168125237435,5.65952402673222,1.283596962881548,4.5533051492396535,6.259430401030238,3.837452464767645,0.9422703208331028,1.908223116355544,3.1090029214625714,2.5243116408328627,4.2243167115818405,6.2351849357443525,6.29569395413527,4.743008540323045,4.040337061390746,4.2243167115818405,4.031113630261507,5.482977852579867,0.9422703208331028,2.235451206808414,0.0,5.026226451209145,6.89457682333621,8.372796123424264,3.2993861155154707,3.594332482991758,3.318467734063159,4.973473260407488,5.964373372766857,3.2398659820656674,0.419959554258617,6.862332090184138,4.9101148979907006,7.998668001923806,3.1090029214625714,6.485787243574948,0.9422703208331028
TCGA-97-7547,3.980096521103689,2.516066112037102,2.7371946780406784,3.1862410566902835,5.651154957255514,4.406374065744747,1.597203374765758,2.8942365023633876,0.36304461444640973,1.2512761494418025,5.280509747898072,0.0,3.4119691572154434,3.352500713121871,0.36304461444640973,1.4021184964667759,3.8947812163849442,1.2881576905513838,1.0118554247418277,5.038185608183261,4.051111677729604,3.3677026437782454,5.608746257320732,7.562940953254963,3.99631819692354,5.2588902320913435,0.0,4.212543807547518,1.0118554247418277,4.066231397875713,6.155013071391092,6.629784564937494,4.2630952837057645,1.7603547977509608,1.9639745718711226,1.9639745718711226,0.8385886162101182,1.0854595020898092,4.7879083226672625,0.0,0.0,1.1595192235716312,3.849230159712225,2.869715432970504,6.865987003545953,1.9005989263453102,8.98857961416221,6.32701850509754,2.869715432970504,5.117286975840282,1.9639745718711226,3.352808636913166,5.226504451043553,0.8385886162101182,5.101426186377893,9.363318936573263,2.4427295708888144,2.40394059929799,1.7603547977509608,0.36304461444640973,1.7603547977509608,2.1330533961284814,4.507837362017494,7.322563272759923,1.8329334018108443,5.090714924165075,2.8187922105124463,4.406374065744747,4.924045646348165,0.36304461444640973,1.8329334018108443,1.0118554247418277,1.9639745718711226,7.39206853540798,7.9536522099782525,2.8942365023633876,6.035438369396596,0.8385886162101182,4.667975956780483,5.0093878496942486,6.457387988697638,0.6288219700033877,7.055407748240798,2.6483355817745524,6.967033111932512,3.091446917006411,6.432320930036415,0.36304461444640973
TCGA-97-7552,4.65555907152122,3.830992977180686,3.540451948967538,3.3144368822910133,4.787899992770011,4.33513809876278,1.6458276992169687,2.6731826657731346,2.2375771283517794,2.072869996296797,5.6402780852866705,1.6458276992169687,2.765129722941378,4.719774842611634,1.472976517255615,2.765129722941378,3.540451948967538,0.38185524246903063,0.38185524246903063,5.827606486079565,1.2015298226747961,1.6458276992169687,1.6458276992169687,6.738273340374381,3.889746721163718,5.066681608301094,3.411051998363913,3.220750067377892,0.0,5.027826671908833,5.361550348339863,5.822113508282414,4.7762116949135995,5.161684024993471,2.6731826657731346,2.8758896183366525,2.2375771283517794,2.2479493768278305,4.833333119102453,0.6575718150460252,0.0,1.8108101799188556,3.779247898176304,3.2074791285325888,1.2015298226747961,1.2015298226747961,8.30843566326473,7.583873282674221,3.108685888530911,5.437196310499153,0.0,2.951587054902859,5.997257734148745,2.1330415485593064,5.148261624340993,8.252948960919475,4.103046589516001,1.3324187881505727,4.756422383556878,0.8734249836446637,2.1330415485593064,4.0638716089384515,5.6079321489993665,8.041100662387036,4.177071356817027,4.304205623869814,1.8840955337631282,4.567800558518087,4.848030086366817,0.0,2.5357502597493298,0.38185524246903063,3.1493799697633382,5.934041980735766,8.471840113691998,3.908589116373842,5.723483789630919,1.8108101799188556,4.955157819626969,6.745415157026753,5.286796252660893,1.5518723568996897,7.048812034898237,4.642196184824538,7.134675688977843,2.6731826657731346,7.044512712336997,8.189563741854862
TCGA-97-7553,6.46060217648405,5.491158399132142,3.9052964326784396,3.4018738194931575,3.8403014143699368,4.796608392886637,3.1494528609047383,1.024570980958931,0.8498944862344695,1.756995476791715,5.616447408921385,0.8498944862344695,2.9603693097079633,4.52264799025639,2.2032287384539107,2.249490176659867,3.717998839437657,1.1731939581333521,0.36914684543405274,6.177620410211883,1.024570980958931,2.936969043272947,4.853926901664601,6.898973834714791,4.330816231587594,4.588325100849285,2.150587094484863,3.540521547067538,0.6381100446300367,4.914704254931972,5.325353572240914,5.853210592148052,5.0775958796662035,2.46088714394378,2.8632974223652434,0.36914684543405274,1.6130713036665212,1.9969562700408923,5.083148185260606,1.1731939581333521,0.6381100446300367,2.3394761715777945,3.877957302349326,2.0408306425521805,3.356231395992192,3.591013009847814,8.304596327752593,5.678608246107481,3.2581773039905926,6.104596784548938,1.7768319393103646,3.760450997965626,5.178147735236502,1.9175253716625316,5.888467901972093,10.771958948834232,4.136961744428284,1.3025866120464054,4.55132416247401,0.36914684543405274,3.6153324784184253,3.745481880087939,6.272993980836484,7.3136736176991235,4.371111025589547,6.07115103749752,2.3394761715777945,5.926104355158054,4.857398640863835,0.0,2.8884643844598723,2.3394761715777945,7.786692992474782,6.376141742685848,8.626711053322092,3.750005126853978,5.510084450559749,1.4171387444148718,5.020314961260606,5.307822053562282,4.382332837788923,1.5198851269817877,6.79911940519039,3.1684158673695193,7.025716076615701,3.459661239335692,6.104369035313258,1.024570980958931
TCGA-97-7554,2.9449125512240166,6.414777759296565,3.7616883685717477,3.481726125047351,4.357202294657833,4.942142297650955,2.7085167589138526,5.447237246707961,3.2391606888107725,1.2531343281042806,4.80648521927458,0.40566508811083063,2.56541078944696,3.8182023157823908,0.0,0.40566508811083063,4.127626199568371,0.6933971493151526,0.0,6.670631964545439,3.401680598227557,3.5700199017212824,1.7921760491132712,5.371135578747427,4.220000230924208,3.9801731218968253,0.0,3.5268457010167014,0.6933971493151526,5.4852947348781855,6.743940215748176,4.516833931736046,2.079878946004615,1.5044773167976009,1.5044773167976009,0.0,0.0,2.1556847326305686,5.333216254052295,0.40566508811083063,0.0,0.0,4.73668955585166,3.2391606888107725,3.9801731218968253,4.205185035447711,8.313862071271718,4.890845245736609,3.892309974118126,4.5384565008957125,2.25174432777867,1.2531343281042806,5.743503062851134,3.8506368437137977,6.842115351519243,6.927567710151827,3.5268457010167014,1.2531343281042806,1.9463386286733806,2.398349714978425,2.01534292377065,3.3146695241217903,3.4182118118212848,7.1613426776630895,2.1405131224187777,1.8722328533779318,0.9166106806850751,5.470664342194787,4.691843172396752,0.40566508811083063,2.3030349917744104,0.0,6.307686699196099,6.608499825910891,7.531246868505033,2.6746175050138095,7.304051817249015,1.09894556645823,4.1356592353563135,6.736279889283979,2.1405131224187777,0.6933971493151526,6.481310631288139,1.7921760491132712,5.922076954871901,2.803832996478926,5.276976256393785,1.9463386286733806
TCGA-97-7937,2.0579752813132397,7.601402334583733,2.989870124685416,2.7891508105387595,3.1569578670532112,4.141104094625107,4.403730639480154,4.474854189859826,2.628761653422967,0.33775712508408734,5.961074924831033,0.0,2.83736354358126,4.607533391417193,0.0,0.0,4.081872103476625,1.9496887155586626,2.8135447077828384,5.665270310422836,3.871342667540783,3.8961395282205675,0.0,6.84365399557555,2.9694550311006367,3.593348249885513,3.1739119311806103,4.311114511887573,0.9582384924819115,4.930184169698629,5.256661691279204,3.1221666669501675,1.689985108216724,4.068219590962325,0.9582384924819115,4.37885285355455,0.7908635540660146,1.2292311105400306,5.800455361916462,0.0,0.33775712508408734,1.226888228896677,4.642976437723846,1.612971661382239,5.512157777536102,4.997529790917776,8.11279151766127,2.8135447077828384,2.8135447077828384,5.18953433408888,0.9582384924819115,3.357663379638427,6.207341762430146,5.4468106448438345,5.924902646985761,8.702822604549374,4.075069995477404,1.226888228896677,2.2011501953386916,2.9273356528456382,1.7615064260570341,1.3382589120813337,6.169397320599419,7.399636586997185,0.5897292213614567,4.829481055720974,5.303702838824375,4.941728133221759,4.677202433887467,1.3382589120813337,1.689985108216724,0.7908635540660146,4.731758783087665,5.695431031567142,5.474138675767833,1.7615064260570341,7.394806518457089,1.1015413281739896,5.645591763474765,2.7641406374497532,0.9582384924819115,0.9582384924819115,7.823241687474948,1.612971661382239,7.24848984751837,4.081872103476625,5.355033182455969,1.1015413281739896
TCGA-97-7938,4.491077208684355,6.113139997479709,3.0416421030631886,4.117784357844593,3.317312022673945,4.746661067668559,2.4223129030169273,3.4407866166465144,0.0,0.7360150807871211,5.230397133864055,0.4726251899506871,2.6165779802356237,4.297388802233783,0.4726251899506871,1.3915554970413615,3.550677169839515,1.6543347933163828,0.0,4.720086895431335,1.8622334655301376,2.740936793436429,4.067346711277004,6.3299365685402655,4.941449546867117,5.01226729499138,0.0,4.449592989169112,2.0342480268060408,6.517814541821616,5.720075683165778,6.146031568824355,4.14686743370315,4.928412433838423,1.2287337072673952,0.0,0.7923135520544441,1.4020200615813732,4.477440218222764,0.4726251899506871,0.0,1.3915554970413615,4.491077208684355,2.701179988477559,6.103734636585798,3.8090773494260404,7.973331158871883,5.837712954301571,3.768062561667898,4.653264870272206,1.9519348213590964,3.317312022673945,5.218657085740024,1.8622334655301376,4.827249170852464,7.511081685343693,3.98095187486701,1.0341448761133745,2.180982271234797,4.368759007672978,2.110310165342302,2.0342480268060408,5.171772936723074,6.033838936040263,5.01226729499138,7.55251546408922,1.7636685890615293,3.969606773236712,4.3455299080981575,0.0,1.7636685890615293,0.7923135520544441,7.511081685343693,7.748296076034751,8.820194325577132,2.4745279772096125,4.925832385734464,2.110310165342302,5.188770321816367,3.680612879946559,4.46361353408481,0.0,7.296223420245354,2.3089050797388633,7.238453736517108,2.6597769033343233,5.874309751567444,1.5315628537111345
TCGA-97-7941,5.4052461518279555,4.499275083019484,3.3150510849281334,3.5450090836942345,3.176627814069867,4.588653533956871,2.657591645942209,4.10292266487194,2.8049470003478416,1.800999977259505,6.0669406900319425,0.0,3.4469798526505775,4.352345474946965,0.0,2.58712473317333,1.7667663948368904,1.1830147097344585,0.830209830948285,6.109169801961739,2.0938620643410664,2.680021028380707,3.2791615657415627,6.909863056058501,3.6923434475550985,4.6585024003648625,0.0,4.163732244649844,0.830209830948285,4.608192613847847,6.014226027970501,5.69796894210847,4.670695719868289,3.176627814069867,2.6346547955254334,1.8716175444734582,3.6427857761556477,1.3638442322822988,4.541521935108992,1.9665247715241372,0.0,2.339919412640736,4.0592215752427645,2.2067897955391786,2.5113213559594514,2.0938620643410664,8.222392508337796,8.680914497769159,2.8983123698464075,5.559792774561185,0.4988947328980257,4.1857197373132315,6.046885062788482,2.010787898362788,5.73522300049052,8.154646758256922,3.7623622308737397,1.3638442322822988,3.7992416902867565,2.010787898362788,0.28027974268501893,1.5169058700299523,6.699399349840652,7.755672947248747,4.025146312503627,5.705530945190318,3.394108984899297,4.787775035984071,4.55521599460177,0.28027974268501893,3.4759120744855676,0.9621432520562443,3.241931977236432,6.6670089539186455,8.182693408229124,3.338285980491072,6.885654853769177,3.303231679076174,5.415366799850669,5.646795810772267,7.225081101523602,0.830209830948285,7.505426265958232,4.6646176446315115,6.2621803784145245,2.765010076716231,6.023023774349052,4.139655665598763
TCGA-97-8171,0.9877552130824594,4.315699848877085,3.3408598019785187,3.6171390616456205,1.1777006949870734,3.9206120140629426,0.8772588009003968,5.181452034672697,0.0,0.6111776176926946,6.424291871971958,0.0,8.249287602128032,4.509484935853683,0.0,0.0,5.224697736674273,1.0872142437157404,0.44577497151166307,5.485356942631365,1.4084227131928917,1.8009669499789682,0.24756295585495333,7.1471500608023915,3.632113316264876,4.465252731521554,0.0,4.021746987305515,0.6111776176926946,5.422877386483444,3.2024293194892595,5.8122780708095,1.2606461005153426,0.9877552130824594,0.44577497151166307,0.0,0.44577497151166307,2.228744777324823,5.858241678313659,0.0,0.0,0.44577497151166307,1.931231514514649,1.931231514514649,0.8772588009003968,4.079872004832088,8.400744764772917,9.989481745702989,2.182009411529739,4.249800104631483,0.7530185775973356,6.215905256748441,4.377524013070177,0.24756295585495333,5.283406753812282,9.471319061593414,3.4265759378012386,1.931231514514649,6.828608170140214,2.7109127667156865,0.44577497151166307,0.7530185775973356,6.882170768769303,7.216121942626751,4.121726238963318,0.6111776176926946,2.6920630854747603,5.019000210427883,5.248596519427551,0.7530185775973356,1.0872142437157404,0.0,1.6511363227897762,7.1912636536622045,9.154211192998154,1.703620183661356,1.3246317007277837,0.0,6.257656093563706,1.8009669499789682,0.8772588009003968,0.8772588009003968,7.504655841416223,5.998015542404869,7.640762391428455,3.5055213603010484,4.509979998984343,1.6511363227897762
TCGA-97-8172,5.938609507515213,5.918175854637604,3.9875775022889335,3.873332071916845,5.518311965110555,4.820668587476603,2.0973674089631555,0.842902500644782,4.495888659872733,2.874772948828073,6.909154299895844,0.0,6.5259998615304236,4.441292686993734,1.2112859976201606,0.842902500644782,2.557839527026146,1.3637419566493791,1.8393425559662127,5.903114092135304,3.7629334962420318,3.303121380497811,3.911116594762085,6.19767758266215,4.103297696369895,4.329251980456553,0.0,3.9598126692639943,0.0,3.456190489956195,4.839688795323807,5.770384490323782,5.856517867723178,3.0371860684463514,2.1293501278012528,0.42474472284012066,2.1603300454131746,2.0497938604886747,5.335940650644479,1.218348970270443,0.23475586664237577,1.6551566980790462,4.0401505736579315,2.691941144169024,1.8805331812814825,2.1293501278012528,8.550902591298613,8.295094094469619,4.054020707498502,5.952461210326745,1.6551566980790462,4.666914181072443,5.001648365688553,4.054020707498502,5.39410924849707,8.57880556054376,4.486993447841052,1.7963821017134987,2.064340594144596,1.218348970270443,2.219551249664481,2.871930536799211,6.611401045137131,6.353842945385228,2.0301856440734216,0.9507694502903974,4.935423122795387,4.370245003012514,6.274328782398126,0.42474472284012066,2.0214680899043342,0.42474472284012066,7.658586290881634,7.230555912253458,8.778387541030915,4.286507808104334,6.446671747110961,5.643876761030003,6.1598287347498095,4.920090408885731,5.565998241989977,1.218348970270443,8.30580774189282,3.5440501945457434,6.8521992277321075,3.439350217144676,6.977010782644906,4.300960278250691
TCGA-97-8174,7.413765326450224,3.505689520389849,3.764914140389934,3.392677860046413,3.082194333029711,5.021054162033466,3.7521476374640215,0.7396012849318295,0.24200455895512835,2.0336070053360364,6.403774508997042,0.0,7.187876338885038,4.19615177236056,1.0953737168175914,1.455167225406266,2.8735476902836026,1.2423951219232126,0.4366407255766141,6.998728796316787,4.4995218511365165,1.9491762381462763,3.0946722214088944,6.841807765681145,4.200263421976847,5.152857974486649,0.0,3.5219980818078596,0.4366407255766141,4.4431958140742704,2.5684585775553095,6.474595694696112,5.1701259764116765,11.323161078911669,2.503433954401884,0.0,0.4366407255766141,2.0158892007733162,4.651643382345161,0.5995505318223611,0.0,2.0597744052043603,4.799560290674848,5.8050837627862,4.183711357479309,4.030708744636164,9.104277387422623,4.145433669098133,10.15783903097453,6.5308236904112364,0.9717632809979795,5.369264992922836,4.993590859486997,0.4366407255766141,6.177958636766722,8.070036961205838,4.43023567764414,1.6827441347008303,2.4338852482587976,0.4366407255766141,1.6305142380360165,2.826034697945407,4.902292558259224,5.847862616405692,5.937723522629748,1.7796531492330072,6.219129859832729,3.873028506686455,4.359296501410646,0.0,2.3060092239607393,5.040731168916978,3.9175656167400335,6.133241848586355,8.175812126186043,3.9910319481815746,5.525815423227282,1.1600522642677986,5.923908143406992,5.699968544194221,1.9874084862328718,1.6305142380360165,8.368203504059847,2.8735476902836026,7.744032636085875,3.2441146297318264,5.695642770295787,1.6305142380360165
TCGA-97-8175,3.442368115365832,4.917437548198184,3.6523503154220416,3.3851255861500227,2.833213344056216,4.83248104201358,2.4366613371600057,6.78342372349674,0.0,1.7086857838901581,5.650606707774216,0.0,2.7252940018367218,4.724303420826288,0.0,2.7698662697266725,4.211161205145486,0.5280956349309447,0.2984736335299796,6.079534946468748,3.6964581630124846,3.48591223476942,2.373891286686715,5.39579791666659,3.3851255861500227,4.363928853301682,0.0,3.919818541129321,0.0,4.195566023801596,5.269871594658336,6.254413256139087,2.0739892046681017,6.168610232157873,0.2984736335299796,0.0,0.2984736335299796,1.7908924267887039,5.445050605047433,0.2984736335299796,0.0,1.2339586998161927,5.8664680569332965,2.3069256590924656,0.714664024022195,1.9825037880955871,7.856269221572054,3.840853481035803,4.108018973175193,3.311812280526284,6.382845943702673,4.549289543685572,3.8630155176456484,4.949993172126694,6.312839461957178,6.692784489481938,3.755114192111965,1.7697864884176475,1.7086857838901581,2.604295802355222,1.1271997455200222,2.3069256590924656,5.768186611764643,9.410215296351039,4.136209212987366,7.684264268285111,1.6436267561707985,5.144204186017671,4.894266258270754,0.0,0.2984736335299796,0.0,5.109104116496235,5.090007007472692,6.697946177411143,3.2188758248682006,7.168680046332155,2.7478284511106223,5.18592664121901,6.528147958043258,3.1467738393772158,1.330411603872217,5.653099520289071,2.0292923294227725,5.657965386513056,2.5514821573593056,4.977788358531252,4.061192729436965
TCGA-97-8176,2.9359079564083252,4.131089456653719,3.161056015884108,3.026377863668378,2.2944823542908597,6.185414069642718,6.249442281728428,4.186823465014364,1.3795466464125088,0.7835361802876261,5.597647585174268,0.0,4.020068114338678,4.433748212335057,0.466622921086258,1.6413822166166054,2.4598537639736904,1.6413822166166054,1.0238528222868213,5.73722369817491,2.0962249097141816,3.6496447408626542,2.64486898063741,6.787811159866131,3.3654700262898114,4.159345476439513,0.0,2.166765369851511,1.0238528222868213,5.458244189438334,5.152395239134088,5.814655766999248,1.7503991353847412,7.059170793080209,0.466622921086258,0.0,1.0238528222868213,1.7503991353847412,6.083676751319348,0.0,0.0,2.966982943601335,7.378827087521183,3.026377863668378,4.863202002016521,1.3795466464125088,8.04150624266208,5.000349240227756,9.829867922662364,3.3447152097073483,6.94906995211635,4.762772046491581,8.234907200560551,2.64486898063741,6.874462162861654,7.9713585063604135,3.2570960376878983,2.0962249097141816,3.301863116074232,2.3526981912240053,2.5566379904653487,5.314043067009519,4.9081151851057845,9.50978548776032,3.161056015884108,3.7662547612818935,2.509420384592077,6.961542461045094,4.041193402720573,0.0,2.6017262585347205,7.948731392641781,2.8706961225361676,4.041193402720573,6.96379528986481,3.3447152097073483,6.520115845285932,1.217431824010092,5.619364096573651,6.106461482968045,5.604149967037137,0.7835361802876261,6.29983304736566,2.2326667934305933,6.0768758947330594,2.4598537639736904,4.717310665658285,3.1355333455983567
TCGA-97-8177,4.419734184341748,6.6945682466207606,4.134683239963616,3.2066048433871024,4.263452817682339,4.956812487398749,3.2340363215803536,5.489231071556469,2.2602202422162763,2.2971402969580885,6.347329663224663,1.1185456263755598,4.156433209868752,4.328923809335433,0.0,1.2248924545784394,2.0181909427305906,1.3210355806578362,0.5228332428902677,6.147805683275976,1.563917397132291,2.295419481209134,4.768631671140689,7.7080828182805305,3.2994931366559386,4.3424135445508245,4.4837785220576825,2.36230577696998,1.4087161045546208,4.836281906951478,4.783107144464222,5.104762956820954,2.394142786474411,4.31065146347732,0.9995283304442107,1.9714804251668434,1.1185456263755598,1.173132080774258,5.624374843056936,2.9185109985599693,0.0,2.880708552485208,5.267827230750001,2.899788393003755,5.0858293429218016,3.072896997649041,8.574185813735754,6.826190496874119,4.024370852727923,5.307737854088727,2.0181909427305906,4.36449764570207,5.993275406511945,2.0181909427305906,6.295016892923921,10.572997563329919,4.101143066597999,2.4839895627255166,3.900361270958874,5.723405347235378,2.861257579017224,2.3294217469476055,6.315715984455073,7.761106211082418,3.7825018467701432,4.753943576934099,2.617833693163632,5.200086926932624,6.068367716199186,0.864407789994475,1.8166309276131818,1.2248924545784394,7.851135748046385,6.636833301518936,8.624846875751802,3.5650352742788574,5.218630012395625,1.698236025592899,4.961634107663192,3.75876925657135,4.88677130687387,2.3294217469476055,7.6303253302152525,4.771548657860941,7.459672940803345,2.735866385543319,6.182925462441577,3.5552709156566076
TCGA-97-8179,4.7918074168496485,5.27312262791348,3.205624411432376,2.7809226484045864,1.502387080106744,4.339502671793475,4.192561120474501,6.4271112408341375,0.574419949291144,1.8613943568007896,5.97826785251359,0.0,2.5672160174150735,3.820466770746717,0.0,1.312728549662802,3.442588814021905,1.7991653114886481,3.5258927681763494,6.8558196730935554,5.3894506534496625,3.391672160437084,2.7060281581505716,6.131359089387037,3.442588814021905,4.174816408571693,0.0,4.23839439986993,0.32786386208461277,5.238710663975975,1.412059569005917,5.8794597850277395,3.8033102104888985,5.930235211238854,0.7720045706374398,0.0,0.7720045706374398,3.580765150259489,6.6772975441232125,0.0,0.0,0.0,4.65762031098901,3.4300990100834774,1.312728549662802,3.310079402293369,9.171310520607632,5.600985337401535,10.84007294749974,3.6839875080335083,7.8905600793145965,4.489612297853717,4.85723544343733,0.32786386208461277,6.4646755273002015,5.832814594047326,4.061185838030033,0.9369557323177389,3.1897723989271287,4.260546617344498,0.574419949291144,1.8613943568007896,5.373383094193223,5.810976308758316,3.205624411432376,1.8613943568007896,2.405980679442266,5.827114530428135,3.1406418138496,0.32786386208461277,2.027727105993157,1.412059569005917,4.398465768625654,5.688766970778746,7.026728716939584,3.0156525409891217,7.113158395219413,2.0775522581070285,5.405268616317215,2.1703100536842266,1.6617456920574454,0.9369557323177389,7.3535494601447295,1.412059569005917,7.067899390831388,3.8456630932311544,4.500873548655421,1.412059569005917
TCGA-97-8547,2.3216325332474743,7.465088463760008,3.7991588522094037,3.1772535101771764,3.208700228644694,4.888520389428632,3.4048274516450556,3.1772535101771764,3.631499250974677,1.9736920614962266,6.095344717595373,0.0,3.5468895316333193,4.797986479874687,0.5687171021817683,2.924161081052239,2.5844879981817863,0.9290489979728178,1.4021923162726633,5.9099643194347,3.865511942134133,3.524570688520619,6.005029624016276,6.24417660935447,2.924161081052239,4.32154254985666,0.0,5.302971519157838,1.4021923162726633,3.849332375886746,5.263073535107459,5.814094710287961,0.0,3.2687663358149655,2.3941062854615036,3.6712601416503863,1.193346545084636,1.193346545084636,5.252142529427424,6.423443372815383,2.3216325332474743,3.076519319523648,4.662929530344235,2.3216325332474743,6.355275717504881,1.4021923162726633,8.383842353919228,7.404035631306092,2.693849851701069,4.179702350565074,2.4616721403150863,5.215375878133042,6.82629139524947,3.14479000631524,7.35823199291965,6.270597050930949,4.691439621140267,2.2435036548569465,2.792428113566038,4.269342141830351,1.8503742294879708,2.3216325332474743,4.143901099319434,7.264107170745134,3.2975021453233904,2.0661409800655366,2.5844879981817863,5.4315799730528065,5.414677167664232,0.0,1.5748671713839053,4.155977303166625,4.759349436835766,6.9084220566365016,7.432537060937022,3.352602198482695,7.4233236381772,0.9290489979728178,5.424853096485156,5.499611958255535,2.9644840951197247,0.9290489979728178,7.35823199291965,1.193346545084636,6.267695682109487,3.0405478829680117,4.43590028457885,2.3941062854615036
TCGA-97-8552,5.272496868133517,6.685099108878408,3.410100960240802,3.674136306039724,4.58446939546405,3.870183827085122,3.106445935523067,3.9318256327243257,0.0,2.2841257630698304,7.254934278818404,0.7972819452919528,4.739832189231487,4.559253988018615,0.0,3.52420526253005,3.542019631278081,1.7712165679967256,1.3984205409177313,5.4523980439251805,4.264396712295062,3.7629009939610656,5.769919717157469,6.671268096076309,3.7341802040190997,5.272496868133517,0.0,4.62114195549779,0.0,4.012199507275515,4.766123390377786,6.208050645244453,5.224433984556671,3.4687812609856867,1.235180731450129,1.5386935079083426,1.6617077298677816,1.5386935079083426,5.240714736411578,7.0594457922225695,0.7972819452919528,1.3984205409177313,4.106867488702392,2.4828712464259297,3.0503151513242828,3.106445935523067,8.759722028049618,7.224716988498898,2.4828712464259297,4.816734961251687,0.7972819452919528,5.731128474468225,5.680421724742847,2.7494544260934046,5.814566257778247,9.106106998632505,4.3145571558063684,0.4761099476774964,2.7096755461796507,0.0,2.189057988003159,2.9276086670039208,6.246579521931674,6.5071314330299925,6.060148370844597,2.430617644666245,4.539915675257801,4.734486457458148,6.467206368891587,0.0,2.7877174536859197,0.0,7.3630322513686,6.747844709459753,7.9936132426104844,3.8952979176454736,6.542542563201695,2.189057988003159,6.161568016130688,5.094945804805774,3.4687812609856867,0.4761099476774964,7.533640232482915,4.533386280329228,7.453208390868178,4.220583596785343,6.262632254996989,2.625023601603618
TCGA-97-A4LX,3.8258309290837005,6.534631506044636,3.9602320483984044,3.0962877635437485,5.2315470234141825,4.789290124723426,2.946347682748047,6.580823586292603,2.188116558305492,3.3908439695826638,6.258416349636173,0.0,2.797092292572547,5.09305670886306,0.6428008061232069,1.2918463095761756,4.448081193545291,1.405949918778332,2.6530518056830825,6.403039286683376,1.16302580199253,3.416873861047163,3.7867137184622908,6.332081752891818,3.854194720215636,3.3726024147820426,0.0,4.017263713909379,0.0,5.3737772815578975,5.0375303575589,5.261658568884986,2.6530518056830825,1.2918463095761756,2.5890789598090174,4.697366431618813,1.6862322730131296,2.059876386184996,5.657745516933221,0.631165388204064,0.36457366673208774,2.9229680135991525,4.587211896854189,3.0962877635437485,6.764235886223539,2.4085564220673703,8.595379407644685,3.6246768765410065,2.621576861162866,3.854194720215636,3.714347375830596,4.796979920654355,5.243237966530973,1.16302580199253,6.506776094058259,8.021604231225648,4.204492599388299,2.282198695337101,2.7698976044282904,3.0133806212710144,0.8414378669720876,3.985074562629178,5.250182237796055,7.357250031596332,3.9086192191144984,4.400647191050414,0.8414378669720876,5.72885875347467,4.8901461000941415,0.36457366673208774,2.8493587729161707,1.2918463095761756,6.209915103528038,5.731712118824902,8.109609841416955,4.478498639298295,7.716612236370786,1.2918463095761756,5.60736334686295,4.078692708533878,2.188116558305492,2.4085564220673703,7.655243853749839,3.714347375830596,6.405950511337187,3.243958605235664,6.509707593651835,1.6012444374055725
TCGA-97-A4M0,3.0479926002150757,5.545247754507755,4.121881905215189,2.441712051200726,3.8614199990527855,3.0479926002150757,3.6120011095583515,5.414053865030634,1.4335118607290014,3.190031807107353,6.892012001366178,0.0,2.804020768863006,3.329203583323586,1.012255243011579,1.0384375656320395,3.1310408360761928,1.1881482539789647,1.1881482539789647,4.945911866975738,1.4335118607290014,3.5352298987028608,6.020013130512398,6.807129094228563,2.169682074329818,4.285296822668438,0.0,4.577378551385633,1.7159577558117731,5.482749195151349,4.94914988524227,5.648435360598403,2.3589937814156703,0.37583030297847364,1.3183366679366635,0.8622990633052576,1.4335118607290014,1.4740304754239775,5.346831302093665,4.129251497219443,0.37583030297847364,5.480851400767064,3.944271391378063,2.3589937814156703,3.8898080708569887,0.0,8.683742687257412,2.554222802347328,1.4335118607290014,3.5218415056842165,1.7947882112880646,5.604068947666098,3.995921040996008,1.5367811943938268,5.505258362523547,6.009986943493466,3.6832989118126784,0.37583030297847364,4.468463471647,0.37583030297847364,2.2204744152101714,5.620484195578454,6.422446318427425,6.893137964683702,4.114457598852658,1.6303771484477563,1.7947882112880646,4.600560578051161,4.990330540755892,0.8622990633052576,1.0384375656320395,0.0,5.5664075145042435,8.026418530121767,8.178113959533997,4.1932422386521795,7.307410207305162,3.5996082529166364,6.1251296807887705,4.012561312906625,1.4335118607290014,2.4012079615991295,8.044440186097514,2.518107678376891,7.000990580441656,2.7174921519270647,5.663588754952206,0.8622990633052576
TCGA-97-A4M1,6.354641308348807,6.0802146200227725,3.91097445589217,4.145726602671603,1.9964946208589096,4.838707534166316,3.445134519082556,3.901125846474688,0.9035701674647747,1.3703936115882136,6.881944015935588,0.0,4.934704122462433,4.013349595738471,0.6825916666204287,5.590109730167625,2.7209532640577176,1.927702534763604,1.237620323738154,5.999802192143515,2.3785734389933837,3.740427715994513,5.093854489846999,6.8415032906978235,3.380640870266755,4.1222045112260775,4.397827392612816,4.147275348521015,1.0844795570910524,4.553660025981629,4.161105611712769,5.416900082374984,5.556650439748087,0.6825916666204287,1.8538261879775881,1.237620323738154,2.42294258965778,0.0,4.898861665727894,1.0844795570910524,0.0,2.33214389523559,3.774699288164815,0.9035701674647747,1.5924545073936869,1.237620323738154,9.037724759739854,5.665775957401979,4.8878573044013605,4.574064377749587,1.8538261879775881,6.176233107544989,6.501586923653602,2.8702937593554703,5.582770481523039,9.136460220023315,4.846428666727472,0.3984404931711999,1.8538261879775881,0.6825916666204287,1.4875640206241731,2.6193209858365636,6.503055378028287,5.7424164772669695,4.89520947801355,2.1783361986540504,4.262610860575227,4.205875501599427,5.977717994715258,0.6825916666204287,2.9463949597254806,0.3984404931711999,6.579308154833273,6.86221278541683,8.935274381035635,2.842155595622786,5.956313939824959,4.415733375708536,6.477041591262575,2.842155595622786,3.9681102902586276,1.4875640206241731,7.316654483824584,3.3467658347741014,7.238561493976723,4.039541607403298,4.93730445579322,5.323556171411663
TCGA-97-A4M2,6.690056875903823,5.778314642540477,3.942973072421612,3.758925437550456,4.232810012340353,5.116093804952396,3.895151478257898,2.6731688592440266,0.6746267309225663,2.745930272406924,6.594972810807744,1.0738071697491385,5.437109273373412,4.886476979466467,2.5791101568498176,0.8940042222949149,4.1142190823587645,1.840232122678833,0.6746267309225663,6.339371161354858,4.1142190823587645,3.222142483524281,4.417369646945878,7.372947351230651,3.4900595448898297,4.411541746640632,0.0,2.882406788241868,0.0,4.411541746640632,4.803118998667745,6.180258860343009,5.441291535499143,4.44601265946345,2.4082325674752503,0.6746267309225663,1.7606815136571936,1.1754498653926977,5.245976154865847,1.9139181031617623,0.6746267309225663,1.358357742426868,4.1142190823587645,2.3175820739999535,3.6648223895201446,2.568090572521754,8.60279273891013,4.621653585246445,3.8551774838087915,5.183142177501819,3.6524099529039575,6.46803873040814,5.776822257451136,1.9825588761676562,6.010040932680917,8.136728941068947,4.7420235547348994,0.0,4.592814163778507,0.39312258490977786,1.579617676021621,6.513385885129022,7.216430446312878,6.141639476961896,5.669815403592792,3.7246663939944216,3.8551774838087915,4.479334817140879,5.273507122039303,1.2261842926911553,3.5190159722420105,2.826958529305305,5.283330624239714,6.669487937522081,8.866399716009806,3.9049017090805247,6.4262457095502,2.909024486839806,6.151947279963703,4.522104831383192,2.1071175045300756,3.0089149983508054,7.321115802770221,3.1422193773387295,7.758239486141868,3.259825811197155,5.926859357081423,2.1640354155287698
TCGA-97-A4M3,4.549404801432157,4.071810909067378,2.3618440768689672,2.7188516547960657,2.6497994261471605,4.522299316164828,2.089565124850687,2.6134024684979464,0.0,0.5674705724719434,6.073928935528873,0.4093243184338849,6.462019586799031,3.913306181805092,0.6989304253156726,0.9232663456105803,3.7840623530911275,1.2610428809309326,0.6989304253156726,6.433982957127162,4.765058658866346,4.114019730415322,2.7834359280080996,7.16187022658997,2.8731125600060805,3.8614704892282496,0.0,3.877828997198112,0.0,3.229981923208305,4.348707671881026,6.31690833620276,3.8614704892282496,3.0067216683535927,1.8816001732278445,0.0,0.0,0.9232663456105803,4.931462208192078,0.0,0.0,2.495516828900016,6.2863071715068735,3.952924996748572,5.918259244348707,0.6989304253156726,9.433059833376976,5.492155683469657,7.931281168274735,3.829026105087947,7.0272701474832795,5.114406547545647,4.707383755200045,3.055542446149623,5.757733899748674,5.793818162692291,3.8720548129818106,1.5130811851899943,1.955832190965213,0.9232663456105803,0.4093243184338849,6.121898334603571,5.987888159450827,6.263447785174884,4.882854951483345,2.8731125600060805,4.342148205272681,3.795495930722504,3.795495930722504,0.4093243184338849,2.6134024684979464,0.0,1.955832190965213,5.341812584819685,9.39548294595684,2.575630571192811,6.651486598636092,3.6748337737530523,5.570277748342796,2.150284367612048,1.8816001732278445,0.6989304253156726,7.631528653083843,4.208595441225374,7.309326147706626,2.3130006621417465,4.333890194280492,1.1063489500398316
TCGA-97-A4M5,5.981138920840299,5.528786023647314,3.758312228829273,3.1618016427747766,4.007698573015678,4.9799836282300785,3.7680325354180244,2.041246302548293,0.0,1.5254474225124666,6.562280238462275,0.81372630351833,3.369259418126215,4.511227570641071,1.7073265832532112,2.7508925533246837,2.6959168892789367,1.470198833342108,0.6084059521048547,6.690346502368508,4.511227570641071,3.4783744488456927,4.501985080187265,6.404292482952713,3.528772319781008,4.6485552929274965,0.0,4.207140367478508,2.3236320438376894,3.8000137692651466,5.760739201492027,6.032676065753863,5.205779839387398,5.943415982885321,2.475512664146131,0.9839493803479699,2.041246302548293,0.9075324902002555,4.684009092460543,2.4024575769164924,0.0,2.803002741203504,4.022805595039785,3.230333929350294,5.380265949195204,2.57597298874011,8.239886442003902,4.302229625980545,9.280062310962158,4.501985080187265,4.547367329245297,4.851123603026819,5.208075322021911,4.081051600999475,6.9994772105350815,8.20261942349614,4.115804312463339,2.1923683605350464,3.644658460368474,2.543592137797192,1.795934076749355,2.9879117730011964,6.06139397988446,7.843683918704615,4.547367329245297,3.143906558830444,3.877843484087994,5.358819627937564,5.104338122196612,0.3498114439173297,4.492187360864559,6.0525690537612675,4.941849544015327,5.922323450350493,8.016835916124299,3.2467594383564724,6.741410215631217,5.038678385120899,5.602491445173582,5.447409559490549,4.052353481809388,1.5620947009235797,7.115159616143555,3.7966368449700165,6.376900402242308,2.8997278528201895,5.3285458474174066,5.3389121352544615
TCGA-97-A4M6,5.117083218311037,6.228954692129113,4.070173105473096,3.1521888641528912,5.617240078586917,4.464686683350929,4.173824034385215,3.761969587016418,1.7171795908723197,3.2106178212212084,6.696803356815712,0.6490907943630254,3.9973783452782277,4.793332982807033,0.0,2.688289572924055,2.9102560812015397,1.6315711550685625,0.863143087663263,5.363402613203971,2.590452148335437,2.4820024366406104,3.049405733099767,7.329552948377861,3.346843267390166,4.130711849250055,0.0,4.335792887584048,1.434655861997769,5.719741122011767,5.437635732296759,5.350478034658217,4.5599060480752005,5.154701005435678,2.402557116770975,3.4389490676051917,1.1891839868524967,0.7933092074589263,5.586892789843099,0.6490907943630254,0.3763108906778131,2.4820024366406104,5.180732436267487,1.8691216644590203,2.31625128375786,2.1709946726064486,9.296426320889312,3.6972815573780804,2.656728836145246,5.868485849847575,1.6315711550685625,5.460232113564329,5.361259301319632,4.2285621776752045,6.271281394611599,8.580348256018976,4.789539644399346,2.221797941624383,5.114340440385917,1.7960336552006604,2.0609210920424568,5.429652599378058,6.643331294747512,7.5626448824243475,3.6847459228323296,1.7960336552006604,2.2701445425017055,4.900894830083057,5.578298613610979,0.0,0.3763108906778131,1.3194331446126741,7.932415993522127,7.448892819386072,7.742662404579914,3.891260958035659,6.512424148229426,3.2803621929217264,5.623862259480152,3.6497305383831584,3.049405733099767,1.7960336552006604,7.41371106430981,3.393957906450686,6.445919799388244,3.6615390893193687,6.4319605134295355,2.6241394666937183
TCGA-97-A4M7,4.3163528026480575,7.36997242207325,3.8405742636159768,3.053892685226402,4.085039739650293,4.409404662696681,4.49452908588634,4.245033542991279,2.0637947668536434,2.8316474127431546,6.231539942293351,1.4901812915841628,2.3872938209209997,4.232635858509835,0.5027128036554402,2.2153918812916684,3.1504427966397635,1.6672161341534546,2.4632913806487693,6.660541858632531,4.607860563674309,3.4904468079057156,5.958179184858941,6.673118432056634,3.802951166879084,4.743888105299914,0.0,4.812558269197766,0.3574646320529814,4.42496279277454,4.988260160741926,6.072459109316529,4.099395119989697,5.443884167215914,2.0076904053898894,1.0002641656503337,1.582601002480508,1.3589488577244102,6.17232253340495,2.7200644072993567,0.0,1.7452092944082198,4.017764048676165,3.350016361673353,2.2153918812916684,2.9008445045216726,8.959381023504122,8.764425075219393,3.6364671127742056,4.29314077466544,1.582601002480508,5.679462459309521,6.308728479787897,3.885697510410595,6.486038830287923,10.91150569010112,4.4352012208218365,0.3574646320529814,2.4632913806487693,0.6203076343829877,0.6203076343829877,4.880070924075139,6.224720792331389,6.787010361280563,5.421344406127434,3.073961029318783,1.948236013562794,5.677992760469897,5.9855671918418984,1.2749157731365013,2.347003811540671,0.3574646320529814,4.251174506754888,7.1962969818458,8.233067454367234,4.377541591889208,6.575846812501519,6.777264971851843,6.136728715739516,4.148074884643068,5.0256421262027775,2.347003811540671,6.2881782116700276,3.625079326963081,6.376032829503161,3.553898439866941,6.023650962110634,7.5354942269818155
TCGA-99-7458,4.595007722636415,6.0684695687584345,3.49987159372934,3.448589743964756,4.197902454129551,4.518587807874375,2.5059748158213946,5.227809061657421,2.391630233816624,2.5062440464353575,5.895850821238211,1.1991511990467187,3.276782403207724,4.059399362687124,0.5080818630949274,3.1143061075580336,2.073410893822485,0.8433758938066362,0.2859305394129746,6.28221627833277,5.248901256515362,3.8146262502387005,5.4341105743390425,6.195649514820894,3.982218619996238,4.845194452910335,3.6042116923478575,5.686863485675751,0.2859305394129746,5.9904064875603416,5.753080446377488,6.336413256710024,4.306233011839757,3.47967270778859,2.329149124119597,0.6896912155865549,0.5080818630949274,1.615837392014668,4.863256080499865,5.206267864949883,1.6039227317459903,3.9635294770918064,4.030415633023381,3.7149442954992806,3.5951647508597375,3.3255574674534105,8.211358010463806,6.808169170410355,3.5675165809786042,4.999331647924864,1.9864761108019748,3.3945352387886047,5.252372899538967,3.8146262502387005,5.9567048687261845,7.406279550408473,3.9697974517033665,1.5350375898578503,4.366852081302935,1.1991511990467187,1.4610307072339077,3.0994975174421704,6.346329103283265,7.2125083099414145,4.047906130560732,6.021401918459897,2.450435970672776,4.988110164150657,4.684517267154217,0.5080818630949274,2.7556587150169354,0.0,2.9022069998565856,7.280442341975731,8.142133129326076,3.9380532595623965,6.165997518126611,3.3945352387886047,5.051521286568598,5.539611200396236,1.5350375898578503,1.3811310541630106,7.097532307880774,2.656174280880835,7.2243964593316425,2.8461353761696158,6.134672718322179,0.6896912155865549
TCGA-99-8025,2.3350716440283446,5.844178998250796,3.205133834751688,3.4654139759868503,3.2705152593423588,4.914770293740803,3.2448710033852626,4.23859785265191,0.28758206745144754,2.084963766093139,6.455909002742176,1.098378928108319,3.389701557148671,3.4757759573503755,0.0,3.205133834751688,2.8130946668215158,1.7343245465748325,0.0,6.3528767524840895,5.527772954975927,1.9921392132770392,2.6146475341712048,6.015012602503568,3.075458007919873,4.55003266993442,4.132168466959227,3.2448710033852626,0.0,4.778795708303521,5.8266518123787385,5.3356035173339595,1.098378928108319,4.000927256467471,1.5401735755323187,1.8968399456785623,0.28758206745144754,0.0,5.570551989135547,2.11997149355979,0.0,0.847112128854456,5.816777771061966,2.7077368186697313,1.7343245465748325,3.50623584546685,8.165315294655175,3.075458007919873,3.389701557148671,3.8777958835188477,0.6929971693088202,3.4757759573503755,5.296320373884853,2.1969245323272175,6.571017407082998,4.822633636027102,4.414487774454261,3.1637478189425514,2.159188051645008,4.430486982555139,0.28758206745144754,3.598174902104871,3.1637478189425514,8.270873127650813,2.6622784768560415,4.614790759506988,3.905006446853492,5.962390977122223,3.4549403398385206,0.0,1.9456243939454962,0.0,1.3860443298646814,4.08844553042998,6.88721986326209,2.564641617806854,7.23433589731228,0.5106656109646251,5.340404160871693,5.306285536197214,1.5401735755323187,1.203752780122386,7.638183793314313,3.5550251522169685,5.7814408034949425,3.4008739960453296,5.38444001540245,1.203752780122386
TCGA-99-8028,4.538947046677798,5.477116058667952,3.3670544215394544,3.424770668854528,4.81817450860906,5.524592010870454,2.854462444889505,5.310981832583932,1.0015873060962357,3.9026027740474225,5.893468513625707,0.8294247988524931,5.229047671034564,4.668257654858348,1.0015873060962357,1.7469887163912963,1.1484495235152814,1.0015873060962357,1.1484495235152814,6.508931567892329,5.432935668272798,2.6933561030226376,4.760873944877754,6.311629540454465,2.803590657421166,4.079895678033687,3.6385567411913518,3.2737048611468786,1.0015873060962357,3.9804421123436824,4.176976223353913,4.996238827145684,2.7499915688903815,4.631188748386645,1.5843252116190252,1.9500871276073597,0.0,0.6212751683221504,5.222100248632399,0.6212751683221504,0.3581638349901513,1.5843252116190252,4.9874621931298035,2.854462444889505,4.651948804546002,2.501206417201453,8.738871670035369,5.402357510899194,4.072586223768949,5.352630347090713,1.8193584234188358,4.640006300823549,5.9724626491424875,2.0095420093000866,6.861622331283927,7.491154555578582,3.9224900344529883,2.2173103889328116,3.0956861999125165,0.6212751683221504,2.2173103889328116,5.584574674504747,5.87212905701757,7.794732538518906,2.878962474400086,8.070487251087552,1.8193584234188358,4.8723612442598006,4.8041521836751535,0.0,2.3892397396963254,0.3581638349901513,3.6156526320949234,6.388363066550021,8.250622693137341,3.8965864728536,6.7165802455704116,2.501206417201453,5.6334959095655694,4.004286731318638,2.6333122869869636,3.939393006223563,7.014787396734377,3.352087666441724,6.114418634246812,2.0095420093000866,6.427407129200688,0.3581638349901513
TCGA-99-8032,4.783400049878789,6.26210409218091,3.641696123296066,2.923188462078279,5.272979045532844,5.147029252334255,2.480848426327146,4.439115601658009,3.2742310583997023,2.007112755067202,5.850635160216586,9.08761212891266,6.039995153785759,4.669111653924867,1.9820905307957144,1.3185239564015794,3.9780036112615735,1.5915183111311495,0.3300948010833878,6.2907799393328405,6.778862255330085,1.3185239564015794,3.544908039328454,6.555419478756756,3.437735011384668,3.9019544875911714,4.429837748301131,4.612503233354883,1.8057609888638686,5.201745891645369,5.321906931981123,5.9735653072201504,3.9780036112615735,3.886023939799529,0.3300948010833878,2.7883205751654794,1.3185239564015794,1.6688759481827127,4.906422267968572,1.926698204414637,1.7393251732685227,5.010748621007852,3.9632482975035916,4.506087699975107,0.9417635278471861,2.034587993858663,8.423513082324469,5.1052179365822035,10.092639892982977,6.03532831075437,3.7013834522745395,5.794137976045853,7.356452275482302,2.2206806533725607,6.606419078413787,7.0066589942965924,4.715700316132906,4.048675771494055,2.2622525620003056,2.2206806533725607,2.1772939418473407,4.689014887683138,6.1282045366754465,6.944916179870264,4.182585876972534,3.4122724922546146,4.937756310016959,5.714844398681816,4.560710332475435,0.0,5.4215742820396615,3.3728253416063785,4.217767957398064,5.404365145986,8.440465483055899,3.3034044557260236,5.68933866322379,7.984394586839839,5.644060778413087,4.596850674625642,4.217767957398064,1.3185239564015794,8.908050794183,2.85802646588434,6.958762032320722,2.377507019511305,5.537338204018661,0.5778485561964825
TCGA-99-8033,2.4796847058068487,4.261579271597283,3.5092113737355444,2.0334761341262073,2.9007345449317112,5.9011376799500335,4.845540500888621,5.111047587470032,2.6859340997875014,2.221667836347346,5.87437158579552,0.0,4.785406236291025,4.005626274743814,0.3923798685595089,0.5772872944654103,3.411045397050252,0.5772872944654103,0.3297353086827804,5.482524644252202,2.6589439869942573,2.6026896854443837,2.5430812138390726,6.595587872456309,2.261117056500274,2.339399066116762,3.146975874777084,2.446417002674143,0.3297353086827804,3.7287009483006077,5.9455645773001775,5.923335588055483,0.5772872944654103,9.574267951853114,0.7756023604961382,0.3297353086827804,0.9409833444645266,0.6472079486185002,6.67556719895211,0.7756023604961382,0.0,0.0,5.919146510524911,2.810907586541918,6.333473215084365,3.358095011282335,8.075479987546558,4.68962162245754,11.441801037617058,3.1800060901147944,6.256348710883759,4.256055165111931,5.716152318370268,3.5323162832355597,6.841365445222383,5.232861091069421,4.509141548154595,0.9409833444645266,5.429139467353721,0.3297353086827804,2.810907586541918,5.647776337866461,6.454830571110985,8.626858030169918,4.98841013483759,5.322551337392994,0.5772872944654103,6.4963510692731985,4.686031020443089,0.9409833444645266,0.9409833444645266,4.227973241780763,1.667121743773652,3.0592937550437354,6.952652159864419,3.077455107486161,4.973148011017923,1.0828554660556715,5.201084840219041,6.889845858438569,7.070868531834794,3.04079645725237,4.942085181719879,0.7756023604961382,5.833713644248232,2.787132447680622,4.518556184579781,0.0
TCGA-99-AA5R,6.94025151032427,5.560520079505247,3.9413604239428204,3.9092170724776767,5.560520079505247,5.657944448635738,2.517752922630562,5.163207586067376,2.7509819684857226,3.913455978232028,6.7559551677360625,0.0,4.826536158344538,4.941492411358179,2.9108495384886726,0.7351524747049755,0.966489427406901,2.601681770261081,0.7351524747049755,7.362251792000116,1.5686575837124803,3.3564545161189017,3.9725026755631228,6.468198601146005,3.663618054795058,4.315256291540027,0.0,3.930760359640027,0.0,4.603224293967635,5.13164275533026,5.593387083033745,6.297744477294808,2.2130213706313007,2.4729858788923065,0.4336637624668432,2.2707021921263184,0.4983481022548781,5.0304967431918115,0.4336637624668432,0.0,1.7725766498112812,5.591363775186468,2.2130213706313007,5.238015192739654,2.426120441220552,8.537383978662714,3.214349596935689,3.704526399690114,5.5994288593114785,1.5686575837124803,5.3701634969509,5.919796672416625,1.9418734410730538,6.138894838483214,8.282973525792398,4.768317418062457,0.4336637624668432,3.591478840875346,0.0,2.9957872720415466,5.3816193723188395,6.802420318553328,6.946543206189397,4.67154764025122,2.9957872720415466,0.966489427406901,4.6866764375432295,5.0584853339475915,0.0,3.5394306199324963,1.1542361924161069,4.398728872490495,6.566810254341572,9.530421868474622,4.547295280234986,6.809961617889459,3.7691982775101716,6.369077013321584,4.1499700424602155,3.214349596935689,2.4729858788923065,7.520630142176925,3.5137311082160196,6.523115804132836,3.2359295794340284,6.9056420476808995,0.0
TCGA-J2-8192,2.6220564879352337,4.624835548961994,3.9450785993824735,3.788095631929773,4.787533408580681,5.39641910088128,5.363552519980975,5.587870188057112,2.9841909277074317,1.5992461524392623,5.767702054288991,0.0,3.6710183907620464,4.4698589246222475,0.0,2.648965226753419,4.015202143611166,1.2886539684772025,0.3187445979035987,5.807730993916139,3.980755843109238,3.108989527738424,2.265340026964133,6.4224999313276765,4.331813020379851,4.938250963823155,0.0,4.787783366922259,3.108989527738424,5.250439286303573,6.254920523133801,5.530024148522735,2.0486472265064255,7.56208366560845,1.2886539684772025,0.5600728263346032,1.0567828423942698,1.9795245166404483,5.610105294115832,0.0,0.0,2.9255404693486398,5.92266897758429,3.108989527738424,4.880093713241171,2.265340026964133,8.354297720447384,3.398079191824035,4.222422570472644,5.222121832336703,4.434870476341454,4.430408382119223,5.524049564423739,5.0549392196527805,7.31871857763408,6.168346335151572,4.183127424759817,2.819424597076813,2.0486472265064255,5.454273558314357,2.0486472265064255,5.5180390700129465,4.028656936672425,7.978118973377924,4.080728955778878,6.453732079773503,2.4754369534115748,4.465551733317793,5.010888595346119,1.2886539684772025,1.5590074036347352,1.0567828423942698,7.055114376709538,5.708202691089692,8.063566721401054,3.735758269009039,7.130938829496368,3.6805271707025127,5.416633593366079,6.300042399147201,4.015202143611166,1.8334930481289875,7.2480843541447655,2.536684410136297,6.65830111932811,4.321895719089466,5.621718837390505,3.372653863844909
TCGA-J2-8194,3.107693953506212,4.780685298069068,3.3642221455372603,3.8268855079926825,2.512756873499084,4.0551583818058905,3.2356228080431673,3.976559026562592,0.0,0.6271142099555073,5.378956819210782,0.6271142099555073,4.854714159048775,3.8732800981074753,0.5085630661117316,1.0095624718345988,3.7270948544172415,1.0095624718345988,1.0095624718345988,6.601019498723953,6.711977593199848,2.788941779152551,2.4394384617408535,6.592681454538384,4.155750055549593,4.41870445394977,3.5681994136885553,4.182726249907033,2.67548568622881,4.951783682900483,4.247142899474772,6.113545002282228,2.2744119303104515,6.227427576659438,1.897529900858848,0.36193110608443596,0.0,1.5406664450068897,4.070162860761075,0.0,0.0,0.0,5.94126539077513,4.754736086042055,5.159836603112536,3.55582223476578,8.944501979709177,6.624450279819867,11.013521036999736,4.14889114226581,5.540541716075034,4.17034063175001,4.27179036292346,0.8365113228678155,6.338173495070849,6.063077981917515,3.55582223476578,1.5943242746240522,1.5016076828753464,3.2693559887547314,3.317913594025401,6.687623437912297,4.413435665933139,6.712507740474042,5.275585954545945,2.58105738531727,4.289885303760319,3.4781553363737676,4.1893577282252235,0.0,1.897529900858848,1.5943242746240522,2.318291105315663,5.42260807021401,7.8094236229216385,3.379193733896582,7.46716533146976,0.36193110608443596,4.91408033988162,4.208992317649658,2.180417459019838,1.0095624718345988,7.420315397641786,1.960869132049779,7.337288414424002,3.026499083724142,4.911256850115977,0.36193110608443596
TCGA-J2-A4AD,4.299671672465725,4.613913848515716,3.898230322184495,3.07761175486402,2.2957820043743067,5.677123596899517,9.368463152555842,3.984923963719341,0.0,1.2343371073073546,6.749175639108162,0.0,5.663127132915267,3.718314462285544,0.0,0.5944312076207876,2.5151367476957804,1.3460190921179986,0.0,6.365072563930486,2.447222089480877,2.773981501871779,3.5109691534074843,5.686805850449084,2.979419948061686,4.613913848515716,0.0,3.1322062076538635,1.6213862459499415,6.46323848343504,7.43320544096847,5.324092320025401,2.9155195514288166,3.3537073719255326,2.5151367476957804,1.1085626195212777,0.5944312076207876,1.6955972598829616,6.298644053230282,0.5944312076207876,0.0,0.9646998710818426,6.123680700184041,1.9586994448169257,7.653006175449383,2.7219728299425663,8.795480773506897,2.7506562033339637,3.07761175486402,3.9145617800109966,4.800613606660023,5.3304844148420605,6.361573597984065,2.117242978906586,6.838616325397144,5.293967921410198,3.3677991515747716,2.7219728299425663,1.770212321139958,2.9585702398652227,0.3407487933884732,1.2343371073073546,6.129886461611918,7.911679527610172,3.906429390291586,4.534361380977161,0.5944312076207876,5.9136705591679615,4.886937299510214,2.6385071783097773,2.3358457726884745,1.6213862459499415,2.5474353400679455,4.466757183384444,7.178072450467069,1.8370673869325966,5.511378258254015,1.5377485515422553,5.230851899413505,6.818399337466026,6.815286857554943,1.446471824152207,5.434494630765143,1.6985653822525402,6.394668768002357,3.4739117641731347,4.253833823573326,3.737833890504234
TCGA-J2-A4AE,4.354555227306992,5.183495567100698,3.129721061557297,4.283765856131279,4.602163670947727,4.572075550047635,4.495941085886534,3.936450216949111,3.4758068946898906,3.0584957827896013,6.067723953266959,0.0,3.3596042565637925,4.2673310155383755,0.0,2.9301532112411723,4.125111372392252,1.7453838876065124,0.7802418874108791,5.562433940977109,3.6281470139853162,2.9301532112411723,4.216339456277628,6.953779717293417,3.317659963484026,5.089736019782497,0.0,4.5040816435561215,1.7453838876065124,4.399108652701875,5.8622324705934306,5.701990870691851,4.974088868512838,1.21316046818493,2.4543013835272625,0.0,0.7802418874108791,0.4643627493556498,5.920905270878003,4.014101139962295,0.0,1.21316046818493,3.493925442786712,2.347204667570614,2.2890134129639508,3.3998564830593136,8.166358303959187,6.242227156498179,2.795230452720606,4.5597815301243125,1.21316046818493,5.887042479858558,7.601107438532454,1.6364887179104144,6.299213917709875,9.495391486491359,4.339250909948413,0.0,2.227236351404191,0.7802418874108791,2.795230452720606,2.1613901243270033,5.833128035564489,6.478690885383648,4.602163670947727,7.435697573148318,4.565947952833655,6.35106720111805,5.6780235437504745,0.0,1.21316046818493,0.0,6.1595646229930825,6.918160951696018,9.143351918871272,4.096038127330799,3.701388390131608,1.375005885350034,6.139380114674196,5.919318495283186,3.2738828149437276,1.375005885350034,7.714918408629222,3.0205956032786805,7.592204743838886,3.546390922971697,6.26873258121089,3.689056938362675
TCGA-J2-A4AG,3.8533700635726555,7.251968902169573,2.8519715968867625,2.9449861978360428,4.961669114437006,4.766480885870342,2.7847828210904857,3.7918330755243184,4.1768780115754796,3.798538467976828,6.20507480059866,2.4590502352427728,4.235582226777661,4.159451671682691,1.3253493754924497,1.179054916362973,3.3721564119888474,1.7052207078108166,2.9449861978360428,5.7014397325777235,6.054282056904742,3.108498300598518,3.59616091311073,6.047653463359205,2.5060564085107346,4.529805270365645,0.0,3.8073244928201615,0.44647908419877846,4.057773934488493,3.3912850834190715,5.672824861200928,3.6705143430959604,2.6351210210794522,0.9889834172675956,3.133326651065532,1.7052207078108166,2.291220762914996,4.8358611835391585,0.0,0.0,0.7541011598969427,4.057773934488493,2.409725024551948,5.351545288336598,2.6351210210794522,8.781883978199897,2.550951847817683,2.7494160477081064,4.95771963174964,1.8913483610626307,5.059203211348449,4.400406681955311,5.138207298119301,5.581720296514929,6.575740891370851,4.123662235070665,0.7541011598969427,2.409725024551948,0.44647908419877846,2.4590502352427728,3.743457597472869,5.8100325944988604,6.868747263207164,3.4643411806267794,4.4072910349820065,4.123662235070665,4.1052762595624355,4.67631806710622,0.0,2.118265541537418,0.7541011598969427,2.357830567220024,6.859339944555259,8.791855371728248,3.9554100274508435,7.786472899661169,3.2705988269181883,5.536187940946452,4.219157643911811,4.141717850080323,1.179054916362973,5.9557674188318135,2.712745826046238,6.7633073746162635,2.8839511900932417,6.570225883765635,2.7494160477081064
TCGA-L4-A4E5,1.9338086489529265,6.315341726525522,3.6922587378973994,3.877980064447123,3.2765218975610177,3.571918580389789,5.65553366392855,5.6411053311909605,1.0368432622704777,1.0654690700748555,6.795554757059444,0.0,4.465986276519718,3.435086599928447,0.0,2.653016587098936,3.3746446234063985,1.186409467945347,0.0,5.8396586162071875,5.785239566232468,2.113963734051563,2.2182356245256836,5.171614038117076,4.579578494347251,4.815528351475902,0.0,5.012373782049975,0.0,4.79691388136095,6.364320371650519,3.463993761151832,0.8608625849645377,2.439421019626869,1.713906030023191,0.0,0.0,1.4445632692438664,5.532005131737917,0.0,0.0,0.3750746267840959,6.077733982260158,2.439421019626869,3.8297538209937176,4.68578196248048,8.821674857156086,5.148093134791304,2.8812917704065293,5.258151406789912,1.9975398154348902,4.742895272771899,6.91396595275885,4.119415964851084,6.680734219841474,7.045959486979708,3.877980064447123,1.7927090182636432,2.478343492646325,0.8608625849645377,0.8608625849645377,2.31266412843571,5.6587118842873,7.931539849361919,4.565473599625113,4.7507931796660055,0.8608625849645377,6.731936533009056,4.598080110701193,0.0,0.3750746267840959,1.186409467945347,2.978464031987471,5.676017229695432,6.97493717831512,3.2765218975610177,7.822136188305639,1.0368432622704777,5.96751503335127,6.218647927313867,1.0368432622704777,2.0574387457868277,6.496263547204,1.713906030023191,5.869661253533411,3.0879877926290873,4.684775875106005,0.3750746267840959
TCGA-L4-A4E6,5.264977725936276,6.3725652387635305,3.9859832523853242,3.8176112219449676,3.045612319776627,5.155710631584793,2.7736631448410467,4.084297593366298,1.4672289786158899,2.7009383047463973,6.211609607437947,0.0,3.1698494327991553,4.8060681283549815,2.8902161902405887,0.7478247418506411,3.259195933464783,1.9626408358794538,0.0,6.993951323678709,1.4672289786158899,3.8297625069402903,4.773697031759856,7.008143453013405,3.754536099917078,3.8997216530884917,4.353556427197992,3.7674734205608083,1.170870932820819,5.092841812887234,2.49517046285362,5.7760380178366,5.522156675766572,2.037877084102086,2.3989401812368087,0.0,2.173239214585708,1.329988524908796,4.339146534122282,0.9815539903261833,0.0,0.4422469522006927,4.01650553576964,3.5846322074310715,3.045612319776627,0.9815539903261833,8.326478107321366,4.735382325983495,3.921995118222304,5.158917358666686,4.084297593366298,5.808283621162111,5.312703389710738,1.7927090182636432,5.918840089386981,9.444748241968469,4.621742109981789,0.9815539903261833,5.129721184372558,2.037877084102086,2.9337558008988234,3.1219904050244907,6.857488825633882,5.946854135589433,5.384105078498219,5.229867204910308,0.9815539903261833,3.8297625069402903,5.235808783690936,0.0,4.381767851192325,1.6955238613472292,5.672553211304392,6.635777250016668,9.491088459825034,3.943783266175881,5.269084211277761,3.79285651323693,5.932208051479964,3.6445330269042295,4.165205243820751,1.6955238613472292,7.5043089566308,3.5043284138676976,7.343853046198074,3.237599438866303,5.993689569907818,0.4422469522006927
TCGA-L9-A443,3.0003764725476434,5.874669460768918,3.027938054890209,3.027938054890209,3.027938054890209,5.088632834917983,2.912807082179725,4.055563885571888,3.9203363535916025,1.5955215271742529,6.410622150347803,0.445710936676691,2.5039900642642667,4.829153384699745,0.9875689898747851,1.8894304964015012,2.633032071290896,0.445710936676691,3.1790533306810294,6.176147896007294,6.43127149883799,3.0003764725476434,5.206114354494423,5.790776351492704,1.8894304964015012,3.942367906380112,0.0,3.5136477051318447,0.0,5.04979831327758,5.497807365262025,5.737926219223039,0.445710936676691,2.3557940513251885,1.8894304964015012,2.1817611885791246,0.7528772847677117,0.0,5.453122118138001,1.5955215271742529,0.0,6.520332426094624,6.474631162879999,3.389111305060171,2.849856429312067,2.672595720117808,8.665169994886893,2.7473093750543267,3.639242681672834,3.5784170570751836,6.187750644252309,4.9828049305768465,7.078729362707452,3.4621639058076408,7.1508426240986545,7.117716321579509,3.639242681672834,2.1817611885791246,1.337051594541439,4.6147035982596165,0.0,2.672595720117808,4.898511216291551,6.412099016473615,3.814703408095999,3.4796203166734947,1.9709093348563747,4.898511216291551,4.348628835403994,0.0,0.7528772847677117,5.112583996131529,1.9709093348563747,8.342389702991074,9.163980153096917,3.224742581746159,6.981107965979821,5.013132174294843,5.926926025970411,5.441027133728278,5.158831136160835,0.7528772847677117,7.330903121942609,2.3010839668677785,5.7085544042016,3.0808911023019405,5.321550377853161,0.0
TCGA-L9-A444,2.5168493397016602,6.509458913923981,3.8568780925457062,3.3440942604111905,4.6098442455329725,4.586910487764423,4.362444907977368,3.719481401410833,4.147295897965747,4.020798483458767,6.615116944530108,2.994856890518037,2.7360997744156195,3.991778287183426,2.1924911701969716,0.5649160026628633,2.058434939897158,1.8429435909898246,0.0,6.308491806754228,3.260282608366046,0.0,5.251356777684534,5.039410617977733,3.493189943039246,3.0321509878493362,3.7905376245420697,2.956117882919898,0.0,5.288155913410128,5.092098530802047,4.312839994414974,2.386089494393794,0.0,1.714842427123955,0.923703191589609,0.5649160026628633,1.1872029734499627,5.709376797212511,0.923703191589609,0.0,1.5678864852758652,4.271304549231829,2.994856890518037,7.2396169030456665,3.9190899754681205,8.652265895609581,5.360564201277085,2.994856890518037,5.597654998292523,1.8429435909898246,4.646935735220559,5.86950875510046,0.923703191589609,7.122398807238216,5.106000017867577,3.9190899754681205,1.3955513823825674,3.28900618250575,1.5678864852758652,2.058434939897158,2.313683279660079,5.850019063372012,6.977626431334177,2.453605163287265,7.643022810832288,1.8429435909898246,5.073259484070596,4.6098442455329725,0.0,1.5678864852758652,0.5649160026628633,5.569107571329599,6.128742973325689,7.9970408756272855,4.45483322468279,8.294459556074994,1.714842427123955,5.847830869228663,4.147295897965747,1.8429435909898246,2.5168493397016602,6.779367208200508,3.5815141524370966,6.120433673404155,3.1363503710628575,6.225538147214773,1.1872029734499627
TCGA-L9-A50W,3.091410567414204,5.562986664690745,3.2341348121145077,3.5044276299107127,3.002330457582218,3.9588073497614937,3.929748968144356,1.9984348278349575,0.31852645574676197,0.0,6.377982961504281,0.0,7.636173073624001,4.4025165257501975,0.0,2.8187623710784386,4.316200618403372,1.0562961228741619,3.2775144759495785,6.071121026358769,1.1789318810824512,1.705057135388762,4.527589112671732,7.591170254897663,3.559286011860607,4.63146151994216,0.0,3.7600063802189854,1.891182392219128,5.620332022767818,4.539678677569022,5.410913640850426,0.5597872018146528,0.31852645574676197,0.9165307030787622,2.3029350317583335,1.5584393114622848,1.2426260488070144,5.4535631608042525,0.31852645574676197,0.0,0.0,3.8921977778765826,2.621395124266505,3.787402648472497,3.884514080751254,8.403316515990072,10.40496259556289,2.7000381904920325,2.9045266584867466,0.5597872018146528,4.9462603151404885,4.8296967804570485,2.94480207113531,6.533627487707793,11.489643531903454,4.808494629870324,0.9165307030787622,4.340933770138323,0.31852645574676197,1.2881301123326592,2.6295479729472526,7.807030057176002,6.773464741136927,5.971009256873675,5.770265978088815,1.2881301123326592,5.237489286535387,5.911858410789969,0.7539600199564577,1.6344426714236664,5.5885698825773416,8.780827418370663,7.048881507686643,8.204647225039608,3.091410567414204,7.199349688253833,0.7539600199564577,5.739371601575432,2.7492305314125267,4.841608962802363,1.0562961228741619,8.495614027012078,3.6892543838190095,6.1660647038026495,2.5937461069052556,4.357265082207212,3.73506384525141
TCGA-L9-A5IP,1.9650122509287997,1.9650122509287997,2.322632788297824,2.2787226357293706,1.5053432618975078,6.689901462319989,5.264631308893231,3.205324417916472,0.6293550474721659,1.9016298003637095,5.529425119249582,0.3633923316862566,3.306619267165956,3.2739812438667677,0.4918874227457398,0.3633923316862566,4.005515170007451,0.6293550474721659,0.3633923316862566,6.276032400409191,0.6293550474721659,0.8392368864318404,1.160365684943592,4.763250278409012,2.8457113877096893,2.8457113877096893,0.0,2.481174694698322,2.322632788297824,4.618589739647557,6.95075729552668,5.825589993796845,2.8708547564716986,11.828247023225426,0.0,1.28903979221566,0.3633923316862566,1.5303081212587955,5.41966293772119,0.3633923316862566,0.0,0.6293550474721659,8.531662011375934,3.205324417916472,4.896181709660735,1.0126185755011334,7.719809307928763,1.5053432618975078,8.897828577534966,0.6293550474721659,7.775796500507241,4.096984408094208,4.862877469687936,2.2328061983861294,7.604461119992112,6.301260911135334,3.1873934136767024,2.9426848099318756,2.617994193926355,3.205324417916472,2.080865527330853,4.16729758196069,4.059884233770095,9.772438789919596,1.7613518068066294,5.5673363621693035,0.0,6.158071608794341,2.024615699396057,1.160365684943592,4.474474768182777,1.0126185755011334,3.2739812438667677,1.6830786325854628,7.905360524825852,1.6830786325854628,6.0820248276166655,0.8392368864318404,4.899450442468099,7.520944331624911,5.635293047848279,2.322632788297824,3.2572538753887232,1.160365684943592,5.781980404850564,1.5053432618975078,3.9672779421377427,0.6293550474721659
TCGA-L9-A743,4.01270961538608,7.546103025825244,3.470770085014116,3.013469042944206,4.2807369884386155,4.859432487241061,2.549726381382204,3.1437513362366216,3.7394893900652875,3.0822493617363667,6.902276296733878,0.664902015119643,3.499708493618735,4.192012566233592,1.3534095337841139,2.9900008804539433,3.080730375264322,1.4597771378796942,1.5638336678290792,6.610978642737416,3.470770085014116,1.896974974372365,3.3458361754061503,6.768193166639628,3.527830032595521,4.475908522227007,0.0,4.507637838998104,1.9654186154433564,5.197872526911303,5.042902399681231,6.117625721274877,2.0896641127000093,4.648220096858602,1.896974974372365,2.5121488549317337,0.0,1.1393062749956657,4.643688729601108,1.4597771378796942,0.0,1.4597771378796942,6.422043317364093,3.485342432438645,3.1231839722360677,3.2946472698263976,8.412054873292933,5.62815334613054,4.078785816906166,5.706482160555986,4.5731127948715,4.381955382135479,5.0640117505276345,2.0294631718735947,6.732276258549849,9.209211735305361,3.794076956485819,1.65809473438052,3.4102529228715017,3.1437513362366216,2.2001536168420994,6.170532901305323,5.779118739768225,7.422570931983809,4.5731127948715,9.33354866427763,1.896974974372365,5.607576226836152,5.166048034332992,0.0,1.896974974372365,1.896974974372365,5.962627734169424,6.447800193588297,8.631644460675744,4.76745908903181,7.063809859525372,0.664902015119643,5.648319094023679,4.54342562477358,4.140763663674419,3.4409692249665924,6.6862141930342,3.485342432438645,6.695598649787552,2.9413552820876596,6.355911460894413,1.4597771378796942
TCGA-L9-A7SV,2.2298853595757677,7.95933885122047,3.439690265909662,2.7781109466530842,2.1452643939609652,4.110503303720988,5.940439637754578,3.377287129614613,0.32005245248223163,1.8671142827994753,7.354669385002841,0.0,4.5805423962966705,2.950023357460341,0.9198444100734526,0.5621269181215414,4.199238969268183,0.32005245248223163,5.396079084330532,5.60382953389719,4.686814687028471,4.766948841550716,0.7568728714404901,3.8664983038276737,2.754386563510245,4.636920759300914,0.0,3.1599238034754755,3.6367226290963717,2.8677568465001495,2.846088920450618,6.018675936135533,0.32005245248223163,0.9198444100734526,3.35119448242673,0.0,0.5621269181215414,3.8703589898409634,6.035962178192057,0.7568728714404901,4.091769583140541,0.7568728714404901,4.977402484280125,3.694625414420382,6.569739451637505,4.607246029932431,9.057850978115587,3.415195614305748,4.77970315700672,5.892674068082057,1.6388802030340581,3.520987291088459,4.4033513872631,3.9713441899037947,7.149108031901082,5.624457842438097,4.1821112094788795,0.7568728714404901,2.8012915757374235,2.307890991784227,0.0,1.0599061097860307,7.779801499534707,6.3849447894330105,4.747502734565683,2.1452643939609652,2.307890991784227,6.225227512320062,5.242968490976323,0.7568728714404901,1.4804447777497287,0.32005245248223163,0.7568728714404901,6.666460486083478,6.260430052286832,2.5988378321286376,6.860544167452622,1.0599061097860307,5.800031607445565,2.1884640938893463,0.7568728714404901,0.32005245248223163,6.022340442766114,1.0599061097860307,6.760780788603847,3.957023139355051,4.587823600151372,1.3907095995933003
TCGA-L9-A8F4,2.57486922326573,5.485137124581759,3.195508933121489,2.7761698025109265,4.820031534349828,4.998751628889375,5.535876512096556,4.4532653157748445,0.0,3.4699582262329436,7.088166679254833,0.983201437156782,3.368105846661956,4.408457978696729,0.0,0.0,3.0870846315039717,1.2555020708698672,0.34945897131842485,6.309480000378628,2.0402068284285537,4.065632967665422,1.1285917144092954,4.799576757272355,3.1245475628248047,4.205964943971021,4.2183570434187105,4.803012339439775,2.4013710434847173,5.327623709740011,3.4241518992743396,5.382929617935943,2.237000691781201,4.093924473997397,1.4692788912335786,0.0,0.0,1.2848428619587797,6.425706598487551,0.0,0.0,0.6078615862775849,5.766121704123826,3.1606575554620635,5.19767901722554,3.1245475628248047,8.413371491174429,3.3965197921110444,2.801886568105075,4.647376821450478,1.4692788912335786,6.1722808048409075,6.61854003181843,0.8130612772252829,6.473967853869384,3.3535885194807027,3.8503326909629645,0.8130612772252829,3.5027335939850053,2.2806972932360163,1.5611716110246088,1.7229272991136606,6.873955446270838,8.308376518498038,3.14276338356936,2.362739015813793,1.2555020708698672,6.184864099032714,4.4286203407753835,0.983201437156782,0.34945897131842485,4.141589088063351,2.237000691781201,3.8503326909629645,7.928222225506442,4.65535937107123,6.297356066653364,1.1285917144092954,5.884575085429881,5.17900441116107,2.322554373069546,3.1245475628248047,5.615107897133228,3.1245475628248047,6.472676997154326,3.5027335939850053,6.074828655893906,1.2555020708698672
TCGA-MN-A4N1,2.231089091288976,5.597781012895559,2.6886227034361116,3.347195158279471,4.915972904430586,3.870185912536492,7.064228972807562,6.047717273158757,4.044667504879161,1.250760965824695,6.039909413573785,1.6399671174689232,4.922044488647729,3.0218092932641096,0.0,3.417739798281467,3.730951866535778,1.7894234094305073,2.769954004417025,6.603507415024521,4.007602239943097,1.978584757868153,0.8093734495280775,4.687800312635042,2.1854331081831875,4.732683506287051,0.0,4.386517784346158,2.8451651650580856,4.768606194840016,5.287994266224962,3.788991721779742,0.34748282556981724,6.863433417064757,0.9790777199729198,0.34748282556981724,0.0,0.0,5.73296580188508,0.0,0.6048622656923737,0.6048622656923737,6.553855053378132,1.717484816517234,7.212250219733768,3.52117947909031,7.981712787677546,1.5559316449109593,2.4325162625860766,4.6645799525195235,5.63258717961405,5.6074808034867205,5.455722744095791,4.205650369557043,6.666799019169411,3.7408621358194347,3.3175222513890623,1.1241175790764715,0.34748282556981724,3.6902984468673505,0.6048622656923737,2.5029430122740988,4.687800312635042,8.091951815664475,2.395346573075357,4.512650209942333,2.395346573075357,6.691344014881306,5.318997060089538,0.0,0.9790777199729198,2.395346573075357,4.128394880609244,4.24810516597958,6.39509797872051,1.978584757868153,7.50303601527596,6.126973982116132,5.622120400961424,3.788991721779742,2.8451651650580856,0.9790777199729198,6.635653861937374,2.0873477054384333,6.259325217087331,2.9151131497846117,4.507944272336922,2.27475130206461
TCGA-MN-A4N4,2.1049874486475746,2.4891227495357375,3.821732804419711,3.872984835612816,4.0716881668004135,5.321633422362624,9.974192956801385,6.093635230656494,4.964367944951195,2.4210789870418346,6.154401514215858,0.0,5.509384288036785,4.722668736738036,0.0,0.0,3.5308270056109192,1.7586679342278557,0.0,7.582341261353818,0.8925716452535623,3.78967230385063,0.8925716452535623,5.215250925329726,2.8527737274808462,3.345917202833979,0.0,3.6987852295190797,1.9804633930952937,5.417778992582975,7.23396070610467,3.767713739631745,1.0722340896080438,9.23308963406896,1.8381817528145996,2.3617309749545967,1.2244516735072575,2.0446559786916123,5.819625852614478,0.0,0.0,0.0,7.3932507869957895,3.5308270056109192,6.963700735264185,3.180650456195212,8.408750151881815,1.301879609977527,3.37920736377054,2.2157082524085334,5.637040639114277,5.743528690734272,4.619240729964873,2.528221534473945,7.584544392929264,1.7586679342278557,4.1118291454517415,1.2244516735072575,0.8925716452535623,3.572165846415573,1.7586679342278557,5.367502886143816,1.6722624655673355,8.236934166516603,2.2667920984952312,3.097408510584655,0.0,5.9873184639715245,4.575671341949018,0.0,0.3923798685595089,5.290642993736342,2.3617309749545967,3.293805173885284,6.856884000796379,1.9118509494858755,6.211378890136838,0.0,5.8351937046568265,6.395562053808841,5.326316701024384,1.6722624655673355,5.047995302853334,1.6722624655673355,6.281889105505014,3.0754672415728446,4.6893091080931235,1.2244516735072575
TCGA-MN-A4N5,3.0667683895278266,8.154034415653673,4.285701565043055,3.562522265237414,3.351975624369809,4.60335754414504,4.0274583986383234,6.124477680459365,4.974669544463593,3.10207680490953,6.3951764525875,0.0,3.6273816386748896,5.012054286849669,0.6852662071090694,2.2681385652596777,3.539932710293187,1.2125955216168212,1.2125955216168212,6.222873842839224,3.6377940328561116,2.1831256529567176,3.5846127844328532,6.514116957903321,3.5736285224746767,3.493162579306831,0.0,4.2009243342846565,0.0,6.303124342531091,6.465116201710456,6.173244290480884,2.1831256529567176,4.749850448356753,3.203640352225423,0.0,0.5807620499651546,1.0557047876568333,5.776580541639576,4.450219019189944,0.0,0.33196208114332687,5.85628894637097,3.2656410831559284,3.4565910911788125,3.2656410831559284,8.316295359049342,2.3464871392811744,3.405650783862938,3.10278236108107,3.528443647525911,4.546556478427622,4.9719429746517605,3.616859684761703,6.593767560367202,8.622230454833687,4.322931935678461,1.513653620256264,3.9395155968556517,0.9457718611963237,0.9457718611963237,5.12588475258443,5.966085198768585,7.751144080372624,3.10278236108107,9.392945221972163,1.9877647531079319,6.096515764938166,4.921585477262745,0.0,1.673482561637002,4.1890575940721,4.133842480540223,6.198366921625609,7.3741963197388785,3.2952552153969252,8.472655970648502,1.088056774728593,5.440372330113436,4.898369510375837,2.5805728268238513,3.468930793696246,6.180604472571602,2.3464871392811744,7.211512451890589,3.71740617054004,4.972213195298956,0.0
TCGA-MP-A4SV,2.342353732931103,6.489384246554372,3.826269019409238,2.715264118120405,4.065420258643699,4.350644320845211,3.748814426412095,6.287029220071815,4.377844150267393,2.7579191482553447,6.336064379444871,0.0,5.172124693810067,3.748814426412095,1.4014538728777133,0.0,2.7431663481914876,0.0,2.059302607838949,5.632372398367922,4.440254268361174,4.74252924374694,4.276256312834749,5.75196610571526,3.4984753211266257,3.957072849981855,1.3844676937784832,4.252208339961242,1.8806704297548085,5.048361300988902,5.8587756566217,5.872109338735483,0.35592466254802824,5.061993586371398,1.8132600006740576,2.9862625771775653,0.6179386029621904,2.208472196160331,5.995454078334578,4.479797421064935,0.35592466254802824,3.360017684284972,3.748814426412095,2.0032352156745827,5.3433337522978945,4.793382690360934,8.032438092272276,3.4316392889972174,2.7967446054508525,5.707535423525508,2.822491362616122,5.07543628078673,5.836560667029951,2.6865609522592253,6.353190214641326,5.549433997490561,3.4316392889972174,1.2712201532744252,3.4036044822695786,2.715264118120405,2.162817150600887,1.9438365721084045,5.51561184533992,7.752425404181041,3.573193592849254,5.738293396183911,0.35592466254802824,6.094691037352461,4.708412459754799,0.0,1.2712201532744252,5.582153302088639,5.59335730340301,5.954157202297468,7.737620643947392,3.8894440075795886,6.565914055108707,1.4862075670894859,6.022754859129616,6.558406291715245,3.6314568877417206,2.342353732931103,7.085985142872835,2.9421416053809146,6.8646588248385045,2.5951427603925756,5.637653355855269,2.3826247237397715
TCGA-MP-A4SW,3.277178694679623,5.849566825579405,3.5725815650811485,2.9791098839369248,5.2421120277994655,4.361996106410249,2.9556860197357655,4.877004848947146,4.793829947193197,2.5955830112680625,6.3983453193573085,0.8612430300899179,2.440048744146173,3.737279065837213,0.0,0.6474696670632927,3.546670520295726,1.0372686584270576,1.9344013186581115,5.521816854509281,2.478972410299809,3.5597099631210987,2.6536503319181586,7.058465762399368,2.881936279075063,4.827209127445405,1.8663256697124708,2.8423829392303097,3.692923764853009,5.681366435371869,5.146127263533413,5.135468971017582,2.5873955462913667,2.313277722532789,1.7144643723015036,2.3573383946468165,0.6474696670632927,0.9688072777844008,6.085694598328853,0.6474696670632927,0.37528077693084905,1.1868978535354702,4.127456913672303,1.7144643723015036,6.683698811086362,2.1680589200253,8.287790089930883,6.140132366345386,2.313277722532789,3.89730725799237,2.267175508256152,5.437039638218076,6.1292811202179145,3.5065028958074262,6.87168240617673,9.479657333409987,3.294217036269704,1.7932749869174298,3.8304224182235402,2.802311346013302,0.6474696670632927,5.036991562693629,6.100094711633431,7.122189009692078,4.251587598639518,5.220199056033944,1.432127777463063,5.6982974594256275,6.03140615420093,0.37528077693084905,1.7144643723015036,4.703113260318055,7.880902601374387,6.265386760409202,7.985691959417067,3.610228485854992,7.1222051495276135,1.3169978721172342,5.675136056066079,3.0886395687420056,4.5614032343352715,1.6289267650179473,9.201521600667965,2.6536503319181586,6.089829148323325,3.435746945554783,5.781490150571447,2.7454680079449028
TCGA-MP-A4SY,2.3940059008056704,6.35598265288274,3.750940690564052,3.781000463005383,2.5407433572253977,5.2249937021291935,3.3721220958410374,5.501955926268167,4.709205824383502,0.9428158108135101,6.050124888046099,0.0,3.262310722781279,4.713100397148518,0.0,5.3720277596776915,3.6091054603335877,1.3938904377415184,0.0,5.456807190088646,2.726976627653142,4.713100397148518,4.390227912071971,5.7285173627757136,5.1323159094961674,4.055492847647136,3.719949250151509,4.8128832980469385,0.0,4.477547019656277,5.405641453138046,6.07785552335553,1.1520266653027458,8.743914335506876,1.0049241260157709,1.5885002412192204,0.3597003627404201,1.2838739635204206,4.762387587186135,0.8323872476514493,0.0,4.329371887614297,5.3055213553965395,2.221982228461946,6.204499174993886,3.927634509282325,8.136207990351394,4.1887331053285575,4.070383098943583,4.294546966234743,6.537638974774748,4.854223170242029,5.196644487636734,2.311693485358037,6.637763801133274,4.530239721834387,4.4062020403650894,2.5407433572253977,1.0049241260157709,5.330982988109983,0.0,1.8913181869580449,3.193685188284465,8.531125681946394,2.123434503365464,8.266496001176161,1.7513193462300325,5.167468088123044,4.201779424933682,0.3597003627404201,4.6006771072102035,0.0,3.7710813674857175,6.730839086846733,7.462427438728031,2.574290210922686,7.394062774934402,2.3940059008056704,5.750793278925555,5.883408735735179,1.0049241260157709,2.1739218317663838,5.584942630774668,4.962844630259907,6.192178423456007,2.8839176414896994,4.273657430782744,2.834289235665453
TCGA-MP-A4T4,3.28152005296507,3.5643389506130823,3.7045731611512953,3.28152005296507,5.056971656504291,6.004035204281834,4.186096905273026,4.193418860954902,1.4778018653640115,3.3422856669823062,6.776582246096993,0.39426933534742964,3.145573681793151,4.65774366059516,1.8049553526554507,2.740827120616147,2.1671318548068244,0.8960880245566356,1.6770778691444401,5.793656694243027,2.4945681600586314,1.3609765531356006,2.3207393035740878,5.286816484210984,3.448383084768879,4.06100147526562,0.0,3.9830870638591502,0.0,5.26706918811377,5.5534594599632685,5.37564870948436,0.6763570112524712,6.533505367526846,2.6076035186926934,0.39426933534742964,1.2286459045308202,1.8324054482584926,5.841109571140489,0.0,0.0,0.39426933534742964,4.504412394856838,3.035736333657074,7.010140372458424,3.617635837313293,8.007343757688338,4.3038231720517155,3.0122451819282046,3.591341043646506,4.009737565120391,4.264583697427477,4.976947512673534,4.06100147526562,6.711358326943634,6.907788278437649,3.4171625901163116,2.8013219410626538,1.076128069115121,2.453863079156539,2.642608160802993,4.4292799041397375,4.348539652224916,8.069736655266908,1.6770778691444401,8.590609066983502,0.6763570112524712,5.812618942187679,4.8753041877199434,0.39426933534742964,2.049832488175718,3.448383084768879,5.582977377167495,5.006500089243105,8.000885904081008,3.7280833402025664,7.156878419255294,1.076128069115121,6.0426565863694055,4.728555278558736,3.493457460087453,3.4171625901163116,5.891765751400864,2.9635396057317904,5.838295884943504,3.1245475628248047,5.737800575095367,0.8960880245566356
TCGA-MP-A4T6,2.940869458104803,6.055888999239931,4.245655499508768,3.267726939561064,5.274675077175068,3.1336621038536983,3.8602580208649053,5.050938754200775,2.542459893079949,1.8730014574770735,7.423198226483291,1.0402060377797149,2.817591963153259,3.746065228690688,0.3118867611485983,3.3734595537733134,3.8209554131085843,1.0402060377797149,1.4571488320881152,5.168009344706116,4.049322788741063,3.033129209251122,2.1616319414108314,6.804593455539216,3.434280709795345,5.046240504831469,3.3219918234811803,4.296756014414994,2.242537804488658,3.969670966087161,4.704327501521277,4.771607926904313,2.839224651653016,0.5492190717528606,2.1616319414108314,2.8603935343764784,1.4571488320881152,0.7409368443957938,6.151529843909483,0.5492190717528606,0.0,0.3118867611485983,4.6533315810951095,2.317385031605645,4.197319234016578,1.6848421868819776,8.967830498171008,6.208354585907913,2.483155116749194,4.934250886674946,5.2028356720359055,5.9680756468153,5.2048469932613,4.158038977202288,5.871802246739296,6.132642877236605,5.2325834645607125,0.3118867611485983,2.5984436467299616,4.093017014754106,1.1618374477231512,6.746018396547003,5.623793654419599,6.799333415510517,4.062003860751237,2.118578116678217,5.519418834228022,6.429472673391827,5.270925614556065,0.5492190717528606,1.5389510683828191,2.6253060700903426,6.631406079581305,5.55118281359944,8.498966082339164,3.728631276203894,7.287396468147481,2.0264889767271015,6.0271718840382915,5.244241256349365,1.1618374477231512,1.614544849802245,7.62507786523329,3.2952255680887133,5.937647016884524,3.7631981183562355,5.5752443093829855,6.02186037758441
TCGA-MP-A4T7,4.500975656970234,4.576388951362478,2.6241104654249106,3.156864241665342,2.4872289511575683,5.525899054746856,6.588421535766515,4.180562013024612,3.6843190713576046,1.7447202712222687,6.262565535017857,0.0,3.5025890317823483,4.392491684521645,1.4080069280255405,1.0168597867958507,2.925556559927874,1.6884523993621263,1.0168597867958507,6.415918225767831,1.9072435680567323,2.925556559927874,4.125095210567129,7.176262177247858,2.19054677480519,3.2967882651324683,2.925556559927874,3.579287777483842,1.0168597867958507,4.520369091795505,5.453040739498136,5.72296399407213,3.884452405402049,6.231034444253931,0.6324413054425504,0.36540671086217885,0.6324413054425504,0.0,4.963117320349312,0.8429885887991051,0.0,0.8429885887991051,5.995284740867015,1.9706863818427984,3.962911918064416,1.9706863818427984,8.091223289550713,5.0287567704877265,9.990738067596636,3.847503684106257,5.796632053906855,4.754718864259944,4.922197445634337,2.411044801189545,6.78707354615954,9.094850953966692,3.987755514449859,2.086640566406529,4.471163251740143,1.7668347463688456,1.5104790844009675,3.489214363972338,6.3991871052573615,8.732301345221527,4.019946035040842,6.049799490787412,2.284655310828063,5.787207149334576,4.899450442468099,0.36540671086217885,3.0373587443963785,3.43385171143541,5.687731002970368,5.65121117098011,8.323744355437066,3.1937221059846608,4.071348842427785,1.9072435680567323,5.614918473526838,6.560098123717782,6.188485864409922,1.0168597867958507,6.734974464220806,2.8261354133208796,7.171541608758363,2.5580099507619365,4.8904769396024035,0.36540671086217885
TCGA-MP-A4T8,2.7264269757521657,5.567531196016762,3.090924264556113,3.2163526443237624,1.9877647531079319,4.857204355193346,9.1408691718226,0.9857421648723705,1.7983046692640583,0.0,6.1572819058022885,0.9857421648723705,4.509416707941618,4.305022742619665,0.0,0.6097112223179106,3.9230381157370693,1.3710791953134103,0.35058644659817495,6.675319942425991,5.437518282011807,2.6099521387622246,1.928516902582915,5.689693692213099,2.8056668099620663,4.145547685877727,0.0,3.7899593208532725,1.1313053326146278,6.374372136689396,6.140319802318776,5.06297470777683,1.4723803100330195,7.656819547700444,0.8152763137930088,0.0,0.0,0.35058644659817495,4.898757289376499,0.35058644659817495,0.9857421648723705,1.6485624671181502,6.559150540303098,2.8056668099620663,4.724782658315381,3.1645125597812784,7.991507704743222,5.070914758313443,9.468951448189722,5.0682750735426705,6.037508085609309,5.487407630537363,6.418828123917263,0.6097112223179106,7.341788407407359,6.109078679612142,3.658299105271291,2.6698843980022766,1.3710791953134103,2.1948885175386716,1.3710791953134103,1.928516902582915,3.947652663068222,8.609024600033846,2.9692702214284044,5.546457874379209,0.9857421648723705,5.379219704633456,3.947652663068222,0.0,0.0,2.1948885175386716,4.746895417241076,3.506637894120152,7.108415974394288,2.8552050384170142,7.480907604615884,0.0,5.699583672008868,5.619117433774954,6.273129804778681,0.9857421648723705,5.862653425028486,1.7983046692640583,6.724428417038251,2.4781002050750223,4.077235703471398,2.1948885175386716
TCGA-MP-A4T9,4.280634622966123,5.9182726936508905,3.376754404576915,3.306311445187235,3.6489763081563495,4.438312445684473,7.458745401165185,5.797740225188684,2.852335232204953,1.727683063520921,5.78753828024162,0.0,3.07772231471156,4.113091076471616,0.5858403275714363,2.2367871124036136,3.2461563055497504,0.7860453629266759,1.6059317731048126,7.610714166926075,3.8373037695677477,2.8972756488796194,3.718996353017747,6.400184352936642,4.229779766446711,4.017461718028512,0.0,3.1681634143665125,0.33518569509574775,4.05267498638404,5.739268659026934,5.791680402987475,4.323765701518106,5.393791169329028,1.431745624023808,0.0,1.095674644680767,1.6059317731048126,5.641073390189536,2.1933281070570962,0.0,0.5858403275714363,7.029999460026543,3.895649691310201,5.395602866848887,1.9976890398075768,8.49362155030251,5.04421190409522,3.1485349023114146,4.8429737522410505,3.8373037695677477,4.7881248756444625,6.854809040287168,4.258350801792368,6.933120835826432,9.03342895395363,3.718996353017747,2.497403241117283,4.14514223380896,1.754230657335641,1.095674644680767,2.940277701468579,6.390878047787711,7.940882821204897,4.553734776239473,6.581235353410151,1.5226156084781288,5.535320429584825,5.012919350319419,0.0,2.649163235353297,4.200368357861119,5.780678698876944,6.040152325083746,7.44114442115688,3.2461563055497504,7.1841969137506885,4.438312445684473,5.704062435463517,4.390112604923978,2.100285293484426,2.2367871124036136,7.179635659710173,2.560894995787338,6.382159444046016,3.07772231471156,5.597610518758661,0.0
TCGA-MP-A4TA,2.5104525567557388,1.8954135297191066,3.1957668576492897,3.072753498064249,4.140017173456737,5.027033439905892,5.002905496034314,3.7707934866894086,0.5921659507058317,2.249490176659867,6.562576853242363,0.0,3.6731310971457973,3.693441531993831,1.4425801721304825,3.807335596516471,4.1464292933409626,0.5921659507058317,0.0,5.878525385926605,1.6173068708127956,2.1127675110731454,2.542743074467385,6.083302797644202,3.807335596516471,4.413978203033943,0.0,2.932456954240945,0.5921659507058317,6.662938551986433,6.963880381361857,5.565064320677684,1.6944038656366933,6.1150374557211,1.3422379749229707,4.788865798335189,0.5921659507058317,4.322580458842139,7.264415222808369,0.33925407799576845,0.9615699780729149,1.6944038656366933,6.155272021075644,2.717221350584613,7.644249264045448,3.8766403574706665,7.604799854820778,4.358679959653031,10.197592702787682,2.865726088648382,3.8766403574706665,5.283427054052841,6.887311726337178,1.5337440680649,6.94692791405661,3.4689775180831135,3.9570212273585152,3.259814292605187,1.6944038656366933,1.2307218376184879,2.2912005341274075,1.4425801721304825,4.4041488735114225,8.429222809273583,2.8424587089486866,7.363666322570674,0.0,6.682093559742758,4.184057287283392,3.5762565197061695,1.5337440680649,5.990704258161573,0.5921659507058317,4.715655547163166,7.1010579882853255,2.865726088648382,4.842019384358413,1.6944038656366933,5.569694736824189,7.350779464080278,7.7684910167339725,1.8327894421193092,2.8424587089486866,1.3422379749229707,6.566867909992509,3.5299921575413866,4.6793031578293185,3.4689775180831135
TCGA-MP-A4TC,1.6281811552512357,5.952024409883,3.5325764597185354,2.6528052495427614,3.08776891936951,6.489836950404161,3.621582465233406,4.162615172941528,3.148152886249217,1.7137258530889545,6.009520551907553,0.0,4.486466601756852,3.167498316408429,0.0,1.0366659604491237,3.88712972270487,0.8607357377518352,1.3163546129152088,6.366441237682835,1.431435016784162,2.218039763716805,2.218039763716805,4.400944066378452,2.3987222035241667,3.7363902287849666,0.0,3.2413337472754224,0.0,5.734835305911449,5.94012125147039,5.290547257283607,0.0,6.491907961774819,1.0366659604491237,0.37500590062345585,0.37500590062345585,0.0,6.0172857908472235,0.0,0.0,0.0,5.6295078219453805,3.3898802504961907,7.437471349428158,3.7788618299790726,7.825900290616473,2.6528052495427614,4.460517754642144,3.491863460972823,3.950385658245236,4.141717850080323,6.1833692056185665,4.288862275947867,7.32323672236579,1.6281811552512357,3.88712972270487,2.1137584237605695,3.2589692340345953,2.4392204134466535,2.4781337655005715,2.4781337655005715,6.922742408790385,8.929380984885219,3.6574300658403462,7.191858454816638,1.5346497089755142,6.190850098944889,3.747179022145251,0.0,1.3163546129152088,4.837186259805898,0.0,3.914731334591521,6.391910413202652,2.5155974971087973,7.191978877802522,0.0,5.513602118231951,5.449208453957106,6.410783249504682,3.0011326651540857,6.567580596760306,1.865551915418219,5.733363930362836,2.7734383611943594,4.8347251402632265,0.0
TCGA-MP-A4TD,4.011214733178035,3.9466929951130325,3.6622710701048105,3.3533997247943628,4.7815155877536615,5.2405664242565955,3.6495381336878903,4.028909639436594,2.066862759472976,2.896569180804117,6.0155423365870115,0.0,2.1844432429714864,4.1129716622554575,0.4007205370774074,2.551669258308609,3.2248499442278464,0.9076938846486368,1.0890332222211154,6.116862956502316,5.509121094444232,3.526983859714232,4.262471404608222,5.029123332208387,3.0773076522408647,3.4038073061775598,3.9177147765232525,3.555545184916457,3.3872843764421585,4.829904471413653,4.876059546799375,6.2864170011686245,3.4672909430975984,5.65553366392855,2.0024389996825587,0.4007205370774074,0.0,1.007884925035152,5.670932094444093,0.4007205370774074,5.390595682166266,2.8196690922104906,4.672482980268716,3.0773076522408647,1.9335772678962182,3.3360150977982634,8.722978964354065,7.175918083987543,9.727340891770258,3.674846450482507,6.483154750945446,5.410618738635182,7.093861332193783,3.674846450482507,7.4142415011490295,3.814560110193745,4.316527652441186,1.8596361624642084,0.4007205370774074,1.6929883071280345,1.2425105920310167,3.636638342268246,3.781419892632837,6.007874169766764,1.6929883071280345,2.848634993249417,3.836059466621107,5.758646220721622,6.003015082099821,0.0,2.238419835518259,5.989527672576947,2.6946204239904854,5.544415435474431,8.966282125247194,4.205325255055713,5.6222108209623896,5.2405664242565955,5.823377201541851,4.1129716622554575,3.5413650388253872,1.2425105920310167,8.308366660696821,3.7586993168826464,6.706445379272472,3.0997634059733508,6.227544066830465,4.227138808220796
TCGA-MP-A4TE,1.2928624163273381,4.094857763844951,3.245307412369745,2.2375130962503307,2.3273850168995227,4.444308705691613,1.6023730147119786,5.154718321902773,0.0,0.3649902755424461,5.02509688603726,5.828260088571213,2.2375130962503307,2.77121277605985,0.0,2.1893604022794175,2.900355091505066,3.311699278967836,0.6318567121168378,5.134161804379705,7.6591430653787596,4.080073209184529,1.2928624163273381,7.897943103633664,1.4070034402095815,3.7157185418651575,0.0,2.850683379849147,2.850683379849147,4.998137521266275,3.8831522264443086,5.733114714017486,0.0,0.3649902755424461,0.0,0.3649902755424461,0.0,1.509440765941598,5.069847153728102,2.900355091505066,2.798408747841689,6.4521120439296915,3.8078373549014786,2.556785353253409,1.1639629799062392,4.5286130632659365,8.538056040792034,4.833659423627053,11.09643682032964,1.8383726623399737,6.682003328751359,5.94787309618112,8.265706748341636,1.015991259979773,5.800652044040961,3.8272034065552356,3.4879284415888505,0.8422566031477864,1.509440765941598,0.8422566031477864,1.9061144134654575,7.0815236950647,6.841873990068621,7.312126455632073,1.1639629799062392,1.2928624163273381,5.373132588541619,5.8935043591315806,5.303304908059076,0.0,0.3649902755424461,0.6318567121168378,2.62287713338622,5.45924928741352,8.420437767749942,3.4036909368344332,6.984688541954678,8.05833680020678,5.152169577989375,6.531552327178716,0.0,0.8422566031477864,8.280551448025644,1.7657234546772134,6.596160223283367,2.1387712077558305,4.383842485019286,2.283463433786459
TCGA-MP-A4TF,1.9035393366880646,3.2049472713702936,3.8943477137481377,2.2998112494446503,3.8076775299981986,5.3461975930401975,7.392746038036121,4.116740229910044,3.94295949899373,1.6249765599147419,6.684444213638236,0.0,3.5855557516320014,3.789403291880235,0.0,0.5964710682944843,3.9270160459666354,0.0,0.0,6.196875806501953,2.5828572799270595,0.5964710682944843,0.5964710682944843,5.910425301388641,3.8432515380009353,3.825621624171466,0.0,3.42632892229976,0.9674780206433086,5.281979629580416,5.894824233067208,5.888063222093296,1.2375042875347284,10.60348869097195,0.0,3.4907577294858734,0.0,1.5654233270146811,4.885230788683342,0.0,0.5964710682944843,3.6297847551185147,6.163102149846394,3.2049472713702936,5.42467685242192,3.515311472742994,8.411510401611455,1.9035393366880646,7.280173642376819,2.8032149157815422,2.378425135675752,4.879052477953348,5.318610069815799,4.229746288015915,6.576422214166554,5.55269986127387,3.3860194439845768,2.214474930742747,0.5964710682944843,1.773934884315503,2.642665099494273,2.8032149157815422,4.739500009781599,9.476351823517568,2.0182706769499017,3.465582766074897,1.4498793027450012,5.829871659289461,3.751823736377764,1.4498793027450012,1.2375042875347284,3.8943477137481377,4.142979158735957,4.3732810028793185,7.106942146843687,2.51924366219245,7.397445107177908,0.5964710682944843,5.930131549452615,8.262401581884353,7.55936145659721,1.2375042875347284,6.404548888332676,1.773934884315503,6.829066987006753,2.7525071810507376,3.540936135362662,2.0182706769499017
TCGA-MP-A4TH,4.4793472921129664,5.941783110873576,3.705439083474119,2.8681943129514615,5.631702700727482,4.308642438992304,1.545432582458188,2.3689625472571745,0.653626422397662,3.4814954413459764,6.704448668100895,0.0,3.1008892685028826,4.308642438992304,0.0,0.653626422397662,2.230293930979303,0.8686958530664711,0.3793264504984696,5.451085662751758,3.3560361250356854,0.8686958530664711,1.8771876491779291,7.660260397099693,3.5051909634914784,4.055851450969013,0.0,4.224542070290933,0.0,4.995040999334,3.6103204368938333,5.781789265102162,5.2255477291938695,3.014195769319529,2.528237494510015,0.0,0.8686958530664711,1.252762968495368,4.879272975899428,0.653626422397662,0.0,1.6392491100057296,4.047831054502539,2.4112242281004743,1.195829739383469,3.3719916837386097,9.348866768770465,7.537882784373781,4.039744050629667,5.010535289095922,1.0455630675782943,5.345277285411315,5.084610400280829,1.3264116515185136,5.830365197764633,7.050712112253815,4.500055195741989,0.0,3.2545402218187047,0.0,0.8686958530664711,3.491239162336814,5.969272617701485,6.766905745394007,3.532526768316745,0.653626422397662,5.190208633553535,4.125287519347749,5.615038688821647,0.3793264504984696,2.943854597922662,3.0799125634624676,6.831670893471153,6.11085296012295,8.280252394350883,4.89320219720416,6.617731800911637,0.3793264504984696,6.069057333095747,4.161877034511736,2.4517720453124237,2.069239679195239,8.561330643727212,3.694031161253539,6.651056236795955,3.036581467704333,7.062885478922896,1.4419182648678877
TCGA-MP-A4TJ,4.010029546780213,5.921717820114786,3.738811822862145,2.7063020072347217,5.722941103780392,5.069400934174396,0.6277549617928931,2.4406325229541563,0.0,4.301761089673953,6.062372583495317,0.6277549617928931,3.738811822862145,4.602065371034612,2.0478347687772387,2.7063020072347217,3.0063754336524706,0.6277549617928931,1.2865016497655277,6.026107490551522,6.77947066931599,1.8310122331497563,3.395212843314899,6.903506264692722,3.6291612963348108,4.842327090020652,0.0,3.4521344459406276,1.5026096535012392,4.548160584604432,4.908956880063222,5.807776056485524,3.1282550326787226,4.3770467556334856,2.1815806240888977,3.5570922537869913,0.6277549617928931,1.5989026105187176,5.382630941072219,1.5026096535012392,4.6280074198908485,2.1815806240888977,4.0714494581448974,3.5816978368121957,3.0486709635354683,3.6963837264968733,8.240258491831206,8.456922881823813,3.7992596003201817,5.193173494088045,3.2706140202726153,4.778316444846594,6.087458583937871,2.7629928285663343,6.770493508570722,9.015837726036898,3.977842580665412,1.5026096535012392,3.5570922537869913,0.6277549617928931,3.0063754336524706,5.833672662801113,5.921717820114786,6.90788227091832,4.129315874832795,3.961353975716536,3.5318688552808104,5.337475577748112,4.971416180941694,0.6277549617928931,1.9619943871090846,3.674473687531335,4.297137095901632,5.693967801267809,9.251587875954447,4.669805577433583,5.13025959654303,6.281565566547073,5.958491874235606,4.82844972805514,2.513955613346024,3.4240769696023174,7.5043089566308,4.0714494581448974,6.710629072169485,3.0486709635354683,6.843242357516892,2.361514160523333
TCGA-MP-A4TK,4.506987183577687,4.0597341386664505,3.323088081528922,3.560344131748731,4.861988329891384,5.797212099446062,4.818933883696041,5.024308061016899,4.372690690046838,2.480396494310114,5.892301454358108,0.0,4.778114580969449,4.34094549199431,0.0,2.8243150478557744,3.0355201335414055,1.3792193924479272,0.9106347670179976,6.648568660445885,6.293180803093621,3.786246607805262,2.908828163538326,5.912066839710371,3.4873414381936683,3.5317781755483995,0.0,2.8814431271518632,3.249005338009702,4.798736614892944,6.54020859410803,5.6552747705911575,2.8814431271518632,6.210160221266146,1.0923259040254016,0.40232685560766096,0.9106347670179976,1.6018894946767708,5.875284600816938,2.342824517853544,0.0,2.433718613018567,6.148602902242424,2.961446165187242,7.212021569909975,2.0067095455137367,8.605500728027936,2.2940790187001014,4.433307741487164,5.0500290691965315,6.297749998633401,5.1293364266911565,5.26615567973964,4.490460547604156,7.295741856986784,6.319391447551457,3.79741766554437,4.906940057757491,1.4967394285084856,5.286406715522202,1.4967394285084856,2.2428350885882717,3.7749493463792114,8.848417395458702,3.3752571577950587,5.059507994542015,2.18882271365538,6.1798551499283185,4.830862486479859,0.40232685560766096,1.2460260405569354,3.20979875261373,0.6884361008298261,4.8504274175474125,7.489143741191762,3.45657847626483,6.835439392391111,0.9106347670179976,5.669042640685593,6.299570377443805,4.921483446114004,3.22959417754877,6.722766969562091,2.6992314297939917,5.797212099446062,3.0590403505054997,5.9806942551785935,1.6018894946767708
TCGA-MP-A5C7,2.891160335775771,5.887139606168626,3.3312683578355937,2.957988868643333,1.8554851601085998,3.4028193988141413,3.544240890325877,3.9834614174749636,0.0,1.2498730825086934,6.51211376102261,0.0,8.449436698155777,4.581804317882892,2.315461830807725,2.1843194408970805,3.4165325282706513,1.3622321747691315,0.34712953109520095,6.007426475018224,6.462225701858808,0.34712953109520095,0.0,7.908368776768144,3.316321903833209,4.515965131920072,0.0,3.4653170650994616,0.0,4.315707863163887,3.3459911786650522,6.689584343694448,1.463209104888016,0.0,0.9782885281019738,0.0,0.34712953109520095,1.5731887797589794,5.793028852170395,0.0,0.8086609767722854,0.0,3.221628034063575,3.8514850048599825,6.518289988410753,4.166542735680208,9.570131455704267,9.387163506781889,2.7153104482757184,6.102791229744312,2.9793030499281112,5.447357868773329,6.2025294442949885,2.1843194408970805,5.712712483177331,3.1531205638027338,4.430771559724802,0.6043159668533296,4.304559565527173,0.0,0.6043159668533296,1.918348066327629,7.511065275536097,6.339687120191051,5.2081847599488285,0.34712953109520095,4.560335986661279,4.5559862442984675,5.715450800857081,0.6043159668533296,1.463209104888016,0.34712953109520095,5.708590895648506,5.742429305221648,9.158994444624595,3.1352333123315486,5.2466924382286635,4.430771559724802,5.565259597655723,1.7883871225871966,0.9782885281019738,0.34712953109520095,8.109597815898804,3.5679370579298224,7.972200463477242,3.544240890325877,4.097898240421398,3.3459911786650522
TCGA-NJ-A4YF,2.3138217249200332,3.685927601681177,2.5291707135851014,3.573171139734164,2.372157796346006,4.3271294857755915,3.1029575494651804,6.439593153127754,0.0,1.194710037046751,6.304553001746243,2.3138217249200332,4.152234467716042,5.416900082374984,0.47468017712963745,2.9241557100647024,2.784288759088007,1.3956752229256426,0.47468017712963745,5.666326337056672,5.51938275998723,2.7062686150197797,0.47468017712963745,7.500203285155217,3.206552199979361,3.840849185973621,0.0,3.0845029354273814,1.956609845457182,3.300415258042937,5.430301312494293,6.023224807855717,2.038997080051736,0.7952975492048785,0.0,0.0,0.0,1.3956752229256426,5.408771388251716,0.0,0.0,1.5358344283894656,5.830741063655411,2.784288759088007,2.621635009994818,4.462017802557727,8.127277561126066,5.389551066970884,11.339277781139234,4.358715785758238,3.206552199979361,5.014620675237506,7.198161138555511,0.47468017712963745,5.68093682205134,6.454042234672382,4.997367667095351,0.7952975492048785,1.8668360197772893,0.0,2.1858152938401405,2.47952553083552,5.166852408804102,7.915625604304903,4.4407624149281775,1.6587422301182437,3.1816432141289845,6.023224807855717,6.302540218064846,1.0376584459977696,0.47468017712963745,3.0468340496030755,4.746808627506511,2.621635009994818,6.254676529084509,3.9040452677331956,7.419949965154366,0.0,5.1061515132790705,4.907235817307134,1.0376584459977696,2.427286364596016,5.721537254910243,1.5358344283894656,6.065007716933751,4.132938476413846,4.329612976070555,0.0
TCGA-NJ-A4YG,3.980436509113981,6.002849491974546,3.6953832584526025,3.6953832584526025,2.9080479429091075,4.331492262758122,3.764631431293392,6.095466390188096,4.820112196424177,1.8295207846449852,6.265322125066574,0.0,4.219134105984854,3.6514086090480755,0.5955894769651399,0.7676515027280505,3.181991899298869,0.7676515027280505,0.4557779219817535,5.47109771711926,3.816773423787715,4.202000940369574,5.919557612431577,6.262773305441818,3.337060557611283,4.148764879041542,2.3809525520680586,4.28487538614211,0.0,3.709620366573082,5.518528622884401,6.042029326192689,2.7365858263549767,6.278061656199819,0.7676515027280505,5.347140863495259,0.4557779219817535,0.4557779219817535,5.112752556088103,1.9130474664352548,0.0,2.1407482837405274,3.453172943252498,2.206415544037805,2.206415544037805,2.7733072140627026,8.955949931903785,5.596479332580187,2.6984576728967062,4.573091110524345,2.9080479429091075,5.1379431942369065,4.063187516803412,3.1328821117012247,6.315291091508141,6.363198778629815,3.6953832584526025,1.4960900269427748,2.1407482837405274,2.3260965204549677,2.206415544037805,1.8239523397169017,5.0369655893422856,6.932125888515576,4.244296439402026,2.7733072140627026,3.251412712479971,4.717203389663868,5.14355066368421,0.0,1.7261359152107074,0.0,7.544104568941115,6.676009837260161,9.09561727492885,2.7365858263549767,4.922874545488747,3.6054108848722084,5.848872227992946,5.816733112321723,2.9080479429091075,1.4960900269427748,8.155844485304009,1.7261359152107074,6.378998176229581,2.8429481595501684,5.178683243686376,2.482403519569882
TCGA-NJ-A4YI,4.095680336345145,6.4511447602879155,3.198583317600419,4.0262798313079715,1.3044062016472064,4.01423115760515,2.9855960754285715,1.6150620671843217,5.860164947893075,0.0,6.715173667375501,0.0,1.6150620671843217,3.6873582977419974,0.0,1.6150620671843217,3.198583317600419,0.8513041103546021,2.042997968700516,4.845894289774693,0.0,1.1033012781542413,4.660917048502494,5.83888721225748,3.5810436552465283,4.608785642342055,0.0,4.117784357844593,3.4190405741793626,5.679981464470249,4.722481999525658,5.647723456259554,0.0,2.951095721183301,0.5136615985851988,5.880999358079448,1.1033012781542413,1.053056887008607,5.5244484507384515,4.061582016804856,2.2749877658019413,5.179359265772974,4.51780674703192,2.7146086473994564,5.339708798907787,1.1033012781542413,9.543277797077264,3.752433897455746,5.970585590777469,4.679785886368877,3.251946898459067,4.288213084360714,5.834968619335386,1.3044062016472064,6.195274401161135,9.407739357591314,3.1127906022292504,1.6150620671843217,0.8513041103546021,4.128654197287094,1.6150620671843217,2.9855960754285715,4.66724317018587,6.375200272919119,1.851740746888108,1.851740746888108,4.769141060902782,4.819151895509915,7.026613292198607,0.5136615985851988,0.5136615985851988,4.9220736251156625,5.505530703089137,5.982512093209956,8.667740243111007,2.34171926394112,7.034740290736626,1.3044062016472064,5.722931293494962,2.799802544153136,4.58166304544798,0.8513041103546021,7.435750655304764,2.2749877658019413,6.812739955703354,2.463163641169006,5.694788819376326,3.8987026825251467
TCGA-NJ-A4YP,2.3418442669461625,6.80536479286131,3.3297336028536044,3.3999766368563185,2.560408293187778,5.482008817941112,4.3131975890524545,7.043430621702321,2.317109107010144,2.365982338123837,6.035943048451767,0.0,4.7004258188502135,3.4250961833330313,1.7625366105511517,1.3336053563394688,3.4576375746803034,0.8199119813514425,0.0,6.24608738544881,5.878293049446354,3.6728466122393586,3.6198321168580376,6.407600848297906,3.4250961833330313,4.045651393348473,0.0,2.356154295536737,0.8199119813514425,3.1617465870732153,6.226696735527565,5.824973031445924,2.2390167677308828,8.909905324931739,0.5665630284504923,0.22641818384786702,1.1898535957650525,0.7431746741595935,5.692829374531273,0.22641818384786702,0.0,1.516642567779391,5.922808226124413,3.2541811907354963,4.33340476884149,2.2657343691960317,7.962917121776299,5.086503145325384,9.073491482539342,2.2657343691960317,5.05783689558055,4.593249415092398,4.590675645837634,2.1833510050703477,7.439835416723039,7.327668837045288,4.5855061090933615,2.457081427361604,3.011059213613497,2.317109107010144,2.2390167677308828,1.994917976609182,4.162971589018266,8.134033458469357,4.054502989708861,2.848403273073663,2.154317076324943,5.432157461519086,4.608558439369103,0.22641818384786702,1.7179693952572996,0.4108505803845022,1.7179693952572996,3.4891502597449477,8.421716997832387,2.540577847158461,6.68141412076772,2.3418442669461625,5.54350808312092,6.624109051540815,2.7877174536859197,1.994917976609182,6.504169903069916,1.8854622973284112,7.169165242095056,2.1833510050703477,4.65586330030361,3.6061280813169687
TCGA-NJ-A4YQ,3.671033660968347,4.174850239631685,3.187451203067412,4.2033992460306875,5.5760475831454865,5.441356541620577,3.732980068082794,5.097338845934807,3.2623145527534927,3.172572166778707,6.064213024138271,0.0,3.161200100775785,5.216575716488844,0.0,0.0,3.213034799243191,0.4871679754153155,0.4871679754153155,5.918888477914608,0.4871679754153155,1.6853243022652333,2.214922594980213,5.160536959634099,3.9483067175053925,3.2623145527534927,0.0,3.686884966445086,0.8133716778663136,6.080582869594927,7.160752734622056,4.39103345125048,3.213034799243191,1.4203817288640304,2.606748105571885,2.559333618675901,1.0589007884318817,1.3464354443580033,5.907006271815148,0.0,0.0,0.8133716778663136,7.449579444765816,2.4571671083541853,7.385491435036091,3.3319580512352656,8.666066542033771,2.7766990134075886,4.318475625785549,3.846427926329736,4.522040719171587,4.8205879702712355,5.649375566069091,2.5095504807007605,6.769707416731933,6.9230772950799215,3.791311937265376,1.5616122829514958,2.8150314027387395,1.795419430059542,2.9551498336715656,2.214922594980213,5.276076870062086,8.325805057144038,2.9551498336715656,1.0589007884318817,0.4871679754153155,6.010727813288828,3.13423690410467,0.8133716778663136,2.0675207707841423,1.2559008971862953,3.458195041841186,3.995599155442855,8.110144830624735,4.293069730008379,5.80187061054692,3.213034799243191,5.922259153039707,5.1386883748016405,6.280315311373366,3.078030896275109,6.43771964922439,3.4777663706472395,5.758131761405427,2.652022912005282,6.858450532437901,1.9847873966376413
TCGA-NJ-A55A,4.702977245991003,5.6405550935986914,3.366416132821532,3.6754116692663663,5.342621292104561,4.420946821904541,2.514837551076896,4.171564829015614,3.893474031979495,3.2490635555064045,6.419524133301551,3.8001994268794874,4.087178950437189,4.462128571362576,0.0,3.9455293456847484,3.166710571487508,2.1824267385001934,0.0,5.803473951636538,3.5328015016225796,1.503366032705728,4.966300191387062,6.2986955382040355,3.366416132821532,5.445827475077311,0.0,4.2493805643216325,0.0,4.786582996664007,5.832073074954404,6.190174002413529,4.2493805643216325,2.3623811363400113,2.64709635843187,3.453065344229646,0.6281819017075861,0.6782365678241912,4.654246023634684,3.8572013885619443,0.0,1.503366032705728,4.026684730414252,3.7804531163685047,1.6810141109233223,3.2378035597536816,8.635706626932356,6.279250989113072,2.868455565260203,4.92272169204215,2.441511904135476,4.916331940605505,6.365559379914201,3.453065344229646,5.8941824243014285,8.332118247528614,4.298085086389356,1.6810141109233223,2.514837551076896,1.2871920000766792,1.503366032705728,3.166710571487508,5.363313595421439,7.02262741541255,4.530351807709528,1.503366032705728,4.236824546502816,4.8771496147125815,3.8572013885619443,0.6281819017075861,1.2871920000766792,0.0,4.972372521970923,6.759358513593819,8.180914536056964,3.962295879363789,6.621771763165937,2.078641221509067,6.072422220687907,5.391584551768476,5.896587773369678,1.503366032705728,7.192114336329843,4.431402341665365,6.465622037116179,3.5328015016225796,6.70582879534798,1.503366032705728
TCGA-NJ-A55O,4.1590471324028915,6.531651380779903,3.261456272403319,3.3674578858202353,2.277421119330496,4.140649100097874,3.167742517682015,2.7082035226811896,0.0,1.4898432367484495,5.794670771116555,3.70557185751748,4.414981363254009,3.58368003659022,0.7732975747427738,1.3653771128645023,3.9798461263569336,1.7347304587798322,0.45957443375519635,6.457590354813143,1.2040827982763795,2.8527910325607526,4.442815948810145,7.827236914504033,3.3873722534684565,4.012031223059363,0.0,3.2303378837716332,1.0117099966375904,4.279142217618823,4.792504159605582,5.51023008751943,4.032928272953,3.1173700922008414,4.489736887535719,0.0,0.45957443375519635,1.3653771128645023,5.009134167969989,1.0117099966375904,0.0,3.5997558479380327,4.022535228225575,3.261456272403319,6.1315742550926275,1.0117099966375904,8.412832176091495,8.053047570486505,9.017063827830684,4.168119979085441,4.13132237734367,5.259394609001575,4.565380991279786,4.073454543930566,5.76326448315428,8.87352967808477,3.7748369426248076,0.0,3.9465886698654553,2.5841484844376494,1.6260983533272075,2.149969900369373,6.116243057276752,7.6475570115810925,4.053397559888694,2.3355265172281876,3.283573083406324,5.094939677148286,4.853497936361316,0.0,2.149969900369373,0.7732975747427738,5.338105226535451,5.942308440989962,7.859065603957332,3.036711055782411,7.0172283265760855,3.142875601998333,5.722116704122347,4.944780351300231,5.456909596642754,1.2040827982763795,7.104513786351634,3.0643297335427855,7.03967787819224,2.6272377528099162,5.399374636511028,2.0038690360818925
TCGA-NJ-A55R,4.391656369587207,3.294005560558014,3.337618400019284,4.355306561924469,4.875143886658941,4.4295993914368745,2.189349203381389,2.839019982266456,2.3843125345522975,1.92438003050495,6.1739777522028945,10.829403810044699,4.907634953994573,3.778960074486884,1.1513944741070792,3.4580911308518756,2.970506769001916,1.2245986221195921,1.6724314907618822,6.406142090128679,4.832042775787726,1.2928349675536104,4.739823449080545,5.9839035345591025,3.4273588336787224,4.10016094754354,0.0,3.902725921162958,2.6875889569655667,4.602732216554231,2.044837156867903,6.780145746054891,2.7811705428524007,2.547404026707315,1.8383567546048372,0.0,0.8926945180189684,4.328735292886815,5.76032977587894,2.584337117415026,4.3491185548588085,7.836918799838924,4.926978284919199,5.007262947455398,4.498752444997792,4.84156949031271,9.089764690511878,4.912941609332795,5.517344456850405,3.4731117591691962,7.292915633749937,5.894559846731137,4.818546189743249,2.8248668440255957,6.046657976073497,6.741178716650668,4.4716627930755735,3.8427565250851337,2.547404026707315,3.618532094293116,1.416750818600818,3.2006222371904185,6.771648000180995,7.389458945076099,3.053236738622417,2.044837156867903,4.39462691664962,5.176872635058661,5.46075929308116,2.215893664815336,1.7104951823970915,0.9865627848594868,2.584337117415026,4.750265705605931,8.660546936408002,3.3290495384819025,6.171291327867802,8.044934220799064,5.743538301021123,5.434895986655412,2.075458620368894,1.7588401935819644,7.402725873424028,2.6022970157671432,7.131658541642588,4.4907027725762685,6.127410522280394,1.2928349675536104
TCGA-NJ-A7XG,1.1907659768386543,5.146371753772485,3.396168089279561,2.6904156218904007,5.708441604036924,4.3076869048972055,2.807563655968109,5.755913085063499,0.6501874861198097,0.6501874861198097,7.007492010769673,0.0,2.318320637380104,3.0939790464360155,0.0,1.5397447958327555,2.9844185136537176,2.1194792287113664,0.8644920466402677,5.283168195111752,3.0073149347970576,2.318320637380104,3.4700733574281792,7.3552320736462615,3.282563984550933,4.3076869048972055,0.0,4.523174572634997,0.0,5.015569766205773,6.271836843122201,6.512778970588145,2.8872167862028637,7.1122214896276175,0.8644920466402677,1.8710480464628532,0.8644920466402677,0.6501874861198097,5.359238415013986,0.0,0.0,1.7190633204952837,4.349942396201031,2.404636138391388,2.1194792287113664,2.0029653829692218,9.166421921714509,1.4363931924203548,1.1907659768386543,5.0802670725497885,4.0801915457778914,5.382658514981787,3.947969132201615,4.965749497952538,5.54185160750998,6.3892166530089884,3.0939790464360155,0.0,0.8644920466402677,0.37699704412863916,0.0,2.435576339766059,3.9390952235346037,7.399330802780606,4.576409535138964,7.790294792707546,4.745140802241516,4.276371631214334,4.60429380207587,0.0,0.8644920466402677,0.6501874861198097,3.0296939900863977,7.480529823763752,7.945144433427656,2.272187739266457,8.271379605720652,3.5119304393356803,5.843266117440056,3.1145192495380414,6.359554837349415,1.1907659768386543,8.486639134072599,2.658852954085798,6.636647097651389,4.024481669519283,4.596887983035618,3.365003549545584
TCGA-O1-A52J,4.338572272261371,8.202690644080015,3.0490692282445235,3.658394473101217,1.0694923900942575,3.633422239472538,3.289792710918165,5.629461146410353,0.39102806031039483,2.080640822255318,6.167686287792786,0.0,1.6688759481827127,4.369326326095649,0.0,0.0,3.512616506823902,2.0410384941468904,2.5982502159366643,5.718175069243719,2.158194957034647,3.633422239472538,3.4982454444121247,6.318225495731578,3.7964033779158712,4.325999786254584,0.0,4.059370021306195,0.671361588488023,6.657998208817879,1.9768688032243313,5.7322273881455335,3.838473338931274,0.0,1.8346912366115675,0.39102806031039483,0.671361588488023,1.2520770190000823,5.890997593973721,3.253485925463799,0.0,1.0694923900942575,3.607810386579936,1.4700149126114244,1.9768688032243313,3.215807121209737,9.175089289403521,6.443735311869941,3.0490692282445235,3.9731764285809765,1.2215081574149964,6.363259111338867,6.692409992010999,0.89011101409077,5.47160658766895,5.563788338659523,4.287307904928483,2.2120037147628073,5.205873076156757,2.820753691015295,3.5681176112132795,1.3534612040246503,7.578912441650467,7.3783837129967145,0.671361588488023,3.135911520149978,0.39102806031039483,5.259514166224143,5.87365463609046,0.671361588488023,1.4700149126114244,6.065330525697909,5.819741625823796,7.357243652072054,8.077180115854171,3.991019011654644,6.157677893834649,0.671361588488023,5.74913499084695,4.313268557049265,1.2215081574149964,0.89011101409077,6.773862678272685,2.0410384941468904,7.096075474579492,5.333781030823606,5.455299747608045,1.0694923900942575
TCGA-S2-AA1A,5.592180298074899,4.401694448961627,3.774775000462708,3.395467664807118,5.453584565692702,5.088694497463556,1.4530179931627987,3.5192707455395924,0.0,3.602463354457048,6.678332051710619,0.0,3.254142577566084,4.902753083117135,1.2866949958971359,1.4530179931627987,3.0592280637365485,1.0870793728543855,0.0,6.283460426700076,1.2866949958971359,0.5039218474491962,1.2866949958971359,7.227095889434179,3.279127671330183,4.857973505320416,3.118896360903593,4.271606116546451,0.0,3.575861920394257,5.24990413133196,5.760348676135984,2.7352956499924055,0.8374206697163701,2.2531322092745154,4.936242153080631,1.8312365597702551,1.2866949958971359,4.982222102059349,0.0,0.0,1.7203350725496884,4.1974951377600975,3.5384925158503275,1.0870793728543855,0.8374206697163701,8.933913389370288,9.479389932279961,3.4796819529945653,5.5497801171619745,1.5955823661436597,5.797542969470284,6.952135734662869,4.409692870441735,5.934198186265495,7.188291883273046,4.377308019498914,1.0870793728543855,2.2531322092745154,0.8374206697163701,2.104999633293702,1.7203350725496884,6.154380272871705,6.786907677336575,4.936242153080631,2.1818063246078387,1.4530179931627987,4.5225719657721255,5.5497801171619745,0.5039218474491962,2.3821261363935613,0.0,1.5955823661436597,5.552327602316937,8.455330553574113,4.126056384856781,7.9233445900474635,2.3821261363935613,6.177763599833578,6.554949981153239,4.226616203359479,2.0218124288431993,5.994769081116282,5.83201736554639,6.288341714799247,3.0895049083051283,6.754636732988118,4.049117044285412
